[2026-04-08T08:27:54.702+0000] {processor.py:161} INFO - Started process (PID=163) to work on /opt/airflow/dags/maintenance_logs.py
[2026-04-08T08:27:54.724+0000] {processor.py:830} INFO - Processing file /opt/airflow/dags/maintenance_logs.py for tasks to queue
[2026-04-08T08:27:54.771+0000] {logging_mixin.py:188} INFO - [2026-04-08T08:27:54.768+0000] {dagbag.py:545} INFO - Filling up the DagBag from /opt/airflow/dags/maintenance_logs.py
[2026-04-08T08:27:55.071+0000] {processor.py:840} INFO - DAG(s) 'maintenance_cleanup_logs' retrieved from /opt/airflow/dags/maintenance_logs.py
[2026-04-08T08:27:55.473+0000] {logging_mixin.py:188} INFO - [2026-04-08T08:27:55.473+0000] {dag.py:3089} INFO - Sync 1 DAGs
[2026-04-08T08:27:55.872+0000] {logging_mixin.py:188} INFO - [2026-04-08T08:27:55.872+0000] {dag.py:3947} INFO - Setting next_dagrun for maintenance_cleanup_logs to 2026-04-08 00:00:00+00:00, run_after=2026-04-09 00:00:00+00:00
[2026-04-08T08:27:55.976+0000] {processor.py:183} INFO - Processing /opt/airflow/dags/maintenance_logs.py took 1.370 seconds
[2026-04-08T08:28:26.987+0000] {processor.py:161} INFO - Started process (PID=180) to work on /opt/airflow/dags/maintenance_logs.py
[2026-04-08T08:28:27.017+0000] {processor.py:830} INFO - Processing file /opt/airflow/dags/maintenance_logs.py for tasks to queue
[2026-04-08T08:28:27.055+0000] {logging_mixin.py:188} INFO - [2026-04-08T08:28:27.052+0000] {dagbag.py:545} INFO - Filling up the DagBag from /opt/airflow/dags/maintenance_logs.py
[2026-04-08T08:28:27.531+0000] {processor.py:840} INFO - DAG(s) 'maintenance_cleanup_logs' retrieved from /opt/airflow/dags/maintenance_logs.py
[2026-04-08T08:28:30.446+0000] {logging_mixin.py:188} INFO - [2026-04-08T08:28:30.440+0000] {dag.py:3089} INFO - Sync 1 DAGs
[2026-04-08T08:28:30.784+0000] {logging_mixin.py:188} INFO - [2026-04-08T08:28:30.783+0000] {dag.py:3947} INFO - Setting next_dagrun for maintenance_cleanup_logs to 2026-04-08 00:00:00+00:00, run_after=2026-04-09 00:00:00+00:00
[2026-04-08T08:28:30.917+0000] {processor.py:183} INFO - Processing /opt/airflow/dags/maintenance_logs.py took 4.107 seconds
[2026-04-08T08:29:01.588+0000] {processor.py:161} INFO - Started process (PID=191) to work on /opt/airflow/dags/maintenance_logs.py
[2026-04-08T08:29:01.590+0000] {processor.py:830} INFO - Processing file /opt/airflow/dags/maintenance_logs.py for tasks to queue
[2026-04-08T08:29:01.602+0000] {logging_mixin.py:188} INFO - [2026-04-08T08:29:01.599+0000] {dagbag.py:545} INFO - Filling up the DagBag from /opt/airflow/dags/maintenance_logs.py
[2026-04-08T08:29:01.694+0000] {processor.py:840} INFO - DAG(s) 'maintenance_cleanup_logs' retrieved from /opt/airflow/dags/maintenance_logs.py
[2026-04-08T08:29:01.848+0000] {logging_mixin.py:188} INFO - [2026-04-08T08:29:01.848+0000] {dag.py:3089} INFO - Sync 1 DAGs
[2026-04-08T08:29:01.938+0000] {logging_mixin.py:188} INFO - [2026-04-08T08:29:01.937+0000] {dag.py:3947} INFO - Setting next_dagrun for maintenance_cleanup_logs to 2026-04-08 00:00:00+00:00, run_after=2026-04-09 00:00:00+00:00
[2026-04-08T08:29:02.001+0000] {processor.py:183} INFO - Processing /opt/airflow/dags/maintenance_logs.py took 0.448 seconds
[2026-04-08T08:29:32.290+0000] {processor.py:161} INFO - Started process (PID=202) to work on /opt/airflow/dags/maintenance_logs.py
[2026-04-08T08:29:32.291+0000] {processor.py:830} INFO - Processing file /opt/airflow/dags/maintenance_logs.py for tasks to queue
[2026-04-08T08:29:32.294+0000] {logging_mixin.py:188} INFO - [2026-04-08T08:29:32.294+0000] {dagbag.py:545} INFO - Filling up the DagBag from /opt/airflow/dags/maintenance_logs.py
[2026-04-08T08:29:32.340+0000] {processor.py:840} INFO - DAG(s) 'maintenance_cleanup_logs' retrieved from /opt/airflow/dags/maintenance_logs.py
[2026-04-08T08:29:32.442+0000] {logging_mixin.py:188} INFO - [2026-04-08T08:29:32.441+0000] {dag.py:3089} INFO - Sync 1 DAGs
[2026-04-08T08:29:32.493+0000] {logging_mixin.py:188} INFO - [2026-04-08T08:29:32.492+0000] {dag.py:3947} INFO - Setting next_dagrun for maintenance_cleanup_logs to 2026-04-08 00:00:00+00:00, run_after=2026-04-09 00:00:00+00:00
[2026-04-08T08:29:32.551+0000] {processor.py:183} INFO - Processing /opt/airflow/dags/maintenance_logs.py took 0.273 seconds
[2026-04-08T08:30:02.718+0000] {processor.py:161} INFO - Started process (PID=214) to work on /opt/airflow/dags/maintenance_logs.py
[2026-04-08T08:30:02.720+0000] {processor.py:830} INFO - Processing file /opt/airflow/dags/maintenance_logs.py for tasks to queue
[2026-04-08T08:30:02.724+0000] {logging_mixin.py:188} INFO - [2026-04-08T08:30:02.723+0000] {dagbag.py:545} INFO - Filling up the DagBag from /opt/airflow/dags/maintenance_logs.py
[2026-04-08T08:30:02.767+0000] {processor.py:840} INFO - DAG(s) 'maintenance_cleanup_logs' retrieved from /opt/airflow/dags/maintenance_logs.py
[2026-04-08T08:30:02.846+0000] {logging_mixin.py:188} INFO - [2026-04-08T08:30:02.845+0000] {dag.py:3089} INFO - Sync 1 DAGs
[2026-04-08T08:30:02.888+0000] {logging_mixin.py:188} INFO - [2026-04-08T08:30:02.888+0000] {dag.py:3947} INFO - Setting next_dagrun for maintenance_cleanup_logs to 2026-04-08 00:00:00+00:00, run_after=2026-04-09 00:00:00+00:00
[2026-04-08T08:30:02.938+0000] {processor.py:183} INFO - Processing /opt/airflow/dags/maintenance_logs.py took 0.231 seconds
[2026-04-08T08:30:33.406+0000] {processor.py:161} INFO - Started process (PID=225) to work on /opt/airflow/dags/maintenance_logs.py
[2026-04-08T08:30:33.408+0000] {processor.py:830} INFO - Processing file /opt/airflow/dags/maintenance_logs.py for tasks to queue
[2026-04-08T08:30:33.412+0000] {logging_mixin.py:188} INFO - [2026-04-08T08:30:33.411+0000] {dagbag.py:545} INFO - Filling up the DagBag from /opt/airflow/dags/maintenance_logs.py
[2026-04-08T08:30:33.483+0000] {processor.py:840} INFO - DAG(s) 'maintenance_cleanup_logs' retrieved from /opt/airflow/dags/maintenance_logs.py
[2026-04-08T08:30:33.605+0000] {logging_mixin.py:188} INFO - [2026-04-08T08:30:33.605+0000] {dag.py:3089} INFO - Sync 1 DAGs
[2026-04-08T08:30:33.690+0000] {logging_mixin.py:188} INFO - [2026-04-08T08:30:33.690+0000] {dag.py:3947} INFO - Setting next_dagrun for maintenance_cleanup_logs to 2026-04-08 00:00:00+00:00, run_after=2026-04-09 00:00:00+00:00
[2026-04-08T08:30:33.797+0000] {processor.py:183} INFO - Processing /opt/airflow/dags/maintenance_logs.py took 0.399 seconds
[2026-04-08T08:31:04.276+0000] {processor.py:161} INFO - Started process (PID=236) to work on /opt/airflow/dags/maintenance_logs.py
[2026-04-08T08:31:04.279+0000] {processor.py:830} INFO - Processing file /opt/airflow/dags/maintenance_logs.py for tasks to queue
[2026-04-08T08:31:04.287+0000] {logging_mixin.py:188} INFO - [2026-04-08T08:31:04.284+0000] {dagbag.py:545} INFO - Filling up the DagBag from /opt/airflow/dags/maintenance_logs.py
[2026-04-08T08:31:04.362+0000] {processor.py:840} INFO - DAG(s) 'maintenance_cleanup_logs' retrieved from /opt/airflow/dags/maintenance_logs.py
[2026-04-08T08:31:04.575+0000] {logging_mixin.py:188} INFO - [2026-04-08T08:31:04.574+0000] {dag.py:3089} INFO - Sync 1 DAGs
[2026-04-08T08:31:04.669+0000] {logging_mixin.py:188} INFO - [2026-04-08T08:31:04.669+0000] {dag.py:3947} INFO - Setting next_dagrun for maintenance_cleanup_logs to 2026-04-08 00:00:00+00:00, run_after=2026-04-09 00:00:00+00:00
[2026-04-08T08:31:04.842+0000] {processor.py:183} INFO - Processing /opt/airflow/dags/maintenance_logs.py took 0.589 seconds
[2026-04-08T08:31:35.326+0000] {processor.py:161} INFO - Started process (PID=247) to work on /opt/airflow/dags/maintenance_logs.py
[2026-04-08T08:31:35.328+0000] {processor.py:830} INFO - Processing file /opt/airflow/dags/maintenance_logs.py for tasks to queue
[2026-04-08T08:31:35.341+0000] {logging_mixin.py:188} INFO - [2026-04-08T08:31:35.338+0000] {dagbag.py:545} INFO - Filling up the DagBag from /opt/airflow/dags/maintenance_logs.py
[2026-04-08T08:31:35.422+0000] {processor.py:840} INFO - DAG(s) 'maintenance_cleanup_logs' retrieved from /opt/airflow/dags/maintenance_logs.py
[2026-04-08T08:31:35.561+0000] {logging_mixin.py:188} INFO - [2026-04-08T08:31:35.561+0000] {dag.py:3089} INFO - Sync 1 DAGs
[2026-04-08T08:31:35.649+0000] {logging_mixin.py:188} INFO - [2026-04-08T08:31:35.648+0000] {dag.py:3947} INFO - Setting next_dagrun for maintenance_cleanup_logs to 2026-04-08 00:00:00+00:00, run_after=2026-04-09 00:00:00+00:00
[2026-04-08T08:31:35.718+0000] {processor.py:183} INFO - Processing /opt/airflow/dags/maintenance_logs.py took 0.405 seconds
[2026-04-08T08:32:06.160+0000] {processor.py:161} INFO - Started process (PID=258) to work on /opt/airflow/dags/maintenance_logs.py
[2026-04-08T08:32:06.165+0000] {processor.py:830} INFO - Processing file /opt/airflow/dags/maintenance_logs.py for tasks to queue
[2026-04-08T08:32:06.171+0000] {logging_mixin.py:188} INFO - [2026-04-08T08:32:06.170+0000] {dagbag.py:545} INFO - Filling up the DagBag from /opt/airflow/dags/maintenance_logs.py
[2026-04-08T08:32:06.442+0000] {processor.py:840} INFO - DAG(s) 'maintenance_cleanup_logs' retrieved from /opt/airflow/dags/maintenance_logs.py
[2026-04-08T08:32:06.759+0000] {logging_mixin.py:188} INFO - [2026-04-08T08:32:06.758+0000] {dag.py:3089} INFO - Sync 1 DAGs
[2026-04-08T08:32:06.806+0000] {logging_mixin.py:188} INFO - [2026-04-08T08:32:06.806+0000] {dag.py:3947} INFO - Setting next_dagrun for maintenance_cleanup_logs to 2026-04-08 00:00:00+00:00, run_after=2026-04-09 00:00:00+00:00
[2026-04-08T08:32:06.847+0000] {processor.py:183} INFO - Processing /opt/airflow/dags/maintenance_logs.py took 0.701 seconds
[2026-04-08T08:32:37.621+0000] {processor.py:161} INFO - Started process (PID=276) to work on /opt/airflow/dags/maintenance_logs.py
[2026-04-08T08:32:37.625+0000] {processor.py:830} INFO - Processing file /opt/airflow/dags/maintenance_logs.py for tasks to queue
[2026-04-08T08:32:37.631+0000] {logging_mixin.py:188} INFO - [2026-04-08T08:32:37.630+0000] {dagbag.py:545} INFO - Filling up the DagBag from /opt/airflow/dags/maintenance_logs.py
[2026-04-08T08:32:37.701+0000] {processor.py:840} INFO - DAG(s) 'maintenance_cleanup_logs' retrieved from /opt/airflow/dags/maintenance_logs.py
[2026-04-08T08:32:37.847+0000] {logging_mixin.py:188} INFO - [2026-04-08T08:32:37.846+0000] {dag.py:3089} INFO - Sync 1 DAGs
[2026-04-08T08:32:37.925+0000] {logging_mixin.py:188} INFO - [2026-04-08T08:32:37.924+0000] {dag.py:3947} INFO - Setting next_dagrun for maintenance_cleanup_logs to 2026-04-08 00:00:00+00:00, run_after=2026-04-09 00:00:00+00:00
[2026-04-08T08:32:38.016+0000] {processor.py:183} INFO - Processing /opt/airflow/dags/maintenance_logs.py took 0.417 seconds
[2026-04-08T08:33:09.058+0000] {processor.py:161} INFO - Started process (PID=283) to work on /opt/airflow/dags/maintenance_logs.py
[2026-04-08T08:33:09.067+0000] {processor.py:830} INFO - Processing file /opt/airflow/dags/maintenance_logs.py for tasks to queue
[2026-04-08T08:33:09.095+0000] {logging_mixin.py:188} INFO - [2026-04-08T08:33:09.092+0000] {dagbag.py:545} INFO - Filling up the DagBag from /opt/airflow/dags/maintenance_logs.py
[2026-04-08T08:33:09.213+0000] {processor.py:840} INFO - DAG(s) 'maintenance_cleanup_logs' retrieved from /opt/airflow/dags/maintenance_logs.py
[2026-04-08T08:33:09.405+0000] {logging_mixin.py:188} INFO - [2026-04-08T08:33:09.405+0000] {dag.py:3089} INFO - Sync 1 DAGs
[2026-04-08T08:33:09.499+0000] {logging_mixin.py:188} INFO - [2026-04-08T08:33:09.498+0000] {dag.py:3947} INFO - Setting next_dagrun for maintenance_cleanup_logs to 2026-04-08 00:00:00+00:00, run_after=2026-04-09 00:00:00+00:00
[2026-04-08T08:33:09.561+0000] {processor.py:183} INFO - Processing /opt/airflow/dags/maintenance_logs.py took 0.578 seconds
[2026-04-08T08:33:39.647+0000] {processor.py:161} INFO - Started process (PID=294) to work on /opt/airflow/dags/maintenance_logs.py
[2026-04-08T08:33:39.649+0000] {processor.py:830} INFO - Processing file /opt/airflow/dags/maintenance_logs.py for tasks to queue
[2026-04-08T08:33:39.652+0000] {logging_mixin.py:188} INFO - [2026-04-08T08:33:39.652+0000] {dagbag.py:545} INFO - Filling up the DagBag from /opt/airflow/dags/maintenance_logs.py
[2026-04-08T08:33:39.689+0000] {processor.py:840} INFO - DAG(s) 'maintenance_cleanup_logs' retrieved from /opt/airflow/dags/maintenance_logs.py
[2026-04-08T08:33:39.779+0000] {logging_mixin.py:188} INFO - [2026-04-08T08:33:39.778+0000] {dag.py:3089} INFO - Sync 1 DAGs
[2026-04-08T08:33:39.823+0000] {logging_mixin.py:188} INFO - [2026-04-08T08:33:39.823+0000] {dag.py:3947} INFO - Setting next_dagrun for maintenance_cleanup_logs to 2026-04-08 00:00:00+00:00, run_after=2026-04-09 00:00:00+00:00
[2026-04-08T08:33:39.870+0000] {processor.py:183} INFO - Processing /opt/airflow/dags/maintenance_logs.py took 0.233 seconds
[2026-04-08T08:34:10.609+0000] {processor.py:161} INFO - Started process (PID=305) to work on /opt/airflow/dags/maintenance_logs.py
[2026-04-08T08:34:10.611+0000] {processor.py:830} INFO - Processing file /opt/airflow/dags/maintenance_logs.py for tasks to queue
[2026-04-08T08:34:10.614+0000] {logging_mixin.py:188} INFO - [2026-04-08T08:34:10.613+0000] {dagbag.py:545} INFO - Filling up the DagBag from /opt/airflow/dags/maintenance_logs.py
[2026-04-08T08:34:10.656+0000] {processor.py:840} INFO - DAG(s) 'maintenance_cleanup_logs' retrieved from /opt/airflow/dags/maintenance_logs.py
[2026-04-08T08:34:10.902+0000] {logging_mixin.py:188} INFO - [2026-04-08T08:34:10.902+0000] {dag.py:3089} INFO - Sync 1 DAGs
[2026-04-08T08:34:10.971+0000] {logging_mixin.py:188} INFO - [2026-04-08T08:34:10.971+0000] {dag.py:3947} INFO - Setting next_dagrun for maintenance_cleanup_logs to 2026-04-08 00:00:00+00:00, run_after=2026-04-09 00:00:00+00:00
[2026-04-08T08:34:11.028+0000] {processor.py:183} INFO - Processing /opt/airflow/dags/maintenance_logs.py took 0.438 seconds
[2026-04-08T08:34:41.208+0000] {processor.py:161} INFO - Started process (PID=316) to work on /opt/airflow/dags/maintenance_logs.py
[2026-04-08T08:34:41.210+0000] {processor.py:830} INFO - Processing file /opt/airflow/dags/maintenance_logs.py for tasks to queue
[2026-04-08T08:34:41.215+0000] {logging_mixin.py:188} INFO - [2026-04-08T08:34:41.214+0000] {dagbag.py:545} INFO - Filling up the DagBag from /opt/airflow/dags/maintenance_logs.py
[2026-04-08T08:34:41.282+0000] {processor.py:840} INFO - DAG(s) 'maintenance_cleanup_logs' retrieved from /opt/airflow/dags/maintenance_logs.py
[2026-04-08T08:34:41.513+0000] {logging_mixin.py:188} INFO - [2026-04-08T08:34:41.513+0000] {dag.py:3089} INFO - Sync 1 DAGs
[2026-04-08T08:34:41.577+0000] {logging_mixin.py:188} INFO - [2026-04-08T08:34:41.576+0000] {dag.py:3947} INFO - Setting next_dagrun for maintenance_cleanup_logs to 2026-04-08 00:00:00+00:00, run_after=2026-04-09 00:00:00+00:00
[2026-04-08T08:34:41.646+0000] {processor.py:183} INFO - Processing /opt/airflow/dags/maintenance_logs.py took 0.455 seconds
[2026-04-08T08:35:11.800+0000] {processor.py:161} INFO - Started process (PID=327) to work on /opt/airflow/dags/maintenance_logs.py
[2026-04-08T08:35:11.802+0000] {processor.py:830} INFO - Processing file /opt/airflow/dags/maintenance_logs.py for tasks to queue
[2026-04-08T08:35:11.806+0000] {logging_mixin.py:188} INFO - [2026-04-08T08:35:11.805+0000] {dagbag.py:545} INFO - Filling up the DagBag from /opt/airflow/dags/maintenance_logs.py
[2026-04-08T08:35:11.845+0000] {processor.py:840} INFO - DAG(s) 'maintenance_cleanup_logs' retrieved from /opt/airflow/dags/maintenance_logs.py
[2026-04-08T08:35:11.939+0000] {logging_mixin.py:188} INFO - [2026-04-08T08:35:11.938+0000] {dag.py:3089} INFO - Sync 1 DAGs
[2026-04-08T08:35:11.976+0000] {logging_mixin.py:188} INFO - [2026-04-08T08:35:11.975+0000] {dag.py:3947} INFO - Setting next_dagrun for maintenance_cleanup_logs to 2026-04-08 00:00:00+00:00, run_after=2026-04-09 00:00:00+00:00
[2026-04-08T08:35:12.020+0000] {processor.py:183} INFO - Processing /opt/airflow/dags/maintenance_logs.py took 0.229 seconds
[2026-04-08T08:35:42.788+0000] {processor.py:161} INFO - Started process (PID=338) to work on /opt/airflow/dags/maintenance_logs.py
[2026-04-08T08:35:42.794+0000] {processor.py:830} INFO - Processing file /opt/airflow/dags/maintenance_logs.py for tasks to queue
[2026-04-08T08:35:42.801+0000] {logging_mixin.py:188} INFO - [2026-04-08T08:35:42.800+0000] {dagbag.py:545} INFO - Filling up the DagBag from /opt/airflow/dags/maintenance_logs.py
[2026-04-08T08:35:42.887+0000] {processor.py:840} INFO - DAG(s) 'maintenance_cleanup_logs' retrieved from /opt/airflow/dags/maintenance_logs.py
[2026-04-08T08:35:43.047+0000] {logging_mixin.py:188} INFO - [2026-04-08T08:35:43.046+0000] {dag.py:3089} INFO - Sync 1 DAGs
[2026-04-08T08:35:43.117+0000] {logging_mixin.py:188} INFO - [2026-04-08T08:35:43.116+0000] {dag.py:3947} INFO - Setting next_dagrun for maintenance_cleanup_logs to 2026-04-08 00:00:00+00:00, run_after=2026-04-09 00:00:00+00:00
[2026-04-08T08:35:43.197+0000] {processor.py:183} INFO - Processing /opt/airflow/dags/maintenance_logs.py took 0.448 seconds
[2026-04-08T08:36:13.883+0000] {processor.py:161} INFO - Started process (PID=349) to work on /opt/airflow/dags/maintenance_logs.py
[2026-04-08T08:36:13.885+0000] {processor.py:830} INFO - Processing file /opt/airflow/dags/maintenance_logs.py for tasks to queue
[2026-04-08T08:36:13.889+0000] {logging_mixin.py:188} INFO - [2026-04-08T08:36:13.888+0000] {dagbag.py:545} INFO - Filling up the DagBag from /opt/airflow/dags/maintenance_logs.py
[2026-04-08T08:36:13.937+0000] {processor.py:840} INFO - DAG(s) 'maintenance_cleanup_logs' retrieved from /opt/airflow/dags/maintenance_logs.py
[2026-04-08T08:36:14.031+0000] {logging_mixin.py:188} INFO - [2026-04-08T08:36:14.031+0000] {dag.py:3089} INFO - Sync 1 DAGs
[2026-04-08T08:36:14.078+0000] {logging_mixin.py:188} INFO - [2026-04-08T08:36:14.078+0000] {dag.py:3947} INFO - Setting next_dagrun for maintenance_cleanup_logs to 2026-04-08 00:00:00+00:00, run_after=2026-04-09 00:00:00+00:00
[2026-04-08T08:36:14.145+0000] {processor.py:183} INFO - Processing /opt/airflow/dags/maintenance_logs.py took 0.275 seconds
[2026-04-08T08:36:44.924+0000] {processor.py:161} INFO - Started process (PID=360) to work on /opt/airflow/dags/maintenance_logs.py
[2026-04-08T08:36:44.925+0000] {processor.py:830} INFO - Processing file /opt/airflow/dags/maintenance_logs.py for tasks to queue
[2026-04-08T08:36:44.928+0000] {logging_mixin.py:188} INFO - [2026-04-08T08:36:44.928+0000] {dagbag.py:545} INFO - Filling up the DagBag from /opt/airflow/dags/maintenance_logs.py
[2026-04-08T08:36:44.965+0000] {processor.py:840} INFO - DAG(s) 'maintenance_cleanup_logs' retrieved from /opt/airflow/dags/maintenance_logs.py
[2026-04-08T08:36:45.270+0000] {logging_mixin.py:188} INFO - [2026-04-08T08:36:45.269+0000] {dag.py:3089} INFO - Sync 1 DAGs
[2026-04-08T08:36:45.320+0000] {logging_mixin.py:188} INFO - [2026-04-08T08:36:45.319+0000] {dag.py:3947} INFO - Setting next_dagrun for maintenance_cleanup_logs to 2026-04-08 00:00:00+00:00, run_after=2026-04-09 00:00:00+00:00
[2026-04-08T08:36:45.394+0000] {processor.py:183} INFO - Processing /opt/airflow/dags/maintenance_logs.py took 0.478 seconds
[2026-04-08T08:37:16.221+0000] {processor.py:161} INFO - Started process (PID=371) to work on /opt/airflow/dags/maintenance_logs.py
[2026-04-08T08:37:16.226+0000] {processor.py:830} INFO - Processing file /opt/airflow/dags/maintenance_logs.py for tasks to queue
[2026-04-08T08:37:16.235+0000] {logging_mixin.py:188} INFO - [2026-04-08T08:37:16.234+0000] {dagbag.py:545} INFO - Filling up the DagBag from /opt/airflow/dags/maintenance_logs.py
[2026-04-08T08:37:16.385+0000] {processor.py:840} INFO - DAG(s) 'maintenance_cleanup_logs' retrieved from /opt/airflow/dags/maintenance_logs.py
[2026-04-08T08:37:16.670+0000] {logging_mixin.py:188} INFO - [2026-04-08T08:37:16.669+0000] {dag.py:3089} INFO - Sync 1 DAGs
[2026-04-08T08:37:16.737+0000] {logging_mixin.py:188} INFO - [2026-04-08T08:37:16.737+0000] {dag.py:3947} INFO - Setting next_dagrun for maintenance_cleanup_logs to 2026-04-08 00:00:00+00:00, run_after=2026-04-09 00:00:00+00:00
[2026-04-08T08:37:16.818+0000] {processor.py:183} INFO - Processing /opt/airflow/dags/maintenance_logs.py took 0.637 seconds
[2026-04-08T08:37:46.981+0000] {processor.py:161} INFO - Started process (PID=382) to work on /opt/airflow/dags/maintenance_logs.py
[2026-04-08T08:37:46.983+0000] {processor.py:830} INFO - Processing file /opt/airflow/dags/maintenance_logs.py for tasks to queue
[2026-04-08T08:37:46.986+0000] {logging_mixin.py:188} INFO - [2026-04-08T08:37:46.986+0000] {dagbag.py:545} INFO - Filling up the DagBag from /opt/airflow/dags/maintenance_logs.py
[2026-04-08T08:37:47.029+0000] {processor.py:840} INFO - DAG(s) 'maintenance_cleanup_logs' retrieved from /opt/airflow/dags/maintenance_logs.py
[2026-04-08T08:37:47.130+0000] {logging_mixin.py:188} INFO - [2026-04-08T08:37:47.129+0000] {dag.py:3089} INFO - Sync 1 DAGs
[2026-04-08T08:37:47.174+0000] {logging_mixin.py:188} INFO - [2026-04-08T08:37:47.174+0000] {dag.py:3947} INFO - Setting next_dagrun for maintenance_cleanup_logs to 2026-04-08 00:00:00+00:00, run_after=2026-04-09 00:00:00+00:00
[2026-04-08T08:37:47.221+0000] {processor.py:183} INFO - Processing /opt/airflow/dags/maintenance_logs.py took 0.250 seconds
[2026-04-08T08:38:17.870+0000] {processor.py:161} INFO - Started process (PID=393) to work on /opt/airflow/dags/maintenance_logs.py
[2026-04-08T08:38:17.872+0000] {processor.py:830} INFO - Processing file /opt/airflow/dags/maintenance_logs.py for tasks to queue
[2026-04-08T08:38:17.876+0000] {logging_mixin.py:188} INFO - [2026-04-08T08:38:17.875+0000] {dagbag.py:545} INFO - Filling up the DagBag from /opt/airflow/dags/maintenance_logs.py
[2026-04-08T08:38:17.929+0000] {processor.py:840} INFO - DAG(s) 'maintenance_cleanup_logs' retrieved from /opt/airflow/dags/maintenance_logs.py
[2026-04-08T08:38:18.014+0000] {logging_mixin.py:188} INFO - [2026-04-08T08:38:18.014+0000] {dag.py:3089} INFO - Sync 1 DAGs
[2026-04-08T08:38:18.058+0000] {logging_mixin.py:188} INFO - [2026-04-08T08:38:18.058+0000] {dag.py:3947} INFO - Setting next_dagrun for maintenance_cleanup_logs to 2026-04-08 00:00:00+00:00, run_after=2026-04-09 00:00:00+00:00
[2026-04-08T08:38:18.112+0000] {processor.py:183} INFO - Processing /opt/airflow/dags/maintenance_logs.py took 0.254 seconds
[2026-04-08T08:38:48.823+0000] {processor.py:161} INFO - Started process (PID=404) to work on /opt/airflow/dags/maintenance_logs.py
[2026-04-08T08:38:48.826+0000] {processor.py:830} INFO - Processing file /opt/airflow/dags/maintenance_logs.py for tasks to queue
[2026-04-08T08:38:48.832+0000] {logging_mixin.py:188} INFO - [2026-04-08T08:38:48.831+0000] {dagbag.py:545} INFO - Filling up the DagBag from /opt/airflow/dags/maintenance_logs.py
[2026-04-08T08:38:48.900+0000] {processor.py:840} INFO - DAG(s) 'maintenance_cleanup_logs' retrieved from /opt/airflow/dags/maintenance_logs.py
[2026-04-08T08:38:49.061+0000] {logging_mixin.py:188} INFO - [2026-04-08T08:38:49.060+0000] {dag.py:3089} INFO - Sync 1 DAGs
[2026-04-08T08:38:49.126+0000] {logging_mixin.py:188} INFO - [2026-04-08T08:38:49.125+0000] {dag.py:3947} INFO - Setting next_dagrun for maintenance_cleanup_logs to 2026-04-08 00:00:00+00:00, run_after=2026-04-09 00:00:00+00:00
[2026-04-08T08:38:49.230+0000] {processor.py:183} INFO - Processing /opt/airflow/dags/maintenance_logs.py took 0.426 seconds
[2026-04-08T08:39:19.885+0000] {processor.py:161} INFO - Started process (PID=415) to work on /opt/airflow/dags/maintenance_logs.py
[2026-04-08T08:39:19.887+0000] {processor.py:830} INFO - Processing file /opt/airflow/dags/maintenance_logs.py for tasks to queue
[2026-04-08T08:39:19.892+0000] {logging_mixin.py:188} INFO - [2026-04-08T08:39:19.891+0000] {dagbag.py:545} INFO - Filling up the DagBag from /opt/airflow/dags/maintenance_logs.py
[2026-04-08T08:39:19.938+0000] {processor.py:840} INFO - DAG(s) 'maintenance_cleanup_logs' retrieved from /opt/airflow/dags/maintenance_logs.py
[2026-04-08T08:39:20.229+0000] {logging_mixin.py:188} INFO - [2026-04-08T08:39:20.225+0000] {dag.py:3089} INFO - Sync 1 DAGs
[2026-04-08T08:39:20.345+0000] {logging_mixin.py:188} INFO - [2026-04-08T08:39:20.344+0000] {dag.py:3947} INFO - Setting next_dagrun for maintenance_cleanup_logs to 2026-04-08 00:00:00+00:00, run_after=2026-04-09 00:00:00+00:00
[2026-04-08T08:39:20.395+0000] {processor.py:183} INFO - Processing /opt/airflow/dags/maintenance_logs.py took 0.526 seconds
[2026-04-08T08:39:50.651+0000] {processor.py:161} INFO - Started process (PID=426) to work on /opt/airflow/dags/maintenance_logs.py
[2026-04-08T08:39:50.653+0000] {processor.py:830} INFO - Processing file /opt/airflow/dags/maintenance_logs.py for tasks to queue
[2026-04-08T08:39:50.656+0000] {logging_mixin.py:188} INFO - [2026-04-08T08:39:50.656+0000] {dagbag.py:545} INFO - Filling up the DagBag from /opt/airflow/dags/maintenance_logs.py
[2026-04-08T08:39:50.707+0000] {processor.py:840} INFO - DAG(s) 'maintenance_cleanup_logs' retrieved from /opt/airflow/dags/maintenance_logs.py
[2026-04-08T08:39:50.909+0000] {logging_mixin.py:188} INFO - [2026-04-08T08:39:50.908+0000] {dag.py:3089} INFO - Sync 1 DAGs
[2026-04-08T08:39:50.952+0000] {logging_mixin.py:188} INFO - [2026-04-08T08:39:50.952+0000] {dag.py:3947} INFO - Setting next_dagrun for maintenance_cleanup_logs to 2026-04-08 00:00:00+00:00, run_after=2026-04-09 00:00:00+00:00
[2026-04-08T08:39:50.998+0000] {processor.py:183} INFO - Processing /opt/airflow/dags/maintenance_logs.py took 0.357 seconds
[2026-04-08T08:40:21.494+0000] {processor.py:161} INFO - Started process (PID=437) to work on /opt/airflow/dags/maintenance_logs.py
[2026-04-08T08:40:21.496+0000] {processor.py:830} INFO - Processing file /opt/airflow/dags/maintenance_logs.py for tasks to queue
[2026-04-08T08:40:21.501+0000] {logging_mixin.py:188} INFO - [2026-04-08T08:40:21.500+0000] {dagbag.py:545} INFO - Filling up the DagBag from /opt/airflow/dags/maintenance_logs.py
[2026-04-08T08:40:21.550+0000] {processor.py:840} INFO - DAG(s) 'maintenance_cleanup_logs' retrieved from /opt/airflow/dags/maintenance_logs.py
[2026-04-08T08:40:21.674+0000] {logging_mixin.py:188} INFO - [2026-04-08T08:40:21.674+0000] {dag.py:3089} INFO - Sync 1 DAGs
[2026-04-08T08:40:21.727+0000] {logging_mixin.py:188} INFO - [2026-04-08T08:40:21.727+0000] {dag.py:3947} INFO - Setting next_dagrun for maintenance_cleanup_logs to 2026-04-08 00:00:00+00:00, run_after=2026-04-09 00:00:00+00:00
[2026-04-08T08:40:21.780+0000] {processor.py:183} INFO - Processing /opt/airflow/dags/maintenance_logs.py took 0.297 seconds
[2026-04-08T08:40:52.628+0000] {processor.py:161} INFO - Started process (PID=448) to work on /opt/airflow/dags/maintenance_logs.py
[2026-04-08T08:40:52.632+0000] {processor.py:830} INFO - Processing file /opt/airflow/dags/maintenance_logs.py for tasks to queue
[2026-04-08T08:40:52.641+0000] {logging_mixin.py:188} INFO - [2026-04-08T08:40:52.640+0000] {dagbag.py:545} INFO - Filling up the DagBag from /opt/airflow/dags/maintenance_logs.py
[2026-04-08T08:40:52.799+0000] {processor.py:840} INFO - DAG(s) 'maintenance_cleanup_logs' retrieved from /opt/airflow/dags/maintenance_logs.py
[2026-04-08T08:40:52.925+0000] {logging_mixin.py:188} INFO - [2026-04-08T08:40:52.924+0000] {dag.py:3089} INFO - Sync 1 DAGs
[2026-04-08T08:40:52.978+0000] {logging_mixin.py:188} INFO - [2026-04-08T08:40:52.978+0000] {dag.py:3947} INFO - Setting next_dagrun for maintenance_cleanup_logs to 2026-04-08 00:00:00+00:00, run_after=2026-04-09 00:00:00+00:00
[2026-04-08T08:40:53.050+0000] {processor.py:183} INFO - Processing /opt/airflow/dags/maintenance_logs.py took 0.456 seconds
[2026-04-08T08:41:23.355+0000] {processor.py:161} INFO - Started process (PID=459) to work on /opt/airflow/dags/maintenance_logs.py
[2026-04-08T08:41:23.356+0000] {processor.py:830} INFO - Processing file /opt/airflow/dags/maintenance_logs.py for tasks to queue
[2026-04-08T08:41:23.359+0000] {logging_mixin.py:188} INFO - [2026-04-08T08:41:23.358+0000] {dagbag.py:545} INFO - Filling up the DagBag from /opt/airflow/dags/maintenance_logs.py
[2026-04-08T08:41:23.396+0000] {processor.py:840} INFO - DAG(s) 'maintenance_cleanup_logs' retrieved from /opt/airflow/dags/maintenance_logs.py
[2026-04-08T08:41:23.477+0000] {logging_mixin.py:188} INFO - [2026-04-08T08:41:23.477+0000] {dag.py:3089} INFO - Sync 1 DAGs
[2026-04-08T08:41:23.517+0000] {logging_mixin.py:188} INFO - [2026-04-08T08:41:23.517+0000] {dag.py:3947} INFO - Setting next_dagrun for maintenance_cleanup_logs to 2026-04-08 00:00:00+00:00, run_after=2026-04-09 00:00:00+00:00
[2026-04-08T08:41:23.572+0000] {processor.py:183} INFO - Processing /opt/airflow/dags/maintenance_logs.py took 0.226 seconds
[2026-04-08T08:41:53.890+0000] {processor.py:161} INFO - Started process (PID=470) to work on /opt/airflow/dags/maintenance_logs.py
[2026-04-08T08:41:53.897+0000] {processor.py:830} INFO - Processing file /opt/airflow/dags/maintenance_logs.py for tasks to queue
[2026-04-08T08:41:53.909+0000] {logging_mixin.py:188} INFO - [2026-04-08T08:41:53.908+0000] {dagbag.py:545} INFO - Filling up the DagBag from /opt/airflow/dags/maintenance_logs.py
[2026-04-08T08:41:54.059+0000] {processor.py:840} INFO - DAG(s) 'maintenance_cleanup_logs' retrieved from /opt/airflow/dags/maintenance_logs.py
[2026-04-08T08:41:54.279+0000] {logging_mixin.py:188} INFO - [2026-04-08T08:41:54.279+0000] {dag.py:3089} INFO - Sync 1 DAGs
[2026-04-08T08:41:54.318+0000] {logging_mixin.py:188} INFO - [2026-04-08T08:41:54.318+0000] {dag.py:3947} INFO - Setting next_dagrun for maintenance_cleanup_logs to 2026-04-08 00:00:00+00:00, run_after=2026-04-09 00:00:00+00:00
[2026-04-08T08:41:54.376+0000] {processor.py:183} INFO - Processing /opt/airflow/dags/maintenance_logs.py took 0.517 seconds
[2026-04-08T08:42:25.177+0000] {processor.py:161} INFO - Started process (PID=481) to work on /opt/airflow/dags/maintenance_logs.py
[2026-04-08T08:42:25.179+0000] {processor.py:830} INFO - Processing file /opt/airflow/dags/maintenance_logs.py for tasks to queue
[2026-04-08T08:42:25.183+0000] {logging_mixin.py:188} INFO - [2026-04-08T08:42:25.183+0000] {dagbag.py:545} INFO - Filling up the DagBag from /opt/airflow/dags/maintenance_logs.py
[2026-04-08T08:42:25.229+0000] {processor.py:840} INFO - DAG(s) 'maintenance_cleanup_logs' retrieved from /opt/airflow/dags/maintenance_logs.py
[2026-04-08T08:42:25.352+0000] {logging_mixin.py:188} INFO - [2026-04-08T08:42:25.352+0000] {dag.py:3089} INFO - Sync 1 DAGs
[2026-04-08T08:42:25.407+0000] {logging_mixin.py:188} INFO - [2026-04-08T08:42:25.406+0000] {dag.py:3947} INFO - Setting next_dagrun for maintenance_cleanup_logs to 2026-04-08 00:00:00+00:00, run_after=2026-04-09 00:00:00+00:00
[2026-04-08T08:42:25.468+0000] {processor.py:183} INFO - Processing /opt/airflow/dags/maintenance_logs.py took 0.316 seconds
[2026-04-08T08:42:55.859+0000] {processor.py:161} INFO - Started process (PID=492) to work on /opt/airflow/dags/maintenance_logs.py
[2026-04-08T08:42:55.861+0000] {processor.py:830} INFO - Processing file /opt/airflow/dags/maintenance_logs.py for tasks to queue
[2026-04-08T08:42:55.865+0000] {logging_mixin.py:188} INFO - [2026-04-08T08:42:55.864+0000] {dagbag.py:545} INFO - Filling up the DagBag from /opt/airflow/dags/maintenance_logs.py
[2026-04-08T08:42:55.910+0000] {processor.py:840} INFO - DAG(s) 'maintenance_cleanup_logs' retrieved from /opt/airflow/dags/maintenance_logs.py
[2026-04-08T08:42:56.019+0000] {logging_mixin.py:188} INFO - [2026-04-08T08:42:56.018+0000] {dag.py:3089} INFO - Sync 1 DAGs
[2026-04-08T08:42:56.066+0000] {logging_mixin.py:188} INFO - [2026-04-08T08:42:56.065+0000] {dag.py:3947} INFO - Setting next_dagrun for maintenance_cleanup_logs to 2026-04-08 00:00:00+00:00, run_after=2026-04-09 00:00:00+00:00
[2026-04-08T08:42:56.127+0000] {processor.py:183} INFO - Processing /opt/airflow/dags/maintenance_logs.py took 0.278 seconds
[2026-04-08T08:43:26.422+0000] {processor.py:161} INFO - Started process (PID=503) to work on /opt/airflow/dags/maintenance_logs.py
[2026-04-08T08:43:26.424+0000] {processor.py:830} INFO - Processing file /opt/airflow/dags/maintenance_logs.py for tasks to queue
[2026-04-08T08:43:26.428+0000] {logging_mixin.py:188} INFO - [2026-04-08T08:43:26.427+0000] {dagbag.py:545} INFO - Filling up the DagBag from /opt/airflow/dags/maintenance_logs.py
[2026-04-08T08:43:26.492+0000] {processor.py:840} INFO - DAG(s) 'maintenance_cleanup_logs' retrieved from /opt/airflow/dags/maintenance_logs.py
[2026-04-08T08:43:26.596+0000] {logging_mixin.py:188} INFO - [2026-04-08T08:43:26.595+0000] {dag.py:3089} INFO - Sync 1 DAGs
[2026-04-08T08:43:26.643+0000] {logging_mixin.py:188} INFO - [2026-04-08T08:43:26.642+0000] {dag.py:3947} INFO - Setting next_dagrun for maintenance_cleanup_logs to 2026-04-08 00:00:00+00:00, run_after=2026-04-09 00:00:00+00:00
[2026-04-08T08:43:26.704+0000] {processor.py:183} INFO - Processing /opt/airflow/dags/maintenance_logs.py took 0.295 seconds
[2026-04-08T08:43:56.944+0000] {processor.py:161} INFO - Started process (PID=514) to work on /opt/airflow/dags/maintenance_logs.py
[2026-04-08T08:43:56.946+0000] {processor.py:830} INFO - Processing file /opt/airflow/dags/maintenance_logs.py for tasks to queue
[2026-04-08T08:43:56.950+0000] {logging_mixin.py:188} INFO - [2026-04-08T08:43:56.949+0000] {dagbag.py:545} INFO - Filling up the DagBag from /opt/airflow/dags/maintenance_logs.py
[2026-04-08T08:43:57.008+0000] {processor.py:840} INFO - DAG(s) 'maintenance_cleanup_logs' retrieved from /opt/airflow/dags/maintenance_logs.py
[2026-04-08T08:43:57.155+0000] {logging_mixin.py:188} INFO - [2026-04-08T08:43:57.154+0000] {dag.py:3089} INFO - Sync 1 DAGs
[2026-04-08T08:43:57.247+0000] {logging_mixin.py:188} INFO - [2026-04-08T08:43:57.246+0000] {dag.py:3947} INFO - Setting next_dagrun for maintenance_cleanup_logs to 2026-04-08 00:00:00+00:00, run_after=2026-04-09 00:00:00+00:00
[2026-04-08T08:43:57.297+0000] {processor.py:183} INFO - Processing /opt/airflow/dags/maintenance_logs.py took 0.364 seconds
[2026-04-08T08:44:27.735+0000] {processor.py:161} INFO - Started process (PID=525) to work on /opt/airflow/dags/maintenance_logs.py
[2026-04-08T08:44:27.737+0000] {processor.py:830} INFO - Processing file /opt/airflow/dags/maintenance_logs.py for tasks to queue
[2026-04-08T08:44:27.741+0000] {logging_mixin.py:188} INFO - [2026-04-08T08:44:27.740+0000] {dagbag.py:545} INFO - Filling up the DagBag from /opt/airflow/dags/maintenance_logs.py
[2026-04-08T08:44:27.800+0000] {processor.py:840} INFO - DAG(s) 'maintenance_cleanup_logs' retrieved from /opt/airflow/dags/maintenance_logs.py
[2026-04-08T08:44:27.916+0000] {logging_mixin.py:188} INFO - [2026-04-08T08:44:27.916+0000] {dag.py:3089} INFO - Sync 1 DAGs
[2026-04-08T08:44:27.974+0000] {logging_mixin.py:188} INFO - [2026-04-08T08:44:27.974+0000] {dag.py:3947} INFO - Setting next_dagrun for maintenance_cleanup_logs to 2026-04-08 00:00:00+00:00, run_after=2026-04-09 00:00:00+00:00
[2026-04-08T08:44:28.026+0000] {processor.py:183} INFO - Processing /opt/airflow/dags/maintenance_logs.py took 0.305 seconds
[2026-04-08T08:44:58.247+0000] {processor.py:161} INFO - Started process (PID=536) to work on /opt/airflow/dags/maintenance_logs.py
[2026-04-08T08:44:58.249+0000] {processor.py:830} INFO - Processing file /opt/airflow/dags/maintenance_logs.py for tasks to queue
[2026-04-08T08:44:58.255+0000] {logging_mixin.py:188} INFO - [2026-04-08T08:44:58.253+0000] {dagbag.py:545} INFO - Filling up the DagBag from /opt/airflow/dags/maintenance_logs.py
[2026-04-08T08:44:58.319+0000] {processor.py:840} INFO - DAG(s) 'maintenance_cleanup_logs' retrieved from /opt/airflow/dags/maintenance_logs.py
[2026-04-08T08:44:58.467+0000] {logging_mixin.py:188} INFO - [2026-04-08T08:44:58.466+0000] {dag.py:3089} INFO - Sync 1 DAGs
[2026-04-08T08:44:58.539+0000] {logging_mixin.py:188} INFO - [2026-04-08T08:44:58.538+0000] {dag.py:3947} INFO - Setting next_dagrun for maintenance_cleanup_logs to 2026-04-08 00:00:00+00:00, run_after=2026-04-09 00:00:00+00:00
[2026-04-08T08:44:58.606+0000] {processor.py:183} INFO - Processing /opt/airflow/dags/maintenance_logs.py took 0.376 seconds
[2026-04-08T08:45:28.875+0000] {processor.py:161} INFO - Started process (PID=547) to work on /opt/airflow/dags/maintenance_logs.py
[2026-04-08T08:45:28.876+0000] {processor.py:830} INFO - Processing file /opt/airflow/dags/maintenance_logs.py for tasks to queue
[2026-04-08T08:45:28.880+0000] {logging_mixin.py:188} INFO - [2026-04-08T08:45:28.879+0000] {dagbag.py:545} INFO - Filling up the DagBag from /opt/airflow/dags/maintenance_logs.py
[2026-04-08T08:45:28.927+0000] {processor.py:840} INFO - DAG(s) 'maintenance_cleanup_logs' retrieved from /opt/airflow/dags/maintenance_logs.py
[2026-04-08T08:45:29.011+0000] {logging_mixin.py:188} INFO - [2026-04-08T08:45:29.011+0000] {dag.py:3089} INFO - Sync 1 DAGs
[2026-04-08T08:45:29.062+0000] {logging_mixin.py:188} INFO - [2026-04-08T08:45:29.062+0000] {dag.py:3947} INFO - Setting next_dagrun for maintenance_cleanup_logs to 2026-04-08 00:00:00+00:00, run_after=2026-04-09 00:00:00+00:00
[2026-04-08T08:45:29.114+0000] {processor.py:183} INFO - Processing /opt/airflow/dags/maintenance_logs.py took 0.249 seconds
[2026-04-08T08:45:59.628+0000] {processor.py:161} INFO - Started process (PID=552) to work on /opt/airflow/dags/maintenance_logs.py
[2026-04-08T08:45:59.630+0000] {processor.py:830} INFO - Processing file /opt/airflow/dags/maintenance_logs.py for tasks to queue
[2026-04-08T08:45:59.635+0000] {logging_mixin.py:188} INFO - [2026-04-08T08:45:59.634+0000] {dagbag.py:545} INFO - Filling up the DagBag from /opt/airflow/dags/maintenance_logs.py
[2026-04-08T08:45:59.696+0000] {processor.py:840} INFO - DAG(s) 'maintenance_cleanup_logs' retrieved from /opt/airflow/dags/maintenance_logs.py
[2026-04-08T08:45:59.831+0000] {logging_mixin.py:188} INFO - [2026-04-08T08:45:59.830+0000] {dag.py:3089} INFO - Sync 1 DAGs
[2026-04-08T08:45:59.912+0000] {logging_mixin.py:188} INFO - [2026-04-08T08:45:59.911+0000] {dag.py:3947} INFO - Setting next_dagrun for maintenance_cleanup_logs to 2026-04-08 00:00:00+00:00, run_after=2026-04-09 00:00:00+00:00
[2026-04-08T08:45:59.971+0000] {processor.py:183} INFO - Processing /opt/airflow/dags/maintenance_logs.py took 0.357 seconds
[2026-04-08T08:46:30.806+0000] {processor.py:161} INFO - Started process (PID=563) to work on /opt/airflow/dags/maintenance_logs.py
[2026-04-08T08:46:30.808+0000] {processor.py:830} INFO - Processing file /opt/airflow/dags/maintenance_logs.py for tasks to queue
[2026-04-08T08:46:30.813+0000] {logging_mixin.py:188} INFO - [2026-04-08T08:46:30.813+0000] {dagbag.py:545} INFO - Filling up the DagBag from /opt/airflow/dags/maintenance_logs.py
[2026-04-08T08:46:30.878+0000] {processor.py:840} INFO - DAG(s) 'maintenance_cleanup_logs' retrieved from /opt/airflow/dags/maintenance_logs.py
[2026-04-08T08:46:31.020+0000] {logging_mixin.py:188} INFO - [2026-04-08T08:46:31.019+0000] {dag.py:3089} INFO - Sync 1 DAGs
[2026-04-08T08:46:31.072+0000] {logging_mixin.py:188} INFO - [2026-04-08T08:46:31.072+0000] {dag.py:3947} INFO - Setting next_dagrun for maintenance_cleanup_logs to 2026-04-08 00:00:00+00:00, run_after=2026-04-09 00:00:00+00:00
[2026-04-08T08:46:31.127+0000] {processor.py:183} INFO - Processing /opt/airflow/dags/maintenance_logs.py took 0.351 seconds
[2026-04-08T08:47:01.870+0000] {processor.py:161} INFO - Started process (PID=574) to work on /opt/airflow/dags/maintenance_logs.py
[2026-04-08T08:47:01.873+0000] {processor.py:830} INFO - Processing file /opt/airflow/dags/maintenance_logs.py for tasks to queue
[2026-04-08T08:47:01.877+0000] {logging_mixin.py:188} INFO - [2026-04-08T08:47:01.877+0000] {dagbag.py:545} INFO - Filling up the DagBag from /opt/airflow/dags/maintenance_logs.py
[2026-04-08T08:47:01.937+0000] {processor.py:840} INFO - DAG(s) 'maintenance_cleanup_logs' retrieved from /opt/airflow/dags/maintenance_logs.py
[2026-04-08T08:47:02.183+0000] {logging_mixin.py:188} INFO - [2026-04-08T08:47:02.182+0000] {dag.py:3089} INFO - Sync 1 DAGs
[2026-04-08T08:47:02.237+0000] {logging_mixin.py:188} INFO - [2026-04-08T08:47:02.237+0000] {dag.py:3947} INFO - Setting next_dagrun for maintenance_cleanup_logs to 2026-04-08 00:00:00+00:00, run_after=2026-04-09 00:00:00+00:00
[2026-04-08T08:47:02.296+0000] {processor.py:183} INFO - Processing /opt/airflow/dags/maintenance_logs.py took 0.441 seconds
[2026-04-08T08:47:32.459+0000] {processor.py:161} INFO - Started process (PID=585) to work on /opt/airflow/dags/maintenance_logs.py
[2026-04-08T08:47:32.462+0000] {processor.py:830} INFO - Processing file /opt/airflow/dags/maintenance_logs.py for tasks to queue
[2026-04-08T08:47:32.466+0000] {logging_mixin.py:188} INFO - [2026-04-08T08:47:32.465+0000] {dagbag.py:545} INFO - Filling up the DagBag from /opt/airflow/dags/maintenance_logs.py
[2026-04-08T08:47:32.522+0000] {processor.py:840} INFO - DAG(s) 'maintenance_cleanup_logs' retrieved from /opt/airflow/dags/maintenance_logs.py
[2026-04-08T08:47:32.627+0000] {logging_mixin.py:188} INFO - [2026-04-08T08:47:32.627+0000] {dag.py:3089} INFO - Sync 1 DAGs
[2026-04-08T08:47:32.670+0000] {logging_mixin.py:188} INFO - [2026-04-08T08:47:32.670+0000] {dag.py:3947} INFO - Setting next_dagrun for maintenance_cleanup_logs to 2026-04-08 00:00:00+00:00, run_after=2026-04-09 00:00:00+00:00
[2026-04-08T08:47:32.731+0000] {processor.py:183} INFO - Processing /opt/airflow/dags/maintenance_logs.py took 0.286 seconds
[2026-04-08T08:48:03.165+0000] {processor.py:161} INFO - Started process (PID=596) to work on /opt/airflow/dags/maintenance_logs.py
[2026-04-08T08:48:03.167+0000] {processor.py:830} INFO - Processing file /opt/airflow/dags/maintenance_logs.py for tasks to queue
[2026-04-08T08:48:03.171+0000] {logging_mixin.py:188} INFO - [2026-04-08T08:48:03.170+0000] {dagbag.py:545} INFO - Filling up the DagBag from /opt/airflow/dags/maintenance_logs.py
[2026-04-08T08:48:03.218+0000] {processor.py:840} INFO - DAG(s) 'maintenance_cleanup_logs' retrieved from /opt/airflow/dags/maintenance_logs.py
[2026-04-08T08:48:03.382+0000] {logging_mixin.py:188} INFO - [2026-04-08T08:48:03.381+0000] {dag.py:3089} INFO - Sync 1 DAGs
[2026-04-08T08:48:03.435+0000] {logging_mixin.py:188} INFO - [2026-04-08T08:48:03.435+0000] {dag.py:3947} INFO - Setting next_dagrun for maintenance_cleanup_logs to 2026-04-08 00:00:00+00:00, run_after=2026-04-09 00:00:00+00:00
[2026-04-08T08:48:03.491+0000] {processor.py:183} INFO - Processing /opt/airflow/dags/maintenance_logs.py took 0.340 seconds
[2026-04-08T08:48:34.069+0000] {processor.py:161} INFO - Started process (PID=607) to work on /opt/airflow/dags/maintenance_logs.py
[2026-04-08T08:48:34.076+0000] {processor.py:830} INFO - Processing file /opt/airflow/dags/maintenance_logs.py for tasks to queue
[2026-04-08T08:48:34.092+0000] {logging_mixin.py:188} INFO - [2026-04-08T08:48:34.090+0000] {dagbag.py:545} INFO - Filling up the DagBag from /opt/airflow/dags/maintenance_logs.py
[2026-04-08T08:48:34.241+0000] {processor.py:840} INFO - DAG(s) 'maintenance_cleanup_logs' retrieved from /opt/airflow/dags/maintenance_logs.py
[2026-04-08T08:48:34.381+0000] {logging_mixin.py:188} INFO - [2026-04-08T08:48:34.381+0000] {dag.py:3089} INFO - Sync 1 DAGs
[2026-04-08T08:48:34.425+0000] {logging_mixin.py:188} INFO - [2026-04-08T08:48:34.425+0000] {dag.py:3947} INFO - Setting next_dagrun for maintenance_cleanup_logs to 2026-04-08 00:00:00+00:00, run_after=2026-04-09 00:00:00+00:00
[2026-04-08T08:48:34.472+0000] {processor.py:183} INFO - Processing /opt/airflow/dags/maintenance_logs.py took 0.442 seconds
[2026-04-08T08:49:05.312+0000] {processor.py:161} INFO - Started process (PID=618) to work on /opt/airflow/dags/maintenance_logs.py
[2026-04-08T08:49:05.314+0000] {processor.py:830} INFO - Processing file /opt/airflow/dags/maintenance_logs.py for tasks to queue
[2026-04-08T08:49:05.319+0000] {logging_mixin.py:188} INFO - [2026-04-08T08:49:05.319+0000] {dagbag.py:545} INFO - Filling up the DagBag from /opt/airflow/dags/maintenance_logs.py
[2026-04-08T08:49:05.370+0000] {processor.py:840} INFO - DAG(s) 'maintenance_cleanup_logs' retrieved from /opt/airflow/dags/maintenance_logs.py
[2026-04-08T08:49:05.457+0000] {logging_mixin.py:188} INFO - [2026-04-08T08:49:05.457+0000] {dag.py:3089} INFO - Sync 1 DAGs
[2026-04-08T08:49:05.497+0000] {logging_mixin.py:188} INFO - [2026-04-08T08:49:05.496+0000] {dag.py:3947} INFO - Setting next_dagrun for maintenance_cleanup_logs to 2026-04-08 00:00:00+00:00, run_after=2026-04-09 00:00:00+00:00
[2026-04-08T08:49:05.548+0000] {processor.py:183} INFO - Processing /opt/airflow/dags/maintenance_logs.py took 0.251 seconds
[2026-04-08T08:49:35.700+0000] {processor.py:161} INFO - Started process (PID=629) to work on /opt/airflow/dags/maintenance_logs.py
[2026-04-08T08:49:35.703+0000] {processor.py:830} INFO - Processing file /opt/airflow/dags/maintenance_logs.py for tasks to queue
[2026-04-08T08:49:35.708+0000] {logging_mixin.py:188} INFO - [2026-04-08T08:49:35.707+0000] {dagbag.py:545} INFO - Filling up the DagBag from /opt/airflow/dags/maintenance_logs.py
[2026-04-08T08:49:35.763+0000] {processor.py:840} INFO - DAG(s) 'maintenance_cleanup_logs' retrieved from /opt/airflow/dags/maintenance_logs.py
[2026-04-08T08:49:35.891+0000] {logging_mixin.py:188} INFO - [2026-04-08T08:49:35.891+0000] {dag.py:3089} INFO - Sync 1 DAGs
[2026-04-08T08:49:35.955+0000] {logging_mixin.py:188} INFO - [2026-04-08T08:49:35.954+0000] {dag.py:3947} INFO - Setting next_dagrun for maintenance_cleanup_logs to 2026-04-08 00:00:00+00:00, run_after=2026-04-09 00:00:00+00:00
[2026-04-08T08:49:36.003+0000] {processor.py:183} INFO - Processing /opt/airflow/dags/maintenance_logs.py took 0.319 seconds
[2026-04-08T08:50:06.199+0000] {processor.py:161} INFO - Started process (PID=640) to work on /opt/airflow/dags/maintenance_logs.py
[2026-04-08T08:50:06.204+0000] {processor.py:830} INFO - Processing file /opt/airflow/dags/maintenance_logs.py for tasks to queue
[2026-04-08T08:50:06.213+0000] {logging_mixin.py:188} INFO - [2026-04-08T08:50:06.212+0000] {dagbag.py:545} INFO - Filling up the DagBag from /opt/airflow/dags/maintenance_logs.py
[2026-04-08T08:50:06.361+0000] {processor.py:840} INFO - DAG(s) 'maintenance_cleanup_logs' retrieved from /opt/airflow/dags/maintenance_logs.py
[2026-04-08T08:50:06.493+0000] {logging_mixin.py:188} INFO - [2026-04-08T08:50:06.493+0000] {dag.py:3089} INFO - Sync 1 DAGs
[2026-04-08T08:50:06.543+0000] {logging_mixin.py:188} INFO - [2026-04-08T08:50:06.543+0000] {dag.py:3947} INFO - Setting next_dagrun for maintenance_cleanup_logs to 2026-04-08 00:00:00+00:00, run_after=2026-04-09 00:00:00+00:00
[2026-04-08T08:50:06.587+0000] {processor.py:183} INFO - Processing /opt/airflow/dags/maintenance_logs.py took 0.419 seconds
[2026-04-08T08:50:37.172+0000] {processor.py:161} INFO - Started process (PID=651) to work on /opt/airflow/dags/maintenance_logs.py
[2026-04-08T08:50:37.175+0000] {processor.py:830} INFO - Processing file /opt/airflow/dags/maintenance_logs.py for tasks to queue
[2026-04-08T08:50:37.181+0000] {logging_mixin.py:188} INFO - [2026-04-08T08:50:37.180+0000] {dagbag.py:545} INFO - Filling up the DagBag from /opt/airflow/dags/maintenance_logs.py
[2026-04-08T08:50:37.258+0000] {processor.py:840} INFO - DAG(s) 'maintenance_cleanup_logs' retrieved from /opt/airflow/dags/maintenance_logs.py
[2026-04-08T08:50:37.564+0000] {logging_mixin.py:188} INFO - [2026-04-08T08:50:37.563+0000] {dag.py:3089} INFO - Sync 1 DAGs
[2026-04-08T08:50:37.704+0000] {logging_mixin.py:188} INFO - [2026-04-08T08:50:37.704+0000] {dag.py:3947} INFO - Setting next_dagrun for maintenance_cleanup_logs to 2026-04-08 00:00:00+00:00, run_after=2026-04-09 00:00:00+00:00
[2026-04-08T08:50:37.774+0000] {processor.py:183} INFO - Processing /opt/airflow/dags/maintenance_logs.py took 0.627 seconds
[2026-04-08T08:51:08.549+0000] {processor.py:161} INFO - Started process (PID=662) to work on /opt/airflow/dags/maintenance_logs.py
[2026-04-08T08:51:08.551+0000] {processor.py:830} INFO - Processing file /opt/airflow/dags/maintenance_logs.py for tasks to queue
[2026-04-08T08:51:08.556+0000] {logging_mixin.py:188} INFO - [2026-04-08T08:51:08.555+0000] {dagbag.py:545} INFO - Filling up the DagBag from /opt/airflow/dags/maintenance_logs.py
[2026-04-08T08:51:08.624+0000] {processor.py:840} INFO - DAG(s) 'maintenance_cleanup_logs' retrieved from /opt/airflow/dags/maintenance_logs.py
[2026-04-08T08:51:08.766+0000] {logging_mixin.py:188} INFO - [2026-04-08T08:51:08.766+0000] {dag.py:3089} INFO - Sync 1 DAGs
[2026-04-08T08:51:08.825+0000] {logging_mixin.py:188} INFO - [2026-04-08T08:51:08.824+0000] {dag.py:3947} INFO - Setting next_dagrun for maintenance_cleanup_logs to 2026-04-08 00:00:00+00:00, run_after=2026-04-09 00:00:00+00:00
[2026-04-08T08:51:08.901+0000] {processor.py:183} INFO - Processing /opt/airflow/dags/maintenance_logs.py took 0.369 seconds
[2026-04-08T08:51:39.289+0000] {processor.py:161} INFO - Started process (PID=673) to work on /opt/airflow/dags/maintenance_logs.py
[2026-04-08T08:51:39.294+0000] {processor.py:830} INFO - Processing file /opt/airflow/dags/maintenance_logs.py for tasks to queue
[2026-04-08T08:51:39.306+0000] {logging_mixin.py:188} INFO - [2026-04-08T08:51:39.304+0000] {dagbag.py:545} INFO - Filling up the DagBag from /opt/airflow/dags/maintenance_logs.py
[2026-04-08T08:51:39.450+0000] {processor.py:840} INFO - DAG(s) 'maintenance_cleanup_logs' retrieved from /opt/airflow/dags/maintenance_logs.py
[2026-04-08T08:51:39.573+0000] {logging_mixin.py:188} INFO - [2026-04-08T08:51:39.572+0000] {dag.py:3089} INFO - Sync 1 DAGs
[2026-04-08T08:51:39.617+0000] {logging_mixin.py:188} INFO - [2026-04-08T08:51:39.617+0000] {dag.py:3947} INFO - Setting next_dagrun for maintenance_cleanup_logs to 2026-04-08 00:00:00+00:00, run_after=2026-04-09 00:00:00+00:00
[2026-04-08T08:51:39.661+0000] {processor.py:183} INFO - Processing /opt/airflow/dags/maintenance_logs.py took 0.399 seconds
[2026-04-08T08:52:10.575+0000] {processor.py:161} INFO - Started process (PID=684) to work on /opt/airflow/dags/maintenance_logs.py
[2026-04-08T08:52:10.584+0000] {processor.py:830} INFO - Processing file /opt/airflow/dags/maintenance_logs.py for tasks to queue
[2026-04-08T08:52:10.598+0000] {logging_mixin.py:188} INFO - [2026-04-08T08:52:10.596+0000] {dagbag.py:545} INFO - Filling up the DagBag from /opt/airflow/dags/maintenance_logs.py
[2026-04-08T08:52:10.724+0000] {processor.py:840} INFO - DAG(s) 'maintenance_cleanup_logs' retrieved from /opt/airflow/dags/maintenance_logs.py
[2026-04-08T08:52:10.834+0000] {logging_mixin.py:188} INFO - [2026-04-08T08:52:10.834+0000] {dag.py:3089} INFO - Sync 1 DAGs
[2026-04-08T08:52:10.876+0000] {logging_mixin.py:188} INFO - [2026-04-08T08:52:10.876+0000] {dag.py:3947} INFO - Setting next_dagrun for maintenance_cleanup_logs to 2026-04-08 00:00:00+00:00, run_after=2026-04-09 00:00:00+00:00
[2026-04-08T08:52:10.934+0000] {processor.py:183} INFO - Processing /opt/airflow/dags/maintenance_logs.py took 0.390 seconds
[2026-04-08T08:52:41.621+0000] {processor.py:161} INFO - Started process (PID=695) to work on /opt/airflow/dags/maintenance_logs.py
[2026-04-08T08:52:41.623+0000] {processor.py:830} INFO - Processing file /opt/airflow/dags/maintenance_logs.py for tasks to queue
[2026-04-08T08:52:41.628+0000] {logging_mixin.py:188} INFO - [2026-04-08T08:52:41.627+0000] {dagbag.py:545} INFO - Filling up the DagBag from /opt/airflow/dags/maintenance_logs.py
[2026-04-08T08:52:41.686+0000] {processor.py:840} INFO - DAG(s) 'maintenance_cleanup_logs' retrieved from /opt/airflow/dags/maintenance_logs.py
[2026-04-08T08:52:41.791+0000] {logging_mixin.py:188} INFO - [2026-04-08T08:52:41.790+0000] {dag.py:3089} INFO - Sync 1 DAGs
[2026-04-08T08:52:41.843+0000] {logging_mixin.py:188} INFO - [2026-04-08T08:52:41.843+0000] {dag.py:3947} INFO - Setting next_dagrun for maintenance_cleanup_logs to 2026-04-08 00:00:00+00:00, run_after=2026-04-09 00:00:00+00:00
[2026-04-08T08:52:41.903+0000] {processor.py:183} INFO - Processing /opt/airflow/dags/maintenance_logs.py took 0.297 seconds
[2026-04-08T08:53:12.431+0000] {processor.py:161} INFO - Started process (PID=706) to work on /opt/airflow/dags/maintenance_logs.py
[2026-04-08T08:53:12.433+0000] {processor.py:830} INFO - Processing file /opt/airflow/dags/maintenance_logs.py for tasks to queue
[2026-04-08T08:53:12.436+0000] {logging_mixin.py:188} INFO - [2026-04-08T08:53:12.436+0000] {dagbag.py:545} INFO - Filling up the DagBag from /opt/airflow/dags/maintenance_logs.py
[2026-04-08T08:53:12.524+0000] {processor.py:840} INFO - DAG(s) 'maintenance_cleanup_logs' retrieved from /opt/airflow/dags/maintenance_logs.py
[2026-04-08T08:53:12.666+0000] {logging_mixin.py:188} INFO - [2026-04-08T08:53:12.666+0000] {dag.py:3089} INFO - Sync 1 DAGs
[2026-04-08T08:53:12.724+0000] {logging_mixin.py:188} INFO - [2026-04-08T08:53:12.724+0000] {dag.py:3947} INFO - Setting next_dagrun for maintenance_cleanup_logs to 2026-04-08 00:00:00+00:00, run_after=2026-04-09 00:00:00+00:00
[2026-04-08T08:53:12.792+0000] {processor.py:183} INFO - Processing /opt/airflow/dags/maintenance_logs.py took 0.373 seconds
[2026-04-08T08:53:43.393+0000] {processor.py:161} INFO - Started process (PID=719) to work on /opt/airflow/dags/maintenance_logs.py
[2026-04-08T08:53:43.395+0000] {processor.py:830} INFO - Processing file /opt/airflow/dags/maintenance_logs.py for tasks to queue
[2026-04-08T08:53:43.402+0000] {logging_mixin.py:188} INFO - [2026-04-08T08:53:43.400+0000] {dagbag.py:545} INFO - Filling up the DagBag from /opt/airflow/dags/maintenance_logs.py
[2026-04-08T08:53:43.490+0000] {processor.py:840} INFO - DAG(s) 'maintenance_cleanup_logs' retrieved from /opt/airflow/dags/maintenance_logs.py
[2026-04-08T08:53:43.588+0000] {logging_mixin.py:188} INFO - [2026-04-08T08:53:43.588+0000] {dag.py:3089} INFO - Sync 1 DAGs
[2026-04-08T08:53:43.640+0000] {logging_mixin.py:188} INFO - [2026-04-08T08:53:43.640+0000] {dag.py:3947} INFO - Setting next_dagrun for maintenance_cleanup_logs to 2026-04-08 00:00:00+00:00, run_after=2026-04-09 00:00:00+00:00
[2026-04-08T08:53:43.718+0000] {processor.py:183} INFO - Processing /opt/airflow/dags/maintenance_logs.py took 0.362 seconds
[2026-04-08T08:54:14.118+0000] {processor.py:161} INFO - Started process (PID=730) to work on /opt/airflow/dags/maintenance_logs.py
[2026-04-08T08:54:14.119+0000] {processor.py:830} INFO - Processing file /opt/airflow/dags/maintenance_logs.py for tasks to queue
[2026-04-08T08:54:14.122+0000] {logging_mixin.py:188} INFO - [2026-04-08T08:54:14.122+0000] {dagbag.py:545} INFO - Filling up the DagBag from /opt/airflow/dags/maintenance_logs.py
[2026-04-08T08:54:14.167+0000] {processor.py:840} INFO - DAG(s) 'maintenance_cleanup_logs' retrieved from /opt/airflow/dags/maintenance_logs.py
[2026-04-08T08:54:14.540+0000] {logging_mixin.py:188} INFO - [2026-04-08T08:54:14.540+0000] {dag.py:3089} INFO - Sync 1 DAGs
[2026-04-08T08:54:14.599+0000] {logging_mixin.py:188} INFO - [2026-04-08T08:54:14.598+0000] {dag.py:3947} INFO - Setting next_dagrun for maintenance_cleanup_logs to 2026-04-08 00:00:00+00:00, run_after=2026-04-09 00:00:00+00:00
[2026-04-08T08:54:14.671+0000] {processor.py:183} INFO - Processing /opt/airflow/dags/maintenance_logs.py took 0.566 seconds
[2026-04-08T08:54:44.854+0000] {processor.py:161} INFO - Started process (PID=741) to work on /opt/airflow/dags/maintenance_logs.py
[2026-04-08T08:54:44.859+0000] {processor.py:830} INFO - Processing file /opt/airflow/dags/maintenance_logs.py for tasks to queue
[2026-04-08T08:54:44.867+0000] {logging_mixin.py:188} INFO - [2026-04-08T08:54:44.866+0000] {dagbag.py:545} INFO - Filling up the DagBag from /opt/airflow/dags/maintenance_logs.py
[2026-04-08T08:54:45.024+0000] {processor.py:840} INFO - DAG(s) 'maintenance_cleanup_logs' retrieved from /opt/airflow/dags/maintenance_logs.py
[2026-04-08T08:54:45.149+0000] {logging_mixin.py:188} INFO - [2026-04-08T08:54:45.149+0000] {dag.py:3089} INFO - Sync 1 DAGs
[2026-04-08T08:54:45.187+0000] {logging_mixin.py:188} INFO - [2026-04-08T08:54:45.187+0000] {dag.py:3947} INFO - Setting next_dagrun for maintenance_cleanup_logs to 2026-04-08 00:00:00+00:00, run_after=2026-04-09 00:00:00+00:00
[2026-04-08T08:54:45.229+0000] {processor.py:183} INFO - Processing /opt/airflow/dags/maintenance_logs.py took 0.403 seconds
[2026-04-08T08:55:16.059+0000] {processor.py:161} INFO - Started process (PID=752) to work on /opt/airflow/dags/maintenance_logs.py
[2026-04-08T08:55:16.063+0000] {processor.py:830} INFO - Processing file /opt/airflow/dags/maintenance_logs.py for tasks to queue
[2026-04-08T08:55:16.072+0000] {logging_mixin.py:188} INFO - [2026-04-08T08:55:16.070+0000] {dagbag.py:545} INFO - Filling up the DagBag from /opt/airflow/dags/maintenance_logs.py
[2026-04-08T08:55:16.241+0000] {processor.py:840} INFO - DAG(s) 'maintenance_cleanup_logs' retrieved from /opt/airflow/dags/maintenance_logs.py
[2026-04-08T08:55:16.365+0000] {logging_mixin.py:188} INFO - [2026-04-08T08:55:16.365+0000] {dag.py:3089} INFO - Sync 1 DAGs
[2026-04-08T08:55:16.415+0000] {logging_mixin.py:188} INFO - [2026-04-08T08:55:16.415+0000] {dag.py:3947} INFO - Setting next_dagrun for maintenance_cleanup_logs to 2026-04-08 00:00:00+00:00, run_after=2026-04-09 00:00:00+00:00
[2026-04-08T08:55:16.467+0000] {processor.py:183} INFO - Processing /opt/airflow/dags/maintenance_logs.py took 0.437 seconds
[2026-04-08T08:55:46.544+0000] {processor.py:161} INFO - Started process (PID=763) to work on /opt/airflow/dags/maintenance_logs.py
[2026-04-08T08:55:46.546+0000] {processor.py:830} INFO - Processing file /opt/airflow/dags/maintenance_logs.py for tasks to queue
[2026-04-08T08:55:46.550+0000] {logging_mixin.py:188} INFO - [2026-04-08T08:55:46.549+0000] {dagbag.py:545} INFO - Filling up the DagBag from /opt/airflow/dags/maintenance_logs.py
[2026-04-08T08:55:46.591+0000] {processor.py:840} INFO - DAG(s) 'maintenance_cleanup_logs' retrieved from /opt/airflow/dags/maintenance_logs.py
[2026-04-08T08:55:46.674+0000] {logging_mixin.py:188} INFO - [2026-04-08T08:55:46.674+0000] {dag.py:3089} INFO - Sync 1 DAGs
[2026-04-08T08:55:46.712+0000] {logging_mixin.py:188} INFO - [2026-04-08T08:55:46.711+0000] {dag.py:3947} INFO - Setting next_dagrun for maintenance_cleanup_logs to 2026-04-08 00:00:00+00:00, run_after=2026-04-09 00:00:00+00:00
[2026-04-08T08:55:46.769+0000] {processor.py:183} INFO - Processing /opt/airflow/dags/maintenance_logs.py took 0.237 seconds
[2026-04-08T08:56:16.998+0000] {processor.py:161} INFO - Started process (PID=774) to work on /opt/airflow/dags/maintenance_logs.py
[2026-04-08T08:56:17.000+0000] {processor.py:830} INFO - Processing file /opt/airflow/dags/maintenance_logs.py for tasks to queue
[2026-04-08T08:56:17.004+0000] {logging_mixin.py:188} INFO - [2026-04-08T08:56:17.004+0000] {dagbag.py:545} INFO - Filling up the DagBag from /opt/airflow/dags/maintenance_logs.py
[2026-04-08T08:56:17.068+0000] {processor.py:840} INFO - DAG(s) 'maintenance_cleanup_logs' retrieved from /opt/airflow/dags/maintenance_logs.py
[2026-04-08T08:56:17.189+0000] {logging_mixin.py:188} INFO - [2026-04-08T08:56:17.188+0000] {dag.py:3089} INFO - Sync 1 DAGs
[2026-04-08T08:56:17.247+0000] {logging_mixin.py:188} INFO - [2026-04-08T08:56:17.246+0000] {dag.py:3947} INFO - Setting next_dagrun for maintenance_cleanup_logs to 2026-04-08 00:00:00+00:00, run_after=2026-04-09 00:00:00+00:00
[2026-04-08T08:56:17.314+0000] {processor.py:183} INFO - Processing /opt/airflow/dags/maintenance_logs.py took 0.328 seconds
[2026-04-08T08:56:47.608+0000] {processor.py:161} INFO - Started process (PID=785) to work on /opt/airflow/dags/maintenance_logs.py
[2026-04-08T08:56:47.609+0000] {processor.py:830} INFO - Processing file /opt/airflow/dags/maintenance_logs.py for tasks to queue
[2026-04-08T08:56:47.613+0000] {logging_mixin.py:188} INFO - [2026-04-08T08:56:47.612+0000] {dagbag.py:545} INFO - Filling up the DagBag from /opt/airflow/dags/maintenance_logs.py
[2026-04-08T08:56:47.663+0000] {processor.py:840} INFO - DAG(s) 'maintenance_cleanup_logs' retrieved from /opt/airflow/dags/maintenance_logs.py
[2026-04-08T08:56:47.776+0000] {logging_mixin.py:188} INFO - [2026-04-08T08:56:47.775+0000] {dag.py:3089} INFO - Sync 1 DAGs
[2026-04-08T08:56:47.825+0000] {logging_mixin.py:188} INFO - [2026-04-08T08:56:47.824+0000] {dag.py:3947} INFO - Setting next_dagrun for maintenance_cleanup_logs to 2026-04-08 00:00:00+00:00, run_after=2026-04-09 00:00:00+00:00
[2026-04-08T08:56:47.875+0000] {processor.py:183} INFO - Processing /opt/airflow/dags/maintenance_logs.py took 0.279 seconds
[2026-04-08T08:57:18.256+0000] {processor.py:161} INFO - Started process (PID=796) to work on /opt/airflow/dags/maintenance_logs.py
[2026-04-08T08:57:18.258+0000] {processor.py:830} INFO - Processing file /opt/airflow/dags/maintenance_logs.py for tasks to queue
[2026-04-08T08:57:18.261+0000] {logging_mixin.py:188} INFO - [2026-04-08T08:57:18.261+0000] {dagbag.py:545} INFO - Filling up the DagBag from /opt/airflow/dags/maintenance_logs.py
[2026-04-08T08:57:18.310+0000] {processor.py:840} INFO - DAG(s) 'maintenance_cleanup_logs' retrieved from /opt/airflow/dags/maintenance_logs.py
[2026-04-08T08:57:18.426+0000] {logging_mixin.py:188} INFO - [2026-04-08T08:57:18.426+0000] {dag.py:3089} INFO - Sync 1 DAGs
[2026-04-08T08:57:18.476+0000] {logging_mixin.py:188} INFO - [2026-04-08T08:57:18.476+0000] {dag.py:3947} INFO - Setting next_dagrun for maintenance_cleanup_logs to 2026-04-08 00:00:00+00:00, run_after=2026-04-09 00:00:00+00:00
[2026-04-08T08:57:18.544+0000] {processor.py:183} INFO - Processing /opt/airflow/dags/maintenance_logs.py took 0.301 seconds
[2026-04-08T08:57:49.252+0000] {processor.py:161} INFO - Started process (PID=805) to work on /opt/airflow/dags/maintenance_logs.py
[2026-04-08T08:57:49.254+0000] {processor.py:830} INFO - Processing file /opt/airflow/dags/maintenance_logs.py for tasks to queue
[2026-04-08T08:57:49.259+0000] {logging_mixin.py:188} INFO - [2026-04-08T08:57:49.259+0000] {dagbag.py:545} INFO - Filling up the DagBag from /opt/airflow/dags/maintenance_logs.py
[2026-04-08T08:57:49.309+0000] {processor.py:840} INFO - DAG(s) 'maintenance_cleanup_logs' retrieved from /opt/airflow/dags/maintenance_logs.py
[2026-04-08T08:57:49.418+0000] {logging_mixin.py:188} INFO - [2026-04-08T08:57:49.418+0000] {dag.py:3089} INFO - Sync 1 DAGs
[2026-04-08T08:57:49.468+0000] {logging_mixin.py:188} INFO - [2026-04-08T08:57:49.468+0000] {dag.py:3947} INFO - Setting next_dagrun for maintenance_cleanup_logs to 2026-04-08 00:00:00+00:00, run_after=2026-04-09 00:00:00+00:00
[2026-04-08T08:57:49.533+0000] {processor.py:183} INFO - Processing /opt/airflow/dags/maintenance_logs.py took 0.297 seconds
[2026-04-08T08:58:19.715+0000] {processor.py:161} INFO - Started process (PID=812) to work on /opt/airflow/dags/maintenance_logs.py
[2026-04-08T08:58:19.718+0000] {processor.py:830} INFO - Processing file /opt/airflow/dags/maintenance_logs.py for tasks to queue
[2026-04-08T08:58:19.724+0000] {logging_mixin.py:188} INFO - [2026-04-08T08:58:19.723+0000] {dagbag.py:545} INFO - Filling up the DagBag from /opt/airflow/dags/maintenance_logs.py
[2026-04-08T08:58:19.784+0000] {processor.py:840} INFO - DAG(s) 'maintenance_cleanup_logs' retrieved from /opt/airflow/dags/maintenance_logs.py
[2026-04-08T08:58:19.879+0000] {logging_mixin.py:188} INFO - [2026-04-08T08:58:19.878+0000] {dag.py:3089} INFO - Sync 1 DAGs
[2026-04-08T08:58:19.929+0000] {logging_mixin.py:188} INFO - [2026-04-08T08:58:19.928+0000] {dag.py:3947} INFO - Setting next_dagrun for maintenance_cleanup_logs to 2026-04-08 00:00:00+00:00, run_after=2026-04-09 00:00:00+00:00
[2026-04-08T08:58:19.980+0000] {processor.py:183} INFO - Processing /opt/airflow/dags/maintenance_logs.py took 0.292 seconds
[2026-04-08T08:58:50.181+0000] {processor.py:161} INFO - Started process (PID=823) to work on /opt/airflow/dags/maintenance_logs.py
[2026-04-08T08:58:50.184+0000] {processor.py:830} INFO - Processing file /opt/airflow/dags/maintenance_logs.py for tasks to queue
[2026-04-08T08:58:50.188+0000] {logging_mixin.py:188} INFO - [2026-04-08T08:58:50.187+0000] {dagbag.py:545} INFO - Filling up the DagBag from /opt/airflow/dags/maintenance_logs.py
[2026-04-08T08:58:50.240+0000] {processor.py:840} INFO - DAG(s) 'maintenance_cleanup_logs' retrieved from /opt/airflow/dags/maintenance_logs.py
[2026-04-08T08:58:50.338+0000] {logging_mixin.py:188} INFO - [2026-04-08T08:58:50.338+0000] {dag.py:3089} INFO - Sync 1 DAGs
[2026-04-08T08:58:50.384+0000] {logging_mixin.py:188} INFO - [2026-04-08T08:58:50.384+0000] {dag.py:3947} INFO - Setting next_dagrun for maintenance_cleanup_logs to 2026-04-08 00:00:00+00:00, run_after=2026-04-09 00:00:00+00:00
[2026-04-08T08:58:50.441+0000] {processor.py:183} INFO - Processing /opt/airflow/dags/maintenance_logs.py took 0.276 seconds
[2026-04-08T08:59:20.888+0000] {processor.py:161} INFO - Started process (PID=834) to work on /opt/airflow/dags/maintenance_logs.py
[2026-04-08T08:59:20.889+0000] {processor.py:830} INFO - Processing file /opt/airflow/dags/maintenance_logs.py for tasks to queue
[2026-04-08T08:59:20.894+0000] {logging_mixin.py:188} INFO - [2026-04-08T08:59:20.893+0000] {dagbag.py:545} INFO - Filling up the DagBag from /opt/airflow/dags/maintenance_logs.py
[2026-04-08T08:59:20.955+0000] {processor.py:840} INFO - DAG(s) 'maintenance_cleanup_logs' retrieved from /opt/airflow/dags/maintenance_logs.py
[2026-04-08T08:59:21.055+0000] {logging_mixin.py:188} INFO - [2026-04-08T08:59:21.055+0000] {dag.py:3089} INFO - Sync 1 DAGs
[2026-04-08T08:59:21.106+0000] {logging_mixin.py:188} INFO - [2026-04-08T08:59:21.105+0000] {dag.py:3947} INFO - Setting next_dagrun for maintenance_cleanup_logs to 2026-04-08 00:00:00+00:00, run_after=2026-04-09 00:00:00+00:00
[2026-04-08T08:59:21.167+0000] {processor.py:183} INFO - Processing /opt/airflow/dags/maintenance_logs.py took 0.291 seconds
[2026-04-08T08:59:51.367+0000] {processor.py:161} INFO - Started process (PID=845) to work on /opt/airflow/dags/maintenance_logs.py
[2026-04-08T08:59:51.371+0000] {processor.py:830} INFO - Processing file /opt/airflow/dags/maintenance_logs.py for tasks to queue
[2026-04-08T08:59:51.379+0000] {logging_mixin.py:188} INFO - [2026-04-08T08:59:51.378+0000] {dagbag.py:545} INFO - Filling up the DagBag from /opt/airflow/dags/maintenance_logs.py
[2026-04-08T08:59:51.488+0000] {processor.py:840} INFO - DAG(s) 'maintenance_cleanup_logs' retrieved from /opt/airflow/dags/maintenance_logs.py
[2026-04-08T08:59:51.741+0000] {logging_mixin.py:188} INFO - [2026-04-08T08:59:51.740+0000] {dag.py:3089} INFO - Sync 1 DAGs
[2026-04-08T08:59:51.803+0000] {logging_mixin.py:188} INFO - [2026-04-08T08:59:51.803+0000] {dag.py:3947} INFO - Setting next_dagrun for maintenance_cleanup_logs to 2026-04-08 00:00:00+00:00, run_after=2026-04-09 00:00:00+00:00
[2026-04-08T08:59:51.868+0000] {processor.py:183} INFO - Processing /opt/airflow/dags/maintenance_logs.py took 0.528 seconds
[2026-04-08T09:00:22.103+0000] {processor.py:161} INFO - Started process (PID=856) to work on /opt/airflow/dags/maintenance_logs.py
[2026-04-08T09:00:22.105+0000] {processor.py:830} INFO - Processing file /opt/airflow/dags/maintenance_logs.py for tasks to queue
[2026-04-08T09:00:22.108+0000] {logging_mixin.py:188} INFO - [2026-04-08T09:00:22.107+0000] {dagbag.py:545} INFO - Filling up the DagBag from /opt/airflow/dags/maintenance_logs.py
[2026-04-08T09:00:22.152+0000] {processor.py:840} INFO - DAG(s) 'maintenance_cleanup_logs' retrieved from /opt/airflow/dags/maintenance_logs.py
[2026-04-08T09:00:22.253+0000] {logging_mixin.py:188} INFO - [2026-04-08T09:00:22.253+0000] {dag.py:3089} INFO - Sync 1 DAGs
[2026-04-08T09:00:22.301+0000] {logging_mixin.py:188} INFO - [2026-04-08T09:00:22.300+0000] {dag.py:3947} INFO - Setting next_dagrun for maintenance_cleanup_logs to 2026-04-08 00:00:00+00:00, run_after=2026-04-09 00:00:00+00:00
[2026-04-08T09:00:22.357+0000] {processor.py:183} INFO - Processing /opt/airflow/dags/maintenance_logs.py took 0.264 seconds
[2026-04-08T09:00:52.732+0000] {processor.py:161} INFO - Started process (PID=867) to work on /opt/airflow/dags/maintenance_logs.py
[2026-04-08T09:00:52.735+0000] {processor.py:830} INFO - Processing file /opt/airflow/dags/maintenance_logs.py for tasks to queue
[2026-04-08T09:00:52.741+0000] {logging_mixin.py:188} INFO - [2026-04-08T09:00:52.740+0000] {dagbag.py:545} INFO - Filling up the DagBag from /opt/airflow/dags/maintenance_logs.py
[2026-04-08T09:00:52.812+0000] {processor.py:840} INFO - DAG(s) 'maintenance_cleanup_logs' retrieved from /opt/airflow/dags/maintenance_logs.py
[2026-04-08T09:00:52.917+0000] {logging_mixin.py:188} INFO - [2026-04-08T09:00:52.917+0000] {dag.py:3089} INFO - Sync 1 DAGs
[2026-04-08T09:00:52.976+0000] {logging_mixin.py:188} INFO - [2026-04-08T09:00:52.976+0000] {dag.py:3947} INFO - Setting next_dagrun for maintenance_cleanup_logs to 2026-04-08 00:00:00+00:00, run_after=2026-04-09 00:00:00+00:00
[2026-04-08T09:00:53.039+0000] {processor.py:183} INFO - Processing /opt/airflow/dags/maintenance_logs.py took 0.337 seconds
[2026-04-08T09:01:23.318+0000] {processor.py:161} INFO - Started process (PID=878) to work on /opt/airflow/dags/maintenance_logs.py
[2026-04-08T09:01:23.320+0000] {processor.py:830} INFO - Processing file /opt/airflow/dags/maintenance_logs.py for tasks to queue
[2026-04-08T09:01:23.327+0000] {logging_mixin.py:188} INFO - [2026-04-08T09:01:23.326+0000] {dagbag.py:545} INFO - Filling up the DagBag from /opt/airflow/dags/maintenance_logs.py
[2026-04-08T09:01:23.396+0000] {processor.py:840} INFO - DAG(s) 'maintenance_cleanup_logs' retrieved from /opt/airflow/dags/maintenance_logs.py
[2026-04-08T09:01:23.512+0000] {logging_mixin.py:188} INFO - [2026-04-08T09:01:23.511+0000] {dag.py:3089} INFO - Sync 1 DAGs
[2026-04-08T09:01:23.556+0000] {logging_mixin.py:188} INFO - [2026-04-08T09:01:23.556+0000] {dag.py:3947} INFO - Setting next_dagrun for maintenance_cleanup_logs to 2026-04-08 00:00:00+00:00, run_after=2026-04-09 00:00:00+00:00
[2026-04-08T09:01:23.611+0000] {processor.py:183} INFO - Processing /opt/airflow/dags/maintenance_logs.py took 0.307 seconds
[2026-04-08T09:01:54.067+0000] {processor.py:161} INFO - Started process (PID=889) to work on /opt/airflow/dags/maintenance_logs.py
[2026-04-08T09:01:54.072+0000] {processor.py:830} INFO - Processing file /opt/airflow/dags/maintenance_logs.py for tasks to queue
[2026-04-08T09:01:54.083+0000] {logging_mixin.py:188} INFO - [2026-04-08T09:01:54.081+0000] {dagbag.py:545} INFO - Filling up the DagBag from /opt/airflow/dags/maintenance_logs.py
[2026-04-08T09:01:54.242+0000] {processor.py:840} INFO - DAG(s) 'maintenance_cleanup_logs' retrieved from /opt/airflow/dags/maintenance_logs.py
[2026-04-08T09:01:54.552+0000] {logging_mixin.py:188} INFO - [2026-04-08T09:01:54.551+0000] {dag.py:3089} INFO - Sync 1 DAGs
[2026-04-08T09:01:54.601+0000] {logging_mixin.py:188} INFO - [2026-04-08T09:01:54.601+0000] {dag.py:3947} INFO - Setting next_dagrun for maintenance_cleanup_logs to 2026-04-08 00:00:00+00:00, run_after=2026-04-09 00:00:00+00:00
[2026-04-08T09:01:54.665+0000] {processor.py:183} INFO - Processing /opt/airflow/dags/maintenance_logs.py took 0.642 seconds
[2026-04-08T09:02:25.500+0000] {processor.py:161} INFO - Started process (PID=900) to work on /opt/airflow/dags/maintenance_logs.py
[2026-04-08T09:02:25.502+0000] {processor.py:830} INFO - Processing file /opt/airflow/dags/maintenance_logs.py for tasks to queue
[2026-04-08T09:02:25.506+0000] {logging_mixin.py:188} INFO - [2026-04-08T09:02:25.505+0000] {dagbag.py:545} INFO - Filling up the DagBag from /opt/airflow/dags/maintenance_logs.py
[2026-04-08T09:02:25.573+0000] {processor.py:840} INFO - DAG(s) 'maintenance_cleanup_logs' retrieved from /opt/airflow/dags/maintenance_logs.py
[2026-04-08T09:02:25.694+0000] {logging_mixin.py:188} INFO - [2026-04-08T09:02:25.693+0000] {dag.py:3089} INFO - Sync 1 DAGs
[2026-04-08T09:02:25.746+0000] {logging_mixin.py:188} INFO - [2026-04-08T09:02:25.745+0000] {dag.py:3947} INFO - Setting next_dagrun for maintenance_cleanup_logs to 2026-04-08 00:00:00+00:00, run_after=2026-04-09 00:00:00+00:00
[2026-04-08T09:02:25.812+0000] {processor.py:183} INFO - Processing /opt/airflow/dags/maintenance_logs.py took 0.327 seconds
[2026-04-08T09:02:56.505+0000] {processor.py:161} INFO - Started process (PID=911) to work on /opt/airflow/dags/maintenance_logs.py
[2026-04-08T09:02:56.507+0000] {processor.py:830} INFO - Processing file /opt/airflow/dags/maintenance_logs.py for tasks to queue
[2026-04-08T09:02:56.511+0000] {logging_mixin.py:188} INFO - [2026-04-08T09:02:56.510+0000] {dagbag.py:545} INFO - Filling up the DagBag from /opt/airflow/dags/maintenance_logs.py
[2026-04-08T09:02:56.563+0000] {processor.py:840} INFO - DAG(s) 'maintenance_cleanup_logs' retrieved from /opt/airflow/dags/maintenance_logs.py
[2026-04-08T09:02:56.687+0000] {logging_mixin.py:188} INFO - [2026-04-08T09:02:56.686+0000] {dag.py:3089} INFO - Sync 1 DAGs
[2026-04-08T09:02:56.734+0000] {logging_mixin.py:188} INFO - [2026-04-08T09:02:56.733+0000] {dag.py:3947} INFO - Setting next_dagrun for maintenance_cleanup_logs to 2026-04-08 00:00:00+00:00, run_after=2026-04-09 00:00:00+00:00
[2026-04-08T09:02:56.780+0000] {processor.py:183} INFO - Processing /opt/airflow/dags/maintenance_logs.py took 0.287 seconds
[2026-04-08T09:03:27.710+0000] {processor.py:161} INFO - Started process (PID=922) to work on /opt/airflow/dags/maintenance_logs.py
[2026-04-08T09:03:27.714+0000] {processor.py:830} INFO - Processing file /opt/airflow/dags/maintenance_logs.py for tasks to queue
[2026-04-08T09:03:27.723+0000] {logging_mixin.py:188} INFO - [2026-04-08T09:03:27.722+0000] {dagbag.py:545} INFO - Filling up the DagBag from /opt/airflow/dags/maintenance_logs.py
[2026-04-08T09:03:27.884+0000] {processor.py:840} INFO - DAG(s) 'maintenance_cleanup_logs' retrieved from /opt/airflow/dags/maintenance_logs.py
[2026-04-08T09:03:28.048+0000] {logging_mixin.py:188} INFO - [2026-04-08T09:03:28.048+0000] {dag.py:3089} INFO - Sync 1 DAGs
[2026-04-08T09:03:28.102+0000] {logging_mixin.py:188} INFO - [2026-04-08T09:03:28.102+0000] {dag.py:3947} INFO - Setting next_dagrun for maintenance_cleanup_logs to 2026-04-08 00:00:00+00:00, run_after=2026-04-09 00:00:00+00:00
[2026-04-08T09:03:28.146+0000] {processor.py:183} INFO - Processing /opt/airflow/dags/maintenance_logs.py took 0.467 seconds
[2026-04-08T09:03:58.283+0000] {processor.py:161} INFO - Started process (PID=936) to work on /opt/airflow/dags/maintenance_logs.py
[2026-04-08T09:03:58.285+0000] {processor.py:830} INFO - Processing file /opt/airflow/dags/maintenance_logs.py for tasks to queue
[2026-04-08T09:03:58.290+0000] {logging_mixin.py:188} INFO - [2026-04-08T09:03:58.289+0000] {dagbag.py:545} INFO - Filling up the DagBag from /opt/airflow/dags/maintenance_logs.py
[2026-04-08T09:03:58.346+0000] {processor.py:840} INFO - DAG(s) 'maintenance_cleanup_logs' retrieved from /opt/airflow/dags/maintenance_logs.py
[2026-04-08T09:03:58.457+0000] {logging_mixin.py:188} INFO - [2026-04-08T09:03:58.456+0000] {dag.py:3089} INFO - Sync 1 DAGs
[2026-04-08T09:03:58.516+0000] {logging_mixin.py:188} INFO - [2026-04-08T09:03:58.516+0000] {dag.py:3947} INFO - Setting next_dagrun for maintenance_cleanup_logs to 2026-04-08 00:00:00+00:00, run_after=2026-04-09 00:00:00+00:00
[2026-04-08T09:03:58.581+0000] {processor.py:183} INFO - Processing /opt/airflow/dags/maintenance_logs.py took 0.313 seconds
[2026-04-08T09:04:29.290+0000] {processor.py:161} INFO - Started process (PID=947) to work on /opt/airflow/dags/maintenance_logs.py
[2026-04-08T09:04:29.293+0000] {processor.py:830} INFO - Processing file /opt/airflow/dags/maintenance_logs.py for tasks to queue
[2026-04-08T09:04:29.326+0000] {logging_mixin.py:188} INFO - [2026-04-08T09:04:29.318+0000] {dagbag.py:545} INFO - Filling up the DagBag from /opt/airflow/dags/maintenance_logs.py
[2026-04-08T09:04:29.444+0000] {processor.py:840} INFO - DAG(s) 'maintenance_cleanup_logs' retrieved from /opt/airflow/dags/maintenance_logs.py
[2026-04-08T09:04:29.607+0000] {logging_mixin.py:188} INFO - [2026-04-08T09:04:29.606+0000] {dag.py:3089} INFO - Sync 1 DAGs
[2026-04-08T09:04:29.697+0000] {logging_mixin.py:188} INFO - [2026-04-08T09:04:29.696+0000] {dag.py:3947} INFO - Setting next_dagrun for maintenance_cleanup_logs to 2026-04-08 00:00:00+00:00, run_after=2026-04-09 00:00:00+00:00
[2026-04-08T09:04:29.765+0000] {processor.py:183} INFO - Processing /opt/airflow/dags/maintenance_logs.py took 0.543 seconds
[2026-04-08T09:05:00.048+0000] {processor.py:161} INFO - Started process (PID=958) to work on /opt/airflow/dags/maintenance_logs.py
[2026-04-08T09:05:00.055+0000] {processor.py:830} INFO - Processing file /opt/airflow/dags/maintenance_logs.py for tasks to queue
[2026-04-08T09:05:00.063+0000] {logging_mixin.py:188} INFO - [2026-04-08T09:05:00.062+0000] {dagbag.py:545} INFO - Filling up the DagBag from /opt/airflow/dags/maintenance_logs.py
[2026-04-08T09:05:00.125+0000] {processor.py:840} INFO - DAG(s) 'maintenance_cleanup_logs' retrieved from /opt/airflow/dags/maintenance_logs.py
[2026-04-08T09:05:00.255+0000] {logging_mixin.py:188} INFO - [2026-04-08T09:05:00.254+0000] {dag.py:3089} INFO - Sync 1 DAGs
[2026-04-08T09:05:00.315+0000] {logging_mixin.py:188} INFO - [2026-04-08T09:05:00.314+0000] {dag.py:3947} INFO - Setting next_dagrun for maintenance_cleanup_logs to 2026-04-08 00:00:00+00:00, run_after=2026-04-09 00:00:00+00:00
[2026-04-08T09:05:00.372+0000] {processor.py:183} INFO - Processing /opt/airflow/dags/maintenance_logs.py took 0.347 seconds
[2026-04-08T09:05:30.761+0000] {processor.py:161} INFO - Started process (PID=969) to work on /opt/airflow/dags/maintenance_logs.py
[2026-04-08T09:05:30.763+0000] {processor.py:830} INFO - Processing file /opt/airflow/dags/maintenance_logs.py for tasks to queue
[2026-04-08T09:05:30.769+0000] {logging_mixin.py:188} INFO - [2026-04-08T09:05:30.769+0000] {dagbag.py:545} INFO - Filling up the DagBag from /opt/airflow/dags/maintenance_logs.py
[2026-04-08T09:05:30.825+0000] {processor.py:840} INFO - DAG(s) 'maintenance_cleanup_logs' retrieved from /opt/airflow/dags/maintenance_logs.py
[2026-04-08T09:05:30.910+0000] {logging_mixin.py:188} INFO - [2026-04-08T09:05:30.910+0000] {dag.py:3089} INFO - Sync 1 DAGs
[2026-04-08T09:05:30.966+0000] {logging_mixin.py:188} INFO - [2026-04-08T09:05:30.965+0000] {dag.py:3947} INFO - Setting next_dagrun for maintenance_cleanup_logs to 2026-04-08 00:00:00+00:00, run_after=2026-04-09 00:00:00+00:00
[2026-04-08T09:05:31.009+0000] {processor.py:183} INFO - Processing /opt/airflow/dags/maintenance_logs.py took 0.264 seconds
[2026-04-08T09:06:01.452+0000] {processor.py:161} INFO - Started process (PID=981) to work on /opt/airflow/dags/maintenance_logs.py
[2026-04-08T09:06:01.454+0000] {processor.py:830} INFO - Processing file /opt/airflow/dags/maintenance_logs.py for tasks to queue
[2026-04-08T09:06:01.459+0000] {logging_mixin.py:188} INFO - [2026-04-08T09:06:01.458+0000] {dagbag.py:545} INFO - Filling up the DagBag from /opt/airflow/dags/maintenance_logs.py
[2026-04-08T09:06:01.562+0000] {processor.py:840} INFO - DAG(s) 'maintenance_cleanup_logs' retrieved from /opt/airflow/dags/maintenance_logs.py
[2026-04-08T09:06:01.803+0000] {logging_mixin.py:188} INFO - [2026-04-08T09:06:01.802+0000] {dag.py:3089} INFO - Sync 1 DAGs
[2026-04-08T09:06:01.863+0000] {logging_mixin.py:188} INFO - [2026-04-08T09:06:01.862+0000] {dag.py:3947} INFO - Setting next_dagrun for maintenance_cleanup_logs to 2026-04-08 00:00:00+00:00, run_after=2026-04-09 00:00:00+00:00
[2026-04-08T09:06:01.923+0000] {processor.py:183} INFO - Processing /opt/airflow/dags/maintenance_logs.py took 0.486 seconds
[2026-04-08T09:06:32.247+0000] {processor.py:161} INFO - Started process (PID=992) to work on /opt/airflow/dags/maintenance_logs.py
[2026-04-08T09:06:32.260+0000] {processor.py:830} INFO - Processing file /opt/airflow/dags/maintenance_logs.py for tasks to queue
[2026-04-08T09:06:32.276+0000] {logging_mixin.py:188} INFO - [2026-04-08T09:06:32.267+0000] {dagbag.py:545} INFO - Filling up the DagBag from /opt/airflow/dags/maintenance_logs.py
[2026-04-08T09:06:32.399+0000] {processor.py:840} INFO - DAG(s) 'maintenance_cleanup_logs' retrieved from /opt/airflow/dags/maintenance_logs.py
[2026-04-08T09:06:32.579+0000] {logging_mixin.py:188} INFO - [2026-04-08T09:06:32.579+0000] {dag.py:3089} INFO - Sync 1 DAGs
[2026-04-08T09:06:32.659+0000] {logging_mixin.py:188} INFO - [2026-04-08T09:06:32.658+0000] {dag.py:3947} INFO - Setting next_dagrun for maintenance_cleanup_logs to 2026-04-08 00:00:00+00:00, run_after=2026-04-09 00:00:00+00:00
[2026-04-08T09:06:32.777+0000] {processor.py:183} INFO - Processing /opt/airflow/dags/maintenance_logs.py took 0.568 seconds
[2026-04-08T09:07:03.084+0000] {processor.py:161} INFO - Started process (PID=1003) to work on /opt/airflow/dags/maintenance_logs.py
[2026-04-08T09:07:03.086+0000] {processor.py:830} INFO - Processing file /opt/airflow/dags/maintenance_logs.py for tasks to queue
[2026-04-08T09:07:03.090+0000] {logging_mixin.py:188} INFO - [2026-04-08T09:07:03.089+0000] {dagbag.py:545} INFO - Filling up the DagBag from /opt/airflow/dags/maintenance_logs.py
[2026-04-08T09:07:03.135+0000] {processor.py:840} INFO - DAG(s) 'maintenance_cleanup_logs' retrieved from /opt/airflow/dags/maintenance_logs.py
[2026-04-08T09:07:03.229+0000] {logging_mixin.py:188} INFO - [2026-04-08T09:07:03.229+0000] {dag.py:3089} INFO - Sync 1 DAGs
[2026-04-08T09:07:03.274+0000] {logging_mixin.py:188} INFO - [2026-04-08T09:07:03.274+0000] {dag.py:3947} INFO - Setting next_dagrun for maintenance_cleanup_logs to 2026-04-08 00:00:00+00:00, run_after=2026-04-09 00:00:00+00:00
[2026-04-08T09:07:03.330+0000] {processor.py:183} INFO - Processing /opt/airflow/dags/maintenance_logs.py took 0.256 seconds
[2026-04-08T09:07:33.738+0000] {processor.py:161} INFO - Started process (PID=1014) to work on /opt/airflow/dags/maintenance_logs.py
[2026-04-08T09:07:33.740+0000] {processor.py:830} INFO - Processing file /opt/airflow/dags/maintenance_logs.py for tasks to queue
[2026-04-08T09:07:33.743+0000] {logging_mixin.py:188} INFO - [2026-04-08T09:07:33.742+0000] {dagbag.py:545} INFO - Filling up the DagBag from /opt/airflow/dags/maintenance_logs.py
[2026-04-08T09:07:33.807+0000] {processor.py:840} INFO - DAG(s) 'maintenance_cleanup_logs' retrieved from /opt/airflow/dags/maintenance_logs.py
[2026-04-08T09:07:33.925+0000] {logging_mixin.py:188} INFO - [2026-04-08T09:07:33.925+0000] {dag.py:3089} INFO - Sync 1 DAGs
[2026-04-08T09:07:33.973+0000] {logging_mixin.py:188} INFO - [2026-04-08T09:07:33.972+0000] {dag.py:3947} INFO - Setting next_dagrun for maintenance_cleanup_logs to 2026-04-08 00:00:00+00:00, run_after=2026-04-09 00:00:00+00:00
[2026-04-08T09:07:34.028+0000] {processor.py:183} INFO - Processing /opt/airflow/dags/maintenance_logs.py took 0.300 seconds
[2026-04-08T09:08:04.550+0000] {processor.py:161} INFO - Started process (PID=1025) to work on /opt/airflow/dags/maintenance_logs.py
[2026-04-08T09:08:04.552+0000] {processor.py:830} INFO - Processing file /opt/airflow/dags/maintenance_logs.py for tasks to queue
[2026-04-08T09:08:04.558+0000] {logging_mixin.py:188} INFO - [2026-04-08T09:08:04.557+0000] {dagbag.py:545} INFO - Filling up the DagBag from /opt/airflow/dags/maintenance_logs.py
[2026-04-08T09:08:04.613+0000] {processor.py:840} INFO - DAG(s) 'maintenance_cleanup_logs' retrieved from /opt/airflow/dags/maintenance_logs.py
[2026-04-08T09:08:04.734+0000] {logging_mixin.py:188} INFO - [2026-04-08T09:08:04.733+0000] {dag.py:3089} INFO - Sync 1 DAGs
[2026-04-08T09:08:04.814+0000] {logging_mixin.py:188} INFO - [2026-04-08T09:08:04.811+0000] {dag.py:3947} INFO - Setting next_dagrun for maintenance_cleanup_logs to 2026-04-08 00:00:00+00:00, run_after=2026-04-09 00:00:00+00:00
[2026-04-08T09:08:04.877+0000] {processor.py:183} INFO - Processing /opt/airflow/dags/maintenance_logs.py took 0.337 seconds
[2026-04-08T09:08:35.831+0000] {processor.py:161} INFO - Started process (PID=1042) to work on /opt/airflow/dags/maintenance_logs.py
[2026-04-08T09:08:35.843+0000] {processor.py:830} INFO - Processing file /opt/airflow/dags/maintenance_logs.py for tasks to queue
[2026-04-08T09:08:36.013+0000] {logging_mixin.py:188} INFO - [2026-04-08T09:08:36.004+0000] {dagbag.py:545} INFO - Filling up the DagBag from /opt/airflow/dags/maintenance_logs.py
[2026-04-08T09:08:37.304+0000] {processor.py:840} INFO - DAG(s) 'maintenance_cleanup_logs' retrieved from /opt/airflow/dags/maintenance_logs.py
[2026-04-08T09:08:38.048+0000] {logging_mixin.py:188} INFO - [2026-04-08T09:08:38.047+0000] {dag.py:3089} INFO - Sync 1 DAGs
[2026-04-08T09:08:39.408+0000] {logging_mixin.py:188} INFO - [2026-04-08T09:08:39.405+0000] {dag.py:3947} INFO - Setting next_dagrun for maintenance_cleanup_logs to 2026-04-08 00:00:00+00:00, run_after=2026-04-09 00:00:00+00:00
[2026-04-08T09:08:40.688+0000] {processor.py:183} INFO - Processing /opt/airflow/dags/maintenance_logs.py took 4.940 seconds
[2026-04-08T09:09:11.351+0000] {processor.py:161} INFO - Started process (PID=1050) to work on /opt/airflow/dags/maintenance_logs.py
[2026-04-08T09:09:11.353+0000] {processor.py:830} INFO - Processing file /opt/airflow/dags/maintenance_logs.py for tasks to queue
[2026-04-08T09:09:11.367+0000] {logging_mixin.py:188} INFO - [2026-04-08T09:09:11.365+0000] {dagbag.py:545} INFO - Filling up the DagBag from /opt/airflow/dags/maintenance_logs.py
[2026-04-08T09:09:11.456+0000] {processor.py:840} INFO - DAG(s) 'maintenance_cleanup_logs' retrieved from /opt/airflow/dags/maintenance_logs.py
[2026-04-08T09:09:11.716+0000] {logging_mixin.py:188} INFO - [2026-04-08T09:09:11.715+0000] {dag.py:3089} INFO - Sync 1 DAGs
[2026-04-08T09:09:11.795+0000] {logging_mixin.py:188} INFO - [2026-04-08T09:09:11.795+0000] {dag.py:3947} INFO - Setting next_dagrun for maintenance_cleanup_logs to 2026-04-08 00:00:00+00:00, run_after=2026-04-09 00:00:00+00:00
[2026-04-08T09:09:11.877+0000] {processor.py:183} INFO - Processing /opt/airflow/dags/maintenance_logs.py took 0.579 seconds
[2026-04-08T09:09:42.077+0000] {processor.py:161} INFO - Started process (PID=1061) to work on /opt/airflow/dags/maintenance_logs.py
[2026-04-08T09:09:42.081+0000] {processor.py:830} INFO - Processing file /opt/airflow/dags/maintenance_logs.py for tasks to queue
[2026-04-08T09:09:42.087+0000] {logging_mixin.py:188} INFO - [2026-04-08T09:09:42.086+0000] {dagbag.py:545} INFO - Filling up the DagBag from /opt/airflow/dags/maintenance_logs.py
[2026-04-08T09:09:42.185+0000] {processor.py:840} INFO - DAG(s) 'maintenance_cleanup_logs' retrieved from /opt/airflow/dags/maintenance_logs.py
[2026-04-08T09:09:42.348+0000] {logging_mixin.py:188} INFO - [2026-04-08T09:09:42.347+0000] {dag.py:3089} INFO - Sync 1 DAGs
[2026-04-08T09:09:42.418+0000] {logging_mixin.py:188} INFO - [2026-04-08T09:09:42.418+0000] {dag.py:3947} INFO - Setting next_dagrun for maintenance_cleanup_logs to 2026-04-08 00:00:00+00:00, run_after=2026-04-09 00:00:00+00:00
[2026-04-08T09:09:42.482+0000] {processor.py:183} INFO - Processing /opt/airflow/dags/maintenance_logs.py took 0.445 seconds
[2026-04-08T09:10:13.322+0000] {processor.py:161} INFO - Started process (PID=1072) to work on /opt/airflow/dags/maintenance_logs.py
[2026-04-08T09:10:13.355+0000] {processor.py:830} INFO - Processing file /opt/airflow/dags/maintenance_logs.py for tasks to queue
[2026-04-08T09:10:13.511+0000] {logging_mixin.py:188} INFO - [2026-04-08T09:10:13.510+0000] {dagbag.py:545} INFO - Filling up the DagBag from /opt/airflow/dags/maintenance_logs.py
[2026-04-08T09:10:13.814+0000] {processor.py:840} INFO - DAG(s) 'maintenance_cleanup_logs' retrieved from /opt/airflow/dags/maintenance_logs.py
[2026-04-08T09:10:14.151+0000] {logging_mixin.py:188} INFO - [2026-04-08T09:10:14.150+0000] {dag.py:3089} INFO - Sync 1 DAGs
[2026-04-08T09:10:14.302+0000] {logging_mixin.py:188} INFO - [2026-04-08T09:10:14.301+0000] {dag.py:3947} INFO - Setting next_dagrun for maintenance_cleanup_logs to 2026-04-08 00:00:00+00:00, run_after=2026-04-09 00:00:00+00:00
[2026-04-08T09:10:14.382+0000] {processor.py:183} INFO - Processing /opt/airflow/dags/maintenance_logs.py took 1.107 seconds
[2026-04-08T09:10:44.941+0000] {processor.py:161} INFO - Started process (PID=1083) to work on /opt/airflow/dags/maintenance_logs.py
[2026-04-08T09:10:44.943+0000] {processor.py:830} INFO - Processing file /opt/airflow/dags/maintenance_logs.py for tasks to queue
[2026-04-08T09:10:44.948+0000] {logging_mixin.py:188} INFO - [2026-04-08T09:10:44.947+0000] {dagbag.py:545} INFO - Filling up the DagBag from /opt/airflow/dags/maintenance_logs.py
[2026-04-08T09:10:44.996+0000] {processor.py:840} INFO - DAG(s) 'maintenance_cleanup_logs' retrieved from /opt/airflow/dags/maintenance_logs.py
[2026-04-08T09:10:45.088+0000] {logging_mixin.py:188} INFO - [2026-04-08T09:10:45.087+0000] {dag.py:3089} INFO - Sync 1 DAGs
[2026-04-08T09:10:45.137+0000] {logging_mixin.py:188} INFO - [2026-04-08T09:10:45.137+0000] {dag.py:3947} INFO - Setting next_dagrun for maintenance_cleanup_logs to 2026-04-08 00:00:00+00:00, run_after=2026-04-09 00:00:00+00:00
[2026-04-08T09:10:45.190+0000] {processor.py:183} INFO - Processing /opt/airflow/dags/maintenance_logs.py took 0.265 seconds
[2026-04-08T09:11:16.027+0000] {processor.py:161} INFO - Started process (PID=1094) to work on /opt/airflow/dags/maintenance_logs.py
[2026-04-08T09:11:16.031+0000] {processor.py:830} INFO - Processing file /opt/airflow/dags/maintenance_logs.py for tasks to queue
[2026-04-08T09:11:16.039+0000] {logging_mixin.py:188} INFO - [2026-04-08T09:11:16.038+0000] {dagbag.py:545} INFO - Filling up the DagBag from /opt/airflow/dags/maintenance_logs.py
[2026-04-08T09:11:16.101+0000] {processor.py:840} INFO - DAG(s) 'maintenance_cleanup_logs' retrieved from /opt/airflow/dags/maintenance_logs.py
[2026-04-08T09:11:16.217+0000] {logging_mixin.py:188} INFO - [2026-04-08T09:11:16.217+0000] {dag.py:3089} INFO - Sync 1 DAGs
[2026-04-08T09:11:16.276+0000] {logging_mixin.py:188} INFO - [2026-04-08T09:11:16.275+0000] {dag.py:3947} INFO - Setting next_dagrun for maintenance_cleanup_logs to 2026-04-08 00:00:00+00:00, run_after=2026-04-09 00:00:00+00:00
[2026-04-08T09:11:16.327+0000] {processor.py:183} INFO - Processing /opt/airflow/dags/maintenance_logs.py took 0.327 seconds
[2026-04-08T09:11:47.049+0000] {processor.py:161} INFO - Started process (PID=1105) to work on /opt/airflow/dags/maintenance_logs.py
[2026-04-08T09:11:47.057+0000] {processor.py:830} INFO - Processing file /opt/airflow/dags/maintenance_logs.py for tasks to queue
[2026-04-08T09:11:47.076+0000] {logging_mixin.py:188} INFO - [2026-04-08T09:11:47.073+0000] {dagbag.py:545} INFO - Filling up the DagBag from /opt/airflow/dags/maintenance_logs.py
[2026-04-08T09:11:47.205+0000] {processor.py:840} INFO - DAG(s) 'maintenance_cleanup_logs' retrieved from /opt/airflow/dags/maintenance_logs.py
[2026-04-08T09:11:47.405+0000] {logging_mixin.py:188} INFO - [2026-04-08T09:11:47.405+0000] {dag.py:3089} INFO - Sync 1 DAGs
[2026-04-08T09:11:47.453+0000] {logging_mixin.py:188} INFO - [2026-04-08T09:11:47.452+0000] {dag.py:3947} INFO - Setting next_dagrun for maintenance_cleanup_logs to 2026-04-08 00:00:00+00:00, run_after=2026-04-09 00:00:00+00:00
[2026-04-08T09:11:47.509+0000] {processor.py:183} INFO - Processing /opt/airflow/dags/maintenance_logs.py took 0.502 seconds
[2026-04-08T09:12:17.849+0000] {processor.py:161} INFO - Started process (PID=1116) to work on /opt/airflow/dags/maintenance_logs.py
[2026-04-08T09:12:17.852+0000] {processor.py:830} INFO - Processing file /opt/airflow/dags/maintenance_logs.py for tasks to queue
[2026-04-08T09:12:17.858+0000] {logging_mixin.py:188} INFO - [2026-04-08T09:12:17.858+0000] {dagbag.py:545} INFO - Filling up the DagBag from /opt/airflow/dags/maintenance_logs.py
[2026-04-08T09:12:17.916+0000] {processor.py:840} INFO - DAG(s) 'maintenance_cleanup_logs' retrieved from /opt/airflow/dags/maintenance_logs.py
[2026-04-08T09:12:18.264+0000] {logging_mixin.py:188} INFO - [2026-04-08T09:12:18.263+0000] {dag.py:3089} INFO - Sync 1 DAGs
[2026-04-08T09:12:18.334+0000] {logging_mixin.py:188} INFO - [2026-04-08T09:12:18.334+0000] {dag.py:3947} INFO - Setting next_dagrun for maintenance_cleanup_logs to 2026-04-08 00:00:00+00:00, run_after=2026-04-09 00:00:00+00:00
[2026-04-08T09:12:18.405+0000] {processor.py:183} INFO - Processing /opt/airflow/dags/maintenance_logs.py took 0.588 seconds
[2026-04-08T09:12:48.525+0000] {processor.py:161} INFO - Started process (PID=1127) to work on /opt/airflow/dags/maintenance_logs.py
[2026-04-08T09:12:48.527+0000] {processor.py:830} INFO - Processing file /opt/airflow/dags/maintenance_logs.py for tasks to queue
[2026-04-08T09:12:48.531+0000] {logging_mixin.py:188} INFO - [2026-04-08T09:12:48.530+0000] {dagbag.py:545} INFO - Filling up the DagBag from /opt/airflow/dags/maintenance_logs.py
[2026-04-08T09:12:48.594+0000] {processor.py:840} INFO - DAG(s) 'maintenance_cleanup_logs' retrieved from /opt/airflow/dags/maintenance_logs.py
[2026-04-08T09:12:48.690+0000] {logging_mixin.py:188} INFO - [2026-04-08T09:12:48.690+0000] {dag.py:3089} INFO - Sync 1 DAGs
[2026-04-08T09:12:48.740+0000] {logging_mixin.py:188} INFO - [2026-04-08T09:12:48.739+0000] {dag.py:3947} INFO - Setting next_dagrun for maintenance_cleanup_logs to 2026-04-08 00:00:00+00:00, run_after=2026-04-09 00:00:00+00:00
[2026-04-08T09:12:48.791+0000] {processor.py:183} INFO - Processing /opt/airflow/dags/maintenance_logs.py took 0.279 seconds
[2026-04-08T09:13:18.936+0000] {processor.py:161} INFO - Started process (PID=1138) to work on /opt/airflow/dags/maintenance_logs.py
[2026-04-08T09:13:18.938+0000] {processor.py:830} INFO - Processing file /opt/airflow/dags/maintenance_logs.py for tasks to queue
[2026-04-08T09:13:18.942+0000] {logging_mixin.py:188} INFO - [2026-04-08T09:13:18.941+0000] {dagbag.py:545} INFO - Filling up the DagBag from /opt/airflow/dags/maintenance_logs.py
[2026-04-08T09:13:18.993+0000] {processor.py:840} INFO - DAG(s) 'maintenance_cleanup_logs' retrieved from /opt/airflow/dags/maintenance_logs.py
[2026-04-08T09:13:19.153+0000] {logging_mixin.py:188} INFO - [2026-04-08T09:13:19.152+0000] {dag.py:3089} INFO - Sync 1 DAGs
[2026-04-08T09:13:19.227+0000] {logging_mixin.py:188} INFO - [2026-04-08T09:13:19.227+0000] {dag.py:3947} INFO - Setting next_dagrun for maintenance_cleanup_logs to 2026-04-08 00:00:00+00:00, run_after=2026-04-09 00:00:00+00:00
[2026-04-08T09:13:19.296+0000] {processor.py:183} INFO - Processing /opt/airflow/dags/maintenance_logs.py took 0.371 seconds
[2026-04-08T09:13:49.598+0000] {processor.py:161} INFO - Started process (PID=1149) to work on /opt/airflow/dags/maintenance_logs.py
[2026-04-08T09:13:49.600+0000] {processor.py:830} INFO - Processing file /opt/airflow/dags/maintenance_logs.py for tasks to queue
[2026-04-08T09:13:49.605+0000] {logging_mixin.py:188} INFO - [2026-04-08T09:13:49.604+0000] {dagbag.py:545} INFO - Filling up the DagBag from /opt/airflow/dags/maintenance_logs.py
[2026-04-08T09:13:49.672+0000] {processor.py:840} INFO - DAG(s) 'maintenance_cleanup_logs' retrieved from /opt/airflow/dags/maintenance_logs.py
[2026-04-08T09:13:49.796+0000] {logging_mixin.py:188} INFO - [2026-04-08T09:13:49.796+0000] {dag.py:3089} INFO - Sync 1 DAGs
[2026-04-08T09:13:49.848+0000] {logging_mixin.py:188} INFO - [2026-04-08T09:13:49.848+0000] {dag.py:3947} INFO - Setting next_dagrun for maintenance_cleanup_logs to 2026-04-08 00:00:00+00:00, run_after=2026-04-09 00:00:00+00:00
[2026-04-08T09:13:49.913+0000] {processor.py:183} INFO - Processing /opt/airflow/dags/maintenance_logs.py took 0.334 seconds
[2026-04-08T09:14:20.497+0000] {processor.py:161} INFO - Started process (PID=1160) to work on /opt/airflow/dags/maintenance_logs.py
[2026-04-08T09:14:20.499+0000] {processor.py:830} INFO - Processing file /opt/airflow/dags/maintenance_logs.py for tasks to queue
[2026-04-08T09:14:20.503+0000] {logging_mixin.py:188} INFO - [2026-04-08T09:14:20.502+0000] {dagbag.py:545} INFO - Filling up the DagBag from /opt/airflow/dags/maintenance_logs.py
[2026-04-08T09:14:20.566+0000] {processor.py:840} INFO - DAG(s) 'maintenance_cleanup_logs' retrieved from /opt/airflow/dags/maintenance_logs.py
[2026-04-08T09:14:20.691+0000] {logging_mixin.py:188} INFO - [2026-04-08T09:14:20.691+0000] {dag.py:3089} INFO - Sync 1 DAGs
[2026-04-08T09:14:20.744+0000] {logging_mixin.py:188} INFO - [2026-04-08T09:14:20.743+0000] {dag.py:3947} INFO - Setting next_dagrun for maintenance_cleanup_logs to 2026-04-08 00:00:00+00:00, run_after=2026-04-09 00:00:00+00:00
[2026-04-08T09:14:20.802+0000] {processor.py:183} INFO - Processing /opt/airflow/dags/maintenance_logs.py took 0.316 seconds
[2026-04-08T09:14:51.209+0000] {processor.py:161} INFO - Started process (PID=1171) to work on /opt/airflow/dags/maintenance_logs.py
[2026-04-08T09:14:51.213+0000] {processor.py:830} INFO - Processing file /opt/airflow/dags/maintenance_logs.py for tasks to queue
[2026-04-08T09:14:51.219+0000] {logging_mixin.py:188} INFO - [2026-04-08T09:14:51.218+0000] {dagbag.py:545} INFO - Filling up the DagBag from /opt/airflow/dags/maintenance_logs.py
[2026-04-08T09:14:51.272+0000] {processor.py:840} INFO - DAG(s) 'maintenance_cleanup_logs' retrieved from /opt/airflow/dags/maintenance_logs.py
[2026-04-08T09:14:51.499+0000] {logging_mixin.py:188} INFO - [2026-04-08T09:14:51.499+0000] {dag.py:3089} INFO - Sync 1 DAGs
[2026-04-08T09:14:51.550+0000] {logging_mixin.py:188} INFO - [2026-04-08T09:14:51.550+0000] {dag.py:3947} INFO - Setting next_dagrun for maintenance_cleanup_logs to 2026-04-08 00:00:00+00:00, run_after=2026-04-09 00:00:00+00:00
[2026-04-08T09:14:51.606+0000] {processor.py:183} INFO - Processing /opt/airflow/dags/maintenance_logs.py took 0.420 seconds
[2026-04-08T09:15:22.079+0000] {processor.py:161} INFO - Started process (PID=1182) to work on /opt/airflow/dags/maintenance_logs.py
[2026-04-08T09:15:22.081+0000] {processor.py:830} INFO - Processing file /opt/airflow/dags/maintenance_logs.py for tasks to queue
[2026-04-08T09:15:22.088+0000] {logging_mixin.py:188} INFO - [2026-04-08T09:15:22.087+0000] {dagbag.py:545} INFO - Filling up the DagBag from /opt/airflow/dags/maintenance_logs.py
[2026-04-08T09:15:22.137+0000] {processor.py:840} INFO - DAG(s) 'maintenance_cleanup_logs' retrieved from /opt/airflow/dags/maintenance_logs.py
[2026-04-08T09:15:22.229+0000] {logging_mixin.py:188} INFO - [2026-04-08T09:15:22.229+0000] {dag.py:3089} INFO - Sync 1 DAGs
[2026-04-08T09:15:22.271+0000] {logging_mixin.py:188} INFO - [2026-04-08T09:15:22.270+0000] {dag.py:3947} INFO - Setting next_dagrun for maintenance_cleanup_logs to 2026-04-08 00:00:00+00:00, run_after=2026-04-09 00:00:00+00:00
[2026-04-08T09:15:22.336+0000] {processor.py:183} INFO - Processing /opt/airflow/dags/maintenance_logs.py took 0.270 seconds
[2026-04-08T09:15:53.167+0000] {processor.py:161} INFO - Started process (PID=1193) to work on /opt/airflow/dags/maintenance_logs.py
[2026-04-08T09:15:53.172+0000] {processor.py:830} INFO - Processing file /opt/airflow/dags/maintenance_logs.py for tasks to queue
[2026-04-08T09:15:53.183+0000] {logging_mixin.py:188} INFO - [2026-04-08T09:15:53.182+0000] {dagbag.py:545} INFO - Filling up the DagBag from /opt/airflow/dags/maintenance_logs.py
[2026-04-08T09:15:53.344+0000] {processor.py:840} INFO - DAG(s) 'maintenance_cleanup_logs' retrieved from /opt/airflow/dags/maintenance_logs.py
[2026-04-08T09:15:53.548+0000] {logging_mixin.py:188} INFO - [2026-04-08T09:15:53.547+0000] {dag.py:3089} INFO - Sync 1 DAGs
[2026-04-08T09:15:53.621+0000] {logging_mixin.py:188} INFO - [2026-04-08T09:15:53.620+0000] {dag.py:3947} INFO - Setting next_dagrun for maintenance_cleanup_logs to 2026-04-08 00:00:00+00:00, run_after=2026-04-09 00:00:00+00:00
[2026-04-08T09:15:53.691+0000] {processor.py:183} INFO - Processing /opt/airflow/dags/maintenance_logs.py took 0.569 seconds
[2026-04-08T09:16:23.917+0000] {processor.py:161} INFO - Started process (PID=1204) to work on /opt/airflow/dags/maintenance_logs.py
[2026-04-08T09:16:23.919+0000] {processor.py:830} INFO - Processing file /opt/airflow/dags/maintenance_logs.py for tasks to queue
[2026-04-08T09:16:23.923+0000] {logging_mixin.py:188} INFO - [2026-04-08T09:16:23.923+0000] {dagbag.py:545} INFO - Filling up the DagBag from /opt/airflow/dags/maintenance_logs.py
[2026-04-08T09:16:23.969+0000] {processor.py:840} INFO - DAG(s) 'maintenance_cleanup_logs' retrieved from /opt/airflow/dags/maintenance_logs.py
[2026-04-08T09:16:24.060+0000] {logging_mixin.py:188} INFO - [2026-04-08T09:16:24.059+0000] {dag.py:3089} INFO - Sync 1 DAGs
[2026-04-08T09:16:24.109+0000] {logging_mixin.py:188} INFO - [2026-04-08T09:16:24.108+0000] {dag.py:3947} INFO - Setting next_dagrun for maintenance_cleanup_logs to 2026-04-08 00:00:00+00:00, run_after=2026-04-09 00:00:00+00:00
[2026-04-08T09:16:24.156+0000] {processor.py:183} INFO - Processing /opt/airflow/dags/maintenance_logs.py took 0.251 seconds
[2026-04-08T09:16:54.754+0000] {processor.py:161} INFO - Started process (PID=1216) to work on /opt/airflow/dags/maintenance_logs.py
[2026-04-08T09:16:54.757+0000] {processor.py:830} INFO - Processing file /opt/airflow/dags/maintenance_logs.py for tasks to queue
[2026-04-08T09:16:54.763+0000] {logging_mixin.py:188} INFO - [2026-04-08T09:16:54.762+0000] {dagbag.py:545} INFO - Filling up the DagBag from /opt/airflow/dags/maintenance_logs.py
[2026-04-08T09:16:54.824+0000] {processor.py:840} INFO - DAG(s) 'maintenance_cleanup_logs' retrieved from /opt/airflow/dags/maintenance_logs.py
[2026-04-08T09:16:55.030+0000] {logging_mixin.py:188} INFO - [2026-04-08T09:16:55.030+0000] {dag.py:3089} INFO - Sync 1 DAGs
[2026-04-08T09:16:55.084+0000] {logging_mixin.py:188} INFO - [2026-04-08T09:16:55.083+0000] {dag.py:3947} INFO - Setting next_dagrun for maintenance_cleanup_logs to 2026-04-08 00:00:00+00:00, run_after=2026-04-09 00:00:00+00:00
[2026-04-08T09:16:55.135+0000] {processor.py:183} INFO - Processing /opt/airflow/dags/maintenance_logs.py took 0.399 seconds
[2026-04-08T09:17:25.743+0000] {processor.py:161} INFO - Started process (PID=1227) to work on /opt/airflow/dags/maintenance_logs.py
[2026-04-08T09:17:25.747+0000] {processor.py:830} INFO - Processing file /opt/airflow/dags/maintenance_logs.py for tasks to queue
[2026-04-08T09:17:25.754+0000] {logging_mixin.py:188} INFO - [2026-04-08T09:17:25.753+0000] {dagbag.py:545} INFO - Filling up the DagBag from /opt/airflow/dags/maintenance_logs.py
[2026-04-08T09:17:25.867+0000] {processor.py:840} INFO - DAG(s) 'maintenance_cleanup_logs' retrieved from /opt/airflow/dags/maintenance_logs.py
[2026-04-08T09:17:26.082+0000] {logging_mixin.py:188} INFO - [2026-04-08T09:17:26.081+0000] {dag.py:3089} INFO - Sync 1 DAGs
[2026-04-08T09:17:26.218+0000] {logging_mixin.py:188} INFO - [2026-04-08T09:17:26.218+0000] {dag.py:3947} INFO - Setting next_dagrun for maintenance_cleanup_logs to 2026-04-08 00:00:00+00:00, run_after=2026-04-09 00:00:00+00:00
[2026-04-08T09:17:26.313+0000] {processor.py:183} INFO - Processing /opt/airflow/dags/maintenance_logs.py took 0.588 seconds
[2026-04-08T09:17:56.859+0000] {processor.py:161} INFO - Started process (PID=1239) to work on /opt/airflow/dags/maintenance_logs.py
[2026-04-08T09:17:56.861+0000] {processor.py:830} INFO - Processing file /opt/airflow/dags/maintenance_logs.py for tasks to queue
[2026-04-08T09:17:56.869+0000] {logging_mixin.py:188} INFO - [2026-04-08T09:17:56.868+0000] {dagbag.py:545} INFO - Filling up the DagBag from /opt/airflow/dags/maintenance_logs.py
[2026-04-08T09:17:56.929+0000] {processor.py:840} INFO - DAG(s) 'maintenance_cleanup_logs' retrieved from /opt/airflow/dags/maintenance_logs.py
[2026-04-08T09:17:57.050+0000] {logging_mixin.py:188} INFO - [2026-04-08T09:17:57.049+0000] {dag.py:3089} INFO - Sync 1 DAGs
[2026-04-08T09:17:57.104+0000] {logging_mixin.py:188} INFO - [2026-04-08T09:17:57.104+0000] {dag.py:3947} INFO - Setting next_dagrun for maintenance_cleanup_logs to 2026-04-08 00:00:00+00:00, run_after=2026-04-09 00:00:00+00:00
[2026-04-08T09:17:57.187+0000] {processor.py:183} INFO - Processing /opt/airflow/dags/maintenance_logs.py took 0.345 seconds
[2026-04-08T09:18:27.698+0000] {processor.py:161} INFO - Started process (PID=1247) to work on /opt/airflow/dags/maintenance_logs.py
[2026-04-08T09:18:27.700+0000] {processor.py:830} INFO - Processing file /opt/airflow/dags/maintenance_logs.py for tasks to queue
[2026-04-08T09:18:27.704+0000] {logging_mixin.py:188} INFO - [2026-04-08T09:18:27.704+0000] {dagbag.py:545} INFO - Filling up the DagBag from /opt/airflow/dags/maintenance_logs.py
[2026-04-08T09:18:27.761+0000] {processor.py:840} INFO - DAG(s) 'maintenance_cleanup_logs' retrieved from /opt/airflow/dags/maintenance_logs.py
[2026-04-08T09:18:27.966+0000] {logging_mixin.py:188} INFO - [2026-04-08T09:18:27.965+0000] {dag.py:3089} INFO - Sync 1 DAGs
[2026-04-08T09:18:28.013+0000] {logging_mixin.py:188} INFO - [2026-04-08T09:18:28.013+0000] {dag.py:3947} INFO - Setting next_dagrun for maintenance_cleanup_logs to 2026-04-08 00:00:00+00:00, run_after=2026-04-09 00:00:00+00:00
[2026-04-08T09:18:28.055+0000] {processor.py:183} INFO - Processing /opt/airflow/dags/maintenance_logs.py took 0.371 seconds
[2026-04-08T09:18:58.482+0000] {processor.py:161} INFO - Started process (PID=1259) to work on /opt/airflow/dags/maintenance_logs.py
[2026-04-08T09:18:58.485+0000] {processor.py:830} INFO - Processing file /opt/airflow/dags/maintenance_logs.py for tasks to queue
[2026-04-08T09:18:58.491+0000] {logging_mixin.py:188} INFO - [2026-04-08T09:18:58.490+0000] {dagbag.py:545} INFO - Filling up the DagBag from /opt/airflow/dags/maintenance_logs.py
[2026-04-08T09:18:58.569+0000] {processor.py:840} INFO - DAG(s) 'maintenance_cleanup_logs' retrieved from /opt/airflow/dags/maintenance_logs.py
[2026-04-08T09:18:58.718+0000] {logging_mixin.py:188} INFO - [2026-04-08T09:18:58.717+0000] {dag.py:3089} INFO - Sync 1 DAGs
[2026-04-08T09:18:58.800+0000] {logging_mixin.py:188} INFO - [2026-04-08T09:18:58.799+0000] {dag.py:3947} INFO - Setting next_dagrun for maintenance_cleanup_logs to 2026-04-08 00:00:00+00:00, run_after=2026-04-09 00:00:00+00:00
[2026-04-08T09:18:58.867+0000] {processor.py:183} INFO - Processing /opt/airflow/dags/maintenance_logs.py took 0.407 seconds
[2026-04-08T09:19:29.172+0000] {processor.py:161} INFO - Started process (PID=1270) to work on /opt/airflow/dags/maintenance_logs.py
[2026-04-08T09:19:29.175+0000] {processor.py:830} INFO - Processing file /opt/airflow/dags/maintenance_logs.py for tasks to queue
[2026-04-08T09:19:29.180+0000] {logging_mixin.py:188} INFO - [2026-04-08T09:19:29.179+0000] {dagbag.py:545} INFO - Filling up the DagBag from /opt/airflow/dags/maintenance_logs.py
[2026-04-08T09:19:29.246+0000] {processor.py:840} INFO - DAG(s) 'maintenance_cleanup_logs' retrieved from /opt/airflow/dags/maintenance_logs.py
[2026-04-08T09:19:29.380+0000] {logging_mixin.py:188} INFO - [2026-04-08T09:19:29.380+0000] {dag.py:3089} INFO - Sync 1 DAGs
[2026-04-08T09:19:29.436+0000] {logging_mixin.py:188} INFO - [2026-04-08T09:19:29.436+0000] {dag.py:3947} INFO - Setting next_dagrun for maintenance_cleanup_logs to 2026-04-08 00:00:00+00:00, run_after=2026-04-09 00:00:00+00:00
[2026-04-08T09:19:29.486+0000] {processor.py:183} INFO - Processing /opt/airflow/dags/maintenance_logs.py took 0.332 seconds
[2026-04-08T09:19:59.824+0000] {processor.py:161} INFO - Started process (PID=1281) to work on /opt/airflow/dags/maintenance_logs.py
[2026-04-08T09:19:59.827+0000] {processor.py:830} INFO - Processing file /opt/airflow/dags/maintenance_logs.py for tasks to queue
[2026-04-08T09:19:59.833+0000] {logging_mixin.py:188} INFO - [2026-04-08T09:19:59.832+0000] {dagbag.py:545} INFO - Filling up the DagBag from /opt/airflow/dags/maintenance_logs.py
[2026-04-08T09:19:59.921+0000] {processor.py:840} INFO - DAG(s) 'maintenance_cleanup_logs' retrieved from /opt/airflow/dags/maintenance_logs.py
[2026-04-08T09:20:00.024+0000] {logging_mixin.py:188} INFO - [2026-04-08T09:20:00.023+0000] {dag.py:3089} INFO - Sync 1 DAGs
[2026-04-08T09:20:00.088+0000] {logging_mixin.py:188} INFO - [2026-04-08T09:20:00.087+0000] {dag.py:3947} INFO - Setting next_dagrun for maintenance_cleanup_logs to 2026-04-08 00:00:00+00:00, run_after=2026-04-09 00:00:00+00:00
[2026-04-08T09:20:00.146+0000] {processor.py:183} INFO - Processing /opt/airflow/dags/maintenance_logs.py took 0.338 seconds
[2026-04-08T09:20:30.580+0000] {processor.py:161} INFO - Started process (PID=1292) to work on /opt/airflow/dags/maintenance_logs.py
[2026-04-08T09:20:30.584+0000] {processor.py:830} INFO - Processing file /opt/airflow/dags/maintenance_logs.py for tasks to queue
[2026-04-08T09:20:30.590+0000] {logging_mixin.py:188} INFO - [2026-04-08T09:20:30.589+0000] {dagbag.py:545} INFO - Filling up the DagBag from /opt/airflow/dags/maintenance_logs.py
[2026-04-08T09:20:30.645+0000] {processor.py:840} INFO - DAG(s) 'maintenance_cleanup_logs' retrieved from /opt/airflow/dags/maintenance_logs.py
[2026-04-08T09:20:30.752+0000] {logging_mixin.py:188} INFO - [2026-04-08T09:20:30.751+0000] {dag.py:3089} INFO - Sync 1 DAGs
[2026-04-08T09:20:30.809+0000] {logging_mixin.py:188} INFO - [2026-04-08T09:20:30.808+0000] {dag.py:3947} INFO - Setting next_dagrun for maintenance_cleanup_logs to 2026-04-08 00:00:00+00:00, run_after=2026-04-09 00:00:00+00:00
[2026-04-08T09:20:30.866+0000] {processor.py:183} INFO - Processing /opt/airflow/dags/maintenance_logs.py took 0.306 seconds
[2026-04-08T09:21:00.958+0000] {processor.py:161} INFO - Started process (PID=1303) to work on /opt/airflow/dags/maintenance_logs.py
[2026-04-08T09:21:00.959+0000] {processor.py:830} INFO - Processing file /opt/airflow/dags/maintenance_logs.py for tasks to queue
[2026-04-08T09:21:00.965+0000] {logging_mixin.py:188} INFO - [2026-04-08T09:21:00.964+0000] {dagbag.py:545} INFO - Filling up the DagBag from /opt/airflow/dags/maintenance_logs.py
[2026-04-08T09:21:01.037+0000] {processor.py:840} INFO - DAG(s) 'maintenance_cleanup_logs' retrieved from /opt/airflow/dags/maintenance_logs.py
[2026-04-08T09:21:01.153+0000] {logging_mixin.py:188} INFO - [2026-04-08T09:21:01.153+0000] {dag.py:3089} INFO - Sync 1 DAGs
[2026-04-08T09:21:01.224+0000] {logging_mixin.py:188} INFO - [2026-04-08T09:21:01.223+0000] {dag.py:3947} INFO - Setting next_dagrun for maintenance_cleanup_logs to 2026-04-08 00:00:00+00:00, run_after=2026-04-09 00:00:00+00:00
[2026-04-08T09:21:01.279+0000] {processor.py:183} INFO - Processing /opt/airflow/dags/maintenance_logs.py took 0.337 seconds
[2026-04-08T09:21:31.918+0000] {processor.py:161} INFO - Started process (PID=1323) to work on /opt/airflow/dags/maintenance_logs.py
[2026-04-08T09:21:31.920+0000] {processor.py:830} INFO - Processing file /opt/airflow/dags/maintenance_logs.py for tasks to queue
[2026-04-08T09:21:31.925+0000] {logging_mixin.py:188} INFO - [2026-04-08T09:21:31.924+0000] {dagbag.py:545} INFO - Filling up the DagBag from /opt/airflow/dags/maintenance_logs.py
[2026-04-08T09:21:31.978+0000] {processor.py:840} INFO - DAG(s) 'maintenance_cleanup_logs' retrieved from /opt/airflow/dags/maintenance_logs.py
[2026-04-08T09:21:32.076+0000] {logging_mixin.py:188} INFO - [2026-04-08T09:21:32.075+0000] {dag.py:3089} INFO - Sync 1 DAGs
[2026-04-08T09:21:32.130+0000] {logging_mixin.py:188} INFO - [2026-04-08T09:21:32.129+0000] {dag.py:3947} INFO - Setting next_dagrun for maintenance_cleanup_logs to 2026-04-08 00:00:00+00:00, run_after=2026-04-09 00:00:00+00:00
[2026-04-08T09:21:32.194+0000] {processor.py:183} INFO - Processing /opt/airflow/dags/maintenance_logs.py took 0.296 seconds
[2026-04-08T09:22:02.669+0000] {processor.py:161} INFO - Started process (PID=1334) to work on /opt/airflow/dags/maintenance_logs.py
[2026-04-08T09:22:02.670+0000] {processor.py:830} INFO - Processing file /opt/airflow/dags/maintenance_logs.py for tasks to queue
[2026-04-08T09:22:02.673+0000] {logging_mixin.py:188} INFO - [2026-04-08T09:22:02.673+0000] {dagbag.py:545} INFO - Filling up the DagBag from /opt/airflow/dags/maintenance_logs.py
[2026-04-08T09:22:02.715+0000] {processor.py:840} INFO - DAG(s) 'maintenance_cleanup_logs' retrieved from /opt/airflow/dags/maintenance_logs.py
[2026-04-08T09:22:02.806+0000] {logging_mixin.py:188} INFO - [2026-04-08T09:22:02.806+0000] {dag.py:3089} INFO - Sync 1 DAGs
[2026-04-08T09:22:02.850+0000] {logging_mixin.py:188} INFO - [2026-04-08T09:22:02.849+0000] {dag.py:3947} INFO - Setting next_dagrun for maintenance_cleanup_logs to 2026-04-08 00:00:00+00:00, run_after=2026-04-09 00:00:00+00:00
[2026-04-08T09:22:02.892+0000] {processor.py:183} INFO - Processing /opt/airflow/dags/maintenance_logs.py took 0.232 seconds
[2026-04-08T09:22:33.540+0000] {processor.py:161} INFO - Started process (PID=1345) to work on /opt/airflow/dags/maintenance_logs.py
[2026-04-08T09:22:33.542+0000] {processor.py:830} INFO - Processing file /opt/airflow/dags/maintenance_logs.py for tasks to queue
[2026-04-08T09:22:33.546+0000] {logging_mixin.py:188} INFO - [2026-04-08T09:22:33.545+0000] {dagbag.py:545} INFO - Filling up the DagBag from /opt/airflow/dags/maintenance_logs.py
[2026-04-08T09:22:33.584+0000] {processor.py:840} INFO - DAG(s) 'maintenance_cleanup_logs' retrieved from /opt/airflow/dags/maintenance_logs.py
[2026-04-08T09:22:33.674+0000] {logging_mixin.py:188} INFO - [2026-04-08T09:22:33.674+0000] {dag.py:3089} INFO - Sync 1 DAGs
[2026-04-08T09:22:33.721+0000] {logging_mixin.py:188} INFO - [2026-04-08T09:22:33.721+0000] {dag.py:3947} INFO - Setting next_dagrun for maintenance_cleanup_logs to 2026-04-08 00:00:00+00:00, run_after=2026-04-09 00:00:00+00:00
[2026-04-08T09:22:33.796+0000] {processor.py:183} INFO - Processing /opt/airflow/dags/maintenance_logs.py took 0.266 seconds
[2026-04-08T09:23:04.385+0000] {processor.py:161} INFO - Started process (PID=1356) to work on /opt/airflow/dags/maintenance_logs.py
[2026-04-08T09:23:04.390+0000] {processor.py:830} INFO - Processing file /opt/airflow/dags/maintenance_logs.py for tasks to queue
[2026-04-08T09:23:04.399+0000] {logging_mixin.py:188} INFO - [2026-04-08T09:23:04.397+0000] {dagbag.py:545} INFO - Filling up the DagBag from /opt/airflow/dags/maintenance_logs.py
[2026-04-08T09:23:04.523+0000] {processor.py:840} INFO - DAG(s) 'maintenance_cleanup_logs' retrieved from /opt/airflow/dags/maintenance_logs.py
[2026-04-08T09:23:04.716+0000] {logging_mixin.py:188} INFO - [2026-04-08T09:23:04.715+0000] {dag.py:3089} INFO - Sync 1 DAGs
[2026-04-08T09:23:04.806+0000] {logging_mixin.py:188} INFO - [2026-04-08T09:23:04.805+0000] {dag.py:3947} INFO - Setting next_dagrun for maintenance_cleanup_logs to 2026-04-08 00:00:00+00:00, run_after=2026-04-09 00:00:00+00:00
[2026-04-08T09:23:04.865+0000] {processor.py:183} INFO - Processing /opt/airflow/dags/maintenance_logs.py took 0.515 seconds
[2026-04-08T09:23:35.115+0000] {processor.py:161} INFO - Started process (PID=1367) to work on /opt/airflow/dags/maintenance_logs.py
[2026-04-08T09:23:35.118+0000] {processor.py:830} INFO - Processing file /opt/airflow/dags/maintenance_logs.py for tasks to queue
[2026-04-08T09:23:35.126+0000] {logging_mixin.py:188} INFO - [2026-04-08T09:23:35.124+0000] {dagbag.py:545} INFO - Filling up the DagBag from /opt/airflow/dags/maintenance_logs.py
[2026-04-08T09:23:35.181+0000] {processor.py:840} INFO - DAG(s) 'maintenance_cleanup_logs' retrieved from /opt/airflow/dags/maintenance_logs.py
[2026-04-08T09:23:35.283+0000] {logging_mixin.py:188} INFO - [2026-04-08T09:23:35.283+0000] {dag.py:3089} INFO - Sync 1 DAGs
[2026-04-08T09:23:35.338+0000] {logging_mixin.py:188} INFO - [2026-04-08T09:23:35.337+0000] {dag.py:3947} INFO - Setting next_dagrun for maintenance_cleanup_logs to 2026-04-08 00:00:00+00:00, run_after=2026-04-09 00:00:00+00:00
[2026-04-08T09:23:35.393+0000] {processor.py:183} INFO - Processing /opt/airflow/dags/maintenance_logs.py took 0.307 seconds
[2026-04-08T09:24:06.408+0000] {processor.py:161} INFO - Started process (PID=1376) to work on /opt/airflow/dags/maintenance_logs.py
[2026-04-08T09:24:06.439+0000] {processor.py:830} INFO - Processing file /opt/airflow/dags/maintenance_logs.py for tasks to queue
[2026-04-08T09:24:06.566+0000] {logging_mixin.py:188} INFO - [2026-04-08T09:24:06.554+0000] {dagbag.py:545} INFO - Filling up the DagBag from /opt/airflow/dags/maintenance_logs.py
[2026-04-08T09:24:07.177+0000] {processor.py:840} INFO - DAG(s) 'maintenance_cleanup_logs' retrieved from /opt/airflow/dags/maintenance_logs.py
[2026-04-08T09:24:07.865+0000] {logging_mixin.py:188} INFO - [2026-04-08T09:24:07.865+0000] {dag.py:3089} INFO - Sync 1 DAGs
[2026-04-08T09:24:07.981+0000] {logging_mixin.py:188} INFO - [2026-04-08T09:24:07.980+0000] {dag.py:3947} INFO - Setting next_dagrun for maintenance_cleanup_logs to 2026-04-08 00:00:00+00:00, run_after=2026-04-09 00:00:00+00:00
[2026-04-08T09:24:08.216+0000] {processor.py:183} INFO - Processing /opt/airflow/dags/maintenance_logs.py took 1.886 seconds
[2026-04-08T09:24:39.021+0000] {processor.py:161} INFO - Started process (PID=1383) to work on /opt/airflow/dags/maintenance_logs.py
[2026-04-08T09:24:39.025+0000] {processor.py:830} INFO - Processing file /opt/airflow/dags/maintenance_logs.py for tasks to queue
[2026-04-08T09:24:39.033+0000] {logging_mixin.py:188} INFO - [2026-04-08T09:24:39.032+0000] {dagbag.py:545} INFO - Filling up the DagBag from /opt/airflow/dags/maintenance_logs.py
[2026-04-08T09:24:39.134+0000] {processor.py:840} INFO - DAG(s) 'maintenance_cleanup_logs' retrieved from /opt/airflow/dags/maintenance_logs.py
[2026-04-08T09:24:39.236+0000] {logging_mixin.py:188} INFO - [2026-04-08T09:24:39.235+0000] {dag.py:3089} INFO - Sync 1 DAGs
[2026-04-08T09:24:39.287+0000] {logging_mixin.py:188} INFO - [2026-04-08T09:24:39.286+0000] {dag.py:3947} INFO - Setting next_dagrun for maintenance_cleanup_logs to 2026-04-08 00:00:00+00:00, run_after=2026-04-09 00:00:00+00:00
[2026-04-08T09:24:39.342+0000] {processor.py:183} INFO - Processing /opt/airflow/dags/maintenance_logs.py took 0.347 seconds
[2026-04-08T09:25:10.092+0000] {processor.py:161} INFO - Started process (PID=1394) to work on /opt/airflow/dags/maintenance_logs.py
[2026-04-08T09:25:10.094+0000] {processor.py:830} INFO - Processing file /opt/airflow/dags/maintenance_logs.py for tasks to queue
[2026-04-08T09:25:10.097+0000] {logging_mixin.py:188} INFO - [2026-04-08T09:25:10.097+0000] {dagbag.py:545} INFO - Filling up the DagBag from /opt/airflow/dags/maintenance_logs.py
[2026-04-08T09:25:10.134+0000] {processor.py:840} INFO - DAG(s) 'maintenance_cleanup_logs' retrieved from /opt/airflow/dags/maintenance_logs.py
[2026-04-08T09:25:10.222+0000] {logging_mixin.py:188} INFO - [2026-04-08T09:25:10.222+0000] {dag.py:3089} INFO - Sync 1 DAGs
[2026-04-08T09:25:10.265+0000] {logging_mixin.py:188} INFO - [2026-04-08T09:25:10.264+0000] {dag.py:3947} INFO - Setting next_dagrun for maintenance_cleanup_logs to 2026-04-08 00:00:00+00:00, run_after=2026-04-09 00:00:00+00:00
[2026-04-08T09:25:10.312+0000] {processor.py:183} INFO - Processing /opt/airflow/dags/maintenance_logs.py took 0.231 seconds
[2026-04-08T09:25:41.081+0000] {processor.py:161} INFO - Started process (PID=1405) to work on /opt/airflow/dags/maintenance_logs.py
[2026-04-08T09:25:41.085+0000] {processor.py:830} INFO - Processing file /opt/airflow/dags/maintenance_logs.py for tasks to queue
[2026-04-08T09:25:41.096+0000] {logging_mixin.py:188} INFO - [2026-04-08T09:25:41.094+0000] {dagbag.py:545} INFO - Filling up the DagBag from /opt/airflow/dags/maintenance_logs.py
[2026-04-08T09:25:41.251+0000] {processor.py:840} INFO - DAG(s) 'maintenance_cleanup_logs' retrieved from /opt/airflow/dags/maintenance_logs.py
[2026-04-08T09:25:41.413+0000] {logging_mixin.py:188} INFO - [2026-04-08T09:25:41.413+0000] {dag.py:3089} INFO - Sync 1 DAGs
[2026-04-08T09:25:41.467+0000] {logging_mixin.py:188} INFO - [2026-04-08T09:25:41.467+0000] {dag.py:3947} INFO - Setting next_dagrun for maintenance_cleanup_logs to 2026-04-08 00:00:00+00:00, run_after=2026-04-09 00:00:00+00:00
[2026-04-08T09:25:41.530+0000] {processor.py:183} INFO - Processing /opt/airflow/dags/maintenance_logs.py took 0.480 seconds
[2026-04-08T09:26:11.651+0000] {processor.py:161} INFO - Started process (PID=1416) to work on /opt/airflow/dags/maintenance_logs.py
[2026-04-08T09:26:11.653+0000] {processor.py:830} INFO - Processing file /opt/airflow/dags/maintenance_logs.py for tasks to queue
[2026-04-08T09:26:11.657+0000] {logging_mixin.py:188} INFO - [2026-04-08T09:26:11.656+0000] {dagbag.py:545} INFO - Filling up the DagBag from /opt/airflow/dags/maintenance_logs.py
[2026-04-08T09:26:11.714+0000] {processor.py:840} INFO - DAG(s) 'maintenance_cleanup_logs' retrieved from /opt/airflow/dags/maintenance_logs.py
[2026-04-08T09:26:11.805+0000] {logging_mixin.py:188} INFO - [2026-04-08T09:26:11.805+0000] {dag.py:3089} INFO - Sync 1 DAGs
[2026-04-08T09:26:11.849+0000] {logging_mixin.py:188} INFO - [2026-04-08T09:26:11.848+0000] {dag.py:3947} INFO - Setting next_dagrun for maintenance_cleanup_logs to 2026-04-08 00:00:00+00:00, run_after=2026-04-09 00:00:00+00:00
[2026-04-08T09:26:11.893+0000] {processor.py:183} INFO - Processing /opt/airflow/dags/maintenance_logs.py took 0.254 seconds
[2026-04-08T09:26:42.472+0000] {processor.py:161} INFO - Started process (PID=1427) to work on /opt/airflow/dags/maintenance_logs.py
[2026-04-08T09:26:42.474+0000] {processor.py:830} INFO - Processing file /opt/airflow/dags/maintenance_logs.py for tasks to queue
[2026-04-08T09:26:42.477+0000] {logging_mixin.py:188} INFO - [2026-04-08T09:26:42.477+0000] {dagbag.py:545} INFO - Filling up the DagBag from /opt/airflow/dags/maintenance_logs.py
[2026-04-08T09:26:42.542+0000] {processor.py:840} INFO - DAG(s) 'maintenance_cleanup_logs' retrieved from /opt/airflow/dags/maintenance_logs.py
[2026-04-08T09:26:42.637+0000] {logging_mixin.py:188} INFO - [2026-04-08T09:26:42.637+0000] {dag.py:3089} INFO - Sync 1 DAGs
[2026-04-08T09:26:42.687+0000] {logging_mixin.py:188} INFO - [2026-04-08T09:26:42.687+0000] {dag.py:3947} INFO - Setting next_dagrun for maintenance_cleanup_logs to 2026-04-08 00:00:00+00:00, run_after=2026-04-09 00:00:00+00:00
[2026-04-08T09:26:42.739+0000] {processor.py:183} INFO - Processing /opt/airflow/dags/maintenance_logs.py took 0.277 seconds
[2026-04-08T09:27:13.121+0000] {processor.py:161} INFO - Started process (PID=1438) to work on /opt/airflow/dags/maintenance_logs.py
[2026-04-08T09:27:13.122+0000] {processor.py:830} INFO - Processing file /opt/airflow/dags/maintenance_logs.py for tasks to queue
[2026-04-08T09:27:13.126+0000] {logging_mixin.py:188} INFO - [2026-04-08T09:27:13.125+0000] {dagbag.py:545} INFO - Filling up the DagBag from /opt/airflow/dags/maintenance_logs.py
[2026-04-08T09:27:13.169+0000] {processor.py:840} INFO - DAG(s) 'maintenance_cleanup_logs' retrieved from /opt/airflow/dags/maintenance_logs.py
[2026-04-08T09:27:13.518+0000] {logging_mixin.py:188} INFO - [2026-04-08T09:27:13.518+0000] {dag.py:3089} INFO - Sync 1 DAGs
[2026-04-08T09:27:13.589+0000] {logging_mixin.py:188} INFO - [2026-04-08T09:27:13.589+0000] {dag.py:3947} INFO - Setting next_dagrun for maintenance_cleanup_logs to 2026-04-08 00:00:00+00:00, run_after=2026-04-09 00:00:00+00:00
[2026-04-08T09:27:13.638+0000] {processor.py:183} INFO - Processing /opt/airflow/dags/maintenance_logs.py took 0.528 seconds
[2026-04-08T09:27:43.842+0000] {processor.py:161} INFO - Started process (PID=1449) to work on /opt/airflow/dags/maintenance_logs.py
[2026-04-08T09:27:43.845+0000] {processor.py:830} INFO - Processing file /opt/airflow/dags/maintenance_logs.py for tasks to queue
[2026-04-08T09:27:43.852+0000] {logging_mixin.py:188} INFO - [2026-04-08T09:27:43.851+0000] {dagbag.py:545} INFO - Filling up the DagBag from /opt/airflow/dags/maintenance_logs.py
[2026-04-08T09:27:43.923+0000] {processor.py:840} INFO - DAG(s) 'maintenance_cleanup_logs' retrieved from /opt/airflow/dags/maintenance_logs.py
[2026-04-08T09:27:44.078+0000] {logging_mixin.py:188} INFO - [2026-04-08T09:27:44.076+0000] {dag.py:3089} INFO - Sync 1 DAGs
[2026-04-08T09:27:44.152+0000] {logging_mixin.py:188} INFO - [2026-04-08T09:27:44.151+0000] {dag.py:3947} INFO - Setting next_dagrun for maintenance_cleanup_logs to 2026-04-08 00:00:00+00:00, run_after=2026-04-09 00:00:00+00:00
[2026-04-08T09:27:44.250+0000] {processor.py:183} INFO - Processing /opt/airflow/dags/maintenance_logs.py took 0.429 seconds
[2026-04-08T09:28:14.999+0000] {processor.py:161} INFO - Started process (PID=1460) to work on /opt/airflow/dags/maintenance_logs.py
[2026-04-08T09:28:15.000+0000] {processor.py:830} INFO - Processing file /opt/airflow/dags/maintenance_logs.py for tasks to queue
[2026-04-08T09:28:15.004+0000] {logging_mixin.py:188} INFO - [2026-04-08T09:28:15.003+0000] {dagbag.py:545} INFO - Filling up the DagBag from /opt/airflow/dags/maintenance_logs.py
[2026-04-08T09:28:15.057+0000] {processor.py:840} INFO - DAG(s) 'maintenance_cleanup_logs' retrieved from /opt/airflow/dags/maintenance_logs.py
[2026-04-08T09:28:15.173+0000] {logging_mixin.py:188} INFO - [2026-04-08T09:28:15.172+0000] {dag.py:3089} INFO - Sync 1 DAGs
[2026-04-08T09:28:15.227+0000] {logging_mixin.py:188} INFO - [2026-04-08T09:28:15.227+0000] {dag.py:3947} INFO - Setting next_dagrun for maintenance_cleanup_logs to 2026-04-08 00:00:00+00:00, run_after=2026-04-09 00:00:00+00:00
[2026-04-08T09:28:15.284+0000] {processor.py:183} INFO - Processing /opt/airflow/dags/maintenance_logs.py took 0.294 seconds
[2026-04-08T09:28:45.707+0000] {processor.py:161} INFO - Started process (PID=1471) to work on /opt/airflow/dags/maintenance_logs.py
[2026-04-08T09:28:45.712+0000] {processor.py:830} INFO - Processing file /opt/airflow/dags/maintenance_logs.py for tasks to queue
[2026-04-08T09:28:45.724+0000] {logging_mixin.py:188} INFO - [2026-04-08T09:28:45.722+0000] {dagbag.py:545} INFO - Filling up the DagBag from /opt/airflow/dags/maintenance_logs.py
[2026-04-08T09:28:46.390+0000] {processor.py:840} INFO - DAG(s) 'maintenance_cleanup_logs' retrieved from /opt/airflow/dags/maintenance_logs.py
[2026-04-08T09:28:46.731+0000] {logging_mixin.py:188} INFO - [2026-04-08T09:28:46.730+0000] {dag.py:3089} INFO - Sync 1 DAGs
[2026-04-08T09:28:46.872+0000] {logging_mixin.py:188} INFO - [2026-04-08T09:28:46.871+0000] {dag.py:3947} INFO - Setting next_dagrun for maintenance_cleanup_logs to 2026-04-08 00:00:00+00:00, run_after=2026-04-09 00:00:00+00:00
[2026-04-08T09:28:46.996+0000] {processor.py:183} INFO - Processing /opt/airflow/dags/maintenance_logs.py took 1.335 seconds
[2026-04-08T09:29:17.174+0000] {processor.py:161} INFO - Started process (PID=1488) to work on /opt/airflow/dags/maintenance_logs.py
[2026-04-08T09:29:17.178+0000] {processor.py:830} INFO - Processing file /opt/airflow/dags/maintenance_logs.py for tasks to queue
[2026-04-08T09:29:17.186+0000] {logging_mixin.py:188} INFO - [2026-04-08T09:29:17.185+0000] {dagbag.py:545} INFO - Filling up the DagBag from /opt/airflow/dags/maintenance_logs.py
[2026-04-08T09:29:17.323+0000] {processor.py:840} INFO - DAG(s) 'maintenance_cleanup_logs' retrieved from /opt/airflow/dags/maintenance_logs.py
[2026-04-08T09:29:17.494+0000] {logging_mixin.py:188} INFO - [2026-04-08T09:29:17.494+0000] {dag.py:3089} INFO - Sync 1 DAGs
[2026-04-08T09:29:17.564+0000] {logging_mixin.py:188} INFO - [2026-04-08T09:29:17.563+0000] {dag.py:3947} INFO - Setting next_dagrun for maintenance_cleanup_logs to 2026-04-08 00:00:00+00:00, run_after=2026-04-09 00:00:00+00:00
[2026-04-08T09:29:17.647+0000] {processor.py:183} INFO - Processing /opt/airflow/dags/maintenance_logs.py took 0.494 seconds
[2026-04-08T09:29:47.912+0000] {processor.py:161} INFO - Started process (PID=1499) to work on /opt/airflow/dags/maintenance_logs.py
[2026-04-08T09:29:47.915+0000] {processor.py:830} INFO - Processing file /opt/airflow/dags/maintenance_logs.py for tasks to queue
[2026-04-08T09:29:47.920+0000] {logging_mixin.py:188} INFO - [2026-04-08T09:29:47.919+0000] {dagbag.py:545} INFO - Filling up the DagBag from /opt/airflow/dags/maintenance_logs.py
[2026-04-08T09:29:48.020+0000] {processor.py:840} INFO - DAG(s) 'maintenance_cleanup_logs' retrieved from /opt/airflow/dags/maintenance_logs.py
[2026-04-08T09:29:48.135+0000] {logging_mixin.py:188} INFO - [2026-04-08T09:29:48.134+0000] {dag.py:3089} INFO - Sync 1 DAGs
[2026-04-08T09:29:48.194+0000] {logging_mixin.py:188} INFO - [2026-04-08T09:29:48.194+0000] {dag.py:3947} INFO - Setting next_dagrun for maintenance_cleanup_logs to 2026-04-08 00:00:00+00:00, run_after=2026-04-09 00:00:00+00:00
[2026-04-08T09:29:48.244+0000] {processor.py:183} INFO - Processing /opt/airflow/dags/maintenance_logs.py took 0.347 seconds
[2026-04-08T09:30:18.735+0000] {processor.py:161} INFO - Started process (PID=1510) to work on /opt/airflow/dags/maintenance_logs.py
[2026-04-08T09:30:18.738+0000] {processor.py:830} INFO - Processing file /opt/airflow/dags/maintenance_logs.py for tasks to queue
[2026-04-08T09:30:18.745+0000] {logging_mixin.py:188} INFO - [2026-04-08T09:30:18.744+0000] {dagbag.py:545} INFO - Filling up the DagBag from /opt/airflow/dags/maintenance_logs.py
[2026-04-08T09:30:18.836+0000] {processor.py:840} INFO - DAG(s) 'maintenance_cleanup_logs' retrieved from /opt/airflow/dags/maintenance_logs.py
[2026-04-08T09:30:19.049+0000] {logging_mixin.py:188} INFO - [2026-04-08T09:30:19.049+0000] {dag.py:3089} INFO - Sync 1 DAGs
[2026-04-08T09:30:19.132+0000] {logging_mixin.py:188} INFO - [2026-04-08T09:30:19.132+0000] {dag.py:3947} INFO - Setting next_dagrun for maintenance_cleanup_logs to 2026-04-08 00:00:00+00:00, run_after=2026-04-09 00:00:00+00:00
[2026-04-08T09:30:19.203+0000] {processor.py:183} INFO - Processing /opt/airflow/dags/maintenance_logs.py took 0.489 seconds
[2026-04-08T09:30:49.630+0000] {processor.py:161} INFO - Started process (PID=1521) to work on /opt/airflow/dags/maintenance_logs.py
[2026-04-08T09:30:49.633+0000] {processor.py:830} INFO - Processing file /opt/airflow/dags/maintenance_logs.py for tasks to queue
[2026-04-08T09:30:49.639+0000] {logging_mixin.py:188} INFO - [2026-04-08T09:30:49.638+0000] {dagbag.py:545} INFO - Filling up the DagBag from /opt/airflow/dags/maintenance_logs.py
[2026-04-08T09:30:49.698+0000] {processor.py:840} INFO - DAG(s) 'maintenance_cleanup_logs' retrieved from /opt/airflow/dags/maintenance_logs.py
[2026-04-08T09:30:49.797+0000] {logging_mixin.py:188} INFO - [2026-04-08T09:30:49.797+0000] {dag.py:3089} INFO - Sync 1 DAGs
[2026-04-08T09:30:49.850+0000] {logging_mixin.py:188} INFO - [2026-04-08T09:30:49.849+0000] {dag.py:3947} INFO - Setting next_dagrun for maintenance_cleanup_logs to 2026-04-08 00:00:00+00:00, run_after=2026-04-09 00:00:00+00:00
[2026-04-08T09:30:49.902+0000] {processor.py:183} INFO - Processing /opt/airflow/dags/maintenance_logs.py took 0.284 seconds
[2026-04-08T09:31:20.443+0000] {processor.py:161} INFO - Started process (PID=1534) to work on /opt/airflow/dags/maintenance_logs.py
[2026-04-08T09:31:20.444+0000] {processor.py:830} INFO - Processing file /opt/airflow/dags/maintenance_logs.py for tasks to queue
[2026-04-08T09:31:20.450+0000] {logging_mixin.py:188} INFO - [2026-04-08T09:31:20.448+0000] {dagbag.py:545} INFO - Filling up the DagBag from /opt/airflow/dags/maintenance_logs.py
[2026-04-08T09:31:20.540+0000] {processor.py:840} INFO - DAG(s) 'maintenance_cleanup_logs' retrieved from /opt/airflow/dags/maintenance_logs.py
[2026-04-08T09:31:20.650+0000] {logging_mixin.py:188} INFO - [2026-04-08T09:31:20.650+0000] {dag.py:3089} INFO - Sync 1 DAGs
[2026-04-08T09:31:20.732+0000] {logging_mixin.py:188} INFO - [2026-04-08T09:31:20.732+0000] {dag.py:3947} INFO - Setting next_dagrun for maintenance_cleanup_logs to 2026-04-08 00:00:00+00:00, run_after=2026-04-09 00:00:00+00:00
[2026-04-08T09:31:20.813+0000] {processor.py:183} INFO - Processing /opt/airflow/dags/maintenance_logs.py took 0.388 seconds
[2026-04-08T09:31:51.118+0000] {processor.py:161} INFO - Started process (PID=1543) to work on /opt/airflow/dags/maintenance_logs.py
[2026-04-08T09:31:51.123+0000] {processor.py:830} INFO - Processing file /opt/airflow/dags/maintenance_logs.py for tasks to queue
[2026-04-08T09:31:51.132+0000] {logging_mixin.py:188} INFO - [2026-04-08T09:31:51.130+0000] {dagbag.py:545} INFO - Filling up the DagBag from /opt/airflow/dags/maintenance_logs.py
[2026-04-08T09:31:51.210+0000] {processor.py:840} INFO - DAG(s) 'maintenance_cleanup_logs' retrieved from /opt/airflow/dags/maintenance_logs.py
[2026-04-08T09:31:51.535+0000] {logging_mixin.py:188} INFO - [2026-04-08T09:31:51.535+0000] {dag.py:3089} INFO - Sync 1 DAGs
[2026-04-08T09:31:52.213+0000] {logging_mixin.py:188} INFO - [2026-04-08T09:31:52.213+0000] {dag.py:3947} INFO - Setting next_dagrun for maintenance_cleanup_logs to 2026-04-08 00:00:00+00:00, run_after=2026-04-09 00:00:00+00:00
[2026-04-08T09:31:52.310+0000] {processor.py:183} INFO - Processing /opt/airflow/dags/maintenance_logs.py took 1.222 seconds
[2026-04-08T09:32:22.793+0000] {processor.py:161} INFO - Started process (PID=1550) to work on /opt/airflow/dags/maintenance_logs.py
[2026-04-08T09:32:22.795+0000] {processor.py:830} INFO - Processing file /opt/airflow/dags/maintenance_logs.py for tasks to queue
[2026-04-08T09:32:22.802+0000] {logging_mixin.py:188} INFO - [2026-04-08T09:32:22.799+0000] {dagbag.py:545} INFO - Filling up the DagBag from /opt/airflow/dags/maintenance_logs.py
[2026-04-08T09:32:22.873+0000] {processor.py:840} INFO - DAG(s) 'maintenance_cleanup_logs' retrieved from /opt/airflow/dags/maintenance_logs.py
[2026-04-08T09:32:23.001+0000] {logging_mixin.py:188} INFO - [2026-04-08T09:32:23.001+0000] {dag.py:3089} INFO - Sync 1 DAGs
[2026-04-08T09:32:23.052+0000] {logging_mixin.py:188} INFO - [2026-04-08T09:32:23.051+0000] {dag.py:3947} INFO - Setting next_dagrun for maintenance_cleanup_logs to 2026-04-08 00:00:00+00:00, run_after=2026-04-09 00:00:00+00:00
[2026-04-08T09:32:23.099+0000] {processor.py:183} INFO - Processing /opt/airflow/dags/maintenance_logs.py took 0.322 seconds
[2026-04-08T09:32:53.261+0000] {processor.py:161} INFO - Started process (PID=1561) to work on /opt/airflow/dags/maintenance_logs.py
[2026-04-08T09:32:53.267+0000] {processor.py:830} INFO - Processing file /opt/airflow/dags/maintenance_logs.py for tasks to queue
[2026-04-08T09:32:53.277+0000] {logging_mixin.py:188} INFO - [2026-04-08T09:32:53.276+0000] {dagbag.py:545} INFO - Filling up the DagBag from /opt/airflow/dags/maintenance_logs.py
[2026-04-08T09:32:53.516+0000] {processor.py:840} INFO - DAG(s) 'maintenance_cleanup_logs' retrieved from /opt/airflow/dags/maintenance_logs.py
[2026-04-08T09:32:53.692+0000] {logging_mixin.py:188} INFO - [2026-04-08T09:32:53.691+0000] {dag.py:3089} INFO - Sync 1 DAGs
[2026-04-08T09:32:53.772+0000] {logging_mixin.py:188} INFO - [2026-04-08T09:32:53.772+0000] {dag.py:3947} INFO - Setting next_dagrun for maintenance_cleanup_logs to 2026-04-08 00:00:00+00:00, run_after=2026-04-09 00:00:00+00:00
[2026-04-08T09:32:53.867+0000] {processor.py:183} INFO - Processing /opt/airflow/dags/maintenance_logs.py took 0.630 seconds
[2026-04-08T09:33:24.153+0000] {processor.py:161} INFO - Started process (PID=1572) to work on /opt/airflow/dags/maintenance_logs.py
[2026-04-08T09:33:24.155+0000] {processor.py:830} INFO - Processing file /opt/airflow/dags/maintenance_logs.py for tasks to queue
[2026-04-08T09:33:24.160+0000] {logging_mixin.py:188} INFO - [2026-04-08T09:33:24.160+0000] {dagbag.py:545} INFO - Filling up the DagBag from /opt/airflow/dags/maintenance_logs.py
[2026-04-08T09:33:24.217+0000] {processor.py:840} INFO - DAG(s) 'maintenance_cleanup_logs' retrieved from /opt/airflow/dags/maintenance_logs.py
[2026-04-08T09:33:24.328+0000] {logging_mixin.py:188} INFO - [2026-04-08T09:33:24.328+0000] {dag.py:3089} INFO - Sync 1 DAGs
[2026-04-08T09:33:24.389+0000] {logging_mixin.py:188} INFO - [2026-04-08T09:33:24.389+0000] {dag.py:3947} INFO - Setting next_dagrun for maintenance_cleanup_logs to 2026-04-08 00:00:00+00:00, run_after=2026-04-09 00:00:00+00:00
[2026-04-08T09:33:24.445+0000] {processor.py:183} INFO - Processing /opt/airflow/dags/maintenance_logs.py took 0.308 seconds
[2026-04-08T09:33:54.873+0000] {processor.py:161} INFO - Started process (PID=1583) to work on /opt/airflow/dags/maintenance_logs.py
[2026-04-08T09:33:54.875+0000] {processor.py:830} INFO - Processing file /opt/airflow/dags/maintenance_logs.py for tasks to queue
[2026-04-08T09:33:54.880+0000] {logging_mixin.py:188} INFO - [2026-04-08T09:33:54.879+0000] {dagbag.py:545} INFO - Filling up the DagBag from /opt/airflow/dags/maintenance_logs.py
[2026-04-08T09:33:54.934+0000] {processor.py:840} INFO - DAG(s) 'maintenance_cleanup_logs' retrieved from /opt/airflow/dags/maintenance_logs.py
[2026-04-08T09:33:55.045+0000] {logging_mixin.py:188} INFO - [2026-04-08T09:33:55.045+0000] {dag.py:3089} INFO - Sync 1 DAGs
[2026-04-08T09:33:55.099+0000] {logging_mixin.py:188} INFO - [2026-04-08T09:33:55.099+0000] {dag.py:3947} INFO - Setting next_dagrun for maintenance_cleanup_logs to 2026-04-08 00:00:00+00:00, run_after=2026-04-09 00:00:00+00:00
[2026-04-08T09:33:55.164+0000] {processor.py:183} INFO - Processing /opt/airflow/dags/maintenance_logs.py took 0.306 seconds
[2026-04-08T09:34:25.322+0000] {processor.py:161} INFO - Started process (PID=1594) to work on /opt/airflow/dags/maintenance_logs.py
[2026-04-08T09:34:25.324+0000] {processor.py:830} INFO - Processing file /opt/airflow/dags/maintenance_logs.py for tasks to queue
[2026-04-08T09:34:25.329+0000] {logging_mixin.py:188} INFO - [2026-04-08T09:34:25.328+0000] {dagbag.py:545} INFO - Filling up the DagBag from /opt/airflow/dags/maintenance_logs.py
[2026-04-08T09:34:25.407+0000] {processor.py:840} INFO - DAG(s) 'maintenance_cleanup_logs' retrieved from /opt/airflow/dags/maintenance_logs.py
[2026-04-08T09:34:25.600+0000] {logging_mixin.py:188} INFO - [2026-04-08T09:34:25.600+0000] {dag.py:3089} INFO - Sync 1 DAGs
[2026-04-08T09:34:25.696+0000] {logging_mixin.py:188} INFO - [2026-04-08T09:34:25.695+0000] {dag.py:3947} INFO - Setting next_dagrun for maintenance_cleanup_logs to 2026-04-08 00:00:00+00:00, run_after=2026-04-09 00:00:00+00:00
[2026-04-08T09:34:25.789+0000] {processor.py:183} INFO - Processing /opt/airflow/dags/maintenance_logs.py took 0.485 seconds
[2026-04-08T09:34:56.372+0000] {processor.py:161} INFO - Started process (PID=1605) to work on /opt/airflow/dags/maintenance_logs.py
[2026-04-08T09:34:56.375+0000] {processor.py:830} INFO - Processing file /opt/airflow/dags/maintenance_logs.py for tasks to queue
[2026-04-08T09:34:56.379+0000] {logging_mixin.py:188} INFO - [2026-04-08T09:34:56.379+0000] {dagbag.py:545} INFO - Filling up the DagBag from /opt/airflow/dags/maintenance_logs.py
[2026-04-08T09:34:56.445+0000] {processor.py:840} INFO - DAG(s) 'maintenance_cleanup_logs' retrieved from /opt/airflow/dags/maintenance_logs.py
[2026-04-08T09:34:56.588+0000] {logging_mixin.py:188} INFO - [2026-04-08T09:34:56.587+0000] {dag.py:3089} INFO - Sync 1 DAGs
[2026-04-08T09:34:56.644+0000] {logging_mixin.py:188} INFO - [2026-04-08T09:34:56.644+0000] {dag.py:3947} INFO - Setting next_dagrun for maintenance_cleanup_logs to 2026-04-08 00:00:00+00:00, run_after=2026-04-09 00:00:00+00:00
[2026-04-08T09:34:56.705+0000] {processor.py:183} INFO - Processing /opt/airflow/dags/maintenance_logs.py took 0.346 seconds
[2026-04-08T09:35:27.135+0000] {processor.py:161} INFO - Started process (PID=1616) to work on /opt/airflow/dags/maintenance_logs.py
[2026-04-08T09:35:27.137+0000] {processor.py:830} INFO - Processing file /opt/airflow/dags/maintenance_logs.py for tasks to queue
[2026-04-08T09:35:27.141+0000] {logging_mixin.py:188} INFO - [2026-04-08T09:35:27.140+0000] {dagbag.py:545} INFO - Filling up the DagBag from /opt/airflow/dags/maintenance_logs.py
[2026-04-08T09:35:27.180+0000] {processor.py:840} INFO - DAG(s) 'maintenance_cleanup_logs' retrieved from /opt/airflow/dags/maintenance_logs.py
[2026-04-08T09:35:27.381+0000] {logging_mixin.py:188} INFO - [2026-04-08T09:35:27.381+0000] {dag.py:3089} INFO - Sync 1 DAGs
[2026-04-08T09:35:27.426+0000] {logging_mixin.py:188} INFO - [2026-04-08T09:35:27.425+0000] {dag.py:3947} INFO - Setting next_dagrun for maintenance_cleanup_logs to 2026-04-08 00:00:00+00:00, run_after=2026-04-09 00:00:00+00:00
[2026-04-08T09:35:27.468+0000] {processor.py:183} INFO - Processing /opt/airflow/dags/maintenance_logs.py took 0.343 seconds
[2026-04-08T09:35:57.542+0000] {processor.py:161} INFO - Started process (PID=1627) to work on /opt/airflow/dags/maintenance_logs.py
[2026-04-08T09:35:57.544+0000] {processor.py:830} INFO - Processing file /opt/airflow/dags/maintenance_logs.py for tasks to queue
[2026-04-08T09:35:57.547+0000] {logging_mixin.py:188} INFO - [2026-04-08T09:35:57.547+0000] {dagbag.py:545} INFO - Filling up the DagBag from /opt/airflow/dags/maintenance_logs.py
[2026-04-08T09:35:57.597+0000] {processor.py:840} INFO - DAG(s) 'maintenance_cleanup_logs' retrieved from /opt/airflow/dags/maintenance_logs.py
[2026-04-08T09:35:57.689+0000] {logging_mixin.py:188} INFO - [2026-04-08T09:35:57.689+0000] {dag.py:3089} INFO - Sync 1 DAGs
[2026-04-08T09:35:57.730+0000] {logging_mixin.py:188} INFO - [2026-04-08T09:35:57.729+0000] {dag.py:3947} INFO - Setting next_dagrun for maintenance_cleanup_logs to 2026-04-08 00:00:00+00:00, run_after=2026-04-09 00:00:00+00:00
[2026-04-08T09:35:57.780+0000] {processor.py:183} INFO - Processing /opt/airflow/dags/maintenance_logs.py took 0.247 seconds
[2026-04-08T09:36:30.899+0000] {processor.py:161} INFO - Started process (PID=1656) to work on /opt/airflow/dags/maintenance_logs.py
[2026-04-08T09:36:31.069+0000] {processor.py:830} INFO - Processing file /opt/airflow/dags/maintenance_logs.py for tasks to queue
[2026-04-08T09:36:31.184+0000] {logging_mixin.py:188} INFO - [2026-04-08T09:36:31.175+0000] {dagbag.py:545} INFO - Filling up the DagBag from /opt/airflow/dags/maintenance_logs.py
[2026-04-08T09:36:32.210+0000] {processor.py:840} INFO - DAG(s) 'maintenance_cleanup_logs' retrieved from /opt/airflow/dags/maintenance_logs.py
[2026-04-08T09:36:35.966+0000] {logging_mixin.py:188} INFO - [2026-04-08T09:36:35.965+0000] {dag.py:3089} INFO - Sync 1 DAGs
[2026-04-08T09:36:36.433+0000] {logging_mixin.py:188} INFO - [2026-04-08T09:36:36.432+0000] {dag.py:3947} INFO - Setting next_dagrun for maintenance_cleanup_logs to 2026-04-08 00:00:00+00:00, run_after=2026-04-09 00:00:00+00:00
[2026-04-08T09:36:37.283+0000] {processor.py:183} INFO - Processing /opt/airflow/dags/maintenance_logs.py took 7.274 seconds
[2026-04-08T09:37:07.915+0000] {processor.py:161} INFO - Started process (PID=1667) to work on /opt/airflow/dags/maintenance_logs.py
[2026-04-08T09:37:07.919+0000] {processor.py:830} INFO - Processing file /opt/airflow/dags/maintenance_logs.py for tasks to queue
[2026-04-08T09:37:07.926+0000] {logging_mixin.py:188} INFO - [2026-04-08T09:37:07.925+0000] {dagbag.py:545} INFO - Filling up the DagBag from /opt/airflow/dags/maintenance_logs.py
[2026-04-08T09:37:08.014+0000] {processor.py:840} INFO - DAG(s) 'maintenance_cleanup_logs' retrieved from /opt/airflow/dags/maintenance_logs.py
[2026-04-08T09:37:08.320+0000] {logging_mixin.py:188} INFO - [2026-04-08T09:37:08.319+0000] {dag.py:3089} INFO - Sync 1 DAGs
[2026-04-08T09:37:08.468+0000] {logging_mixin.py:188} INFO - [2026-04-08T09:37:08.467+0000] {dag.py:3947} INFO - Setting next_dagrun for maintenance_cleanup_logs to 2026-04-08 00:00:00+00:00, run_after=2026-04-09 00:00:00+00:00
[2026-04-08T09:37:08.574+0000] {processor.py:183} INFO - Processing /opt/airflow/dags/maintenance_logs.py took 0.680 seconds
[2026-04-08T09:38:41.844+0000] {processor.py:161} INFO - Started process (PID=1678) to work on /opt/airflow/dags/maintenance_logs.py
[2026-04-08T09:38:41.846+0000] {processor.py:830} INFO - Processing file /opt/airflow/dags/maintenance_logs.py for tasks to queue
[2026-04-08T09:38:41.852+0000] {logging_mixin.py:188} INFO - [2026-04-08T09:38:41.851+0000] {dagbag.py:545} INFO - Filling up the DagBag from /opt/airflow/dags/maintenance_logs.py
[2026-04-08T09:38:41.941+0000] {processor.py:840} INFO - DAG(s) 'maintenance_cleanup_logs' retrieved from /opt/airflow/dags/maintenance_logs.py
[2026-04-08T09:38:42.076+0000] {logging_mixin.py:188} INFO - [2026-04-08T09:38:42.076+0000] {dag.py:3089} INFO - Sync 1 DAGs
[2026-04-08T09:38:42.153+0000] {logging_mixin.py:188} INFO - [2026-04-08T09:38:42.151+0000] {dag.py:3947} INFO - Setting next_dagrun for maintenance_cleanup_logs to 2026-04-08 00:00:00+00:00, run_after=2026-04-09 00:00:00+00:00
[2026-04-08T09:38:42.303+0000] {processor.py:183} INFO - Processing /opt/airflow/dags/maintenance_logs.py took 0.484 seconds
[2026-04-08T09:39:12.777+0000] {processor.py:161} INFO - Started process (PID=1706) to work on /opt/airflow/dags/maintenance_logs.py
[2026-04-08T09:39:12.779+0000] {processor.py:830} INFO - Processing file /opt/airflow/dags/maintenance_logs.py for tasks to queue
[2026-04-08T09:39:12.781+0000] {logging_mixin.py:188} INFO - [2026-04-08T09:39:12.780+0000] {dagbag.py:545} INFO - Filling up the DagBag from /opt/airflow/dags/maintenance_logs.py
[2026-04-08T09:39:12.859+0000] {processor.py:840} INFO - DAG(s) 'maintenance_cleanup_logs' retrieved from /opt/airflow/dags/maintenance_logs.py
[2026-04-08T09:39:13.021+0000] {logging_mixin.py:188} INFO - [2026-04-08T09:39:13.021+0000] {dag.py:3089} INFO - Sync 1 DAGs
[2026-04-08T09:39:13.148+0000] {logging_mixin.py:188} INFO - [2026-04-08T09:39:13.147+0000] {dag.py:3947} INFO - Setting next_dagrun for maintenance_cleanup_logs to 2026-04-08 00:00:00+00:00, run_after=2026-04-09 00:00:00+00:00
[2026-04-08T09:39:13.303+0000] {processor.py:183} INFO - Processing /opt/airflow/dags/maintenance_logs.py took 0.544 seconds
[2026-04-08T09:39:44.015+0000] {processor.py:161} INFO - Started process (PID=1741) to work on /opt/airflow/dags/maintenance_logs.py
[2026-04-08T09:39:44.017+0000] {processor.py:830} INFO - Processing file /opt/airflow/dags/maintenance_logs.py for tasks to queue
[2026-04-08T09:39:44.019+0000] {logging_mixin.py:188} INFO - [2026-04-08T09:39:44.018+0000] {dagbag.py:545} INFO - Filling up the DagBag from /opt/airflow/dags/maintenance_logs.py
[2026-04-08T09:39:44.074+0000] {processor.py:840} INFO - DAG(s) 'maintenance_cleanup_logs' retrieved from /opt/airflow/dags/maintenance_logs.py
[2026-04-08T09:39:44.213+0000] {logging_mixin.py:188} INFO - [2026-04-08T09:39:44.212+0000] {dag.py:3089} INFO - Sync 1 DAGs
[2026-04-08T09:39:44.321+0000] {logging_mixin.py:188} INFO - [2026-04-08T09:39:44.321+0000] {dag.py:3947} INFO - Setting next_dagrun for maintenance_cleanup_logs to 2026-04-08 00:00:00+00:00, run_after=2026-04-09 00:00:00+00:00
[2026-04-08T09:39:44.399+0000] {processor.py:183} INFO - Processing /opt/airflow/dags/maintenance_logs.py took 0.400 seconds
[2026-04-08T09:40:14.746+0000] {processor.py:161} INFO - Started process (PID=1752) to work on /opt/airflow/dags/maintenance_logs.py
[2026-04-08T09:40:14.749+0000] {processor.py:830} INFO - Processing file /opt/airflow/dags/maintenance_logs.py for tasks to queue
[2026-04-08T09:40:14.752+0000] {logging_mixin.py:188} INFO - [2026-04-08T09:40:14.751+0000] {dagbag.py:545} INFO - Filling up the DagBag from /opt/airflow/dags/maintenance_logs.py
[2026-04-08T09:40:14.829+0000] {processor.py:840} INFO - DAG(s) 'maintenance_cleanup_logs' retrieved from /opt/airflow/dags/maintenance_logs.py
[2026-04-08T09:40:14.956+0000] {logging_mixin.py:188} INFO - [2026-04-08T09:40:14.956+0000] {dag.py:3089} INFO - Sync 1 DAGs
[2026-04-08T09:40:15.014+0000] {logging_mixin.py:188} INFO - [2026-04-08T09:40:15.014+0000] {dag.py:3947} INFO - Setting next_dagrun for maintenance_cleanup_logs to 2026-04-08 00:00:00+00:00, run_after=2026-04-09 00:00:00+00:00
[2026-04-08T09:40:15.054+0000] {processor.py:183} INFO - Processing /opt/airflow/dags/maintenance_logs.py took 0.324 seconds
[2026-04-08T09:43:42.984+0000] {processor.py:161} INFO - Started process (PID=163) to work on /opt/airflow/dags/maintenance_logs.py
[2026-04-08T09:43:43.058+0000] {processor.py:830} INFO - Processing file /opt/airflow/dags/maintenance_logs.py for tasks to queue
[2026-04-08T09:43:43.126+0000] {logging_mixin.py:188} INFO - [2026-04-08T09:43:43.118+0000] {dagbag.py:545} INFO - Filling up the DagBag from /opt/airflow/dags/maintenance_logs.py
[2026-04-08T09:43:43.657+0000] {processor.py:840} INFO - DAG(s) 'maintenance_cleanup_logs' retrieved from /opt/airflow/dags/maintenance_logs.py
[2026-04-08T09:43:44.311+0000] {logging_mixin.py:188} INFO - [2026-04-08T09:43:44.310+0000] {dag.py:3089} INFO - Sync 1 DAGs
[2026-04-08T09:43:44.509+0000] {logging_mixin.py:188} INFO - [2026-04-08T09:43:44.507+0000] {dag.py:3947} INFO - Setting next_dagrun for maintenance_cleanup_logs to 2026-04-08 00:00:00+00:00, run_after=2026-04-09 00:00:00+00:00
[2026-04-08T09:43:44.675+0000] {processor.py:183} INFO - Processing /opt/airflow/dags/maintenance_logs.py took 1.854 seconds
[2026-04-08T09:44:15.450+0000] {processor.py:161} INFO - Started process (PID=174) to work on /opt/airflow/dags/maintenance_logs.py
[2026-04-08T09:44:15.453+0000] {processor.py:830} INFO - Processing file /opt/airflow/dags/maintenance_logs.py for tasks to queue
[2026-04-08T09:44:15.459+0000] {logging_mixin.py:188} INFO - [2026-04-08T09:44:15.458+0000] {dagbag.py:545} INFO - Filling up the DagBag from /opt/airflow/dags/maintenance_logs.py
[2026-04-08T09:44:15.556+0000] {processor.py:840} INFO - DAG(s) 'maintenance_cleanup_logs' retrieved from /opt/airflow/dags/maintenance_logs.py
[2026-04-08T09:44:16.528+0000] {logging_mixin.py:188} INFO - [2026-04-08T09:44:16.527+0000] {dag.py:3089} INFO - Sync 1 DAGs
[2026-04-08T09:44:16.622+0000] {logging_mixin.py:188} INFO - [2026-04-08T09:44:16.621+0000] {dag.py:3947} INFO - Setting next_dagrun for maintenance_cleanup_logs to 2026-04-08 00:00:00+00:00, run_after=2026-04-09 00:00:00+00:00
[2026-04-08T09:44:16.742+0000] {processor.py:183} INFO - Processing /opt/airflow/dags/maintenance_logs.py took 1.309 seconds
[2026-04-08T09:44:47.111+0000] {processor.py:161} INFO - Started process (PID=185) to work on /opt/airflow/dags/maintenance_logs.py
[2026-04-08T09:44:47.119+0000] {processor.py:830} INFO - Processing file /opt/airflow/dags/maintenance_logs.py for tasks to queue
[2026-04-08T09:44:47.153+0000] {logging_mixin.py:188} INFO - [2026-04-08T09:44:47.150+0000] {dagbag.py:545} INFO - Filling up the DagBag from /opt/airflow/dags/maintenance_logs.py
[2026-04-08T09:44:47.264+0000] {processor.py:840} INFO - DAG(s) 'maintenance_cleanup_logs' retrieved from /opt/airflow/dags/maintenance_logs.py
[2026-04-08T09:44:47.610+0000] {logging_mixin.py:188} INFO - [2026-04-08T09:44:47.609+0000] {dag.py:3089} INFO - Sync 1 DAGs
[2026-04-08T09:44:47.816+0000] {logging_mixin.py:188} INFO - [2026-04-08T09:44:47.815+0000] {dag.py:3947} INFO - Setting next_dagrun for maintenance_cleanup_logs to 2026-04-08 00:00:00+00:00, run_after=2026-04-09 00:00:00+00:00
[2026-04-08T09:44:47.906+0000] {processor.py:183} INFO - Processing /opt/airflow/dags/maintenance_logs.py took 0.883 seconds
[2026-04-08T09:45:18.698+0000] {processor.py:161} INFO - Started process (PID=196) to work on /opt/airflow/dags/maintenance_logs.py
[2026-04-08T09:45:18.700+0000] {processor.py:830} INFO - Processing file /opt/airflow/dags/maintenance_logs.py for tasks to queue
[2026-04-08T09:45:18.707+0000] {logging_mixin.py:188} INFO - [2026-04-08T09:45:18.705+0000] {dagbag.py:545} INFO - Filling up the DagBag from /opt/airflow/dags/maintenance_logs.py
[2026-04-08T09:45:18.750+0000] {processor.py:840} INFO - DAG(s) 'maintenance_cleanup_logs' retrieved from /opt/airflow/dags/maintenance_logs.py
[2026-04-08T09:45:18.837+0000] {logging_mixin.py:188} INFO - [2026-04-08T09:45:18.837+0000] {dag.py:3089} INFO - Sync 1 DAGs
[2026-04-08T09:45:18.883+0000] {logging_mixin.py:188} INFO - [2026-04-08T09:45:18.883+0000] {dag.py:3947} INFO - Setting next_dagrun for maintenance_cleanup_logs to 2026-04-08 00:00:00+00:00, run_after=2026-04-09 00:00:00+00:00
[2026-04-08T09:45:18.934+0000] {processor.py:183} INFO - Processing /opt/airflow/dags/maintenance_logs.py took 0.264 seconds
[2026-04-08T09:45:49.265+0000] {processor.py:161} INFO - Started process (PID=207) to work on /opt/airflow/dags/maintenance_logs.py
[2026-04-08T09:45:49.267+0000] {processor.py:830} INFO - Processing file /opt/airflow/dags/maintenance_logs.py for tasks to queue
[2026-04-08T09:45:49.272+0000] {logging_mixin.py:188} INFO - [2026-04-08T09:45:49.271+0000] {dagbag.py:545} INFO - Filling up the DagBag from /opt/airflow/dags/maintenance_logs.py
[2026-04-08T09:45:49.352+0000] {processor.py:840} INFO - DAG(s) 'maintenance_cleanup_logs' retrieved from /opt/airflow/dags/maintenance_logs.py
[2026-04-08T09:45:49.484+0000] {logging_mixin.py:188} INFO - [2026-04-08T09:45:49.483+0000] {dag.py:3089} INFO - Sync 1 DAGs
[2026-04-08T09:45:49.545+0000] {logging_mixin.py:188} INFO - [2026-04-08T09:45:49.544+0000] {dag.py:3947} INFO - Setting next_dagrun for maintenance_cleanup_logs to 2026-04-08 00:00:00+00:00, run_after=2026-04-09 00:00:00+00:00
[2026-04-08T09:45:49.604+0000] {processor.py:183} INFO - Processing /opt/airflow/dags/maintenance_logs.py took 0.362 seconds
[2026-04-08T09:46:19.913+0000] {processor.py:161} INFO - Started process (PID=218) to work on /opt/airflow/dags/maintenance_logs.py
[2026-04-08T09:46:19.914+0000] {processor.py:830} INFO - Processing file /opt/airflow/dags/maintenance_logs.py for tasks to queue
[2026-04-08T09:46:19.917+0000] {logging_mixin.py:188} INFO - [2026-04-08T09:46:19.917+0000] {dagbag.py:545} INFO - Filling up the DagBag from /opt/airflow/dags/maintenance_logs.py
[2026-04-08T09:46:19.959+0000] {processor.py:840} INFO - DAG(s) 'maintenance_cleanup_logs' retrieved from /opt/airflow/dags/maintenance_logs.py
[2026-04-08T09:46:20.065+0000] {logging_mixin.py:188} INFO - [2026-04-08T09:46:20.064+0000] {dag.py:3089} INFO - Sync 1 DAGs
[2026-04-08T09:46:20.112+0000] {logging_mixin.py:188} INFO - [2026-04-08T09:46:20.112+0000] {dag.py:3947} INFO - Setting next_dagrun for maintenance_cleanup_logs to 2026-04-08 00:00:00+00:00, run_after=2026-04-09 00:00:00+00:00
[2026-04-08T09:46:20.178+0000] {processor.py:183} INFO - Processing /opt/airflow/dags/maintenance_logs.py took 0.279 seconds
[2026-04-08T09:46:50.524+0000] {processor.py:161} INFO - Started process (PID=232) to work on /opt/airflow/dags/maintenance_logs.py
[2026-04-08T09:46:50.531+0000] {processor.py:830} INFO - Processing file /opt/airflow/dags/maintenance_logs.py for tasks to queue
[2026-04-08T09:46:50.536+0000] {logging_mixin.py:188} INFO - [2026-04-08T09:46:50.536+0000] {dagbag.py:545} INFO - Filling up the DagBag from /opt/airflow/dags/maintenance_logs.py
[2026-04-08T09:46:50.584+0000] {processor.py:840} INFO - DAG(s) 'maintenance_cleanup_logs' retrieved from /opt/airflow/dags/maintenance_logs.py
[2026-04-08T09:46:50.692+0000] {logging_mixin.py:188} INFO - [2026-04-08T09:46:50.692+0000] {dag.py:3089} INFO - Sync 1 DAGs
[2026-04-08T09:46:50.746+0000] {logging_mixin.py:188} INFO - [2026-04-08T09:46:50.746+0000] {dag.py:3947} INFO - Setting next_dagrun for maintenance_cleanup_logs to 2026-04-08 00:00:00+00:00, run_after=2026-04-09 00:00:00+00:00
[2026-04-08T09:46:50.802+0000] {processor.py:183} INFO - Processing /opt/airflow/dags/maintenance_logs.py took 0.292 seconds
[2026-04-08T09:47:21.000+0000] {processor.py:161} INFO - Started process (PID=243) to work on /opt/airflow/dags/maintenance_logs.py
[2026-04-08T09:47:21.001+0000] {processor.py:830} INFO - Processing file /opt/airflow/dags/maintenance_logs.py for tasks to queue
[2026-04-08T09:47:21.006+0000] {logging_mixin.py:188} INFO - [2026-04-08T09:47:21.005+0000] {dagbag.py:545} INFO - Filling up the DagBag from /opt/airflow/dags/maintenance_logs.py
[2026-04-08T09:47:21.053+0000] {processor.py:840} INFO - DAG(s) 'maintenance_cleanup_logs' retrieved from /opt/airflow/dags/maintenance_logs.py
[2026-04-08T09:47:21.156+0000] {logging_mixin.py:188} INFO - [2026-04-08T09:47:21.156+0000] {dag.py:3089} INFO - Sync 1 DAGs
[2026-04-08T09:47:21.212+0000] {logging_mixin.py:188} INFO - [2026-04-08T09:47:21.212+0000] {dag.py:3947} INFO - Setting next_dagrun for maintenance_cleanup_logs to 2026-04-08 00:00:00+00:00, run_after=2026-04-09 00:00:00+00:00
[2026-04-08T09:47:21.264+0000] {processor.py:183} INFO - Processing /opt/airflow/dags/maintenance_logs.py took 0.278 seconds
[2026-04-08T09:47:51.713+0000] {processor.py:161} INFO - Started process (PID=248) to work on /opt/airflow/dags/maintenance_logs.py
[2026-04-08T09:47:51.716+0000] {processor.py:830} INFO - Processing file /opt/airflow/dags/maintenance_logs.py for tasks to queue
[2026-04-08T09:47:51.720+0000] {logging_mixin.py:188} INFO - [2026-04-08T09:47:51.719+0000] {dagbag.py:545} INFO - Filling up the DagBag from /opt/airflow/dags/maintenance_logs.py
[2026-04-08T09:47:51.772+0000] {processor.py:840} INFO - DAG(s) 'maintenance_cleanup_logs' retrieved from /opt/airflow/dags/maintenance_logs.py
[2026-04-08T09:47:51.902+0000] {logging_mixin.py:188} INFO - [2026-04-08T09:47:51.901+0000] {dag.py:3089} INFO - Sync 1 DAGs
[2026-04-08T09:47:51.967+0000] {logging_mixin.py:188} INFO - [2026-04-08T09:47:51.966+0000] {dag.py:3947} INFO - Setting next_dagrun for maintenance_cleanup_logs to 2026-04-08 00:00:00+00:00, run_after=2026-04-09 00:00:00+00:00
[2026-04-08T09:47:52.035+0000] {processor.py:183} INFO - Processing /opt/airflow/dags/maintenance_logs.py took 0.345 seconds
[2026-04-08T09:48:22.465+0000] {processor.py:161} INFO - Started process (PID=260) to work on /opt/airflow/dags/maintenance_logs.py
[2026-04-08T09:48:22.467+0000] {processor.py:830} INFO - Processing file /opt/airflow/dags/maintenance_logs.py for tasks to queue
[2026-04-08T09:48:22.471+0000] {logging_mixin.py:188} INFO - [2026-04-08T09:48:22.470+0000] {dagbag.py:545} INFO - Filling up the DagBag from /opt/airflow/dags/maintenance_logs.py
[2026-04-08T09:48:22.532+0000] {processor.py:840} INFO - DAG(s) 'maintenance_cleanup_logs' retrieved from /opt/airflow/dags/maintenance_logs.py
[2026-04-08T09:48:22.878+0000] {logging_mixin.py:188} INFO - [2026-04-08T09:48:22.877+0000] {dag.py:3089} INFO - Sync 1 DAGs
[2026-04-08T09:48:22.974+0000] {logging_mixin.py:188} INFO - [2026-04-08T09:48:22.973+0000] {dag.py:3947} INFO - Setting next_dagrun for maintenance_cleanup_logs to 2026-04-08 00:00:00+00:00, run_after=2026-04-09 00:00:00+00:00
[2026-04-08T09:48:23.045+0000] {processor.py:183} INFO - Processing /opt/airflow/dags/maintenance_logs.py took 0.597 seconds
[2026-04-08T09:48:53.535+0000] {processor.py:161} INFO - Started process (PID=271) to work on /opt/airflow/dags/maintenance_logs.py
[2026-04-08T09:48:53.537+0000] {processor.py:830} INFO - Processing file /opt/airflow/dags/maintenance_logs.py for tasks to queue
[2026-04-08T09:48:53.541+0000] {logging_mixin.py:188} INFO - [2026-04-08T09:48:53.540+0000] {dagbag.py:545} INFO - Filling up the DagBag from /opt/airflow/dags/maintenance_logs.py
[2026-04-08T09:48:53.612+0000] {processor.py:840} INFO - DAG(s) 'maintenance_cleanup_logs' retrieved from /opt/airflow/dags/maintenance_logs.py
[2026-04-08T09:48:53.712+0000] {logging_mixin.py:188} INFO - [2026-04-08T09:48:53.711+0000] {dag.py:3089} INFO - Sync 1 DAGs
[2026-04-08T09:48:53.783+0000] {logging_mixin.py:188} INFO - [2026-04-08T09:48:53.783+0000] {dag.py:3947} INFO - Setting next_dagrun for maintenance_cleanup_logs to 2026-04-08 00:00:00+00:00, run_after=2026-04-09 00:00:00+00:00
[2026-04-08T09:48:53.841+0000] {processor.py:183} INFO - Processing /opt/airflow/dags/maintenance_logs.py took 0.320 seconds
[2026-04-08T09:49:24.084+0000] {processor.py:161} INFO - Started process (PID=282) to work on /opt/airflow/dags/maintenance_logs.py
[2026-04-08T09:49:24.087+0000] {processor.py:830} INFO - Processing file /opt/airflow/dags/maintenance_logs.py for tasks to queue
[2026-04-08T09:49:24.092+0000] {logging_mixin.py:188} INFO - [2026-04-08T09:49:24.091+0000] {dagbag.py:545} INFO - Filling up the DagBag from /opt/airflow/dags/maintenance_logs.py
[2026-04-08T09:49:24.142+0000] {processor.py:840} INFO - DAG(s) 'maintenance_cleanup_logs' retrieved from /opt/airflow/dags/maintenance_logs.py
[2026-04-08T09:49:24.253+0000] {logging_mixin.py:188} INFO - [2026-04-08T09:49:24.253+0000] {dag.py:3089} INFO - Sync 1 DAGs
[2026-04-08T09:49:24.298+0000] {logging_mixin.py:188} INFO - [2026-04-08T09:49:24.297+0000] {dag.py:3947} INFO - Setting next_dagrun for maintenance_cleanup_logs to 2026-04-08 00:00:00+00:00, run_after=2026-04-09 00:00:00+00:00
[2026-04-08T09:49:24.341+0000] {processor.py:183} INFO - Processing /opt/airflow/dags/maintenance_logs.py took 0.275 seconds
[2026-04-08T09:49:54.842+0000] {processor.py:161} INFO - Started process (PID=293) to work on /opt/airflow/dags/maintenance_logs.py
[2026-04-08T09:49:54.845+0000] {processor.py:830} INFO - Processing file /opt/airflow/dags/maintenance_logs.py for tasks to queue
[2026-04-08T09:49:54.861+0000] {logging_mixin.py:188} INFO - [2026-04-08T09:49:54.858+0000] {dagbag.py:545} INFO - Filling up the DagBag from /opt/airflow/dags/maintenance_logs.py
[2026-04-08T09:49:55.012+0000] {processor.py:840} INFO - DAG(s) 'maintenance_cleanup_logs' retrieved from /opt/airflow/dags/maintenance_logs.py
[2026-04-08T09:49:55.336+0000] {logging_mixin.py:188} INFO - [2026-04-08T09:49:55.336+0000] {dag.py:3089} INFO - Sync 1 DAGs
[2026-04-08T09:49:55.519+0000] {logging_mixin.py:188} INFO - [2026-04-08T09:49:55.519+0000] {dag.py:3947} INFO - Setting next_dagrun for maintenance_cleanup_logs to 2026-04-08 00:00:00+00:00, run_after=2026-04-09 00:00:00+00:00
[2026-04-08T09:49:55.597+0000] {processor.py:183} INFO - Processing /opt/airflow/dags/maintenance_logs.py took 0.784 seconds
[2026-04-08T09:50:26.423+0000] {processor.py:161} INFO - Started process (PID=304) to work on /opt/airflow/dags/maintenance_logs.py
[2026-04-08T09:50:26.425+0000] {processor.py:830} INFO - Processing file /opt/airflow/dags/maintenance_logs.py for tasks to queue
[2026-04-08T09:50:26.429+0000] {logging_mixin.py:188} INFO - [2026-04-08T09:50:26.429+0000] {dagbag.py:545} INFO - Filling up the DagBag from /opt/airflow/dags/maintenance_logs.py
[2026-04-08T09:50:26.487+0000] {processor.py:840} INFO - DAG(s) 'maintenance_cleanup_logs' retrieved from /opt/airflow/dags/maintenance_logs.py
[2026-04-08T09:50:26.644+0000] {logging_mixin.py:188} INFO - [2026-04-08T09:50:26.644+0000] {dag.py:3089} INFO - Sync 1 DAGs
[2026-04-08T09:50:26.706+0000] {logging_mixin.py:188} INFO - [2026-04-08T09:50:26.705+0000] {dag.py:3947} INFO - Setting next_dagrun for maintenance_cleanup_logs to 2026-04-08 00:00:00+00:00, run_after=2026-04-09 00:00:00+00:00
[2026-04-08T09:50:26.779+0000] {processor.py:183} INFO - Processing /opt/airflow/dags/maintenance_logs.py took 0.370 seconds
[2026-04-08T09:50:57.252+0000] {processor.py:161} INFO - Started process (PID=315) to work on /opt/airflow/dags/maintenance_logs.py
[2026-04-08T09:50:57.254+0000] {processor.py:830} INFO - Processing file /opt/airflow/dags/maintenance_logs.py for tasks to queue
[2026-04-08T09:50:57.259+0000] {logging_mixin.py:188} INFO - [2026-04-08T09:50:57.259+0000] {dagbag.py:545} INFO - Filling up the DagBag from /opt/airflow/dags/maintenance_logs.py
[2026-04-08T09:50:57.318+0000] {processor.py:840} INFO - DAG(s) 'maintenance_cleanup_logs' retrieved from /opt/airflow/dags/maintenance_logs.py
[2026-04-08T09:50:57.426+0000] {logging_mixin.py:188} INFO - [2026-04-08T09:50:57.426+0000] {dag.py:3089} INFO - Sync 1 DAGs
[2026-04-08T09:50:57.491+0000] {logging_mixin.py:188} INFO - [2026-04-08T09:50:57.490+0000] {dag.py:3947} INFO - Setting next_dagrun for maintenance_cleanup_logs to 2026-04-08 00:00:00+00:00, run_after=2026-04-09 00:00:00+00:00
[2026-04-08T09:50:57.578+0000] {processor.py:183} INFO - Processing /opt/airflow/dags/maintenance_logs.py took 0.342 seconds
[2026-04-08T09:51:27.994+0000] {processor.py:161} INFO - Started process (PID=335) to work on /opt/airflow/dags/maintenance_logs.py
[2026-04-08T09:51:28.003+0000] {processor.py:830} INFO - Processing file /opt/airflow/dags/maintenance_logs.py for tasks to queue
[2026-04-08T09:51:28.012+0000] {logging_mixin.py:188} INFO - [2026-04-08T09:51:28.011+0000] {dagbag.py:545} INFO - Filling up the DagBag from /opt/airflow/dags/maintenance_logs.py
[2026-04-08T09:51:28.099+0000] {processor.py:840} INFO - DAG(s) 'maintenance_cleanup_logs' retrieved from /opt/airflow/dags/maintenance_logs.py
[2026-04-08T09:51:28.220+0000] {logging_mixin.py:188} INFO - [2026-04-08T09:51:28.219+0000] {dag.py:3089} INFO - Sync 1 DAGs
[2026-04-08T09:51:28.276+0000] {logging_mixin.py:188} INFO - [2026-04-08T09:51:28.275+0000] {dag.py:3947} INFO - Setting next_dagrun for maintenance_cleanup_logs to 2026-04-08 00:00:00+00:00, run_after=2026-04-09 00:00:00+00:00
[2026-04-08T09:51:28.332+0000] {processor.py:183} INFO - Processing /opt/airflow/dags/maintenance_logs.py took 0.387 seconds
[2026-04-08T09:51:58.516+0000] {processor.py:161} INFO - Started process (PID=362) to work on /opt/airflow/dags/maintenance_logs.py
[2026-04-08T09:51:58.517+0000] {processor.py:830} INFO - Processing file /opt/airflow/dags/maintenance_logs.py for tasks to queue
[2026-04-08T09:51:58.522+0000] {logging_mixin.py:188} INFO - [2026-04-08T09:51:58.521+0000] {dagbag.py:545} INFO - Filling up the DagBag from /opt/airflow/dags/maintenance_logs.py
[2026-04-08T09:51:58.583+0000] {processor.py:840} INFO - DAG(s) 'maintenance_cleanup_logs' retrieved from /opt/airflow/dags/maintenance_logs.py
[2026-04-08T09:51:58.806+0000] {logging_mixin.py:188} INFO - [2026-04-08T09:51:58.806+0000] {dag.py:3089} INFO - Sync 1 DAGs
[2026-04-08T09:51:58.874+0000] {logging_mixin.py:188} INFO - [2026-04-08T09:51:58.874+0000] {dag.py:3947} INFO - Setting next_dagrun for maintenance_cleanup_logs to 2026-04-08 00:00:00+00:00, run_after=2026-04-09 00:00:00+00:00
[2026-04-08T09:51:58.939+0000] {processor.py:183} INFO - Processing /opt/airflow/dags/maintenance_logs.py took 0.442 seconds
[2026-04-08T09:52:29.499+0000] {processor.py:161} INFO - Started process (PID=387) to work on /opt/airflow/dags/maintenance_logs.py
[2026-04-08T09:52:29.519+0000] {processor.py:830} INFO - Processing file /opt/airflow/dags/maintenance_logs.py for tasks to queue
[2026-04-08T09:52:29.550+0000] {logging_mixin.py:188} INFO - [2026-04-08T09:52:29.539+0000] {dagbag.py:545} INFO - Filling up the DagBag from /opt/airflow/dags/maintenance_logs.py
[2026-04-08T09:52:30.190+0000] {processor.py:840} INFO - DAG(s) 'maintenance_cleanup_logs' retrieved from /opt/airflow/dags/maintenance_logs.py
[2026-04-08T09:52:30.546+0000] {logging_mixin.py:188} INFO - [2026-04-08T09:52:30.545+0000] {dag.py:3089} INFO - Sync 1 DAGs
[2026-04-08T09:52:30.698+0000] {logging_mixin.py:188} INFO - [2026-04-08T09:52:30.697+0000] {dag.py:3947} INFO - Setting next_dagrun for maintenance_cleanup_logs to 2026-04-08 00:00:00+00:00, run_after=2026-04-09 00:00:00+00:00
[2026-04-08T09:52:30.848+0000] {processor.py:183} INFO - Processing /opt/airflow/dags/maintenance_logs.py took 1.489 seconds
[2026-04-08T09:53:01.434+0000] {processor.py:161} INFO - Started process (PID=413) to work on /opt/airflow/dags/maintenance_logs.py
[2026-04-08T09:53:01.436+0000] {processor.py:830} INFO - Processing file /opt/airflow/dags/maintenance_logs.py for tasks to queue
[2026-04-08T09:53:01.442+0000] {logging_mixin.py:188} INFO - [2026-04-08T09:53:01.441+0000] {dagbag.py:545} INFO - Filling up the DagBag from /opt/airflow/dags/maintenance_logs.py
[2026-04-08T09:53:01.509+0000] {processor.py:840} INFO - DAG(s) 'maintenance_cleanup_logs' retrieved from /opt/airflow/dags/maintenance_logs.py
[2026-04-08T09:53:01.638+0000] {logging_mixin.py:188} INFO - [2026-04-08T09:53:01.638+0000] {dag.py:3089} INFO - Sync 1 DAGs
[2026-04-08T09:53:01.719+0000] {logging_mixin.py:188} INFO - [2026-04-08T09:53:01.713+0000] {dag.py:3947} INFO - Setting next_dagrun for maintenance_cleanup_logs to 2026-04-08 00:00:00+00:00, run_after=2026-04-09 00:00:00+00:00
[2026-04-08T09:53:01.796+0000] {processor.py:183} INFO - Processing /opt/airflow/dags/maintenance_logs.py took 0.384 seconds
[2026-04-08T09:53:32.146+0000] {processor.py:161} INFO - Started process (PID=420) to work on /opt/airflow/dags/maintenance_logs.py
[2026-04-08T09:53:32.147+0000] {processor.py:830} INFO - Processing file /opt/airflow/dags/maintenance_logs.py for tasks to queue
[2026-04-08T09:53:32.153+0000] {logging_mixin.py:188} INFO - [2026-04-08T09:53:32.152+0000] {dagbag.py:545} INFO - Filling up the DagBag from /opt/airflow/dags/maintenance_logs.py
[2026-04-08T09:53:32.209+0000] {processor.py:840} INFO - DAG(s) 'maintenance_cleanup_logs' retrieved from /opt/airflow/dags/maintenance_logs.py
[2026-04-08T09:53:32.404+0000] {logging_mixin.py:188} INFO - [2026-04-08T09:53:32.404+0000] {dag.py:3089} INFO - Sync 1 DAGs
[2026-04-08T09:53:32.525+0000] {logging_mixin.py:188} INFO - [2026-04-08T09:53:32.524+0000] {dag.py:3947} INFO - Setting next_dagrun for maintenance_cleanup_logs to 2026-04-08 00:00:00+00:00, run_after=2026-04-09 00:00:00+00:00
[2026-04-08T09:53:32.646+0000] {processor.py:183} INFO - Processing /opt/airflow/dags/maintenance_logs.py took 0.512 seconds
[2026-04-08T09:54:03.365+0000] {processor.py:161} INFO - Started process (PID=431) to work on /opt/airflow/dags/maintenance_logs.py
[2026-04-08T09:54:03.367+0000] {processor.py:830} INFO - Processing file /opt/airflow/dags/maintenance_logs.py for tasks to queue
[2026-04-08T09:54:03.371+0000] {logging_mixin.py:188} INFO - [2026-04-08T09:54:03.370+0000] {dagbag.py:545} INFO - Filling up the DagBag from /opt/airflow/dags/maintenance_logs.py
[2026-04-08T09:54:03.418+0000] {processor.py:840} INFO - DAG(s) 'maintenance_cleanup_logs' retrieved from /opt/airflow/dags/maintenance_logs.py
[2026-04-08T09:54:03.536+0000] {logging_mixin.py:188} INFO - [2026-04-08T09:54:03.535+0000] {dag.py:3089} INFO - Sync 1 DAGs
[2026-04-08T09:54:03.586+0000] {logging_mixin.py:188} INFO - [2026-04-08T09:54:03.585+0000] {dag.py:3947} INFO - Setting next_dagrun for maintenance_cleanup_logs to 2026-04-08 00:00:00+00:00, run_after=2026-04-09 00:00:00+00:00
[2026-04-08T09:54:03.661+0000] {processor.py:183} INFO - Processing /opt/airflow/dags/maintenance_logs.py took 0.308 seconds
[2026-04-08T09:54:33.897+0000] {processor.py:161} INFO - Started process (PID=442) to work on /opt/airflow/dags/maintenance_logs.py
[2026-04-08T09:54:33.899+0000] {processor.py:830} INFO - Processing file /opt/airflow/dags/maintenance_logs.py for tasks to queue
[2026-04-08T09:54:33.902+0000] {logging_mixin.py:188} INFO - [2026-04-08T09:54:33.901+0000] {dagbag.py:545} INFO - Filling up the DagBag from /opt/airflow/dags/maintenance_logs.py
[2026-04-08T09:54:33.943+0000] {processor.py:840} INFO - DAG(s) 'maintenance_cleanup_logs' retrieved from /opt/airflow/dags/maintenance_logs.py
[2026-04-08T09:54:34.055+0000] {logging_mixin.py:188} INFO - [2026-04-08T09:54:34.055+0000] {dag.py:3089} INFO - Sync 1 DAGs
[2026-04-08T09:54:34.099+0000] {logging_mixin.py:188} INFO - [2026-04-08T09:54:34.098+0000] {dag.py:3947} INFO - Setting next_dagrun for maintenance_cleanup_logs to 2026-04-08 00:00:00+00:00, run_after=2026-04-09 00:00:00+00:00
[2026-04-08T09:54:34.142+0000] {processor.py:183} INFO - Processing /opt/airflow/dags/maintenance_logs.py took 0.259 seconds
[2026-04-08T09:55:04.547+0000] {processor.py:161} INFO - Started process (PID=453) to work on /opt/airflow/dags/maintenance_logs.py
[2026-04-08T09:55:04.548+0000] {processor.py:830} INFO - Processing file /opt/airflow/dags/maintenance_logs.py for tasks to queue
[2026-04-08T09:55:04.551+0000] {logging_mixin.py:188} INFO - [2026-04-08T09:55:04.551+0000] {dagbag.py:545} INFO - Filling up the DagBag from /opt/airflow/dags/maintenance_logs.py
[2026-04-08T09:55:04.593+0000] {processor.py:840} INFO - DAG(s) 'maintenance_cleanup_logs' retrieved from /opt/airflow/dags/maintenance_logs.py
[2026-04-08T09:55:04.677+0000] {logging_mixin.py:188} INFO - [2026-04-08T09:55:04.676+0000] {dag.py:3089} INFO - Sync 1 DAGs
[2026-04-08T09:55:04.718+0000] {logging_mixin.py:188} INFO - [2026-04-08T09:55:04.718+0000] {dag.py:3947} INFO - Setting next_dagrun for maintenance_cleanup_logs to 2026-04-08 00:00:00+00:00, run_after=2026-04-09 00:00:00+00:00
[2026-04-08T09:55:04.761+0000] {processor.py:183} INFO - Processing /opt/airflow/dags/maintenance_logs.py took 0.225 seconds
[2026-04-08T09:55:35.306+0000] {processor.py:161} INFO - Started process (PID=464) to work on /opt/airflow/dags/maintenance_logs.py
[2026-04-08T09:55:35.308+0000] {processor.py:830} INFO - Processing file /opt/airflow/dags/maintenance_logs.py for tasks to queue
[2026-04-08T09:55:35.316+0000] {logging_mixin.py:188} INFO - [2026-04-08T09:55:35.316+0000] {dagbag.py:545} INFO - Filling up the DagBag from /opt/airflow/dags/maintenance_logs.py
[2026-04-08T09:55:35.365+0000] {processor.py:840} INFO - DAG(s) 'maintenance_cleanup_logs' retrieved from /opt/airflow/dags/maintenance_logs.py
[2026-04-08T09:55:35.463+0000] {logging_mixin.py:188} INFO - [2026-04-08T09:55:35.462+0000] {dag.py:3089} INFO - Sync 1 DAGs
[2026-04-08T09:55:35.515+0000] {logging_mixin.py:188} INFO - [2026-04-08T09:55:35.514+0000] {dag.py:3947} INFO - Setting next_dagrun for maintenance_cleanup_logs to 2026-04-08 00:00:00+00:00, run_after=2026-04-09 00:00:00+00:00
[2026-04-08T09:55:35.568+0000] {processor.py:183} INFO - Processing /opt/airflow/dags/maintenance_logs.py took 0.275 seconds
[2026-04-08T09:56:05.733+0000] {processor.py:161} INFO - Started process (PID=475) to work on /opt/airflow/dags/maintenance_logs.py
[2026-04-08T09:56:05.736+0000] {processor.py:830} INFO - Processing file /opt/airflow/dags/maintenance_logs.py for tasks to queue
[2026-04-08T09:56:05.742+0000] {logging_mixin.py:188} INFO - [2026-04-08T09:56:05.742+0000] {dagbag.py:545} INFO - Filling up the DagBag from /opt/airflow/dags/maintenance_logs.py
[2026-04-08T09:56:05.908+0000] {processor.py:840} INFO - DAG(s) 'maintenance_cleanup_logs' retrieved from /opt/airflow/dags/maintenance_logs.py
[2026-04-08T09:56:06.068+0000] {logging_mixin.py:188} INFO - [2026-04-08T09:56:06.068+0000] {dag.py:3089} INFO - Sync 1 DAGs
[2026-04-08T09:56:06.146+0000] {logging_mixin.py:188} INFO - [2026-04-08T09:56:06.146+0000] {dag.py:3947} INFO - Setting next_dagrun for maintenance_cleanup_logs to 2026-04-08 00:00:00+00:00, run_after=2026-04-09 00:00:00+00:00
[2026-04-08T09:56:06.233+0000] {processor.py:183} INFO - Processing /opt/airflow/dags/maintenance_logs.py took 0.518 seconds
[2026-04-08T09:58:56.214+0000] {processor.py:161} INFO - Started process (PID=164) to work on /opt/airflow/dags/maintenance_logs.py
[2026-04-08T09:58:56.218+0000] {processor.py:830} INFO - Processing file /opt/airflow/dags/maintenance_logs.py for tasks to queue
[2026-04-08T09:58:56.254+0000] {logging_mixin.py:188} INFO - [2026-04-08T09:58:56.253+0000] {dagbag.py:545} INFO - Filling up the DagBag from /opt/airflow/dags/maintenance_logs.py
[2026-04-08T09:58:56.617+0000] {processor.py:840} INFO - DAG(s) 'maintenance_cleanup_logs' retrieved from /opt/airflow/dags/maintenance_logs.py
[2026-04-08T09:58:56.872+0000] {logging_mixin.py:188} INFO - [2026-04-08T09:58:56.871+0000] {dag.py:3089} INFO - Sync 1 DAGs
[2026-04-08T09:58:56.971+0000] {logging_mixin.py:188} INFO - [2026-04-08T09:58:56.969+0000] {dag.py:3947} INFO - Setting next_dagrun for maintenance_cleanup_logs to 2026-04-08 00:00:00+00:00, run_after=2026-04-09 00:00:00+00:00
[2026-04-08T09:58:57.067+0000] {processor.py:183} INFO - Processing /opt/airflow/dags/maintenance_logs.py took 0.981 seconds
[2026-04-08T09:59:27.373+0000] {processor.py:161} INFO - Started process (PID=175) to work on /opt/airflow/dags/maintenance_logs.py
[2026-04-08T09:59:27.386+0000] {processor.py:830} INFO - Processing file /opt/airflow/dags/maintenance_logs.py for tasks to queue
[2026-04-08T09:59:27.434+0000] {logging_mixin.py:188} INFO - [2026-04-08T09:59:27.428+0000] {dagbag.py:545} INFO - Filling up the DagBag from /opt/airflow/dags/maintenance_logs.py
[2026-04-08T09:59:27.567+0000] {processor.py:840} INFO - DAG(s) 'maintenance_cleanup_logs' retrieved from /opt/airflow/dags/maintenance_logs.py
[2026-04-08T09:59:28.413+0000] {logging_mixin.py:188} INFO - [2026-04-08T09:59:28.412+0000] {dag.py:3089} INFO - Sync 1 DAGs
[2026-04-08T09:59:28.508+0000] {logging_mixin.py:188} INFO - [2026-04-08T09:59:28.507+0000] {dag.py:3947} INFO - Setting next_dagrun for maintenance_cleanup_logs to 2026-04-08 00:00:00+00:00, run_after=2026-04-09 00:00:00+00:00
[2026-04-08T09:59:28.587+0000] {processor.py:183} INFO - Processing /opt/airflow/dags/maintenance_logs.py took 1.283 seconds
[2026-04-08T09:59:59.299+0000] {processor.py:161} INFO - Started process (PID=186) to work on /opt/airflow/dags/maintenance_logs.py
[2026-04-08T09:59:59.308+0000] {processor.py:830} INFO - Processing file /opt/airflow/dags/maintenance_logs.py for tasks to queue
[2026-04-08T09:59:59.330+0000] {logging_mixin.py:188} INFO - [2026-04-08T09:59:59.324+0000] {dagbag.py:545} INFO - Filling up the DagBag from /opt/airflow/dags/maintenance_logs.py
[2026-04-08T09:59:59.432+0000] {processor.py:840} INFO - DAG(s) 'maintenance_cleanup_logs' retrieved from /opt/airflow/dags/maintenance_logs.py
[2026-04-08T09:59:59.624+0000] {logging_mixin.py:188} INFO - [2026-04-08T09:59:59.623+0000] {dag.py:3089} INFO - Sync 1 DAGs
[2026-04-08T09:59:59.848+0000] {logging_mixin.py:188} INFO - [2026-04-08T09:59:59.848+0000] {dag.py:3947} INFO - Setting next_dagrun for maintenance_cleanup_logs to 2026-04-08 00:00:00+00:00, run_after=2026-04-09 00:00:00+00:00
[2026-04-08T09:59:59.930+0000] {processor.py:183} INFO - Processing /opt/airflow/dags/maintenance_logs.py took 0.729 seconds
[2026-04-08T10:00:30.867+0000] {processor.py:161} INFO - Started process (PID=201) to work on /opt/airflow/dags/maintenance_logs.py
[2026-04-08T10:00:30.869+0000] {processor.py:830} INFO - Processing file /opt/airflow/dags/maintenance_logs.py for tasks to queue
[2026-04-08T10:00:30.873+0000] {logging_mixin.py:188} INFO - [2026-04-08T10:00:30.872+0000] {dagbag.py:545} INFO - Filling up the DagBag from /opt/airflow/dags/maintenance_logs.py
[2026-04-08T10:00:30.931+0000] {processor.py:840} INFO - DAG(s) 'maintenance_cleanup_logs' retrieved from /opt/airflow/dags/maintenance_logs.py
[2026-04-08T10:00:31.056+0000] {logging_mixin.py:188} INFO - [2026-04-08T10:00:31.055+0000] {dag.py:3089} INFO - Sync 1 DAGs
[2026-04-08T10:00:31.107+0000] {logging_mixin.py:188} INFO - [2026-04-08T10:00:31.107+0000] {dag.py:3947} INFO - Setting next_dagrun for maintenance_cleanup_logs to 2026-04-08 00:00:00+00:00, run_after=2026-04-09 00:00:00+00:00
[2026-04-08T10:00:31.156+0000] {processor.py:183} INFO - Processing /opt/airflow/dags/maintenance_logs.py took 0.300 seconds
[2026-04-08T10:01:01.897+0000] {processor.py:161} INFO - Started process (PID=212) to work on /opt/airflow/dags/maintenance_logs.py
[2026-04-08T10:01:01.902+0000] {processor.py:830} INFO - Processing file /opt/airflow/dags/maintenance_logs.py for tasks to queue
[2026-04-08T10:01:01.910+0000] {logging_mixin.py:188} INFO - [2026-04-08T10:01:01.909+0000] {dagbag.py:545} INFO - Filling up the DagBag from /opt/airflow/dags/maintenance_logs.py
[2026-04-08T10:01:01.970+0000] {processor.py:840} INFO - DAG(s) 'maintenance_cleanup_logs' retrieved from /opt/airflow/dags/maintenance_logs.py
[2026-04-08T10:01:02.069+0000] {logging_mixin.py:188} INFO - [2026-04-08T10:01:02.069+0000] {dag.py:3089} INFO - Sync 1 DAGs
[2026-04-08T10:01:02.110+0000] {logging_mixin.py:188} INFO - [2026-04-08T10:01:02.110+0000] {dag.py:3947} INFO - Setting next_dagrun for maintenance_cleanup_logs to 2026-04-08 00:00:00+00:00, run_after=2026-04-09 00:00:00+00:00
[2026-04-08T10:01:02.154+0000] {processor.py:183} INFO - Processing /opt/airflow/dags/maintenance_logs.py took 0.343 seconds
[2026-04-08T10:01:32.215+0000] {processor.py:161} INFO - Started process (PID=223) to work on /opt/airflow/dags/maintenance_logs.py
[2026-04-08T10:01:32.216+0000] {processor.py:830} INFO - Processing file /opt/airflow/dags/maintenance_logs.py for tasks to queue
[2026-04-08T10:01:32.219+0000] {logging_mixin.py:188} INFO - [2026-04-08T10:01:32.219+0000] {dagbag.py:545} INFO - Filling up the DagBag from /opt/airflow/dags/maintenance_logs.py
[2026-04-08T10:01:32.259+0000] {processor.py:840} INFO - DAG(s) 'maintenance_cleanup_logs' retrieved from /opt/airflow/dags/maintenance_logs.py
[2026-04-08T10:01:32.382+0000] {logging_mixin.py:188} INFO - [2026-04-08T10:01:32.381+0000] {dag.py:3089} INFO - Sync 1 DAGs
[2026-04-08T10:01:32.466+0000] {logging_mixin.py:188} INFO - [2026-04-08T10:01:32.465+0000] {dag.py:3947} INFO - Setting next_dagrun for maintenance_cleanup_logs to 2026-04-08 00:00:00+00:00, run_after=2026-04-09 00:00:00+00:00
[2026-04-08T10:01:32.534+0000] {processor.py:183} INFO - Processing /opt/airflow/dags/maintenance_logs.py took 0.330 seconds
[2026-04-08T10:02:03.044+0000] {processor.py:161} INFO - Started process (PID=234) to work on /opt/airflow/dags/maintenance_logs.py
[2026-04-08T10:02:03.046+0000] {processor.py:830} INFO - Processing file /opt/airflow/dags/maintenance_logs.py for tasks to queue
[2026-04-08T10:02:03.050+0000] {logging_mixin.py:188} INFO - [2026-04-08T10:02:03.049+0000] {dagbag.py:545} INFO - Filling up the DagBag from /opt/airflow/dags/maintenance_logs.py
[2026-04-08T10:02:03.092+0000] {processor.py:840} INFO - DAG(s) 'maintenance_cleanup_logs' retrieved from /opt/airflow/dags/maintenance_logs.py
[2026-04-08T10:02:03.186+0000] {logging_mixin.py:188} INFO - [2026-04-08T10:02:03.185+0000] {dag.py:3089} INFO - Sync 1 DAGs
[2026-04-08T10:02:03.265+0000] {logging_mixin.py:188} INFO - [2026-04-08T10:02:03.264+0000] {dag.py:3947} INFO - Setting next_dagrun for maintenance_cleanup_logs to 2026-04-08 00:00:00+00:00, run_after=2026-04-09 00:00:00+00:00
[2026-04-08T10:02:03.358+0000] {processor.py:183} INFO - Processing /opt/airflow/dags/maintenance_logs.py took 0.323 seconds
[2026-04-08T10:02:33.933+0000] {processor.py:161} INFO - Started process (PID=245) to work on /opt/airflow/dags/maintenance_logs.py
[2026-04-08T10:02:34.004+0000] {processor.py:830} INFO - Processing file /opt/airflow/dags/maintenance_logs.py for tasks to queue
[2026-04-08T10:02:34.059+0000] {logging_mixin.py:188} INFO - [2026-04-08T10:02:34.043+0000] {dagbag.py:545} INFO - Filling up the DagBag from /opt/airflow/dags/maintenance_logs.py
[2026-04-08T10:02:34.396+0000] {processor.py:840} INFO - DAG(s) 'maintenance_cleanup_logs' retrieved from /opt/airflow/dags/maintenance_logs.py
[2026-04-08T10:02:34.533+0000] {logging_mixin.py:188} INFO - [2026-04-08T10:02:34.533+0000] {dag.py:3089} INFO - Sync 1 DAGs
[2026-04-08T10:02:34.583+0000] {logging_mixin.py:188} INFO - [2026-04-08T10:02:34.583+0000] {dag.py:3947} INFO - Setting next_dagrun for maintenance_cleanup_logs to 2026-04-08 00:00:00+00:00, run_after=2026-04-09 00:00:00+00:00
[2026-04-08T10:02:34.627+0000] {processor.py:183} INFO - Processing /opt/airflow/dags/maintenance_logs.py took 0.767 seconds
[2026-04-08T10:03:05.473+0000] {processor.py:161} INFO - Started process (PID=256) to work on /opt/airflow/dags/maintenance_logs.py
[2026-04-08T10:03:05.475+0000] {processor.py:830} INFO - Processing file /opt/airflow/dags/maintenance_logs.py for tasks to queue
[2026-04-08T10:03:05.480+0000] {logging_mixin.py:188} INFO - [2026-04-08T10:03:05.479+0000] {dagbag.py:545} INFO - Filling up the DagBag from /opt/airflow/dags/maintenance_logs.py
[2026-04-08T10:03:05.540+0000] {processor.py:840} INFO - DAG(s) 'maintenance_cleanup_logs' retrieved from /opt/airflow/dags/maintenance_logs.py
[2026-04-08T10:03:05.797+0000] {logging_mixin.py:188} INFO - [2026-04-08T10:03:05.796+0000] {dag.py:3089} INFO - Sync 1 DAGs
[2026-04-08T10:03:05.877+0000] {logging_mixin.py:188} INFO - [2026-04-08T10:03:05.876+0000] {dag.py:3947} INFO - Setting next_dagrun for maintenance_cleanup_logs to 2026-04-08 00:00:00+00:00, run_after=2026-04-09 00:00:00+00:00
[2026-04-08T10:03:05.949+0000] {processor.py:183} INFO - Processing /opt/airflow/dags/maintenance_logs.py took 0.496 seconds
[2026-04-08T10:03:36.071+0000] {processor.py:161} INFO - Started process (PID=267) to work on /opt/airflow/dags/maintenance_logs.py
[2026-04-08T10:03:36.074+0000] {processor.py:830} INFO - Processing file /opt/airflow/dags/maintenance_logs.py for tasks to queue
[2026-04-08T10:03:36.078+0000] {logging_mixin.py:188} INFO - [2026-04-08T10:03:36.077+0000] {dagbag.py:545} INFO - Filling up the DagBag from /opt/airflow/dags/maintenance_logs.py
[2026-04-08T10:03:36.124+0000] {processor.py:840} INFO - DAG(s) 'maintenance_cleanup_logs' retrieved from /opt/airflow/dags/maintenance_logs.py
[2026-04-08T10:03:36.253+0000] {logging_mixin.py:188} INFO - [2026-04-08T10:03:36.252+0000] {dag.py:3089} INFO - Sync 1 DAGs
[2026-04-08T10:03:36.336+0000] {logging_mixin.py:188} INFO - [2026-04-08T10:03:36.335+0000] {dag.py:3947} INFO - Setting next_dagrun for maintenance_cleanup_logs to 2026-04-08 00:00:00+00:00, run_after=2026-04-09 00:00:00+00:00
[2026-04-08T10:03:36.386+0000] {processor.py:183} INFO - Processing /opt/airflow/dags/maintenance_logs.py took 0.329 seconds
[2026-04-08T10:04:06.558+0000] {processor.py:161} INFO - Started process (PID=278) to work on /opt/airflow/dags/maintenance_logs.py
[2026-04-08T10:04:06.563+0000] {processor.py:830} INFO - Processing file /opt/airflow/dags/maintenance_logs.py for tasks to queue
[2026-04-08T10:04:06.573+0000] {logging_mixin.py:188} INFO - [2026-04-08T10:04:06.571+0000] {dagbag.py:545} INFO - Filling up the DagBag from /opt/airflow/dags/maintenance_logs.py
[2026-04-08T10:04:06.722+0000] {processor.py:840} INFO - DAG(s) 'maintenance_cleanup_logs' retrieved from /opt/airflow/dags/maintenance_logs.py
[2026-04-08T10:04:07.000+0000] {logging_mixin.py:188} INFO - [2026-04-08T10:04:06.999+0000] {dag.py:3089} INFO - Sync 1 DAGs
[2026-04-08T10:04:07.091+0000] {logging_mixin.py:188} INFO - [2026-04-08T10:04:07.090+0000] {dag.py:3947} INFO - Setting next_dagrun for maintenance_cleanup_logs to 2026-04-08 00:00:00+00:00, run_after=2026-04-09 00:00:00+00:00
[2026-04-08T10:04:07.137+0000] {processor.py:183} INFO - Processing /opt/airflow/dags/maintenance_logs.py took 0.610 seconds
[2026-04-08T10:04:37.712+0000] {processor.py:161} INFO - Started process (PID=289) to work on /opt/airflow/dags/maintenance_logs.py
[2026-04-08T10:04:37.714+0000] {processor.py:830} INFO - Processing file /opt/airflow/dags/maintenance_logs.py for tasks to queue
[2026-04-08T10:04:37.719+0000] {logging_mixin.py:188} INFO - [2026-04-08T10:04:37.717+0000] {dagbag.py:545} INFO - Filling up the DagBag from /opt/airflow/dags/maintenance_logs.py
[2026-04-08T10:04:37.765+0000] {processor.py:840} INFO - DAG(s) 'maintenance_cleanup_logs' retrieved from /opt/airflow/dags/maintenance_logs.py
[2026-04-08T10:04:37.892+0000] {logging_mixin.py:188} INFO - [2026-04-08T10:04:37.892+0000] {dag.py:3089} INFO - Sync 1 DAGs
[2026-04-08T10:04:37.947+0000] {logging_mixin.py:188} INFO - [2026-04-08T10:04:37.946+0000] {dag.py:3947} INFO - Setting next_dagrun for maintenance_cleanup_logs to 2026-04-08 00:00:00+00:00, run_after=2026-04-09 00:00:00+00:00
[2026-04-08T10:04:37.997+0000] {processor.py:183} INFO - Processing /opt/airflow/dags/maintenance_logs.py took 0.298 seconds
[2026-04-08T10:05:08.137+0000] {processor.py:161} INFO - Started process (PID=300) to work on /opt/airflow/dags/maintenance_logs.py
[2026-04-08T10:05:08.138+0000] {processor.py:830} INFO - Processing file /opt/airflow/dags/maintenance_logs.py for tasks to queue
[2026-04-08T10:05:08.143+0000] {logging_mixin.py:188} INFO - [2026-04-08T10:05:08.142+0000] {dagbag.py:545} INFO - Filling up the DagBag from /opt/airflow/dags/maintenance_logs.py
[2026-04-08T10:05:08.213+0000] {processor.py:840} INFO - DAG(s) 'maintenance_cleanup_logs' retrieved from /opt/airflow/dags/maintenance_logs.py
[2026-04-08T10:05:08.317+0000] {logging_mixin.py:188} INFO - [2026-04-08T10:05:08.316+0000] {dag.py:3089} INFO - Sync 1 DAGs
[2026-04-08T10:05:08.357+0000] {logging_mixin.py:188} INFO - [2026-04-08T10:05:08.357+0000] {dag.py:3947} INFO - Setting next_dagrun for maintenance_cleanup_logs to 2026-04-08 00:00:00+00:00, run_after=2026-04-09 00:00:00+00:00
[2026-04-08T10:05:08.401+0000] {processor.py:183} INFO - Processing /opt/airflow/dags/maintenance_logs.py took 0.275 seconds
[2026-04-08T10:05:38.906+0000] {processor.py:161} INFO - Started process (PID=308) to work on /opt/airflow/dags/maintenance_logs.py
[2026-04-08T10:05:38.909+0000] {processor.py:830} INFO - Processing file /opt/airflow/dags/maintenance_logs.py for tasks to queue
[2026-04-08T10:05:38.925+0000] {logging_mixin.py:188} INFO - [2026-04-08T10:05:38.924+0000] {dagbag.py:545} INFO - Filling up the DagBag from /opt/airflow/dags/maintenance_logs.py
[2026-04-08T10:05:39.002+0000] {processor.py:840} INFO - DAG(s) 'maintenance_cleanup_logs' retrieved from /opt/airflow/dags/maintenance_logs.py
[2026-04-08T10:05:39.337+0000] {logging_mixin.py:188} INFO - [2026-04-08T10:05:39.336+0000] {dag.py:3089} INFO - Sync 1 DAGs
[2026-04-08T10:05:39.490+0000] {logging_mixin.py:188} INFO - [2026-04-08T10:05:39.489+0000] {dag.py:3947} INFO - Setting next_dagrun for maintenance_cleanup_logs to 2026-04-08 00:00:00+00:00, run_after=2026-04-09 00:00:00+00:00
[2026-04-08T10:05:39.659+0000] {processor.py:183} INFO - Processing /opt/airflow/dags/maintenance_logs.py took 0.789 seconds
[2026-04-08T10:06:10.086+0000] {processor.py:161} INFO - Started process (PID=316) to work on /opt/airflow/dags/maintenance_logs.py
[2026-04-08T10:06:10.092+0000] {processor.py:830} INFO - Processing file /opt/airflow/dags/maintenance_logs.py for tasks to queue
[2026-04-08T10:06:10.102+0000] {logging_mixin.py:188} INFO - [2026-04-08T10:06:10.100+0000] {dagbag.py:545} INFO - Filling up the DagBag from /opt/airflow/dags/maintenance_logs.py
[2026-04-08T10:06:10.347+0000] {processor.py:840} INFO - DAG(s) 'maintenance_cleanup_logs' retrieved from /opt/airflow/dags/maintenance_logs.py
[2026-04-08T10:06:10.557+0000] {logging_mixin.py:188} INFO - [2026-04-08T10:06:10.556+0000] {dag.py:3089} INFO - Sync 1 DAGs
[2026-04-08T10:06:10.665+0000] {logging_mixin.py:188} INFO - [2026-04-08T10:06:10.664+0000] {dag.py:3947} INFO - Setting next_dagrun for maintenance_cleanup_logs to 2026-04-08 00:00:00+00:00, run_after=2026-04-09 00:00:00+00:00
[2026-04-08T10:06:10.750+0000] {processor.py:183} INFO - Processing /opt/airflow/dags/maintenance_logs.py took 0.692 seconds
[2026-04-08T10:06:41.448+0000] {processor.py:161} INFO - Started process (PID=327) to work on /opt/airflow/dags/maintenance_logs.py
[2026-04-08T10:06:41.450+0000] {processor.py:830} INFO - Processing file /opt/airflow/dags/maintenance_logs.py for tasks to queue
[2026-04-08T10:06:41.455+0000] {logging_mixin.py:188} INFO - [2026-04-08T10:06:41.454+0000] {dagbag.py:545} INFO - Filling up the DagBag from /opt/airflow/dags/maintenance_logs.py
[2026-04-08T10:06:41.500+0000] {processor.py:840} INFO - DAG(s) 'maintenance_cleanup_logs' retrieved from /opt/airflow/dags/maintenance_logs.py
[2026-04-08T10:06:41.588+0000] {logging_mixin.py:188} INFO - [2026-04-08T10:06:41.588+0000] {dag.py:3089} INFO - Sync 1 DAGs
[2026-04-08T10:06:41.630+0000] {logging_mixin.py:188} INFO - [2026-04-08T10:06:41.629+0000] {dag.py:3947} INFO - Setting next_dagrun for maintenance_cleanup_logs to 2026-04-08 00:00:00+00:00, run_after=2026-04-09 00:00:00+00:00
[2026-04-08T10:06:41.692+0000] {processor.py:183} INFO - Processing /opt/airflow/dags/maintenance_logs.py took 0.257 seconds
[2026-04-08T10:07:12.005+0000] {processor.py:161} INFO - Started process (PID=338) to work on /opt/airflow/dags/maintenance_logs.py
[2026-04-08T10:07:12.010+0000] {processor.py:830} INFO - Processing file /opt/airflow/dags/maintenance_logs.py for tasks to queue
[2026-04-08T10:07:12.019+0000] {logging_mixin.py:188} INFO - [2026-04-08T10:07:12.018+0000] {dagbag.py:545} INFO - Filling up the DagBag from /opt/airflow/dags/maintenance_logs.py
[2026-04-08T10:07:12.172+0000] {processor.py:840} INFO - DAG(s) 'maintenance_cleanup_logs' retrieved from /opt/airflow/dags/maintenance_logs.py
[2026-04-08T10:07:12.395+0000] {logging_mixin.py:188} INFO - [2026-04-08T10:07:12.395+0000] {dag.py:3089} INFO - Sync 1 DAGs
[2026-04-08T10:07:12.458+0000] {logging_mixin.py:188} INFO - [2026-04-08T10:07:12.458+0000] {dag.py:3947} INFO - Setting next_dagrun for maintenance_cleanup_logs to 2026-04-08 00:00:00+00:00, run_after=2026-04-09 00:00:00+00:00
[2026-04-08T10:07:12.512+0000] {processor.py:183} INFO - Processing /opt/airflow/dags/maintenance_logs.py took 0.539 seconds
[2026-04-08T10:09:41.445+0000] {processor.py:161} INFO - Started process (PID=164) to work on /opt/airflow/dags/maintenance_logs.py
[2026-04-08T10:09:41.449+0000] {processor.py:830} INFO - Processing file /opt/airflow/dags/maintenance_logs.py for tasks to queue
[2026-04-08T10:09:41.462+0000] {logging_mixin.py:188} INFO - [2026-04-08T10:09:41.459+0000] {dagbag.py:545} INFO - Filling up the DagBag from /opt/airflow/dags/maintenance_logs.py
[2026-04-08T10:09:41.665+0000] {processor.py:840} INFO - DAG(s) 'maintenance_cleanup_logs' retrieved from /opt/airflow/dags/maintenance_logs.py
[2026-04-08T10:09:42.069+0000] {logging_mixin.py:188} INFO - [2026-04-08T10:09:42.069+0000] {dag.py:3089} INFO - Sync 1 DAGs
[2026-04-08T10:09:42.439+0000] {logging_mixin.py:188} INFO - [2026-04-08T10:09:42.438+0000] {dag.py:3947} INFO - Setting next_dagrun for maintenance_cleanup_logs to 2026-04-08 00:00:00+00:00, run_after=2026-04-09 00:00:00+00:00
[2026-04-08T10:09:42.752+0000] {processor.py:183} INFO - Processing /opt/airflow/dags/maintenance_logs.py took 1.339 seconds
[2026-04-08T10:10:13.345+0000] {processor.py:161} INFO - Started process (PID=175) to work on /opt/airflow/dags/maintenance_logs.py
[2026-04-08T10:10:13.356+0000] {processor.py:830} INFO - Processing file /opt/airflow/dags/maintenance_logs.py for tasks to queue
[2026-04-08T10:10:13.406+0000] {logging_mixin.py:188} INFO - [2026-04-08T10:10:13.401+0000] {dagbag.py:545} INFO - Filling up the DagBag from /opt/airflow/dags/maintenance_logs.py
[2026-04-08T10:10:13.570+0000] {processor.py:840} INFO - DAG(s) 'maintenance_cleanup_logs' retrieved from /opt/airflow/dags/maintenance_logs.py
[2026-04-08T10:10:14.729+0000] {logging_mixin.py:188} INFO - [2026-04-08T10:10:14.728+0000] {dag.py:3089} INFO - Sync 1 DAGs
[2026-04-08T10:10:14.839+0000] {logging_mixin.py:188} INFO - [2026-04-08T10:10:14.839+0000] {dag.py:3947} INFO - Setting next_dagrun for maintenance_cleanup_logs to 2026-04-08 00:00:00+00:00, run_after=2026-04-09 00:00:00+00:00
[2026-04-08T10:10:14.942+0000] {processor.py:183} INFO - Processing /opt/airflow/dags/maintenance_logs.py took 1.628 seconds
[2026-04-08T10:10:45.596+0000] {processor.py:161} INFO - Started process (PID=186) to work on /opt/airflow/dags/maintenance_logs.py
[2026-04-08T10:10:45.604+0000] {processor.py:830} INFO - Processing file /opt/airflow/dags/maintenance_logs.py for tasks to queue
[2026-04-08T10:10:45.623+0000] {logging_mixin.py:188} INFO - [2026-04-08T10:10:45.622+0000] {dagbag.py:545} INFO - Filling up the DagBag from /opt/airflow/dags/maintenance_logs.py
[2026-04-08T10:10:45.741+0000] {processor.py:840} INFO - DAG(s) 'maintenance_cleanup_logs' retrieved from /opt/airflow/dags/maintenance_logs.py
[2026-04-08T10:10:46.042+0000] {logging_mixin.py:188} INFO - [2026-04-08T10:10:46.039+0000] {dag.py:3089} INFO - Sync 1 DAGs
[2026-04-08T10:10:46.223+0000] {logging_mixin.py:188} INFO - [2026-04-08T10:10:46.222+0000] {dag.py:3947} INFO - Setting next_dagrun for maintenance_cleanup_logs to 2026-04-08 00:00:00+00:00, run_after=2026-04-09 00:00:00+00:00
[2026-04-08T10:10:46.385+0000] {processor.py:183} INFO - Processing /opt/airflow/dags/maintenance_logs.py took 0.839 seconds
[2026-04-08T10:11:16.645+0000] {processor.py:161} INFO - Started process (PID=199) to work on /opt/airflow/dags/maintenance_logs.py
[2026-04-08T10:11:16.648+0000] {processor.py:830} INFO - Processing file /opt/airflow/dags/maintenance_logs.py for tasks to queue
[2026-04-08T10:11:16.653+0000] {logging_mixin.py:188} INFO - [2026-04-08T10:11:16.652+0000] {dagbag.py:545} INFO - Filling up the DagBag from /opt/airflow/dags/maintenance_logs.py
[2026-04-08T10:11:16.710+0000] {processor.py:840} INFO - DAG(s) 'maintenance_cleanup_logs' retrieved from /opt/airflow/dags/maintenance_logs.py
[2026-04-08T10:11:16.852+0000] {logging_mixin.py:188} INFO - [2026-04-08T10:11:16.852+0000] {dag.py:3089} INFO - Sync 1 DAGs
[2026-04-08T10:11:16.911+0000] {logging_mixin.py:188} INFO - [2026-04-08T10:11:16.911+0000] {dag.py:3947} INFO - Setting next_dagrun for maintenance_cleanup_logs to 2026-04-08 00:00:00+00:00, run_after=2026-04-09 00:00:00+00:00
[2026-04-08T10:11:16.968+0000] {processor.py:183} INFO - Processing /opt/airflow/dags/maintenance_logs.py took 0.336 seconds
[2026-04-08T10:11:47.525+0000] {processor.py:161} INFO - Started process (PID=210) to work on /opt/airflow/dags/maintenance_logs.py
[2026-04-08T10:11:47.527+0000] {processor.py:830} INFO - Processing file /opt/airflow/dags/maintenance_logs.py for tasks to queue
[2026-04-08T10:11:47.532+0000] {logging_mixin.py:188} INFO - [2026-04-08T10:11:47.531+0000] {dagbag.py:545} INFO - Filling up the DagBag from /opt/airflow/dags/maintenance_logs.py
[2026-04-08T10:11:47.575+0000] {processor.py:840} INFO - DAG(s) 'maintenance_cleanup_logs' retrieved from /opt/airflow/dags/maintenance_logs.py
[2026-04-08T10:11:47.688+0000] {logging_mixin.py:188} INFO - [2026-04-08T10:11:47.687+0000] {dag.py:3089} INFO - Sync 1 DAGs
[2026-04-08T10:11:47.755+0000] {logging_mixin.py:188} INFO - [2026-04-08T10:11:47.755+0000] {dag.py:3947} INFO - Setting next_dagrun for maintenance_cleanup_logs to 2026-04-08 00:00:00+00:00, run_after=2026-04-09 00:00:00+00:00
[2026-04-08T10:11:47.821+0000] {processor.py:183} INFO - Processing /opt/airflow/dags/maintenance_logs.py took 0.308 seconds
[2026-04-08T10:12:18.378+0000] {processor.py:161} INFO - Started process (PID=221) to work on /opt/airflow/dags/maintenance_logs.py
[2026-04-08T10:12:18.380+0000] {processor.py:830} INFO - Processing file /opt/airflow/dags/maintenance_logs.py for tasks to queue
[2026-04-08T10:12:18.385+0000] {logging_mixin.py:188} INFO - [2026-04-08T10:12:18.384+0000] {dagbag.py:545} INFO - Filling up the DagBag from /opt/airflow/dags/maintenance_logs.py
[2026-04-08T10:12:18.425+0000] {processor.py:840} INFO - DAG(s) 'maintenance_cleanup_logs' retrieved from /opt/airflow/dags/maintenance_logs.py
[2026-04-08T10:12:18.540+0000] {logging_mixin.py:188} INFO - [2026-04-08T10:12:18.540+0000] {dag.py:3089} INFO - Sync 1 DAGs
[2026-04-08T10:12:18.590+0000] {logging_mixin.py:188} INFO - [2026-04-08T10:12:18.589+0000] {dag.py:3947} INFO - Setting next_dagrun for maintenance_cleanup_logs to 2026-04-08 00:00:00+00:00, run_after=2026-04-09 00:00:00+00:00
[2026-04-08T10:12:18.656+0000] {processor.py:183} INFO - Processing /opt/airflow/dags/maintenance_logs.py took 0.291 seconds
[2026-04-08T10:12:49.262+0000] {processor.py:161} INFO - Started process (PID=232) to work on /opt/airflow/dags/maintenance_logs.py
[2026-04-08T10:12:49.263+0000] {processor.py:830} INFO - Processing file /opt/airflow/dags/maintenance_logs.py for tasks to queue
[2026-04-08T10:12:49.266+0000] {logging_mixin.py:188} INFO - [2026-04-08T10:12:49.266+0000] {dagbag.py:545} INFO - Filling up the DagBag from /opt/airflow/dags/maintenance_logs.py
[2026-04-08T10:12:49.318+0000] {processor.py:840} INFO - DAG(s) 'maintenance_cleanup_logs' retrieved from /opt/airflow/dags/maintenance_logs.py
[2026-04-08T10:12:49.420+0000] {logging_mixin.py:188} INFO - [2026-04-08T10:12:49.419+0000] {dag.py:3089} INFO - Sync 1 DAGs
[2026-04-08T10:12:49.479+0000] {logging_mixin.py:188} INFO - [2026-04-08T10:12:49.479+0000] {dag.py:3947} INFO - Setting next_dagrun for maintenance_cleanup_logs to 2026-04-08 00:00:00+00:00, run_after=2026-04-09 00:00:00+00:00
[2026-04-08T10:12:49.524+0000] {processor.py:183} INFO - Processing /opt/airflow/dags/maintenance_logs.py took 0.271 seconds
[2026-04-08T10:13:19.634+0000] {processor.py:161} INFO - Started process (PID=243) to work on /opt/airflow/dags/maintenance_logs.py
[2026-04-08T10:13:19.636+0000] {processor.py:830} INFO - Processing file /opt/airflow/dags/maintenance_logs.py for tasks to queue
[2026-04-08T10:13:19.639+0000] {logging_mixin.py:188} INFO - [2026-04-08T10:13:19.639+0000] {dagbag.py:545} INFO - Filling up the DagBag from /opt/airflow/dags/maintenance_logs.py
[2026-04-08T10:13:19.695+0000] {processor.py:840} INFO - DAG(s) 'maintenance_cleanup_logs' retrieved from /opt/airflow/dags/maintenance_logs.py
[2026-04-08T10:13:19.813+0000] {logging_mixin.py:188} INFO - [2026-04-08T10:13:19.812+0000] {dag.py:3089} INFO - Sync 1 DAGs
[2026-04-08T10:13:19.881+0000] {logging_mixin.py:188} INFO - [2026-04-08T10:13:19.880+0000] {dag.py:3947} INFO - Setting next_dagrun for maintenance_cleanup_logs to 2026-04-08 00:00:00+00:00, run_after=2026-04-09 00:00:00+00:00
[2026-04-08T10:13:19.948+0000] {processor.py:183} INFO - Processing /opt/airflow/dags/maintenance_logs.py took 0.325 seconds
[2026-04-08T10:13:50.962+0000] {processor.py:161} INFO - Started process (PID=254) to work on /opt/airflow/dags/maintenance_logs.py
[2026-04-08T10:13:50.965+0000] {processor.py:830} INFO - Processing file /opt/airflow/dags/maintenance_logs.py for tasks to queue
[2026-04-08T10:13:50.971+0000] {logging_mixin.py:188} INFO - [2026-04-08T10:13:50.970+0000] {dagbag.py:545} INFO - Filling up the DagBag from /opt/airflow/dags/maintenance_logs.py
[2026-04-08T10:13:51.025+0000] {processor.py:840} INFO - DAG(s) 'maintenance_cleanup_logs' retrieved from /opt/airflow/dags/maintenance_logs.py
[2026-04-08T10:13:51.262+0000] {logging_mixin.py:188} INFO - [2026-04-08T10:13:51.261+0000] {dag.py:3089} INFO - Sync 1 DAGs
[2026-04-08T10:13:51.314+0000] {logging_mixin.py:188} INFO - [2026-04-08T10:13:51.314+0000] {dag.py:3947} INFO - Setting next_dagrun for maintenance_cleanup_logs to 2026-04-08 00:00:00+00:00, run_after=2026-04-09 00:00:00+00:00
[2026-04-08T10:13:51.378+0000] {processor.py:183} INFO - Processing /opt/airflow/dags/maintenance_logs.py took 0.438 seconds
[2026-04-08T10:14:21.617+0000] {processor.py:161} INFO - Started process (PID=265) to work on /opt/airflow/dags/maintenance_logs.py
[2026-04-08T10:14:21.618+0000] {processor.py:830} INFO - Processing file /opt/airflow/dags/maintenance_logs.py for tasks to queue
[2026-04-08T10:14:21.623+0000] {logging_mixin.py:188} INFO - [2026-04-08T10:14:21.622+0000] {dagbag.py:545} INFO - Filling up the DagBag from /opt/airflow/dags/maintenance_logs.py
[2026-04-08T10:14:21.696+0000] {processor.py:840} INFO - DAG(s) 'maintenance_cleanup_logs' retrieved from /opt/airflow/dags/maintenance_logs.py
[2026-04-08T10:14:21.819+0000] {logging_mixin.py:188} INFO - [2026-04-08T10:14:21.819+0000] {dag.py:3089} INFO - Sync 1 DAGs
[2026-04-08T10:14:21.869+0000] {logging_mixin.py:188} INFO - [2026-04-08T10:14:21.869+0000] {dag.py:3947} INFO - Setting next_dagrun for maintenance_cleanup_logs to 2026-04-08 00:00:00+00:00, run_after=2026-04-09 00:00:00+00:00
[2026-04-08T10:14:21.976+0000] {processor.py:183} INFO - Processing /opt/airflow/dags/maintenance_logs.py took 0.375 seconds
[2026-04-08T10:14:52.498+0000] {processor.py:161} INFO - Started process (PID=276) to work on /opt/airflow/dags/maintenance_logs.py
[2026-04-08T10:14:52.499+0000] {processor.py:830} INFO - Processing file /opt/airflow/dags/maintenance_logs.py for tasks to queue
[2026-04-08T10:14:52.503+0000] {logging_mixin.py:188} INFO - [2026-04-08T10:14:52.503+0000] {dagbag.py:545} INFO - Filling up the DagBag from /opt/airflow/dags/maintenance_logs.py
[2026-04-08T10:14:52.552+0000] {processor.py:840} INFO - DAG(s) 'maintenance_cleanup_logs' retrieved from /opt/airflow/dags/maintenance_logs.py
[2026-04-08T10:14:52.650+0000] {logging_mixin.py:188} INFO - [2026-04-08T10:14:52.649+0000] {dag.py:3089} INFO - Sync 1 DAGs
[2026-04-08T10:14:52.688+0000] {logging_mixin.py:188} INFO - [2026-04-08T10:14:52.688+0000] {dag.py:3947} INFO - Setting next_dagrun for maintenance_cleanup_logs to 2026-04-08 00:00:00+00:00, run_after=2026-04-09 00:00:00+00:00
[2026-04-08T10:14:52.743+0000] {processor.py:183} INFO - Processing /opt/airflow/dags/maintenance_logs.py took 0.257 seconds
[2026-04-08T10:15:23.031+0000] {processor.py:161} INFO - Started process (PID=287) to work on /opt/airflow/dags/maintenance_logs.py
[2026-04-08T10:15:23.034+0000] {processor.py:830} INFO - Processing file /opt/airflow/dags/maintenance_logs.py for tasks to queue
[2026-04-08T10:15:23.041+0000] {logging_mixin.py:188} INFO - [2026-04-08T10:15:23.041+0000] {dagbag.py:545} INFO - Filling up the DagBag from /opt/airflow/dags/maintenance_logs.py
[2026-04-08T10:15:23.103+0000] {processor.py:840} INFO - DAG(s) 'maintenance_cleanup_logs' retrieved from /opt/airflow/dags/maintenance_logs.py
[2026-04-08T10:15:23.223+0000] {logging_mixin.py:188} INFO - [2026-04-08T10:15:23.223+0000] {dag.py:3089} INFO - Sync 1 DAGs
[2026-04-08T10:15:23.276+0000] {logging_mixin.py:188} INFO - [2026-04-08T10:15:23.275+0000] {dag.py:3947} INFO - Setting next_dagrun for maintenance_cleanup_logs to 2026-04-08 00:00:00+00:00, run_after=2026-04-09 00:00:00+00:00
[2026-04-08T10:15:23.374+0000] {processor.py:183} INFO - Processing /opt/airflow/dags/maintenance_logs.py took 0.365 seconds
[2026-04-08T10:15:53.996+0000] {processor.py:161} INFO - Started process (PID=298) to work on /opt/airflow/dags/maintenance_logs.py
[2026-04-08T10:15:53.997+0000] {processor.py:830} INFO - Processing file /opt/airflow/dags/maintenance_logs.py for tasks to queue
[2026-04-08T10:15:54.001+0000] {logging_mixin.py:188} INFO - [2026-04-08T10:15:54.000+0000] {dagbag.py:545} INFO - Filling up the DagBag from /opt/airflow/dags/maintenance_logs.py
[2026-04-08T10:15:54.048+0000] {processor.py:840} INFO - DAG(s) 'maintenance_cleanup_logs' retrieved from /opt/airflow/dags/maintenance_logs.py
[2026-04-08T10:15:54.128+0000] {logging_mixin.py:188} INFO - [2026-04-08T10:15:54.128+0000] {dag.py:3089} INFO - Sync 1 DAGs
[2026-04-08T10:15:54.168+0000] {logging_mixin.py:188} INFO - [2026-04-08T10:15:54.168+0000] {dag.py:3947} INFO - Setting next_dagrun for maintenance_cleanup_logs to 2026-04-08 00:00:00+00:00, run_after=2026-04-09 00:00:00+00:00
[2026-04-08T10:15:54.211+0000] {processor.py:183} INFO - Processing /opt/airflow/dags/maintenance_logs.py took 0.227 seconds
[2026-04-08T10:16:24.617+0000] {processor.py:161} INFO - Started process (PID=303) to work on /opt/airflow/dags/maintenance_logs.py
[2026-04-08T10:16:24.620+0000] {processor.py:830} INFO - Processing file /opt/airflow/dags/maintenance_logs.py for tasks to queue
[2026-04-08T10:16:24.624+0000] {logging_mixin.py:188} INFO - [2026-04-08T10:16:24.624+0000] {dagbag.py:545} INFO - Filling up the DagBag from /opt/airflow/dags/maintenance_logs.py
[2026-04-08T10:16:24.672+0000] {processor.py:840} INFO - DAG(s) 'maintenance_cleanup_logs' retrieved from /opt/airflow/dags/maintenance_logs.py
[2026-04-08T10:16:24.791+0000] {logging_mixin.py:188} INFO - [2026-04-08T10:16:24.791+0000] {dag.py:3089} INFO - Sync 1 DAGs
[2026-04-08T10:16:24.861+0000] {logging_mixin.py:188} INFO - [2026-04-08T10:16:24.861+0000] {dag.py:3947} INFO - Setting next_dagrun for maintenance_cleanup_logs to 2026-04-08 00:00:00+00:00, run_after=2026-04-09 00:00:00+00:00
[2026-04-08T10:16:24.943+0000] {processor.py:183} INFO - Processing /opt/airflow/dags/maintenance_logs.py took 0.338 seconds
[2026-04-08T10:16:55.372+0000] {processor.py:161} INFO - Started process (PID=314) to work on /opt/airflow/dags/maintenance_logs.py
[2026-04-08T10:16:55.375+0000] {processor.py:830} INFO - Processing file /opt/airflow/dags/maintenance_logs.py for tasks to queue
[2026-04-08T10:16:55.383+0000] {logging_mixin.py:188} INFO - [2026-04-08T10:16:55.381+0000] {dagbag.py:545} INFO - Filling up the DagBag from /opt/airflow/dags/maintenance_logs.py
[2026-04-08T10:16:55.445+0000] {processor.py:840} INFO - DAG(s) 'maintenance_cleanup_logs' retrieved from /opt/airflow/dags/maintenance_logs.py
[2026-04-08T10:16:55.619+0000] {logging_mixin.py:188} INFO - [2026-04-08T10:16:55.618+0000] {dag.py:3089} INFO - Sync 1 DAGs
[2026-04-08T10:16:55.676+0000] {logging_mixin.py:188} INFO - [2026-04-08T10:16:55.675+0000] {dag.py:3947} INFO - Setting next_dagrun for maintenance_cleanup_logs to 2026-04-08 00:00:00+00:00, run_after=2026-04-09 00:00:00+00:00
[2026-04-08T10:16:55.719+0000] {processor.py:183} INFO - Processing /opt/airflow/dags/maintenance_logs.py took 0.365 seconds
[2026-04-08T10:17:26.079+0000] {processor.py:161} INFO - Started process (PID=325) to work on /opt/airflow/dags/maintenance_logs.py
[2026-04-08T10:17:26.081+0000] {processor.py:830} INFO - Processing file /opt/airflow/dags/maintenance_logs.py for tasks to queue
[2026-04-08T10:17:26.084+0000] {logging_mixin.py:188} INFO - [2026-04-08T10:17:26.084+0000] {dagbag.py:545} INFO - Filling up the DagBag from /opt/airflow/dags/maintenance_logs.py
[2026-04-08T10:17:26.153+0000] {processor.py:840} INFO - DAG(s) 'maintenance_cleanup_logs' retrieved from /opt/airflow/dags/maintenance_logs.py
[2026-04-08T10:17:26.297+0000] {logging_mixin.py:188} INFO - [2026-04-08T10:17:26.297+0000] {dag.py:3089} INFO - Sync 1 DAGs
[2026-04-08T10:17:26.341+0000] {logging_mixin.py:188} INFO - [2026-04-08T10:17:26.341+0000] {dag.py:3947} INFO - Setting next_dagrun for maintenance_cleanup_logs to 2026-04-08 00:00:00+00:00, run_after=2026-04-09 00:00:00+00:00
[2026-04-08T10:17:26.391+0000] {processor.py:183} INFO - Processing /opt/airflow/dags/maintenance_logs.py took 0.324 seconds
[2026-04-08T10:17:57.025+0000] {processor.py:161} INFO - Started process (PID=336) to work on /opt/airflow/dags/maintenance_logs.py
[2026-04-08T10:17:57.027+0000] {processor.py:830} INFO - Processing file /opt/airflow/dags/maintenance_logs.py for tasks to queue
[2026-04-08T10:17:57.030+0000] {logging_mixin.py:188} INFO - [2026-04-08T10:17:57.029+0000] {dagbag.py:545} INFO - Filling up the DagBag from /opt/airflow/dags/maintenance_logs.py
[2026-04-08T10:17:57.070+0000] {processor.py:840} INFO - DAG(s) 'maintenance_cleanup_logs' retrieved from /opt/airflow/dags/maintenance_logs.py
[2026-04-08T10:17:57.179+0000] {logging_mixin.py:188} INFO - [2026-04-08T10:17:57.179+0000] {dag.py:3089} INFO - Sync 1 DAGs
[2026-04-08T10:17:57.225+0000] {logging_mixin.py:188} INFO - [2026-04-08T10:17:57.225+0000] {dag.py:3947} INFO - Setting next_dagrun for maintenance_cleanup_logs to 2026-04-08 00:00:00+00:00, run_after=2026-04-09 00:00:00+00:00
[2026-04-08T10:17:57.284+0000] {processor.py:183} INFO - Processing /opt/airflow/dags/maintenance_logs.py took 0.276 seconds
[2026-04-08T10:18:27.413+0000] {processor.py:161} INFO - Started process (PID=347) to work on /opt/airflow/dags/maintenance_logs.py
[2026-04-08T10:18:27.415+0000] {processor.py:830} INFO - Processing file /opt/airflow/dags/maintenance_logs.py for tasks to queue
[2026-04-08T10:18:27.420+0000] {logging_mixin.py:188} INFO - [2026-04-08T10:18:27.419+0000] {dagbag.py:545} INFO - Filling up the DagBag from /opt/airflow/dags/maintenance_logs.py
[2026-04-08T10:18:27.482+0000] {processor.py:840} INFO - DAG(s) 'maintenance_cleanup_logs' retrieved from /opt/airflow/dags/maintenance_logs.py
[2026-04-08T10:18:27.618+0000] {logging_mixin.py:188} INFO - [2026-04-08T10:18:27.617+0000] {dag.py:3089} INFO - Sync 1 DAGs
[2026-04-08T10:18:27.683+0000] {logging_mixin.py:188} INFO - [2026-04-08T10:18:27.682+0000] {dag.py:3947} INFO - Setting next_dagrun for maintenance_cleanup_logs to 2026-04-08 00:00:00+00:00, run_after=2026-04-09 00:00:00+00:00
[2026-04-08T10:18:27.824+0000] {processor.py:183} INFO - Processing /opt/airflow/dags/maintenance_logs.py took 0.436 seconds
[2026-04-08T10:18:59.063+0000] {processor.py:161} INFO - Started process (PID=364) to work on /opt/airflow/dags/maintenance_logs.py
[2026-04-08T10:18:59.091+0000] {processor.py:830} INFO - Processing file /opt/airflow/dags/maintenance_logs.py for tasks to queue
[2026-04-08T10:18:59.162+0000] {logging_mixin.py:188} INFO - [2026-04-08T10:18:59.156+0000] {dagbag.py:545} INFO - Filling up the DagBag from /opt/airflow/dags/maintenance_logs.py
[2026-04-08T10:22:50.476+0000] {processor.py:161} INFO - Started process (PID=164) to work on /opt/airflow/dags/maintenance_logs.py
[2026-04-08T10:22:50.479+0000] {processor.py:830} INFO - Processing file /opt/airflow/dags/maintenance_logs.py for tasks to queue
[2026-04-08T10:22:50.486+0000] {logging_mixin.py:188} INFO - [2026-04-08T10:22:50.485+0000] {dagbag.py:545} INFO - Filling up the DagBag from /opt/airflow/dags/maintenance_logs.py
[2026-04-08T10:22:50.616+0000] {processor.py:840} INFO - DAG(s) 'maintenance_cleanup_logs' retrieved from /opt/airflow/dags/maintenance_logs.py
[2026-04-08T10:22:51.300+0000] {logging_mixin.py:188} INFO - [2026-04-08T10:22:51.300+0000] {dag.py:3089} INFO - Sync 1 DAGs
[2026-04-08T10:22:51.569+0000] {logging_mixin.py:188} INFO - [2026-04-08T10:22:51.569+0000] {dag.py:3947} INFO - Setting next_dagrun for maintenance_cleanup_logs to 2026-04-08 00:00:00+00:00, run_after=2026-04-09 00:00:00+00:00
[2026-04-08T10:22:51.711+0000] {processor.py:183} INFO - Processing /opt/airflow/dags/maintenance_logs.py took 1.263 seconds
[2026-04-08T10:23:22.329+0000] {processor.py:161} INFO - Started process (PID=175) to work on /opt/airflow/dags/maintenance_logs.py
[2026-04-08T10:23:22.335+0000] {processor.py:830} INFO - Processing file /opt/airflow/dags/maintenance_logs.py for tasks to queue
[2026-04-08T10:23:22.350+0000] {logging_mixin.py:188} INFO - [2026-04-08T10:23:22.349+0000] {dagbag.py:545} INFO - Filling up the DagBag from /opt/airflow/dags/maintenance_logs.py
[2026-04-08T10:23:22.448+0000] {processor.py:840} INFO - DAG(s) 'maintenance_cleanup_logs' retrieved from /opt/airflow/dags/maintenance_logs.py
[2026-04-08T10:23:23.407+0000] {logging_mixin.py:188} INFO - [2026-04-08T10:23:23.407+0000] {dag.py:3089} INFO - Sync 1 DAGs
[2026-04-08T10:23:23.516+0000] {logging_mixin.py:188} INFO - [2026-04-08T10:23:23.516+0000] {dag.py:3947} INFO - Setting next_dagrun for maintenance_cleanup_logs to 2026-04-08 00:00:00+00:00, run_after=2026-04-09 00:00:00+00:00
[2026-04-08T10:23:23.599+0000] {processor.py:183} INFO - Processing /opt/airflow/dags/maintenance_logs.py took 1.389 seconds
[2026-04-08T10:23:54.297+0000] {processor.py:161} INFO - Started process (PID=186) to work on /opt/airflow/dags/maintenance_logs.py
[2026-04-08T10:23:54.300+0000] {processor.py:830} INFO - Processing file /opt/airflow/dags/maintenance_logs.py for tasks to queue
[2026-04-08T10:23:54.317+0000] {logging_mixin.py:188} INFO - [2026-04-08T10:23:54.313+0000] {dagbag.py:545} INFO - Filling up the DagBag from /opt/airflow/dags/maintenance_logs.py
[2026-04-08T10:23:54.414+0000] {processor.py:840} INFO - DAG(s) 'maintenance_cleanup_logs' retrieved from /opt/airflow/dags/maintenance_logs.py
[2026-04-08T10:23:54.605+0000] {logging_mixin.py:188} INFO - [2026-04-08T10:23:54.605+0000] {dag.py:3089} INFO - Sync 1 DAGs
[2026-04-08T10:23:54.738+0000] {logging_mixin.py:188} INFO - [2026-04-08T10:23:54.737+0000] {dag.py:3947} INFO - Setting next_dagrun for maintenance_cleanup_logs to 2026-04-08 00:00:00+00:00, run_after=2026-04-09 00:00:00+00:00
[2026-04-08T10:23:54.820+0000] {processor.py:183} INFO - Processing /opt/airflow/dags/maintenance_logs.py took 0.592 seconds
[2026-04-08T10:24:25.362+0000] {processor.py:161} INFO - Started process (PID=199) to work on /opt/airflow/dags/maintenance_logs.py
[2026-04-08T10:24:25.364+0000] {processor.py:830} INFO - Processing file /opt/airflow/dags/maintenance_logs.py for tasks to queue
[2026-04-08T10:24:25.369+0000] {logging_mixin.py:188} INFO - [2026-04-08T10:24:25.368+0000] {dagbag.py:545} INFO - Filling up the DagBag from /opt/airflow/dags/maintenance_logs.py
[2026-04-08T10:24:25.438+0000] {processor.py:840} INFO - DAG(s) 'maintenance_cleanup_logs' retrieved from /opt/airflow/dags/maintenance_logs.py
[2026-04-08T10:24:25.576+0000] {logging_mixin.py:188} INFO - [2026-04-08T10:24:25.575+0000] {dag.py:3089} INFO - Sync 1 DAGs
[2026-04-08T10:24:25.630+0000] {logging_mixin.py:188} INFO - [2026-04-08T10:24:25.629+0000] {dag.py:3947} INFO - Setting next_dagrun for maintenance_cleanup_logs to 2026-04-08 00:00:00+00:00, run_after=2026-04-09 00:00:00+00:00
[2026-04-08T10:24:25.697+0000] {processor.py:183} INFO - Processing /opt/airflow/dags/maintenance_logs.py took 0.355 seconds
[2026-04-08T10:24:56.407+0000] {processor.py:161} INFO - Started process (PID=210) to work on /opt/airflow/dags/maintenance_logs.py
[2026-04-08T10:24:56.409+0000] {processor.py:830} INFO - Processing file /opt/airflow/dags/maintenance_logs.py for tasks to queue
[2026-04-08T10:24:56.416+0000] {logging_mixin.py:188} INFO - [2026-04-08T10:24:56.415+0000] {dagbag.py:545} INFO - Filling up the DagBag from /opt/airflow/dags/maintenance_logs.py
[2026-04-08T10:24:56.452+0000] {processor.py:840} INFO - DAG(s) 'maintenance_cleanup_logs' retrieved from /opt/airflow/dags/maintenance_logs.py
[2026-04-08T10:24:56.534+0000] {logging_mixin.py:188} INFO - [2026-04-08T10:24:56.534+0000] {dag.py:3089} INFO - Sync 1 DAGs
[2026-04-08T10:24:56.574+0000] {logging_mixin.py:188} INFO - [2026-04-08T10:24:56.574+0000] {dag.py:3947} INFO - Setting next_dagrun for maintenance_cleanup_logs to 2026-04-08 00:00:00+00:00, run_after=2026-04-09 00:00:00+00:00
[2026-04-08T10:24:56.621+0000] {processor.py:183} INFO - Processing /opt/airflow/dags/maintenance_logs.py took 0.225 seconds
[2026-04-08T10:25:26.838+0000] {processor.py:161} INFO - Started process (PID=221) to work on /opt/airflow/dags/maintenance_logs.py
[2026-04-08T10:25:26.840+0000] {processor.py:830} INFO - Processing file /opt/airflow/dags/maintenance_logs.py for tasks to queue
[2026-04-08T10:25:26.843+0000] {logging_mixin.py:188} INFO - [2026-04-08T10:25:26.842+0000] {dagbag.py:545} INFO - Filling up the DagBag from /opt/airflow/dags/maintenance_logs.py
[2026-04-08T10:25:26.885+0000] {processor.py:840} INFO - DAG(s) 'maintenance_cleanup_logs' retrieved from /opt/airflow/dags/maintenance_logs.py
[2026-04-08T10:25:26.980+0000] {logging_mixin.py:188} INFO - [2026-04-08T10:25:26.979+0000] {dag.py:3089} INFO - Sync 1 DAGs
[2026-04-08T10:25:27.028+0000] {logging_mixin.py:188} INFO - [2026-04-08T10:25:27.028+0000] {dag.py:3947} INFO - Setting next_dagrun for maintenance_cleanup_logs to 2026-04-08 00:00:00+00:00, run_after=2026-04-09 00:00:00+00:00
[2026-04-08T10:25:27.082+0000] {processor.py:183} INFO - Processing /opt/airflow/dags/maintenance_logs.py took 0.253 seconds
[2026-04-08T10:25:57.604+0000] {processor.py:161} INFO - Started process (PID=232) to work on /opt/airflow/dags/maintenance_logs.py
[2026-04-08T10:25:57.606+0000] {processor.py:830} INFO - Processing file /opt/airflow/dags/maintenance_logs.py for tasks to queue
[2026-04-08T10:25:57.610+0000] {logging_mixin.py:188} INFO - [2026-04-08T10:25:57.609+0000] {dagbag.py:545} INFO - Filling up the DagBag from /opt/airflow/dags/maintenance_logs.py
[2026-04-08T10:25:57.675+0000] {processor.py:840} INFO - DAG(s) 'maintenance_cleanup_logs' retrieved from /opt/airflow/dags/maintenance_logs.py
[2026-04-08T10:25:57.780+0000] {logging_mixin.py:188} INFO - [2026-04-08T10:25:57.780+0000] {dag.py:3089} INFO - Sync 1 DAGs
[2026-04-08T10:25:57.839+0000] {logging_mixin.py:188} INFO - [2026-04-08T10:25:57.839+0000] {dag.py:3947} INFO - Setting next_dagrun for maintenance_cleanup_logs to 2026-04-08 00:00:00+00:00, run_after=2026-04-09 00:00:00+00:00
[2026-04-08T10:25:57.914+0000] {processor.py:183} INFO - Processing /opt/airflow/dags/maintenance_logs.py took 0.322 seconds
[2026-04-08T10:26:28.597+0000] {processor.py:161} INFO - Started process (PID=243) to work on /opt/airflow/dags/maintenance_logs.py
[2026-04-08T10:26:28.607+0000] {processor.py:830} INFO - Processing file /opt/airflow/dags/maintenance_logs.py for tasks to queue
[2026-04-08T10:26:28.614+0000] {logging_mixin.py:188} INFO - [2026-04-08T10:26:28.613+0000] {dagbag.py:545} INFO - Filling up the DagBag from /opt/airflow/dags/maintenance_logs.py
[2026-04-08T10:26:28.744+0000] {processor.py:840} INFO - DAG(s) 'maintenance_cleanup_logs' retrieved from /opt/airflow/dags/maintenance_logs.py
[2026-04-08T10:26:28.933+0000] {logging_mixin.py:188} INFO - [2026-04-08T10:26:28.933+0000] {dag.py:3089} INFO - Sync 1 DAGs
[2026-04-08T10:26:29.064+0000] {logging_mixin.py:188} INFO - [2026-04-08T10:26:29.063+0000] {dag.py:3947} INFO - Setting next_dagrun for maintenance_cleanup_logs to 2026-04-08 00:00:00+00:00, run_after=2026-04-09 00:00:00+00:00
[2026-04-08T10:26:29.163+0000] {processor.py:183} INFO - Processing /opt/airflow/dags/maintenance_logs.py took 0.595 seconds
[2026-04-08T10:27:00.125+0000] {processor.py:161} INFO - Started process (PID=254) to work on /opt/airflow/dags/maintenance_logs.py
[2026-04-08T10:27:00.129+0000] {processor.py:830} INFO - Processing file /opt/airflow/dags/maintenance_logs.py for tasks to queue
[2026-04-08T10:27:00.137+0000] {logging_mixin.py:188} INFO - [2026-04-08T10:27:00.136+0000] {dagbag.py:545} INFO - Filling up the DagBag from /opt/airflow/dags/maintenance_logs.py
[2026-04-08T10:27:00.208+0000] {processor.py:840} INFO - DAG(s) 'maintenance_cleanup_logs' retrieved from /opt/airflow/dags/maintenance_logs.py
[2026-04-08T10:27:00.290+0000] {logging_mixin.py:188} INFO - [2026-04-08T10:27:00.290+0000] {dag.py:3089} INFO - Sync 1 DAGs
[2026-04-08T10:27:00.358+0000] {logging_mixin.py:188} INFO - [2026-04-08T10:27:00.357+0000] {dag.py:3947} INFO - Setting next_dagrun for maintenance_cleanup_logs to 2026-04-08 00:00:00+00:00, run_after=2026-04-09 00:00:00+00:00
[2026-04-08T10:27:00.430+0000] {processor.py:183} INFO - Processing /opt/airflow/dags/maintenance_logs.py took 0.345 seconds
[2026-04-08T10:27:31.142+0000] {processor.py:161} INFO - Started process (PID=265) to work on /opt/airflow/dags/maintenance_logs.py
[2026-04-08T10:27:31.143+0000] {processor.py:830} INFO - Processing file /opt/airflow/dags/maintenance_logs.py for tasks to queue
[2026-04-08T10:27:31.147+0000] {logging_mixin.py:188} INFO - [2026-04-08T10:27:31.146+0000] {dagbag.py:545} INFO - Filling up the DagBag from /opt/airflow/dags/maintenance_logs.py
[2026-04-08T10:27:31.211+0000] {processor.py:840} INFO - DAG(s) 'maintenance_cleanup_logs' retrieved from /opt/airflow/dags/maintenance_logs.py
[2026-04-08T10:27:31.307+0000] {logging_mixin.py:188} INFO - [2026-04-08T10:27:31.307+0000] {dag.py:3089} INFO - Sync 1 DAGs
[2026-04-08T10:27:31.356+0000] {logging_mixin.py:188} INFO - [2026-04-08T10:27:31.356+0000] {dag.py:3947} INFO - Setting next_dagrun for maintenance_cleanup_logs to 2026-04-08 00:00:00+00:00, run_after=2026-04-09 00:00:00+00:00
[2026-04-08T10:27:31.410+0000] {processor.py:183} INFO - Processing /opt/airflow/dags/maintenance_logs.py took 0.280 seconds
[2026-04-08T10:28:02.075+0000] {processor.py:161} INFO - Started process (PID=276) to work on /opt/airflow/dags/maintenance_logs.py
[2026-04-08T10:28:02.078+0000] {processor.py:830} INFO - Processing file /opt/airflow/dags/maintenance_logs.py for tasks to queue
[2026-04-08T10:28:02.084+0000] {logging_mixin.py:188} INFO - [2026-04-08T10:28:02.083+0000] {dagbag.py:545} INFO - Filling up the DagBag from /opt/airflow/dags/maintenance_logs.py
[2026-04-08T10:28:02.142+0000] {processor.py:840} INFO - DAG(s) 'maintenance_cleanup_logs' retrieved from /opt/airflow/dags/maintenance_logs.py
[2026-04-08T10:28:02.265+0000] {logging_mixin.py:188} INFO - [2026-04-08T10:28:02.265+0000] {dag.py:3089} INFO - Sync 1 DAGs
[2026-04-08T10:28:02.348+0000] {logging_mixin.py:188} INFO - [2026-04-08T10:28:02.348+0000] {dag.py:3947} INFO - Setting next_dagrun for maintenance_cleanup_logs to 2026-04-08 00:00:00+00:00, run_after=2026-04-09 00:00:00+00:00
[2026-04-08T10:28:02.445+0000] {processor.py:183} INFO - Processing /opt/airflow/dags/maintenance_logs.py took 0.390 seconds
[2026-04-08T10:28:32.670+0000] {processor.py:161} INFO - Started process (PID=287) to work on /opt/airflow/dags/maintenance_logs.py
[2026-04-08T10:28:32.672+0000] {processor.py:830} INFO - Processing file /opt/airflow/dags/maintenance_logs.py for tasks to queue
[2026-04-08T10:28:32.674+0000] {logging_mixin.py:188} INFO - [2026-04-08T10:28:32.674+0000] {dagbag.py:545} INFO - Filling up the DagBag from /opt/airflow/dags/maintenance_logs.py
[2026-04-08T10:28:32.714+0000] {processor.py:840} INFO - DAG(s) 'maintenance_cleanup_logs' retrieved from /opt/airflow/dags/maintenance_logs.py
[2026-04-08T10:28:32.942+0000] {logging_mixin.py:188} INFO - [2026-04-08T10:28:32.942+0000] {dag.py:3089} INFO - Sync 1 DAGs
[2026-04-08T10:28:32.981+0000] {logging_mixin.py:188} INFO - [2026-04-08T10:28:32.980+0000] {dag.py:3947} INFO - Setting next_dagrun for maintenance_cleanup_logs to 2026-04-08 00:00:00+00:00, run_after=2026-04-09 00:00:00+00:00
[2026-04-08T10:28:33.025+0000] {processor.py:183} INFO - Processing /opt/airflow/dags/maintenance_logs.py took 0.363 seconds
[2026-04-08T10:29:03.516+0000] {processor.py:161} INFO - Started process (PID=298) to work on /opt/airflow/dags/maintenance_logs.py
[2026-04-08T10:29:03.518+0000] {processor.py:830} INFO - Processing file /opt/airflow/dags/maintenance_logs.py for tasks to queue
[2026-04-08T10:29:03.522+0000] {logging_mixin.py:188} INFO - [2026-04-08T10:29:03.521+0000] {dagbag.py:545} INFO - Filling up the DagBag from /opt/airflow/dags/maintenance_logs.py
[2026-04-08T10:29:03.576+0000] {processor.py:840} INFO - DAG(s) 'maintenance_cleanup_logs' retrieved from /opt/airflow/dags/maintenance_logs.py
[2026-04-08T10:29:03.777+0000] {logging_mixin.py:188} INFO - [2026-04-08T10:29:03.776+0000] {dag.py:3089} INFO - Sync 1 DAGs
[2026-04-08T10:29:03.816+0000] {logging_mixin.py:188} INFO - [2026-04-08T10:29:03.815+0000] {dag.py:3947} INFO - Setting next_dagrun for maintenance_cleanup_logs to 2026-04-08 00:00:00+00:00, run_after=2026-04-09 00:00:00+00:00
[2026-04-08T10:29:03.857+0000] {processor.py:183} INFO - Processing /opt/airflow/dags/maintenance_logs.py took 0.352 seconds
[2026-04-08T10:29:34.020+0000] {processor.py:161} INFO - Started process (PID=309) to work on /opt/airflow/dags/maintenance_logs.py
[2026-04-08T10:29:34.023+0000] {processor.py:830} INFO - Processing file /opt/airflow/dags/maintenance_logs.py for tasks to queue
[2026-04-08T10:29:34.029+0000] {logging_mixin.py:188} INFO - [2026-04-08T10:29:34.028+0000] {dagbag.py:545} INFO - Filling up the DagBag from /opt/airflow/dags/maintenance_logs.py
[2026-04-08T10:29:34.089+0000] {processor.py:840} INFO - DAG(s) 'maintenance_cleanup_logs' retrieved from /opt/airflow/dags/maintenance_logs.py
[2026-04-08T10:29:34.195+0000] {logging_mixin.py:188} INFO - [2026-04-08T10:29:34.194+0000] {dag.py:3089} INFO - Sync 1 DAGs
[2026-04-08T10:29:34.251+0000] {logging_mixin.py:188} INFO - [2026-04-08T10:29:34.250+0000] {dag.py:3947} INFO - Setting next_dagrun for maintenance_cleanup_logs to 2026-04-08 00:00:00+00:00, run_after=2026-04-09 00:00:00+00:00
[2026-04-08T10:29:34.298+0000] {processor.py:183} INFO - Processing /opt/airflow/dags/maintenance_logs.py took 0.290 seconds
[2026-04-08T10:34:44.117+0000] {processor.py:161} INFO - Started process (PID=164) to work on /opt/airflow/dags/maintenance_logs.py
[2026-04-08T10:34:44.119+0000] {processor.py:830} INFO - Processing file /opt/airflow/dags/maintenance_logs.py for tasks to queue
[2026-04-08T10:34:44.123+0000] {logging_mixin.py:188} INFO - [2026-04-08T10:34:44.122+0000] {dagbag.py:545} INFO - Filling up the DagBag from /opt/airflow/dags/maintenance_logs.py
[2026-04-08T10:34:44.203+0000] {processor.py:840} INFO - DAG(s) 'maintenance_cleanup_logs' retrieved from /opt/airflow/dags/maintenance_logs.py
[2026-04-08T10:34:44.322+0000] {logging_mixin.py:188} INFO - [2026-04-08T10:34:44.321+0000] {dag.py:3089} INFO - Sync 1 DAGs
[2026-04-08T10:34:44.386+0000] {logging_mixin.py:188} INFO - [2026-04-08T10:34:44.385+0000] {dag.py:3947} INFO - Setting next_dagrun for maintenance_cleanup_logs to 2026-04-08 00:00:00+00:00, run_after=2026-04-09 00:00:00+00:00
[2026-04-08T10:34:44.485+0000] {processor.py:183} INFO - Processing /opt/airflow/dags/maintenance_logs.py took 0.429 seconds
[2026-04-08T10:35:14.695+0000] {processor.py:161} INFO - Started process (PID=175) to work on /opt/airflow/dags/maintenance_logs.py
[2026-04-08T10:35:14.703+0000] {processor.py:830} INFO - Processing file /opt/airflow/dags/maintenance_logs.py for tasks to queue
[2026-04-08T10:35:14.745+0000] {logging_mixin.py:188} INFO - [2026-04-08T10:35:14.742+0000] {dagbag.py:545} INFO - Filling up the DagBag from /opt/airflow/dags/maintenance_logs.py
[2026-04-08T10:35:14.897+0000] {processor.py:840} INFO - DAG(s) 'maintenance_cleanup_logs' retrieved from /opt/airflow/dags/maintenance_logs.py
[2026-04-08T10:35:15.762+0000] {logging_mixin.py:188} INFO - [2026-04-08T10:35:15.761+0000] {dag.py:3089} INFO - Sync 1 DAGs
[2026-04-08T10:35:15.874+0000] {logging_mixin.py:188} INFO - [2026-04-08T10:35:15.874+0000] {dag.py:3947} INFO - Setting next_dagrun for maintenance_cleanup_logs to 2026-04-08 00:00:00+00:00, run_after=2026-04-09 00:00:00+00:00
[2026-04-08T10:35:15.947+0000] {processor.py:183} INFO - Processing /opt/airflow/dags/maintenance_logs.py took 1.345 seconds
[2026-04-08T10:35:46.733+0000] {processor.py:161} INFO - Started process (PID=186) to work on /opt/airflow/dags/maintenance_logs.py
[2026-04-08T10:35:46.751+0000] {processor.py:830} INFO - Processing file /opt/airflow/dags/maintenance_logs.py for tasks to queue
[2026-04-08T10:35:46.770+0000] {logging_mixin.py:188} INFO - [2026-04-08T10:35:46.761+0000] {dagbag.py:545} INFO - Filling up the DagBag from /opt/airflow/dags/maintenance_logs.py
[2026-04-08T10:35:47.109+0000] {processor.py:840} INFO - DAG(s) 'maintenance_cleanup_logs' retrieved from /opt/airflow/dags/maintenance_logs.py
[2026-04-08T10:35:47.457+0000] {logging_mixin.py:188} INFO - [2026-04-08T10:35:47.456+0000] {dag.py:3089} INFO - Sync 1 DAGs
[2026-04-08T10:35:47.660+0000] {logging_mixin.py:188} INFO - [2026-04-08T10:35:47.659+0000] {dag.py:3947} INFO - Setting next_dagrun for maintenance_cleanup_logs to 2026-04-08 00:00:00+00:00, run_after=2026-04-09 00:00:00+00:00
[2026-04-08T10:35:47.795+0000] {processor.py:183} INFO - Processing /opt/airflow/dags/maintenance_logs.py took 1.158 seconds
[2026-04-08T10:36:18.264+0000] {processor.py:161} INFO - Started process (PID=197) to work on /opt/airflow/dags/maintenance_logs.py
[2026-04-08T10:36:18.268+0000] {processor.py:830} INFO - Processing file /opt/airflow/dags/maintenance_logs.py for tasks to queue
[2026-04-08T10:36:18.277+0000] {logging_mixin.py:188} INFO - [2026-04-08T10:36:18.276+0000] {dagbag.py:545} INFO - Filling up the DagBag from /opt/airflow/dags/maintenance_logs.py
[2026-04-08T10:36:18.409+0000] {processor.py:840} INFO - DAG(s) 'maintenance_cleanup_logs' retrieved from /opt/airflow/dags/maintenance_logs.py
[2026-04-08T10:36:18.552+0000] {logging_mixin.py:188} INFO - [2026-04-08T10:36:18.551+0000] {dag.py:3089} INFO - Sync 1 DAGs
[2026-04-08T10:36:18.594+0000] {logging_mixin.py:188} INFO - [2026-04-08T10:36:18.594+0000] {dag.py:3947} INFO - Setting next_dagrun for maintenance_cleanup_logs to 2026-04-08 00:00:00+00:00, run_after=2026-04-09 00:00:00+00:00
[2026-04-08T10:36:18.641+0000] {processor.py:183} INFO - Processing /opt/airflow/dags/maintenance_logs.py took 0.406 seconds
[2026-04-08T10:36:49.168+0000] {processor.py:161} INFO - Started process (PID=210) to work on /opt/airflow/dags/maintenance_logs.py
[2026-04-08T10:36:49.170+0000] {processor.py:830} INFO - Processing file /opt/airflow/dags/maintenance_logs.py for tasks to queue
[2026-04-08T10:36:49.183+0000] {logging_mixin.py:188} INFO - [2026-04-08T10:36:49.180+0000] {dagbag.py:545} INFO - Filling up the DagBag from /opt/airflow/dags/maintenance_logs.py
[2026-04-08T10:36:49.264+0000] {processor.py:840} INFO - DAG(s) 'maintenance_cleanup_logs' retrieved from /opt/airflow/dags/maintenance_logs.py
[2026-04-08T10:36:49.431+0000] {logging_mixin.py:188} INFO - [2026-04-08T10:36:49.431+0000] {dag.py:3089} INFO - Sync 1 DAGs
[2026-04-08T10:36:49.514+0000] {logging_mixin.py:188} INFO - [2026-04-08T10:36:49.514+0000] {dag.py:3947} INFO - Setting next_dagrun for maintenance_cleanup_logs to 2026-04-08 00:00:00+00:00, run_after=2026-04-09 00:00:00+00:00
[2026-04-08T10:36:49.659+0000] {processor.py:183} INFO - Processing /opt/airflow/dags/maintenance_logs.py took 0.512 seconds
[2026-04-08T10:37:19.899+0000] {processor.py:161} INFO - Started process (PID=221) to work on /opt/airflow/dags/maintenance_logs.py
[2026-04-08T10:37:19.905+0000] {processor.py:830} INFO - Processing file /opt/airflow/dags/maintenance_logs.py for tasks to queue
[2026-04-08T10:37:19.913+0000] {logging_mixin.py:188} INFO - [2026-04-08T10:37:19.912+0000] {dagbag.py:545} INFO - Filling up the DagBag from /opt/airflow/dags/maintenance_logs.py
[2026-04-08T10:37:20.274+0000] {processor.py:840} INFO - DAG(s) 'maintenance_cleanup_logs' retrieved from /opt/airflow/dags/maintenance_logs.py
[2026-04-08T10:37:20.825+0000] {logging_mixin.py:188} INFO - [2026-04-08T10:37:20.824+0000] {dag.py:3089} INFO - Sync 1 DAGs
[2026-04-08T10:37:20.971+0000] {logging_mixin.py:188} INFO - [2026-04-08T10:37:20.971+0000] {dag.py:3947} INFO - Setting next_dagrun for maintenance_cleanup_logs to 2026-04-08 00:00:00+00:00, run_after=2026-04-09 00:00:00+00:00
[2026-04-08T10:37:21.081+0000] {processor.py:183} INFO - Processing /opt/airflow/dags/maintenance_logs.py took 1.217 seconds
[2026-04-08T10:37:51.457+0000] {processor.py:161} INFO - Started process (PID=232) to work on /opt/airflow/dags/maintenance_logs.py
[2026-04-08T10:37:51.459+0000] {processor.py:830} INFO - Processing file /opt/airflow/dags/maintenance_logs.py for tasks to queue
[2026-04-08T10:37:51.462+0000] {logging_mixin.py:188} INFO - [2026-04-08T10:37:51.462+0000] {dagbag.py:545} INFO - Filling up the DagBag from /opt/airflow/dags/maintenance_logs.py
[2026-04-08T10:37:51.522+0000] {processor.py:840} INFO - DAG(s) 'maintenance_cleanup_logs' retrieved from /opt/airflow/dags/maintenance_logs.py
[2026-04-08T10:37:51.751+0000] {logging_mixin.py:188} INFO - [2026-04-08T10:37:51.751+0000] {dag.py:3089} INFO - Sync 1 DAGs
[2026-04-08T10:37:51.801+0000] {logging_mixin.py:188} INFO - [2026-04-08T10:37:51.801+0000] {dag.py:3947} INFO - Setting next_dagrun for maintenance_cleanup_logs to 2026-04-08 00:00:00+00:00, run_after=2026-04-09 00:00:00+00:00
[2026-04-08T10:37:51.855+0000] {processor.py:183} INFO - Processing /opt/airflow/dags/maintenance_logs.py took 0.408 seconds
[2026-04-08T10:38:22.615+0000] {processor.py:161} INFO - Started process (PID=241) to work on /opt/airflow/dags/maintenance_logs.py
[2026-04-08T10:38:22.638+0000] {processor.py:830} INFO - Processing file /opt/airflow/dags/maintenance_logs.py for tasks to queue
[2026-04-08T10:38:22.691+0000] {logging_mixin.py:188} INFO - [2026-04-08T10:38:22.690+0000] {dagbag.py:545} INFO - Filling up the DagBag from /opt/airflow/dags/maintenance_logs.py
[2026-04-08T10:38:22.889+0000] {processor.py:840} INFO - DAG(s) 'maintenance_cleanup_logs' retrieved from /opt/airflow/dags/maintenance_logs.py
[2026-04-08T10:38:23.135+0000] {logging_mixin.py:188} INFO - [2026-04-08T10:38:23.134+0000] {dag.py:3089} INFO - Sync 1 DAGs
[2026-04-08T10:38:23.376+0000] {logging_mixin.py:188} INFO - [2026-04-08T10:38:23.376+0000] {dag.py:3947} INFO - Setting next_dagrun for maintenance_cleanup_logs to 2026-04-08 00:00:00+00:00, run_after=2026-04-09 00:00:00+00:00
[2026-04-08T10:38:23.483+0000] {processor.py:183} INFO - Processing /opt/airflow/dags/maintenance_logs.py took 1.024 seconds
[2026-04-08T10:38:53.994+0000] {processor.py:161} INFO - Started process (PID=248) to work on /opt/airflow/dags/maintenance_logs.py
[2026-04-08T10:38:53.996+0000] {processor.py:830} INFO - Processing file /opt/airflow/dags/maintenance_logs.py for tasks to queue
[2026-04-08T10:38:54.001+0000] {logging_mixin.py:188} INFO - [2026-04-08T10:38:54.000+0000] {dagbag.py:545} INFO - Filling up the DagBag from /opt/airflow/dags/maintenance_logs.py
[2026-04-08T10:38:54.061+0000] {processor.py:840} INFO - DAG(s) 'maintenance_cleanup_logs' retrieved from /opt/airflow/dags/maintenance_logs.py
[2026-04-08T10:38:54.282+0000] {logging_mixin.py:188} INFO - [2026-04-08T10:38:54.282+0000] {dag.py:3089} INFO - Sync 1 DAGs
[2026-04-08T10:38:54.342+0000] {logging_mixin.py:188} INFO - [2026-04-08T10:38:54.341+0000] {dag.py:3947} INFO - Setting next_dagrun for maintenance_cleanup_logs to 2026-04-08 00:00:00+00:00, run_after=2026-04-09 00:00:00+00:00
[2026-04-08T10:38:54.411+0000] {processor.py:183} INFO - Processing /opt/airflow/dags/maintenance_logs.py took 0.431 seconds
[2026-04-08T10:39:24.819+0000] {processor.py:161} INFO - Started process (PID=259) to work on /opt/airflow/dags/maintenance_logs.py
[2026-04-08T10:39:24.822+0000] {processor.py:830} INFO - Processing file /opt/airflow/dags/maintenance_logs.py for tasks to queue
[2026-04-08T10:39:24.828+0000] {logging_mixin.py:188} INFO - [2026-04-08T10:39:24.827+0000] {dagbag.py:545} INFO - Filling up the DagBag from /opt/airflow/dags/maintenance_logs.py
[2026-04-08T10:39:24.919+0000] {processor.py:840} INFO - DAG(s) 'maintenance_cleanup_logs' retrieved from /opt/airflow/dags/maintenance_logs.py
[2026-04-08T10:39:25.045+0000] {logging_mixin.py:188} INFO - [2026-04-08T10:39:25.045+0000] {dag.py:3089} INFO - Sync 1 DAGs
[2026-04-08T10:39:25.090+0000] {logging_mixin.py:188} INFO - [2026-04-08T10:39:25.090+0000] {dag.py:3947} INFO - Setting next_dagrun for maintenance_cleanup_logs to 2026-04-08 00:00:00+00:00, run_after=2026-04-09 00:00:00+00:00
[2026-04-08T10:39:25.141+0000] {processor.py:183} INFO - Processing /opt/airflow/dags/maintenance_logs.py took 0.352 seconds
[2026-04-08T10:39:56.588+0000] {processor.py:161} INFO - Started process (PID=270) to work on /opt/airflow/dags/maintenance_logs.py
[2026-04-08T10:39:56.606+0000] {processor.py:830} INFO - Processing file /opt/airflow/dags/maintenance_logs.py for tasks to queue
[2026-04-08T10:39:56.635+0000] {logging_mixin.py:188} INFO - [2026-04-08T10:39:56.631+0000] {dagbag.py:545} INFO - Filling up the DagBag from /opt/airflow/dags/maintenance_logs.py
[2026-04-08T10:39:57.108+0000] {processor.py:840} INFO - DAG(s) 'maintenance_cleanup_logs' retrieved from /opt/airflow/dags/maintenance_logs.py
[2026-04-08T10:39:57.650+0000] {logging_mixin.py:188} INFO - [2026-04-08T10:39:57.647+0000] {dag.py:3089} INFO - Sync 1 DAGs
[2026-04-08T10:39:57.810+0000] {logging_mixin.py:188} INFO - [2026-04-08T10:39:57.809+0000] {dag.py:3947} INFO - Setting next_dagrun for maintenance_cleanup_logs to 2026-04-08 00:00:00+00:00, run_after=2026-04-09 00:00:00+00:00
[2026-04-08T10:39:58.086+0000] {processor.py:183} INFO - Processing /opt/airflow/dags/maintenance_logs.py took 1.579 seconds
[2026-04-08T10:40:28.616+0000] {processor.py:161} INFO - Started process (PID=281) to work on /opt/airflow/dags/maintenance_logs.py
[2026-04-08T10:40:28.624+0000] {processor.py:830} INFO - Processing file /opt/airflow/dags/maintenance_logs.py for tasks to queue
[2026-04-08T10:40:28.641+0000] {logging_mixin.py:188} INFO - [2026-04-08T10:40:28.640+0000] {dagbag.py:545} INFO - Filling up the DagBag from /opt/airflow/dags/maintenance_logs.py
[2026-04-08T10:40:28.825+0000] {processor.py:840} INFO - DAG(s) 'maintenance_cleanup_logs' retrieved from /opt/airflow/dags/maintenance_logs.py
[2026-04-08T10:40:28.968+0000] {logging_mixin.py:188} INFO - [2026-04-08T10:40:28.968+0000] {dag.py:3089} INFO - Sync 1 DAGs
[2026-04-08T10:40:29.010+0000] {logging_mixin.py:188} INFO - [2026-04-08T10:40:29.010+0000] {dag.py:3947} INFO - Setting next_dagrun for maintenance_cleanup_logs to 2026-04-08 00:00:00+00:00, run_after=2026-04-09 00:00:00+00:00
[2026-04-08T10:40:29.089+0000] {processor.py:183} INFO - Processing /opt/airflow/dags/maintenance_logs.py took 0.542 seconds
[2026-04-08T10:40:59.767+0000] {processor.py:161} INFO - Started process (PID=301) to work on /opt/airflow/dags/maintenance_logs.py
[2026-04-08T10:40:59.769+0000] {processor.py:830} INFO - Processing file /opt/airflow/dags/maintenance_logs.py for tasks to queue
[2026-04-08T10:40:59.773+0000] {logging_mixin.py:188} INFO - [2026-04-08T10:40:59.772+0000] {dagbag.py:545} INFO - Filling up the DagBag from /opt/airflow/dags/maintenance_logs.py
[2026-04-08T10:40:59.814+0000] {processor.py:840} INFO - DAG(s) 'maintenance_cleanup_logs' retrieved from /opt/airflow/dags/maintenance_logs.py
[2026-04-08T10:40:59.901+0000] {logging_mixin.py:188} INFO - [2026-04-08T10:40:59.900+0000] {dag.py:3089} INFO - Sync 1 DAGs
[2026-04-08T10:40:59.942+0000] {logging_mixin.py:188} INFO - [2026-04-08T10:40:59.941+0000] {dag.py:3947} INFO - Setting next_dagrun for maintenance_cleanup_logs to 2026-04-08 00:00:00+00:00, run_after=2026-04-09 00:00:00+00:00
[2026-04-08T10:40:59.983+0000] {processor.py:183} INFO - Processing /opt/airflow/dags/maintenance_logs.py took 0.226 seconds
[2026-04-08T10:41:30.464+0000] {processor.py:161} INFO - Started process (PID=312) to work on /opt/airflow/dags/maintenance_logs.py
[2026-04-08T10:41:30.468+0000] {processor.py:830} INFO - Processing file /opt/airflow/dags/maintenance_logs.py for tasks to queue
[2026-04-08T10:41:30.473+0000] {logging_mixin.py:188} INFO - [2026-04-08T10:41:30.472+0000] {dagbag.py:545} INFO - Filling up the DagBag from /opt/airflow/dags/maintenance_logs.py
[2026-04-08T10:41:30.546+0000] {processor.py:840} INFO - DAG(s) 'maintenance_cleanup_logs' retrieved from /opt/airflow/dags/maintenance_logs.py
[2026-04-08T10:41:30.670+0000] {logging_mixin.py:188} INFO - [2026-04-08T10:41:30.669+0000] {dag.py:3089} INFO - Sync 1 DAGs
[2026-04-08T10:41:30.729+0000] {logging_mixin.py:188} INFO - [2026-04-08T10:41:30.729+0000] {dag.py:3947} INFO - Setting next_dagrun for maintenance_cleanup_logs to 2026-04-08 00:00:00+00:00, run_after=2026-04-09 00:00:00+00:00
[2026-04-08T10:41:30.825+0000] {processor.py:183} INFO - Processing /opt/airflow/dags/maintenance_logs.py took 0.380 seconds
[2026-04-08T10:42:01.472+0000] {processor.py:161} INFO - Started process (PID=323) to work on /opt/airflow/dags/maintenance_logs.py
[2026-04-08T10:42:01.482+0000] {processor.py:830} INFO - Processing file /opt/airflow/dags/maintenance_logs.py for tasks to queue
[2026-04-08T10:42:01.494+0000] {logging_mixin.py:188} INFO - [2026-04-08T10:42:01.489+0000] {dagbag.py:545} INFO - Filling up the DagBag from /opt/airflow/dags/maintenance_logs.py
[2026-04-08T10:42:01.635+0000] {processor.py:840} INFO - DAG(s) 'maintenance_cleanup_logs' retrieved from /opt/airflow/dags/maintenance_logs.py
[2026-04-08T10:42:02.170+0000] {logging_mixin.py:188} INFO - [2026-04-08T10:42:02.169+0000] {dag.py:3089} INFO - Sync 1 DAGs
[2026-04-08T10:42:02.512+0000] {logging_mixin.py:188} INFO - [2026-04-08T10:42:02.503+0000] {dag.py:3947} INFO - Setting next_dagrun for maintenance_cleanup_logs to 2026-04-08 00:00:00+00:00, run_after=2026-04-09 00:00:00+00:00
[2026-04-08T10:42:02.814+0000] {processor.py:183} INFO - Processing /opt/airflow/dags/maintenance_logs.py took 1.387 seconds
[2026-04-08T10:42:33.759+0000] {processor.py:161} INFO - Started process (PID=334) to work on /opt/airflow/dags/maintenance_logs.py
[2026-04-08T10:42:33.768+0000] {processor.py:830} INFO - Processing file /opt/airflow/dags/maintenance_logs.py for tasks to queue
[2026-04-08T10:42:33.777+0000] {logging_mixin.py:188} INFO - [2026-04-08T10:42:33.775+0000] {dagbag.py:545} INFO - Filling up the DagBag from /opt/airflow/dags/maintenance_logs.py
[2026-04-08T10:42:33.825+0000] {processor.py:840} INFO - DAG(s) 'maintenance_cleanup_logs' retrieved from /opt/airflow/dags/maintenance_logs.py
[2026-04-08T10:42:33.937+0000] {logging_mixin.py:188} INFO - [2026-04-08T10:42:33.936+0000] {dag.py:3089} INFO - Sync 1 DAGs
[2026-04-08T10:42:34.025+0000] {logging_mixin.py:188} INFO - [2026-04-08T10:42:34.024+0000] {dag.py:3947} INFO - Setting next_dagrun for maintenance_cleanup_logs to 2026-04-08 00:00:00+00:00, run_after=2026-04-09 00:00:00+00:00
[2026-04-08T10:42:34.219+0000] {processor.py:183} INFO - Processing /opt/airflow/dags/maintenance_logs.py took 0.519 seconds
[2026-04-08T10:43:04.665+0000] {processor.py:161} INFO - Started process (PID=345) to work on /opt/airflow/dags/maintenance_logs.py
[2026-04-08T10:43:04.669+0000] {processor.py:830} INFO - Processing file /opt/airflow/dags/maintenance_logs.py for tasks to queue
[2026-04-08T10:43:04.677+0000] {logging_mixin.py:188} INFO - [2026-04-08T10:43:04.676+0000] {dagbag.py:545} INFO - Filling up the DagBag from /opt/airflow/dags/maintenance_logs.py
[2026-04-08T10:43:04.826+0000] {processor.py:840} INFO - DAG(s) 'maintenance_cleanup_logs' retrieved from /opt/airflow/dags/maintenance_logs.py
[2026-04-08T10:43:05.005+0000] {logging_mixin.py:188} INFO - [2026-04-08T10:43:05.005+0000] {dag.py:3089} INFO - Sync 1 DAGs
[2026-04-08T10:43:05.073+0000] {logging_mixin.py:188} INFO - [2026-04-08T10:43:05.073+0000] {dag.py:3947} INFO - Setting next_dagrun for maintenance_cleanup_logs to 2026-04-08 00:00:00+00:00, run_after=2026-04-09 00:00:00+00:00
[2026-04-08T10:43:05.135+0000] {processor.py:183} INFO - Processing /opt/airflow/dags/maintenance_logs.py took 0.501 seconds
[2026-04-08T10:43:35.425+0000] {processor.py:161} INFO - Started process (PID=356) to work on /opt/airflow/dags/maintenance_logs.py
[2026-04-08T10:43:35.428+0000] {processor.py:830} INFO - Processing file /opt/airflow/dags/maintenance_logs.py for tasks to queue
[2026-04-08T10:43:35.434+0000] {logging_mixin.py:188} INFO - [2026-04-08T10:43:35.433+0000] {dagbag.py:545} INFO - Filling up the DagBag from /opt/airflow/dags/maintenance_logs.py
[2026-04-08T10:43:35.548+0000] {processor.py:840} INFO - DAG(s) 'maintenance_cleanup_logs' retrieved from /opt/airflow/dags/maintenance_logs.py
[2026-04-08T10:43:35.775+0000] {logging_mixin.py:188} INFO - [2026-04-08T10:43:35.774+0000] {dag.py:3089} INFO - Sync 1 DAGs
[2026-04-08T10:43:35.903+0000] {logging_mixin.py:188} INFO - [2026-04-08T10:43:35.902+0000] {dag.py:3947} INFO - Setting next_dagrun for maintenance_cleanup_logs to 2026-04-08 00:00:00+00:00, run_after=2026-04-09 00:00:00+00:00
[2026-04-08T10:43:36.191+0000] {processor.py:183} INFO - Processing /opt/airflow/dags/maintenance_logs.py took 0.803 seconds
[2026-04-08T10:44:06.889+0000] {processor.py:161} INFO - Started process (PID=365) to work on /opt/airflow/dags/maintenance_logs.py
[2026-04-08T10:44:06.890+0000] {processor.py:830} INFO - Processing file /opt/airflow/dags/maintenance_logs.py for tasks to queue
[2026-04-08T10:44:06.893+0000] {logging_mixin.py:188} INFO - [2026-04-08T10:44:06.892+0000] {dagbag.py:545} INFO - Filling up the DagBag from /opt/airflow/dags/maintenance_logs.py
[2026-04-08T10:44:06.931+0000] {processor.py:840} INFO - DAG(s) 'maintenance_cleanup_logs' retrieved from /opt/airflow/dags/maintenance_logs.py
[2026-04-08T10:44:07.122+0000] {logging_mixin.py:188} INFO - [2026-04-08T10:44:07.121+0000] {dag.py:3089} INFO - Sync 1 DAGs
[2026-04-08T10:44:07.370+0000] {logging_mixin.py:188} INFO - [2026-04-08T10:44:07.370+0000] {dag.py:3947} INFO - Setting next_dagrun for maintenance_cleanup_logs to 2026-04-08 00:00:00+00:00, run_after=2026-04-09 00:00:00+00:00
[2026-04-08T10:44:07.505+0000] {processor.py:183} INFO - Processing /opt/airflow/dags/maintenance_logs.py took 0.625 seconds
[2026-04-08T10:44:38.160+0000] {processor.py:161} INFO - Started process (PID=372) to work on /opt/airflow/dags/maintenance_logs.py
[2026-04-08T10:44:38.162+0000] {processor.py:830} INFO - Processing file /opt/airflow/dags/maintenance_logs.py for tasks to queue
[2026-04-08T10:44:38.166+0000] {logging_mixin.py:188} INFO - [2026-04-08T10:44:38.165+0000] {dagbag.py:545} INFO - Filling up the DagBag from /opt/airflow/dags/maintenance_logs.py
[2026-04-08T10:44:38.220+0000] {processor.py:840} INFO - DAG(s) 'maintenance_cleanup_logs' retrieved from /opt/airflow/dags/maintenance_logs.py
[2026-04-08T10:44:38.352+0000] {logging_mixin.py:188} INFO - [2026-04-08T10:44:38.352+0000] {dag.py:3089} INFO - Sync 1 DAGs
[2026-04-08T10:44:38.395+0000] {logging_mixin.py:188} INFO - [2026-04-08T10:44:38.394+0000] {dag.py:3947} INFO - Setting next_dagrun for maintenance_cleanup_logs to 2026-04-08 00:00:00+00:00, run_after=2026-04-09 00:00:00+00:00
[2026-04-08T10:44:38.448+0000] {processor.py:183} INFO - Processing /opt/airflow/dags/maintenance_logs.py took 0.302 seconds
[2026-04-08T10:45:09.189+0000] {processor.py:161} INFO - Started process (PID=383) to work on /opt/airflow/dags/maintenance_logs.py
[2026-04-08T10:45:09.190+0000] {processor.py:830} INFO - Processing file /opt/airflow/dags/maintenance_logs.py for tasks to queue
[2026-04-08T10:45:09.193+0000] {logging_mixin.py:188} INFO - [2026-04-08T10:45:09.193+0000] {dagbag.py:545} INFO - Filling up the DagBag from /opt/airflow/dags/maintenance_logs.py
[2026-04-08T10:45:09.238+0000] {processor.py:840} INFO - DAG(s) 'maintenance_cleanup_logs' retrieved from /opt/airflow/dags/maintenance_logs.py
[2026-04-08T10:45:09.319+0000] {logging_mixin.py:188} INFO - [2026-04-08T10:45:09.318+0000] {dag.py:3089} INFO - Sync 1 DAGs
[2026-04-08T10:45:09.358+0000] {logging_mixin.py:188} INFO - [2026-04-08T10:45:09.358+0000] {dag.py:3947} INFO - Setting next_dagrun for maintenance_cleanup_logs to 2026-04-08 00:00:00+00:00, run_after=2026-04-09 00:00:00+00:00
[2026-04-08T10:45:09.403+0000] {processor.py:183} INFO - Processing /opt/airflow/dags/maintenance_logs.py took 0.234 seconds
[2026-04-08T10:45:40.087+0000] {processor.py:161} INFO - Started process (PID=394) to work on /opt/airflow/dags/maintenance_logs.py
[2026-04-08T10:45:40.094+0000] {processor.py:830} INFO - Processing file /opt/airflow/dags/maintenance_logs.py for tasks to queue
[2026-04-08T10:45:40.116+0000] {logging_mixin.py:188} INFO - [2026-04-08T10:45:40.114+0000] {dagbag.py:545} INFO - Filling up the DagBag from /opt/airflow/dags/maintenance_logs.py
[2026-04-08T10:45:40.323+0000] {processor.py:840} INFO - DAG(s) 'maintenance_cleanup_logs' retrieved from /opt/airflow/dags/maintenance_logs.py
[2026-04-08T10:45:40.640+0000] {logging_mixin.py:188} INFO - [2026-04-08T10:45:40.636+0000] {dag.py:3089} INFO - Sync 1 DAGs
[2026-04-08T10:45:40.865+0000] {logging_mixin.py:188} INFO - [2026-04-08T10:45:40.864+0000] {dag.py:3947} INFO - Setting next_dagrun for maintenance_cleanup_logs to 2026-04-08 00:00:00+00:00, run_after=2026-04-09 00:00:00+00:00
[2026-04-08T10:45:41.035+0000] {processor.py:183} INFO - Processing /opt/airflow/dags/maintenance_logs.py took 0.988 seconds
[2026-04-08T10:46:11.242+0000] {processor.py:161} INFO - Started process (PID=405) to work on /opt/airflow/dags/maintenance_logs.py
[2026-04-08T10:46:11.244+0000] {processor.py:830} INFO - Processing file /opt/airflow/dags/maintenance_logs.py for tasks to queue
[2026-04-08T10:46:11.249+0000] {logging_mixin.py:188} INFO - [2026-04-08T10:46:11.248+0000] {dagbag.py:545} INFO - Filling up the DagBag from /opt/airflow/dags/maintenance_logs.py
[2026-04-08T10:46:11.359+0000] {processor.py:840} INFO - DAG(s) 'maintenance_cleanup_logs' retrieved from /opt/airflow/dags/maintenance_logs.py
[2026-04-08T10:46:11.480+0000] {logging_mixin.py:188} INFO - [2026-04-08T10:46:11.480+0000] {dag.py:3089} INFO - Sync 1 DAGs
[2026-04-08T10:46:11.526+0000] {logging_mixin.py:188} INFO - [2026-04-08T10:46:11.526+0000] {dag.py:3947} INFO - Setting next_dagrun for maintenance_cleanup_logs to 2026-04-08 00:00:00+00:00, run_after=2026-04-09 00:00:00+00:00
[2026-04-08T10:46:11.577+0000] {processor.py:183} INFO - Processing /opt/airflow/dags/maintenance_logs.py took 0.348 seconds
[2026-04-08T10:46:41.778+0000] {processor.py:161} INFO - Started process (PID=416) to work on /opt/airflow/dags/maintenance_logs.py
[2026-04-08T10:46:41.781+0000] {processor.py:830} INFO - Processing file /opt/airflow/dags/maintenance_logs.py for tasks to queue
[2026-04-08T10:46:41.795+0000] {logging_mixin.py:188} INFO - [2026-04-08T10:46:41.794+0000] {dagbag.py:545} INFO - Filling up the DagBag from /opt/airflow/dags/maintenance_logs.py
[2026-04-08T10:46:42.065+0000] {processor.py:840} INFO - DAG(s) 'maintenance_cleanup_logs' retrieved from /opt/airflow/dags/maintenance_logs.py
[2026-04-08T10:46:42.474+0000] {logging_mixin.py:188} INFO - [2026-04-08T10:46:42.470+0000] {dag.py:3089} INFO - Sync 1 DAGs
[2026-04-08T10:46:42.647+0000] {logging_mixin.py:188} INFO - [2026-04-08T10:46:42.646+0000] {dag.py:3947} INFO - Setting next_dagrun for maintenance_cleanup_logs to 2026-04-08 00:00:00+00:00, run_after=2026-04-09 00:00:00+00:00
[2026-04-08T10:46:42.703+0000] {processor.py:183} INFO - Processing /opt/airflow/dags/maintenance_logs.py took 0.966 seconds
[2026-04-08T10:47:13.144+0000] {processor.py:161} INFO - Started process (PID=427) to work on /opt/airflow/dags/maintenance_logs.py
[2026-04-08T10:47:13.181+0000] {processor.py:830} INFO - Processing file /opt/airflow/dags/maintenance_logs.py for tasks to queue
[2026-04-08T10:47:13.244+0000] {logging_mixin.py:188} INFO - [2026-04-08T10:47:13.243+0000] {dagbag.py:545} INFO - Filling up the DagBag from /opt/airflow/dags/maintenance_logs.py
[2026-04-08T10:47:13.375+0000] {processor.py:840} INFO - DAG(s) 'maintenance_cleanup_logs' retrieved from /opt/airflow/dags/maintenance_logs.py
[2026-04-08T10:47:13.537+0000] {logging_mixin.py:188} INFO - [2026-04-08T10:47:13.537+0000] {dag.py:3089} INFO - Sync 1 DAGs
[2026-04-08T10:47:13.612+0000] {logging_mixin.py:188} INFO - [2026-04-08T10:47:13.612+0000] {dag.py:3947} INFO - Setting next_dagrun for maintenance_cleanup_logs to 2026-04-08 00:00:00+00:00, run_after=2026-04-09 00:00:00+00:00
[2026-04-08T10:47:13.689+0000] {processor.py:183} INFO - Processing /opt/airflow/dags/maintenance_logs.py took 0.852 seconds
[2026-04-08T10:47:44.555+0000] {processor.py:161} INFO - Started process (PID=438) to work on /opt/airflow/dags/maintenance_logs.py
[2026-04-08T10:47:44.557+0000] {processor.py:830} INFO - Processing file /opt/airflow/dags/maintenance_logs.py for tasks to queue
[2026-04-08T10:47:44.561+0000] {logging_mixin.py:188} INFO - [2026-04-08T10:47:44.560+0000] {dagbag.py:545} INFO - Filling up the DagBag from /opt/airflow/dags/maintenance_logs.py
[2026-04-08T10:47:44.708+0000] {processor.py:840} INFO - DAG(s) 'maintenance_cleanup_logs' retrieved from /opt/airflow/dags/maintenance_logs.py
[2026-04-08T10:47:44.861+0000] {logging_mixin.py:188} INFO - [2026-04-08T10:47:44.859+0000] {dag.py:3089} INFO - Sync 1 DAGs
[2026-04-08T10:47:45.005+0000] {logging_mixin.py:188} INFO - [2026-04-08T10:47:45.005+0000] {dag.py:3947} INFO - Setting next_dagrun for maintenance_cleanup_logs to 2026-04-08 00:00:00+00:00, run_after=2026-04-09 00:00:00+00:00
[2026-04-08T10:47:45.092+0000] {processor.py:183} INFO - Processing /opt/airflow/dags/maintenance_logs.py took 0.554 seconds
[2026-04-08T10:48:15.423+0000] {processor.py:161} INFO - Started process (PID=449) to work on /opt/airflow/dags/maintenance_logs.py
[2026-04-08T10:48:15.429+0000] {processor.py:830} INFO - Processing file /opt/airflow/dags/maintenance_logs.py for tasks to queue
[2026-04-08T10:48:15.438+0000] {logging_mixin.py:188} INFO - [2026-04-08T10:48:15.436+0000] {dagbag.py:545} INFO - Filling up the DagBag from /opt/airflow/dags/maintenance_logs.py
[2026-04-08T10:48:15.539+0000] {processor.py:840} INFO - DAG(s) 'maintenance_cleanup_logs' retrieved from /opt/airflow/dags/maintenance_logs.py
[2026-04-08T10:48:15.679+0000] {logging_mixin.py:188} INFO - [2026-04-08T10:48:15.679+0000] {dag.py:3089} INFO - Sync 1 DAGs
[2026-04-08T10:48:15.728+0000] {logging_mixin.py:188} INFO - [2026-04-08T10:48:15.727+0000] {dag.py:3947} INFO - Setting next_dagrun for maintenance_cleanup_logs to 2026-04-08 00:00:00+00:00, run_after=2026-04-09 00:00:00+00:00
[2026-04-08T10:48:15.780+0000] {processor.py:183} INFO - Processing /opt/airflow/dags/maintenance_logs.py took 0.388 seconds
[2026-04-08T10:48:45.992+0000] {processor.py:161} INFO - Started process (PID=461) to work on /opt/airflow/dags/maintenance_logs.py
[2026-04-08T10:48:45.994+0000] {processor.py:830} INFO - Processing file /opt/airflow/dags/maintenance_logs.py for tasks to queue
[2026-04-08T10:48:45.998+0000] {logging_mixin.py:188} INFO - [2026-04-08T10:48:45.997+0000] {dagbag.py:545} INFO - Filling up the DagBag from /opt/airflow/dags/maintenance_logs.py
[2026-04-08T10:48:46.070+0000] {processor.py:840} INFO - DAG(s) 'maintenance_cleanup_logs' retrieved from /opt/airflow/dags/maintenance_logs.py
[2026-04-08T10:48:46.261+0000] {logging_mixin.py:188} INFO - [2026-04-08T10:48:46.260+0000] {dag.py:3089} INFO - Sync 1 DAGs
[2026-04-08T10:48:46.472+0000] {logging_mixin.py:188} INFO - [2026-04-08T10:48:46.471+0000] {dag.py:3947} INFO - Setting next_dagrun for maintenance_cleanup_logs to 2026-04-08 00:00:00+00:00, run_after=2026-04-09 00:00:00+00:00
[2026-04-08T10:48:46.738+0000] {processor.py:183} INFO - Processing /opt/airflow/dags/maintenance_logs.py took 0.760 seconds
[2026-04-08T11:14:46.570+0000] {processor.py:161} INFO - Started process (PID=164) to work on /opt/airflow/dags/maintenance_logs.py
[2026-04-08T11:14:46.580+0000] {processor.py:830} INFO - Processing file /opt/airflow/dags/maintenance_logs.py for tasks to queue
[2026-04-08T11:14:46.595+0000] {logging_mixin.py:188} INFO - [2026-04-08T11:14:46.594+0000] {dagbag.py:545} INFO - Filling up the DagBag from /opt/airflow/dags/maintenance_logs.py
[2026-04-08T11:14:46.796+0000] {processor.py:840} INFO - DAG(s) 'maintenance_cleanup_logs' retrieved from /opt/airflow/dags/maintenance_logs.py
[2026-04-08T11:14:47.134+0000] {logging_mixin.py:188} INFO - [2026-04-08T11:14:47.133+0000] {dag.py:3089} INFO - Sync 1 DAGs
[2026-04-08T11:14:47.401+0000] {logging_mixin.py:188} INFO - [2026-04-08T11:14:47.399+0000] {dag.py:3947} INFO - Setting next_dagrun for maintenance_cleanup_logs to 2026-04-08 00:00:00+00:00, run_after=2026-04-09 00:00:00+00:00
[2026-04-08T11:14:47.492+0000] {processor.py:183} INFO - Processing /opt/airflow/dags/maintenance_logs.py took 0.999 seconds
[2026-04-08T11:15:18.009+0000] {processor.py:161} INFO - Started process (PID=175) to work on /opt/airflow/dags/maintenance_logs.py
[2026-04-08T11:15:18.025+0000] {processor.py:830} INFO - Processing file /opt/airflow/dags/maintenance_logs.py for tasks to queue
[2026-04-08T11:15:18.046+0000] {logging_mixin.py:188} INFO - [2026-04-08T11:15:18.044+0000] {dagbag.py:545} INFO - Filling up the DagBag from /opt/airflow/dags/maintenance_logs.py
[2026-04-08T11:15:18.321+0000] {processor.py:840} INFO - DAG(s) 'maintenance_cleanup_logs' retrieved from /opt/airflow/dags/maintenance_logs.py
[2026-04-08T11:15:19.317+0000] {logging_mixin.py:188} INFO - [2026-04-08T11:15:19.317+0000] {dag.py:3089} INFO - Sync 1 DAGs
[2026-04-08T11:15:19.413+0000] {logging_mixin.py:188} INFO - [2026-04-08T11:15:19.412+0000] {dag.py:3947} INFO - Setting next_dagrun for maintenance_cleanup_logs to 2026-04-08 00:00:00+00:00, run_after=2026-04-09 00:00:00+00:00
[2026-04-08T11:15:19.516+0000] {processor.py:183} INFO - Processing /opt/airflow/dags/maintenance_logs.py took 1.564 seconds
[2026-04-08T11:15:51.090+0000] {processor.py:161} INFO - Started process (PID=186) to work on /opt/airflow/dags/maintenance_logs.py
[2026-04-08T11:15:51.117+0000] {processor.py:830} INFO - Processing file /opt/airflow/dags/maintenance_logs.py for tasks to queue
[2026-04-08T11:15:51.196+0000] {logging_mixin.py:188} INFO - [2026-04-08T11:15:51.159+0000] {dagbag.py:545} INFO - Filling up the DagBag from /opt/airflow/dags/maintenance_logs.py
[2026-04-08T11:15:51.421+0000] {processor.py:840} INFO - DAG(s) 'maintenance_cleanup_logs' retrieved from /opt/airflow/dags/maintenance_logs.py
[2026-04-08T11:15:51.734+0000] {logging_mixin.py:188} INFO - [2026-04-08T11:15:51.733+0000] {dag.py:3089} INFO - Sync 1 DAGs
[2026-04-08T11:15:51.934+0000] {logging_mixin.py:188} INFO - [2026-04-08T11:15:51.934+0000] {dag.py:3947} INFO - Setting next_dagrun for maintenance_cleanup_logs to 2026-04-08 00:00:00+00:00, run_after=2026-04-09 00:00:00+00:00
[2026-04-08T11:15:52.078+0000] {processor.py:183} INFO - Processing /opt/airflow/dags/maintenance_logs.py took 1.298 seconds
[2026-04-08T11:16:22.562+0000] {processor.py:161} INFO - Started process (PID=199) to work on /opt/airflow/dags/maintenance_logs.py
[2026-04-08T11:16:22.565+0000] {processor.py:830} INFO - Processing file /opt/airflow/dags/maintenance_logs.py for tasks to queue
[2026-04-08T11:16:22.572+0000] {logging_mixin.py:188} INFO - [2026-04-08T11:16:22.571+0000] {dagbag.py:545} INFO - Filling up the DagBag from /opt/airflow/dags/maintenance_logs.py
[2026-04-08T11:16:22.635+0000] {processor.py:840} INFO - DAG(s) 'maintenance_cleanup_logs' retrieved from /opt/airflow/dags/maintenance_logs.py
[2026-04-08T11:16:22.769+0000] {logging_mixin.py:188} INFO - [2026-04-08T11:16:22.768+0000] {dag.py:3089} INFO - Sync 1 DAGs
[2026-04-08T11:16:22.834+0000] {logging_mixin.py:188} INFO - [2026-04-08T11:16:22.834+0000] {dag.py:3947} INFO - Setting next_dagrun for maintenance_cleanup_logs to 2026-04-08 00:00:00+00:00, run_after=2026-04-09 00:00:00+00:00
[2026-04-08T11:16:22.890+0000] {processor.py:183} INFO - Processing /opt/airflow/dags/maintenance_logs.py took 0.346 seconds
[2026-04-08T11:16:53.538+0000] {processor.py:161} INFO - Started process (PID=216) to work on /opt/airflow/dags/maintenance_logs.py
[2026-04-08T11:16:53.547+0000] {processor.py:830} INFO - Processing file /opt/airflow/dags/maintenance_logs.py for tasks to queue
[2026-04-08T11:16:53.552+0000] {logging_mixin.py:188} INFO - [2026-04-08T11:16:53.551+0000] {dagbag.py:545} INFO - Filling up the DagBag from /opt/airflow/dags/maintenance_logs.py
[2026-04-08T11:16:53.606+0000] {processor.py:840} INFO - DAG(s) 'maintenance_cleanup_logs' retrieved from /opt/airflow/dags/maintenance_logs.py
[2026-04-08T11:16:53.717+0000] {logging_mixin.py:188} INFO - [2026-04-08T11:16:53.716+0000] {dag.py:3089} INFO - Sync 1 DAGs
[2026-04-08T11:16:53.775+0000] {logging_mixin.py:188} INFO - [2026-04-08T11:16:53.774+0000] {dag.py:3947} INFO - Setting next_dagrun for maintenance_cleanup_logs to 2026-04-08 00:00:00+00:00, run_after=2026-04-09 00:00:00+00:00
[2026-04-08T11:16:53.842+0000] {processor.py:183} INFO - Processing /opt/airflow/dags/maintenance_logs.py took 0.319 seconds
[2026-04-08T11:17:24.561+0000] {processor.py:161} INFO - Started process (PID=227) to work on /opt/airflow/dags/maintenance_logs.py
[2026-04-08T11:17:24.562+0000] {processor.py:830} INFO - Processing file /opt/airflow/dags/maintenance_logs.py for tasks to queue
[2026-04-08T11:17:24.566+0000] {logging_mixin.py:188} INFO - [2026-04-08T11:17:24.565+0000] {dagbag.py:545} INFO - Filling up the DagBag from /opt/airflow/dags/maintenance_logs.py
[2026-04-08T11:17:24.629+0000] {processor.py:840} INFO - DAG(s) 'maintenance_cleanup_logs' retrieved from /opt/airflow/dags/maintenance_logs.py
[2026-04-08T11:17:24.733+0000] {logging_mixin.py:188} INFO - [2026-04-08T11:17:24.732+0000] {dag.py:3089} INFO - Sync 1 DAGs
[2026-04-08T11:17:24.783+0000] {logging_mixin.py:188} INFO - [2026-04-08T11:17:24.782+0000] {dag.py:3947} INFO - Setting next_dagrun for maintenance_cleanup_logs to 2026-04-08 00:00:00+00:00, run_after=2026-04-09 00:00:00+00:00
[2026-04-08T11:17:24.839+0000] {processor.py:183} INFO - Processing /opt/airflow/dags/maintenance_logs.py took 0.291 seconds
[2026-04-08T11:17:55.189+0000] {processor.py:161} INFO - Started process (PID=238) to work on /opt/airflow/dags/maintenance_logs.py
[2026-04-08T11:17:55.191+0000] {processor.py:830} INFO - Processing file /opt/airflow/dags/maintenance_logs.py for tasks to queue
[2026-04-08T11:17:55.194+0000] {logging_mixin.py:188} INFO - [2026-04-08T11:17:55.193+0000] {dagbag.py:545} INFO - Filling up the DagBag from /opt/airflow/dags/maintenance_logs.py
[2026-04-08T11:17:55.244+0000] {processor.py:840} INFO - DAG(s) 'maintenance_cleanup_logs' retrieved from /opt/airflow/dags/maintenance_logs.py
[2026-04-08T11:17:55.359+0000] {logging_mixin.py:188} INFO - [2026-04-08T11:17:55.359+0000] {dag.py:3089} INFO - Sync 1 DAGs
[2026-04-08T11:17:55.405+0000] {logging_mixin.py:188} INFO - [2026-04-08T11:17:55.405+0000] {dag.py:3947} INFO - Setting next_dagrun for maintenance_cleanup_logs to 2026-04-08 00:00:00+00:00, run_after=2026-04-09 00:00:00+00:00
[2026-04-08T11:17:55.458+0000] {processor.py:183} INFO - Processing /opt/airflow/dags/maintenance_logs.py took 0.280 seconds
[2026-04-08T11:18:25.684+0000] {processor.py:161} INFO - Started process (PID=249) to work on /opt/airflow/dags/maintenance_logs.py
[2026-04-08T11:18:25.685+0000] {processor.py:830} INFO - Processing file /opt/airflow/dags/maintenance_logs.py for tasks to queue
[2026-04-08T11:18:25.688+0000] {logging_mixin.py:188} INFO - [2026-04-08T11:18:25.688+0000] {dagbag.py:545} INFO - Filling up the DagBag from /opt/airflow/dags/maintenance_logs.py
[2026-04-08T11:18:25.727+0000] {processor.py:840} INFO - DAG(s) 'maintenance_cleanup_logs' retrieved from /opt/airflow/dags/maintenance_logs.py
[2026-04-08T11:18:25.811+0000] {logging_mixin.py:188} INFO - [2026-04-08T11:18:25.811+0000] {dag.py:3089} INFO - Sync 1 DAGs
[2026-04-08T11:18:25.856+0000] {logging_mixin.py:188} INFO - [2026-04-08T11:18:25.856+0000] {dag.py:3947} INFO - Setting next_dagrun for maintenance_cleanup_logs to 2026-04-08 00:00:00+00:00, run_after=2026-04-09 00:00:00+00:00
[2026-04-08T11:18:25.995+0000] {processor.py:183} INFO - Processing /opt/airflow/dags/maintenance_logs.py took 0.319 seconds
[2026-04-08T11:18:56.598+0000] {processor.py:161} INFO - Started process (PID=260) to work on /opt/airflow/dags/maintenance_logs.py
[2026-04-08T11:18:56.601+0000] {processor.py:830} INFO - Processing file /opt/airflow/dags/maintenance_logs.py for tasks to queue
[2026-04-08T11:18:56.612+0000] {logging_mixin.py:188} INFO - [2026-04-08T11:18:56.611+0000] {dagbag.py:545} INFO - Filling up the DagBag from /opt/airflow/dags/maintenance_logs.py
[2026-04-08T11:18:56.675+0000] {processor.py:840} INFO - DAG(s) 'maintenance_cleanup_logs' retrieved from /opt/airflow/dags/maintenance_logs.py
[2026-04-08T11:18:56.794+0000] {logging_mixin.py:188} INFO - [2026-04-08T11:18:56.777+0000] {dag.py:3089} INFO - Sync 1 DAGs
[2026-04-08T11:18:56.965+0000] {logging_mixin.py:188} INFO - [2026-04-08T11:18:56.965+0000] {dag.py:3947} INFO - Setting next_dagrun for maintenance_cleanup_logs to 2026-04-08 00:00:00+00:00, run_after=2026-04-09 00:00:00+00:00
[2026-04-08T11:18:57.102+0000] {processor.py:183} INFO - Processing /opt/airflow/dags/maintenance_logs.py took 0.539 seconds
[2026-04-08T11:19:27.706+0000] {processor.py:161} INFO - Started process (PID=271) to work on /opt/airflow/dags/maintenance_logs.py
[2026-04-08T11:19:27.709+0000] {processor.py:830} INFO - Processing file /opt/airflow/dags/maintenance_logs.py for tasks to queue
[2026-04-08T11:19:27.713+0000] {logging_mixin.py:188} INFO - [2026-04-08T11:19:27.712+0000] {dagbag.py:545} INFO - Filling up the DagBag from /opt/airflow/dags/maintenance_logs.py
[2026-04-08T11:19:27.771+0000] {processor.py:840} INFO - DAG(s) 'maintenance_cleanup_logs' retrieved from /opt/airflow/dags/maintenance_logs.py
[2026-04-08T11:19:27.878+0000] {logging_mixin.py:188} INFO - [2026-04-08T11:19:27.877+0000] {dag.py:3089} INFO - Sync 1 DAGs
[2026-04-08T11:19:27.926+0000] {logging_mixin.py:188} INFO - [2026-04-08T11:19:27.925+0000] {dag.py:3947} INFO - Setting next_dagrun for maintenance_cleanup_logs to 2026-04-08 00:00:00+00:00, run_after=2026-04-09 00:00:00+00:00
[2026-04-08T11:19:27.970+0000] {processor.py:183} INFO - Processing /opt/airflow/dags/maintenance_logs.py took 0.277 seconds
[2026-04-08T11:19:58.443+0000] {processor.py:161} INFO - Started process (PID=280) to work on /opt/airflow/dags/maintenance_logs.py
[2026-04-08T11:19:58.446+0000] {processor.py:830} INFO - Processing file /opt/airflow/dags/maintenance_logs.py for tasks to queue
[2026-04-08T11:19:58.451+0000] {logging_mixin.py:188} INFO - [2026-04-08T11:19:58.450+0000] {dagbag.py:545} INFO - Filling up the DagBag from /opt/airflow/dags/maintenance_logs.py
[2026-04-08T11:19:58.510+0000] {processor.py:840} INFO - DAG(s) 'maintenance_cleanup_logs' retrieved from /opt/airflow/dags/maintenance_logs.py
[2026-04-08T11:19:58.664+0000] {logging_mixin.py:188} INFO - [2026-04-08T11:19:58.664+0000] {dag.py:3089} INFO - Sync 1 DAGs
[2026-04-08T11:19:58.838+0000] {logging_mixin.py:188} INFO - [2026-04-08T11:19:58.837+0000] {dag.py:3947} INFO - Setting next_dagrun for maintenance_cleanup_logs to 2026-04-08 00:00:00+00:00, run_after=2026-04-09 00:00:00+00:00
[2026-04-08T11:19:59.013+0000] {processor.py:183} INFO - Processing /opt/airflow/dags/maintenance_logs.py took 0.584 seconds
[2026-04-08T11:20:29.627+0000] {processor.py:161} INFO - Started process (PID=287) to work on /opt/airflow/dags/maintenance_logs.py
[2026-04-08T11:20:29.629+0000] {processor.py:830} INFO - Processing file /opt/airflow/dags/maintenance_logs.py for tasks to queue
[2026-04-08T11:20:29.637+0000] {logging_mixin.py:188} INFO - [2026-04-08T11:20:29.635+0000] {dagbag.py:545} INFO - Filling up the DagBag from /opt/airflow/dags/maintenance_logs.py
[2026-04-08T11:20:29.744+0000] {processor.py:840} INFO - DAG(s) 'maintenance_cleanup_logs' retrieved from /opt/airflow/dags/maintenance_logs.py
[2026-04-08T11:20:29.914+0000] {logging_mixin.py:188} INFO - [2026-04-08T11:20:29.914+0000] {dag.py:3089} INFO - Sync 1 DAGs
[2026-04-08T11:20:29.976+0000] {logging_mixin.py:188} INFO - [2026-04-08T11:20:29.975+0000] {dag.py:3947} INFO - Setting next_dagrun for maintenance_cleanup_logs to 2026-04-08 00:00:00+00:00, run_after=2026-04-09 00:00:00+00:00
[2026-04-08T11:20:30.042+0000] {processor.py:183} INFO - Processing /opt/airflow/dags/maintenance_logs.py took 0.438 seconds
[2026-04-08T11:21:00.630+0000] {processor.py:161} INFO - Started process (PID=298) to work on /opt/airflow/dags/maintenance_logs.py
[2026-04-08T11:21:00.632+0000] {processor.py:830} INFO - Processing file /opt/airflow/dags/maintenance_logs.py for tasks to queue
[2026-04-08T11:21:00.639+0000] {logging_mixin.py:188} INFO - [2026-04-08T11:21:00.638+0000] {dagbag.py:545} INFO - Filling up the DagBag from /opt/airflow/dags/maintenance_logs.py
[2026-04-08T11:21:00.704+0000] {processor.py:840} INFO - DAG(s) 'maintenance_cleanup_logs' retrieved from /opt/airflow/dags/maintenance_logs.py
[2026-04-08T11:21:00.808+0000] {logging_mixin.py:188} INFO - [2026-04-08T11:21:00.808+0000] {dag.py:3089} INFO - Sync 1 DAGs
[2026-04-08T11:21:00.880+0000] {logging_mixin.py:188} INFO - [2026-04-08T11:21:00.879+0000] {dag.py:3947} INFO - Setting next_dagrun for maintenance_cleanup_logs to 2026-04-08 00:00:00+00:00, run_after=2026-04-09 00:00:00+00:00
[2026-04-08T11:21:00.946+0000] {processor.py:183} INFO - Processing /opt/airflow/dags/maintenance_logs.py took 0.331 seconds
[2026-04-08T11:24:25.082+0000] {processor.py:161} INFO - Started process (PID=164) to work on /opt/airflow/dags/maintenance_logs.py
[2026-04-08T11:24:25.086+0000] {processor.py:830} INFO - Processing file /opt/airflow/dags/maintenance_logs.py for tasks to queue
[2026-04-08T11:24:25.090+0000] {logging_mixin.py:188} INFO - [2026-04-08T11:24:25.090+0000] {dagbag.py:545} INFO - Filling up the DagBag from /opt/airflow/dags/maintenance_logs.py
[2026-04-08T11:24:25.163+0000] {processor.py:840} INFO - DAG(s) 'maintenance_cleanup_logs' retrieved from /opt/airflow/dags/maintenance_logs.py
[2026-04-08T11:24:25.380+0000] {logging_mixin.py:188} INFO - [2026-04-08T11:24:25.380+0000] {dag.py:3089} INFO - Sync 1 DAGs
[2026-04-08T11:24:25.433+0000] {logging_mixin.py:188} INFO - [2026-04-08T11:24:25.432+0000] {dag.py:3947} INFO - Setting next_dagrun for maintenance_cleanup_logs to 2026-04-08 00:00:00+00:00, run_after=2026-04-09 00:00:00+00:00
[2026-04-08T11:24:25.485+0000] {processor.py:183} INFO - Processing /opt/airflow/dags/maintenance_logs.py took 0.413 seconds
[2026-04-08T11:24:56.092+0000] {processor.py:161} INFO - Started process (PID=175) to work on /opt/airflow/dags/maintenance_logs.py
[2026-04-08T11:24:56.095+0000] {processor.py:830} INFO - Processing file /opt/airflow/dags/maintenance_logs.py for tasks to queue
[2026-04-08T11:24:56.108+0000] {logging_mixin.py:188} INFO - [2026-04-08T11:24:56.107+0000] {dagbag.py:545} INFO - Filling up the DagBag from /opt/airflow/dags/maintenance_logs.py
[2026-04-08T11:24:56.245+0000] {processor.py:840} INFO - DAG(s) 'maintenance_cleanup_logs' retrieved from /opt/airflow/dags/maintenance_logs.py
[2026-04-08T11:24:56.928+0000] {logging_mixin.py:188} INFO - [2026-04-08T11:24:56.928+0000] {dag.py:3089} INFO - Sync 1 DAGs
[2026-04-08T11:24:57.196+0000] {logging_mixin.py:188} INFO - [2026-04-08T11:24:57.195+0000] {dag.py:3947} INFO - Setting next_dagrun for maintenance_cleanup_logs to 2026-04-08 00:00:00+00:00, run_after=2026-04-09 00:00:00+00:00
[2026-04-08T11:24:57.304+0000] {processor.py:183} INFO - Processing /opt/airflow/dags/maintenance_logs.py took 1.283 seconds
[2026-04-08T11:25:27.632+0000] {processor.py:161} INFO - Started process (PID=186) to work on /opt/airflow/dags/maintenance_logs.py
[2026-04-08T11:25:27.636+0000] {processor.py:830} INFO - Processing file /opt/airflow/dags/maintenance_logs.py for tasks to queue
[2026-04-08T11:25:27.643+0000] {logging_mixin.py:188} INFO - [2026-04-08T11:25:27.641+0000] {dagbag.py:545} INFO - Filling up the DagBag from /opt/airflow/dags/maintenance_logs.py
[2026-04-08T11:25:27.693+0000] {processor.py:840} INFO - DAG(s) 'maintenance_cleanup_logs' retrieved from /opt/airflow/dags/maintenance_logs.py
[2026-04-08T11:25:27.781+0000] {logging_mixin.py:188} INFO - [2026-04-08T11:25:27.781+0000] {dag.py:3089} INFO - Sync 1 DAGs
[2026-04-08T11:25:27.831+0000] {logging_mixin.py:188} INFO - [2026-04-08T11:25:27.831+0000] {dag.py:3947} INFO - Setting next_dagrun for maintenance_cleanup_logs to 2026-04-08 00:00:00+00:00, run_after=2026-04-09 00:00:00+00:00
[2026-04-08T11:25:27.877+0000] {processor.py:183} INFO - Processing /opt/airflow/dags/maintenance_logs.py took 0.336 seconds
[2026-04-08T11:25:58.032+0000] {processor.py:161} INFO - Started process (PID=197) to work on /opt/airflow/dags/maintenance_logs.py
[2026-04-08T11:25:58.034+0000] {processor.py:830} INFO - Processing file /opt/airflow/dags/maintenance_logs.py for tasks to queue
[2026-04-08T11:25:58.037+0000] {logging_mixin.py:188} INFO - [2026-04-08T11:25:58.036+0000] {dagbag.py:545} INFO - Filling up the DagBag from /opt/airflow/dags/maintenance_logs.py
[2026-04-08T11:25:58.091+0000] {processor.py:840} INFO - DAG(s) 'maintenance_cleanup_logs' retrieved from /opt/airflow/dags/maintenance_logs.py
[2026-04-08T11:25:58.193+0000] {logging_mixin.py:188} INFO - [2026-04-08T11:25:58.193+0000] {dag.py:3089} INFO - Sync 1 DAGs
[2026-04-08T11:25:58.261+0000] {logging_mixin.py:188} INFO - [2026-04-08T11:25:58.261+0000] {dag.py:3947} INFO - Setting next_dagrun for maintenance_cleanup_logs to 2026-04-08 00:00:00+00:00, run_after=2026-04-09 00:00:00+00:00
[2026-04-08T11:25:58.369+0000] {processor.py:183} INFO - Processing /opt/airflow/dags/maintenance_logs.py took 0.354 seconds
[2026-04-08T11:26:28.898+0000] {processor.py:161} INFO - Started process (PID=208) to work on /opt/airflow/dags/maintenance_logs.py
[2026-04-08T11:26:28.900+0000] {processor.py:830} INFO - Processing file /opt/airflow/dags/maintenance_logs.py for tasks to queue
[2026-04-08T11:26:28.906+0000] {logging_mixin.py:188} INFO - [2026-04-08T11:26:28.905+0000] {dagbag.py:545} INFO - Filling up the DagBag from /opt/airflow/dags/maintenance_logs.py
[2026-04-08T11:26:28.956+0000] {processor.py:840} INFO - DAG(s) 'maintenance_cleanup_logs' retrieved from /opt/airflow/dags/maintenance_logs.py
[2026-04-08T11:26:29.067+0000] {logging_mixin.py:188} INFO - [2026-04-08T11:26:29.066+0000] {dag.py:3089} INFO - Sync 1 DAGs
[2026-04-08T11:26:29.115+0000] {logging_mixin.py:188} INFO - [2026-04-08T11:26:29.114+0000] {dag.py:3947} INFO - Setting next_dagrun for maintenance_cleanup_logs to 2026-04-08 00:00:00+00:00, run_after=2026-04-09 00:00:00+00:00
[2026-04-08T11:26:29.170+0000] {processor.py:183} INFO - Processing /opt/airflow/dags/maintenance_logs.py took 0.281 seconds
[2026-04-08T11:26:59.576+0000] {processor.py:161} INFO - Started process (PID=219) to work on /opt/airflow/dags/maintenance_logs.py
[2026-04-08T11:26:59.578+0000] {processor.py:830} INFO - Processing file /opt/airflow/dags/maintenance_logs.py for tasks to queue
[2026-04-08T11:26:59.584+0000] {logging_mixin.py:188} INFO - [2026-04-08T11:26:59.583+0000] {dagbag.py:545} INFO - Filling up the DagBag from /opt/airflow/dags/maintenance_logs.py
[2026-04-08T11:26:59.651+0000] {processor.py:840} INFO - DAG(s) 'maintenance_cleanup_logs' retrieved from /opt/airflow/dags/maintenance_logs.py
[2026-04-08T11:26:59.864+0000] {logging_mixin.py:188} INFO - [2026-04-08T11:26:59.863+0000] {dag.py:3089} INFO - Sync 1 DAGs
[2026-04-08T11:26:59.913+0000] {logging_mixin.py:188} INFO - [2026-04-08T11:26:59.912+0000] {dag.py:3947} INFO - Setting next_dagrun for maintenance_cleanup_logs to 2026-04-08 00:00:00+00:00, run_after=2026-04-09 00:00:00+00:00
[2026-04-08T11:26:59.965+0000] {processor.py:183} INFO - Processing /opt/airflow/dags/maintenance_logs.py took 0.552 seconds
[2026-04-08T11:27:30.405+0000] {processor.py:161} INFO - Started process (PID=230) to work on /opt/airflow/dags/maintenance_logs.py
[2026-04-08T11:27:30.407+0000] {processor.py:830} INFO - Processing file /opt/airflow/dags/maintenance_logs.py for tasks to queue
[2026-04-08T11:27:30.409+0000] {logging_mixin.py:188} INFO - [2026-04-08T11:27:30.409+0000] {dagbag.py:545} INFO - Filling up the DagBag from /opt/airflow/dags/maintenance_logs.py
[2026-04-08T11:27:30.446+0000] {processor.py:840} INFO - DAG(s) 'maintenance_cleanup_logs' retrieved from /opt/airflow/dags/maintenance_logs.py
[2026-04-08T11:27:30.532+0000] {logging_mixin.py:188} INFO - [2026-04-08T11:27:30.532+0000] {dag.py:3089} INFO - Sync 1 DAGs
[2026-04-08T11:27:30.578+0000] {logging_mixin.py:188} INFO - [2026-04-08T11:27:30.578+0000] {dag.py:3947} INFO - Setting next_dagrun for maintenance_cleanup_logs to 2026-04-08 00:00:00+00:00, run_after=2026-04-09 00:00:00+00:00
[2026-04-08T11:27:30.619+0000] {processor.py:183} INFO - Processing /opt/airflow/dags/maintenance_logs.py took 0.224 seconds
[2026-04-08T11:28:01.429+0000] {processor.py:161} INFO - Started process (PID=241) to work on /opt/airflow/dags/maintenance_logs.py
[2026-04-08T11:28:01.433+0000] {processor.py:830} INFO - Processing file /opt/airflow/dags/maintenance_logs.py for tasks to queue
[2026-04-08T11:28:01.443+0000] {logging_mixin.py:188} INFO - [2026-04-08T11:28:01.442+0000] {dagbag.py:545} INFO - Filling up the DagBag from /opt/airflow/dags/maintenance_logs.py
[2026-04-08T11:28:01.552+0000] {processor.py:840} INFO - DAG(s) 'maintenance_cleanup_logs' retrieved from /opt/airflow/dags/maintenance_logs.py
[2026-04-08T11:28:01.759+0000] {logging_mixin.py:188} INFO - [2026-04-08T11:28:01.758+0000] {dag.py:3089} INFO - Sync 1 DAGs
[2026-04-08T11:28:01.847+0000] {logging_mixin.py:188} INFO - [2026-04-08T11:28:01.846+0000] {dag.py:3947} INFO - Setting next_dagrun for maintenance_cleanup_logs to 2026-04-08 00:00:00+00:00, run_after=2026-04-09 00:00:00+00:00
[2026-04-08T11:28:01.923+0000] {processor.py:183} INFO - Processing /opt/airflow/dags/maintenance_logs.py took 0.516 seconds
[2026-04-08T11:28:32.530+0000] {processor.py:161} INFO - Started process (PID=252) to work on /opt/airflow/dags/maintenance_logs.py
[2026-04-08T11:28:32.532+0000] {processor.py:830} INFO - Processing file /opt/airflow/dags/maintenance_logs.py for tasks to queue
[2026-04-08T11:28:32.550+0000] {logging_mixin.py:188} INFO - [2026-04-08T11:28:32.550+0000] {dagbag.py:545} INFO - Filling up the DagBag from /opt/airflow/dags/maintenance_logs.py
[2026-04-08T11:28:32.596+0000] {processor.py:840} INFO - DAG(s) 'maintenance_cleanup_logs' retrieved from /opt/airflow/dags/maintenance_logs.py
[2026-04-08T11:28:32.697+0000] {logging_mixin.py:188} INFO - [2026-04-08T11:28:32.697+0000] {dag.py:3089} INFO - Sync 1 DAGs
[2026-04-08T11:28:32.743+0000] {logging_mixin.py:188} INFO - [2026-04-08T11:28:32.743+0000] {dag.py:3947} INFO - Setting next_dagrun for maintenance_cleanup_logs to 2026-04-08 00:00:00+00:00, run_after=2026-04-09 00:00:00+00:00
[2026-04-08T11:28:32.797+0000] {processor.py:183} INFO - Processing /opt/airflow/dags/maintenance_logs.py took 0.306 seconds
[2026-04-08T11:29:03.381+0000] {processor.py:161} INFO - Started process (PID=263) to work on /opt/airflow/dags/maintenance_logs.py
[2026-04-08T11:29:03.383+0000] {processor.py:830} INFO - Processing file /opt/airflow/dags/maintenance_logs.py for tasks to queue
[2026-04-08T11:29:03.388+0000] {logging_mixin.py:188} INFO - [2026-04-08T11:29:03.387+0000] {dagbag.py:545} INFO - Filling up the DagBag from /opt/airflow/dags/maintenance_logs.py
[2026-04-08T11:29:03.446+0000] {processor.py:840} INFO - DAG(s) 'maintenance_cleanup_logs' retrieved from /opt/airflow/dags/maintenance_logs.py
[2026-04-08T11:29:03.556+0000] {logging_mixin.py:188} INFO - [2026-04-08T11:29:03.555+0000] {dag.py:3089} INFO - Sync 1 DAGs
[2026-04-08T11:29:03.633+0000] {logging_mixin.py:188} INFO - [2026-04-08T11:29:03.631+0000] {dag.py:3947} INFO - Setting next_dagrun for maintenance_cleanup_logs to 2026-04-08 00:00:00+00:00, run_after=2026-04-09 00:00:00+00:00
[2026-04-08T11:29:03.745+0000] {processor.py:183} INFO - Processing /opt/airflow/dags/maintenance_logs.py took 0.451 seconds
[2026-04-08T11:29:34.157+0000] {processor.py:161} INFO - Started process (PID=274) to work on /opt/airflow/dags/maintenance_logs.py
[2026-04-08T11:29:34.160+0000] {processor.py:830} INFO - Processing file /opt/airflow/dags/maintenance_logs.py for tasks to queue
[2026-04-08T11:29:34.165+0000] {logging_mixin.py:188} INFO - [2026-04-08T11:29:34.164+0000] {dagbag.py:545} INFO - Filling up the DagBag from /opt/airflow/dags/maintenance_logs.py
[2026-04-08T11:29:34.255+0000] {processor.py:840} INFO - DAG(s) 'maintenance_cleanup_logs' retrieved from /opt/airflow/dags/maintenance_logs.py
[2026-04-08T11:29:34.674+0000] {logging_mixin.py:188} INFO - [2026-04-08T11:29:34.674+0000] {dag.py:3089} INFO - Sync 1 DAGs
[2026-04-08T11:29:34.754+0000] {logging_mixin.py:188} INFO - [2026-04-08T11:29:34.753+0000] {dag.py:3947} INFO - Setting next_dagrun for maintenance_cleanup_logs to 2026-04-08 00:00:00+00:00, run_after=2026-04-09 00:00:00+00:00
[2026-04-08T11:29:34.809+0000] {processor.py:183} INFO - Processing /opt/airflow/dags/maintenance_logs.py took 0.665 seconds
[2026-04-08T11:30:05.172+0000] {processor.py:161} INFO - Started process (PID=285) to work on /opt/airflow/dags/maintenance_logs.py
[2026-04-08T11:30:05.173+0000] {processor.py:830} INFO - Processing file /opt/airflow/dags/maintenance_logs.py for tasks to queue
[2026-04-08T11:30:05.176+0000] {logging_mixin.py:188} INFO - [2026-04-08T11:30:05.176+0000] {dagbag.py:545} INFO - Filling up the DagBag from /opt/airflow/dags/maintenance_logs.py
[2026-04-08T11:30:05.222+0000] {processor.py:840} INFO - DAG(s) 'maintenance_cleanup_logs' retrieved from /opt/airflow/dags/maintenance_logs.py
[2026-04-08T11:30:05.323+0000] {logging_mixin.py:188} INFO - [2026-04-08T11:30:05.323+0000] {dag.py:3089} INFO - Sync 1 DAGs
[2026-04-08T11:30:05.363+0000] {logging_mixin.py:188} INFO - [2026-04-08T11:30:05.363+0000] {dag.py:3947} INFO - Setting next_dagrun for maintenance_cleanup_logs to 2026-04-08 00:00:00+00:00, run_after=2026-04-09 00:00:00+00:00
[2026-04-08T11:30:05.409+0000] {processor.py:183} INFO - Processing /opt/airflow/dags/maintenance_logs.py took 0.248 seconds
[2026-04-08T11:30:35.802+0000] {processor.py:161} INFO - Started process (PID=296) to work on /opt/airflow/dags/maintenance_logs.py
[2026-04-08T11:30:35.804+0000] {processor.py:830} INFO - Processing file /opt/airflow/dags/maintenance_logs.py for tasks to queue
[2026-04-08T11:30:35.809+0000] {logging_mixin.py:188} INFO - [2026-04-08T11:30:35.808+0000] {dagbag.py:545} INFO - Filling up the DagBag from /opt/airflow/dags/maintenance_logs.py
[2026-04-08T11:30:35.866+0000] {processor.py:840} INFO - DAG(s) 'maintenance_cleanup_logs' retrieved from /opt/airflow/dags/maintenance_logs.py
[2026-04-08T11:30:35.990+0000] {logging_mixin.py:188} INFO - [2026-04-08T11:30:35.989+0000] {dag.py:3089} INFO - Sync 1 DAGs
[2026-04-08T11:30:36.047+0000] {logging_mixin.py:188} INFO - [2026-04-08T11:30:36.047+0000] {dag.py:3947} INFO - Setting next_dagrun for maintenance_cleanup_logs to 2026-04-08 00:00:00+00:00, run_after=2026-04-09 00:00:00+00:00
[2026-04-08T11:30:36.096+0000] {processor.py:183} INFO - Processing /opt/airflow/dags/maintenance_logs.py took 0.311 seconds
[2026-04-08T11:31:06.359+0000] {processor.py:161} INFO - Started process (PID=307) to work on /opt/airflow/dags/maintenance_logs.py
[2026-04-08T11:31:06.361+0000] {processor.py:830} INFO - Processing file /opt/airflow/dags/maintenance_logs.py for tasks to queue
[2026-04-08T11:31:06.364+0000] {logging_mixin.py:188} INFO - [2026-04-08T11:31:06.363+0000] {dagbag.py:545} INFO - Filling up the DagBag from /opt/airflow/dags/maintenance_logs.py
[2026-04-08T11:31:06.510+0000] {processor.py:840} INFO - DAG(s) 'maintenance_cleanup_logs' retrieved from /opt/airflow/dags/maintenance_logs.py
[2026-04-08T11:31:06.668+0000] {logging_mixin.py:188} INFO - [2026-04-08T11:31:06.667+0000] {dag.py:3089} INFO - Sync 1 DAGs
[2026-04-08T11:31:06.708+0000] {logging_mixin.py:188} INFO - [2026-04-08T11:31:06.708+0000] {dag.py:3947} INFO - Setting next_dagrun for maintenance_cleanup_logs to 2026-04-08 00:00:00+00:00, run_after=2026-04-09 00:00:00+00:00
[2026-04-08T11:31:06.751+0000] {processor.py:183} INFO - Processing /opt/airflow/dags/maintenance_logs.py took 0.400 seconds
[2026-04-08T11:31:36.899+0000] {processor.py:161} INFO - Started process (PID=316) to work on /opt/airflow/dags/maintenance_logs.py
[2026-04-08T11:31:36.922+0000] {processor.py:830} INFO - Processing file /opt/airflow/dags/maintenance_logs.py for tasks to queue
[2026-04-08T11:31:36.955+0000] {logging_mixin.py:188} INFO - [2026-04-08T11:31:36.953+0000] {dagbag.py:545} INFO - Filling up the DagBag from /opt/airflow/dags/maintenance_logs.py
[2026-04-08T11:31:37.122+0000] {processor.py:840} INFO - DAG(s) 'maintenance_cleanup_logs' retrieved from /opt/airflow/dags/maintenance_logs.py
[2026-04-08T11:31:37.434+0000] {logging_mixin.py:188} INFO - [2026-04-08T11:31:37.433+0000] {dag.py:3089} INFO - Sync 1 DAGs
[2026-04-08T11:31:37.497+0000] {logging_mixin.py:188} INFO - [2026-04-08T11:31:37.496+0000] {dag.py:3947} INFO - Setting next_dagrun for maintenance_cleanup_logs to 2026-04-08 00:00:00+00:00, run_after=2026-04-09 00:00:00+00:00
[2026-04-08T11:31:37.548+0000] {processor.py:183} INFO - Processing /opt/airflow/dags/maintenance_logs.py took 0.666 seconds
[2026-04-08T11:32:08.276+0000] {processor.py:161} INFO - Started process (PID=323) to work on /opt/airflow/dags/maintenance_logs.py
[2026-04-08T11:32:08.282+0000] {processor.py:830} INFO - Processing file /opt/airflow/dags/maintenance_logs.py for tasks to queue
[2026-04-08T11:32:08.293+0000] {logging_mixin.py:188} INFO - [2026-04-08T11:32:08.291+0000] {dagbag.py:545} INFO - Filling up the DagBag from /opt/airflow/dags/maintenance_logs.py
[2026-04-08T11:32:08.396+0000] {processor.py:840} INFO - DAG(s) 'maintenance_cleanup_logs' retrieved from /opt/airflow/dags/maintenance_logs.py
[2026-04-08T11:32:08.677+0000] {logging_mixin.py:188} INFO - [2026-04-08T11:32:08.676+0000] {dag.py:3089} INFO - Sync 1 DAGs
[2026-04-08T11:32:08.732+0000] {logging_mixin.py:188} INFO - [2026-04-08T11:32:08.731+0000] {dag.py:3947} INFO - Setting next_dagrun for maintenance_cleanup_logs to 2026-04-08 00:00:00+00:00, run_after=2026-04-09 00:00:00+00:00
[2026-04-08T11:32:08.803+0000] {processor.py:183} INFO - Processing /opt/airflow/dags/maintenance_logs.py took 0.557 seconds
[2026-04-08T11:32:39.615+0000] {processor.py:161} INFO - Started process (PID=334) to work on /opt/airflow/dags/maintenance_logs.py
[2026-04-08T11:32:39.619+0000] {processor.py:830} INFO - Processing file /opt/airflow/dags/maintenance_logs.py for tasks to queue
[2026-04-08T11:32:39.625+0000] {logging_mixin.py:188} INFO - [2026-04-08T11:32:39.624+0000] {dagbag.py:545} INFO - Filling up the DagBag from /opt/airflow/dags/maintenance_logs.py
[2026-04-08T11:32:39.673+0000] {processor.py:840} INFO - DAG(s) 'maintenance_cleanup_logs' retrieved from /opt/airflow/dags/maintenance_logs.py
[2026-04-08T11:32:39.755+0000] {logging_mixin.py:188} INFO - [2026-04-08T11:32:39.755+0000] {dag.py:3089} INFO - Sync 1 DAGs
[2026-04-08T11:32:39.798+0000] {logging_mixin.py:188} INFO - [2026-04-08T11:32:39.797+0000] {dag.py:3947} INFO - Setting next_dagrun for maintenance_cleanup_logs to 2026-04-08 00:00:00+00:00, run_after=2026-04-09 00:00:00+00:00
[2026-04-08T11:32:39.846+0000] {processor.py:183} INFO - Processing /opt/airflow/dags/maintenance_logs.py took 0.269 seconds
[2026-04-08T11:33:10.564+0000] {processor.py:161} INFO - Started process (PID=345) to work on /opt/airflow/dags/maintenance_logs.py
[2026-04-08T11:33:10.567+0000] {processor.py:830} INFO - Processing file /opt/airflow/dags/maintenance_logs.py for tasks to queue
[2026-04-08T11:33:10.571+0000] {logging_mixin.py:188} INFO - [2026-04-08T11:33:10.571+0000] {dagbag.py:545} INFO - Filling up the DagBag from /opt/airflow/dags/maintenance_logs.py
[2026-04-08T11:33:10.637+0000] {processor.py:840} INFO - DAG(s) 'maintenance_cleanup_logs' retrieved from /opt/airflow/dags/maintenance_logs.py
[2026-04-08T11:33:10.723+0000] {logging_mixin.py:188} INFO - [2026-04-08T11:33:10.723+0000] {dag.py:3089} INFO - Sync 1 DAGs
[2026-04-08T11:33:10.763+0000] {logging_mixin.py:188} INFO - [2026-04-08T11:33:10.763+0000] {dag.py:3947} INFO - Setting next_dagrun for maintenance_cleanup_logs to 2026-04-08 00:00:00+00:00, run_after=2026-04-09 00:00:00+00:00
[2026-04-08T11:33:10.809+0000] {processor.py:183} INFO - Processing /opt/airflow/dags/maintenance_logs.py took 0.260 seconds
[2026-04-08T11:33:41.547+0000] {processor.py:161} INFO - Started process (PID=356) to work on /opt/airflow/dags/maintenance_logs.py
[2026-04-08T11:33:41.550+0000] {processor.py:830} INFO - Processing file /opt/airflow/dags/maintenance_logs.py for tasks to queue
[2026-04-08T11:33:41.555+0000] {logging_mixin.py:188} INFO - [2026-04-08T11:33:41.554+0000] {dagbag.py:545} INFO - Filling up the DagBag from /opt/airflow/dags/maintenance_logs.py
[2026-04-08T11:33:41.616+0000] {processor.py:840} INFO - DAG(s) 'maintenance_cleanup_logs' retrieved from /opt/airflow/dags/maintenance_logs.py
[2026-04-08T11:33:41.725+0000] {logging_mixin.py:188} INFO - [2026-04-08T11:33:41.724+0000] {dag.py:3089} INFO - Sync 1 DAGs
[2026-04-08T11:33:41.781+0000] {logging_mixin.py:188} INFO - [2026-04-08T11:33:41.781+0000] {dag.py:3947} INFO - Setting next_dagrun for maintenance_cleanup_logs to 2026-04-08 00:00:00+00:00, run_after=2026-04-09 00:00:00+00:00
[2026-04-08T11:33:41.836+0000] {processor.py:183} INFO - Processing /opt/airflow/dags/maintenance_logs.py took 0.307 seconds
[2026-04-08T11:34:12.225+0000] {processor.py:161} INFO - Started process (PID=367) to work on /opt/airflow/dags/maintenance_logs.py
[2026-04-08T11:34:12.227+0000] {processor.py:830} INFO - Processing file /opt/airflow/dags/maintenance_logs.py for tasks to queue
[2026-04-08T11:34:12.231+0000] {logging_mixin.py:188} INFO - [2026-04-08T11:34:12.231+0000] {dagbag.py:545} INFO - Filling up the DagBag from /opt/airflow/dags/maintenance_logs.py
[2026-04-08T11:34:12.281+0000] {processor.py:840} INFO - DAG(s) 'maintenance_cleanup_logs' retrieved from /opt/airflow/dags/maintenance_logs.py
[2026-04-08T11:34:12.365+0000] {logging_mixin.py:188} INFO - [2026-04-08T11:34:12.365+0000] {dag.py:3089} INFO - Sync 1 DAGs
[2026-04-08T11:34:12.404+0000] {logging_mixin.py:188} INFO - [2026-04-08T11:34:12.404+0000] {dag.py:3947} INFO - Setting next_dagrun for maintenance_cleanup_logs to 2026-04-08 00:00:00+00:00, run_after=2026-04-09 00:00:00+00:00
[2026-04-08T11:34:12.445+0000] {processor.py:183} INFO - Processing /opt/airflow/dags/maintenance_logs.py took 0.230 seconds
[2026-04-08T11:34:43.172+0000] {processor.py:161} INFO - Started process (PID=378) to work on /opt/airflow/dags/maintenance_logs.py
[2026-04-08T11:34:43.176+0000] {processor.py:830} INFO - Processing file /opt/airflow/dags/maintenance_logs.py for tasks to queue
[2026-04-08T11:34:43.183+0000] {logging_mixin.py:188} INFO - [2026-04-08T11:34:43.182+0000] {dagbag.py:545} INFO - Filling up the DagBag from /opt/airflow/dags/maintenance_logs.py
[2026-04-08T11:34:43.319+0000] {processor.py:840} INFO - DAG(s) 'maintenance_cleanup_logs' retrieved from /opt/airflow/dags/maintenance_logs.py
[2026-04-08T11:34:43.521+0000] {logging_mixin.py:188} INFO - [2026-04-08T11:34:43.521+0000] {dag.py:3089} INFO - Sync 1 DAGs
[2026-04-08T11:34:43.581+0000] {logging_mixin.py:188} INFO - [2026-04-08T11:34:43.581+0000] {dag.py:3947} INFO - Setting next_dagrun for maintenance_cleanup_logs to 2026-04-08 00:00:00+00:00, run_after=2026-04-09 00:00:00+00:00
[2026-04-08T11:34:43.640+0000] {processor.py:183} INFO - Processing /opt/airflow/dags/maintenance_logs.py took 0.495 seconds
[2026-04-08T11:35:14.149+0000] {processor.py:161} INFO - Started process (PID=389) to work on /opt/airflow/dags/maintenance_logs.py
[2026-04-08T11:35:14.153+0000] {processor.py:830} INFO - Processing file /opt/airflow/dags/maintenance_logs.py for tasks to queue
[2026-04-08T11:35:14.163+0000] {logging_mixin.py:188} INFO - [2026-04-08T11:35:14.162+0000] {dagbag.py:545} INFO - Filling up the DagBag from /opt/airflow/dags/maintenance_logs.py
[2026-04-08T11:35:14.266+0000] {processor.py:840} INFO - DAG(s) 'maintenance_cleanup_logs' retrieved from /opt/airflow/dags/maintenance_logs.py
[2026-04-08T11:35:14.379+0000] {logging_mixin.py:188} INFO - [2026-04-08T11:35:14.379+0000] {dag.py:3089} INFO - Sync 1 DAGs
[2026-04-08T11:35:14.425+0000] {logging_mixin.py:188} INFO - [2026-04-08T11:35:14.425+0000] {dag.py:3947} INFO - Setting next_dagrun for maintenance_cleanup_logs to 2026-04-08 00:00:00+00:00, run_after=2026-04-09 00:00:00+00:00
[2026-04-08T11:35:14.466+0000] {processor.py:183} INFO - Processing /opt/airflow/dags/maintenance_logs.py took 0.344 seconds
[2026-04-08T11:35:45.033+0000] {processor.py:161} INFO - Started process (PID=400) to work on /opt/airflow/dags/maintenance_logs.py
[2026-04-08T11:35:45.035+0000] {processor.py:830} INFO - Processing file /opt/airflow/dags/maintenance_logs.py for tasks to queue
[2026-04-08T11:35:45.038+0000] {logging_mixin.py:188} INFO - [2026-04-08T11:35:45.037+0000] {dagbag.py:545} INFO - Filling up the DagBag from /opt/airflow/dags/maintenance_logs.py
[2026-04-08T11:35:45.075+0000] {processor.py:840} INFO - DAG(s) 'maintenance_cleanup_logs' retrieved from /opt/airflow/dags/maintenance_logs.py
[2026-04-08T11:35:45.158+0000] {logging_mixin.py:188} INFO - [2026-04-08T11:35:45.158+0000] {dag.py:3089} INFO - Sync 1 DAGs
[2026-04-08T11:35:45.197+0000] {logging_mixin.py:188} INFO - [2026-04-08T11:35:45.197+0000] {dag.py:3947} INFO - Setting next_dagrun for maintenance_cleanup_logs to 2026-04-08 00:00:00+00:00, run_after=2026-04-09 00:00:00+00:00
[2026-04-08T11:35:45.250+0000] {processor.py:183} INFO - Processing /opt/airflow/dags/maintenance_logs.py took 0.226 seconds
[2026-04-08T11:36:15.883+0000] {processor.py:161} INFO - Started process (PID=411) to work on /opt/airflow/dags/maintenance_logs.py
[2026-04-08T11:36:15.884+0000] {processor.py:830} INFO - Processing file /opt/airflow/dags/maintenance_logs.py for tasks to queue
[2026-04-08T11:36:15.886+0000] {logging_mixin.py:188} INFO - [2026-04-08T11:36:15.886+0000] {dagbag.py:545} INFO - Filling up the DagBag from /opt/airflow/dags/maintenance_logs.py
[2026-04-08T11:36:15.914+0000] {processor.py:840} INFO - DAG(s) 'maintenance_cleanup_logs' retrieved from /opt/airflow/dags/maintenance_logs.py
[2026-04-08T11:36:15.979+0000] {logging_mixin.py:188} INFO - [2026-04-08T11:36:15.979+0000] {dag.py:3089} INFO - Sync 1 DAGs
[2026-04-08T11:36:16.010+0000] {logging_mixin.py:188} INFO - [2026-04-08T11:36:16.010+0000] {dag.py:3947} INFO - Setting next_dagrun for maintenance_cleanup_logs to 2026-04-08 00:00:00+00:00, run_after=2026-04-09 00:00:00+00:00
[2026-04-08T11:36:16.067+0000] {processor.py:183} INFO - Processing /opt/airflow/dags/maintenance_logs.py took 0.190 seconds
[2026-04-08T12:00:17.619+0000] {processor.py:161} INFO - Started process (PID=416) to work on /opt/airflow/dags/maintenance_logs.py
[2026-04-08T12:00:17.636+0000] {processor.py:830} INFO - Processing file /opt/airflow/dags/maintenance_logs.py for tasks to queue
[2026-04-08T12:00:17.642+0000] {logging_mixin.py:188} INFO - [2026-04-08T12:00:17.641+0000] {dagbag.py:545} INFO - Filling up the DagBag from /opt/airflow/dags/maintenance_logs.py
[2026-04-08T12:00:17.818+0000] {processor.py:840} INFO - DAG(s) 'maintenance_cleanup_logs' retrieved from /opt/airflow/dags/maintenance_logs.py
[2026-04-08T12:00:18.360+0000] {logging_mixin.py:188} INFO - [2026-04-08T12:00:18.359+0000] {dag.py:3089} INFO - Sync 1 DAGs
[2026-04-08T12:00:18.496+0000] {logging_mixin.py:188} INFO - [2026-04-08T12:00:18.495+0000] {dag.py:3947} INFO - Setting next_dagrun for maintenance_cleanup_logs to 2026-04-08 00:00:00+00:00, run_after=2026-04-09 00:00:00+00:00
[2026-04-08T12:00:18.597+0000] {processor.py:183} INFO - Processing /opt/airflow/dags/maintenance_logs.py took 1.013 seconds
[2026-04-08T12:00:49.082+0000] {processor.py:161} INFO - Started process (PID=427) to work on /opt/airflow/dags/maintenance_logs.py
[2026-04-08T12:00:49.084+0000] {processor.py:830} INFO - Processing file /opt/airflow/dags/maintenance_logs.py for tasks to queue
[2026-04-08T12:00:49.086+0000] {logging_mixin.py:188} INFO - [2026-04-08T12:00:49.086+0000] {dagbag.py:545} INFO - Filling up the DagBag from /opt/airflow/dags/maintenance_logs.py
[2026-04-08T12:00:49.121+0000] {processor.py:840} INFO - DAG(s) 'maintenance_cleanup_logs' retrieved from /opt/airflow/dags/maintenance_logs.py
[2026-04-08T12:00:49.187+0000] {logging_mixin.py:188} INFO - [2026-04-08T12:00:49.187+0000] {dag.py:3089} INFO - Sync 1 DAGs
[2026-04-08T12:00:49.318+0000] {logging_mixin.py:188} INFO - [2026-04-08T12:00:49.317+0000] {dag.py:3947} INFO - Setting next_dagrun for maintenance_cleanup_logs to 2026-04-08 00:00:00+00:00, run_after=2026-04-09 00:00:00+00:00
[2026-04-08T12:00:49.367+0000] {processor.py:183} INFO - Processing /opt/airflow/dags/maintenance_logs.py took 0.292 seconds
[2026-04-08T12:01:19.822+0000] {processor.py:161} INFO - Started process (PID=438) to work on /opt/airflow/dags/maintenance_logs.py
[2026-04-08T12:01:19.834+0000] {processor.py:830} INFO - Processing file /opt/airflow/dags/maintenance_logs.py for tasks to queue
[2026-04-08T12:01:19.844+0000] {logging_mixin.py:188} INFO - [2026-04-08T12:01:19.843+0000] {dagbag.py:545} INFO - Filling up the DagBag from /opt/airflow/dags/maintenance_logs.py
[2026-04-08T12:01:19.879+0000] {processor.py:840} INFO - DAG(s) 'maintenance_cleanup_logs' retrieved from /opt/airflow/dags/maintenance_logs.py
[2026-04-08T12:01:19.951+0000] {logging_mixin.py:188} INFO - [2026-04-08T12:01:19.951+0000] {dag.py:3089} INFO - Sync 1 DAGs
[2026-04-08T12:01:19.986+0000] {logging_mixin.py:188} INFO - [2026-04-08T12:01:19.985+0000] {dag.py:3947} INFO - Setting next_dagrun for maintenance_cleanup_logs to 2026-04-08 00:00:00+00:00, run_after=2026-04-09 00:00:00+00:00
[2026-04-08T12:01:20.021+0000] {processor.py:183} INFO - Processing /opt/airflow/dags/maintenance_logs.py took 0.322 seconds
[2026-04-08T12:01:50.300+0000] {processor.py:161} INFO - Started process (PID=449) to work on /opt/airflow/dags/maintenance_logs.py
[2026-04-08T12:01:50.302+0000] {processor.py:830} INFO - Processing file /opt/airflow/dags/maintenance_logs.py for tasks to queue
[2026-04-08T12:01:50.309+0000] {logging_mixin.py:188} INFO - [2026-04-08T12:01:50.308+0000] {dagbag.py:545} INFO - Filling up the DagBag from /opt/airflow/dags/maintenance_logs.py
[2026-04-08T12:01:50.358+0000] {processor.py:840} INFO - DAG(s) 'maintenance_cleanup_logs' retrieved from /opt/airflow/dags/maintenance_logs.py
[2026-04-08T12:01:50.442+0000] {logging_mixin.py:188} INFO - [2026-04-08T12:01:50.442+0000] {dag.py:3089} INFO - Sync 1 DAGs
[2026-04-08T12:01:50.482+0000] {logging_mixin.py:188} INFO - [2026-04-08T12:01:50.482+0000] {dag.py:3947} INFO - Setting next_dagrun for maintenance_cleanup_logs to 2026-04-08 00:00:00+00:00, run_after=2026-04-09 00:00:00+00:00
[2026-04-08T12:01:50.530+0000] {processor.py:183} INFO - Processing /opt/airflow/dags/maintenance_logs.py took 0.243 seconds
[2026-04-08T12:02:21.398+0000] {processor.py:161} INFO - Started process (PID=460) to work on /opt/airflow/dags/maintenance_logs.py
[2026-04-08T12:02:21.400+0000] {processor.py:830} INFO - Processing file /opt/airflow/dags/maintenance_logs.py for tasks to queue
[2026-04-08T12:02:21.404+0000] {logging_mixin.py:188} INFO - [2026-04-08T12:02:21.403+0000] {dagbag.py:545} INFO - Filling up the DagBag from /opt/airflow/dags/maintenance_logs.py
[2026-04-08T12:02:21.459+0000] {processor.py:840} INFO - DAG(s) 'maintenance_cleanup_logs' retrieved from /opt/airflow/dags/maintenance_logs.py
[2026-04-08T12:02:21.660+0000] {logging_mixin.py:188} INFO - [2026-04-08T12:02:21.659+0000] {dag.py:3089} INFO - Sync 1 DAGs
[2026-04-08T12:02:21.697+0000] {logging_mixin.py:188} INFO - [2026-04-08T12:02:21.697+0000] {dag.py:3947} INFO - Setting next_dagrun for maintenance_cleanup_logs to 2026-04-08 00:00:00+00:00, run_after=2026-04-09 00:00:00+00:00
[2026-04-08T12:02:21.740+0000] {processor.py:183} INFO - Processing /opt/airflow/dags/maintenance_logs.py took 0.361 seconds
[2026-04-08T12:02:52.610+0000] {processor.py:161} INFO - Started process (PID=471) to work on /opt/airflow/dags/maintenance_logs.py
[2026-04-08T12:02:52.616+0000] {processor.py:830} INFO - Processing file /opt/airflow/dags/maintenance_logs.py for tasks to queue
[2026-04-08T12:02:52.630+0000] {logging_mixin.py:188} INFO - [2026-04-08T12:02:52.628+0000] {dagbag.py:545} INFO - Filling up the DagBag from /opt/airflow/dags/maintenance_logs.py
[2026-04-08T12:02:52.726+0000] {processor.py:840} INFO - DAG(s) 'maintenance_cleanup_logs' retrieved from /opt/airflow/dags/maintenance_logs.py
[2026-04-08T12:02:52.830+0000] {logging_mixin.py:188} INFO - [2026-04-08T12:02:52.829+0000] {dag.py:3089} INFO - Sync 1 DAGs
[2026-04-08T12:02:52.880+0000] {logging_mixin.py:188} INFO - [2026-04-08T12:02:52.880+0000] {dag.py:3947} INFO - Setting next_dagrun for maintenance_cleanup_logs to 2026-04-08 00:00:00+00:00, run_after=2026-04-09 00:00:00+00:00
[2026-04-08T12:02:52.936+0000] {processor.py:183} INFO - Processing /opt/airflow/dags/maintenance_logs.py took 0.357 seconds
[2026-04-08T12:03:23.704+0000] {processor.py:161} INFO - Started process (PID=482) to work on /opt/airflow/dags/maintenance_logs.py
[2026-04-08T12:03:23.709+0000] {processor.py:830} INFO - Processing file /opt/airflow/dags/maintenance_logs.py for tasks to queue
[2026-04-08T12:03:23.717+0000] {logging_mixin.py:188} INFO - [2026-04-08T12:03:23.715+0000] {dagbag.py:545} INFO - Filling up the DagBag from /opt/airflow/dags/maintenance_logs.py
[2026-04-08T12:03:23.865+0000] {processor.py:840} INFO - DAG(s) 'maintenance_cleanup_logs' retrieved from /opt/airflow/dags/maintenance_logs.py
[2026-04-08T12:03:24.136+0000] {logging_mixin.py:188} INFO - [2026-04-08T12:03:24.135+0000] {dag.py:3089} INFO - Sync 1 DAGs
[2026-04-08T12:03:24.262+0000] {logging_mixin.py:188} INFO - [2026-04-08T12:03:24.261+0000] {dag.py:3947} INFO - Setting next_dagrun for maintenance_cleanup_logs to 2026-04-08 00:00:00+00:00, run_after=2026-04-09 00:00:00+00:00
[2026-04-08T12:03:24.357+0000] {processor.py:183} INFO - Processing /opt/airflow/dags/maintenance_logs.py took 0.678 seconds
[2026-04-08T12:03:55.318+0000] {processor.py:161} INFO - Started process (PID=493) to work on /opt/airflow/dags/maintenance_logs.py
[2026-04-08T12:03:55.319+0000] {processor.py:830} INFO - Processing file /opt/airflow/dags/maintenance_logs.py for tasks to queue
[2026-04-08T12:03:55.322+0000] {logging_mixin.py:188} INFO - [2026-04-08T12:03:55.322+0000] {dagbag.py:545} INFO - Filling up the DagBag from /opt/airflow/dags/maintenance_logs.py
[2026-04-08T12:03:55.369+0000] {processor.py:840} INFO - DAG(s) 'maintenance_cleanup_logs' retrieved from /opt/airflow/dags/maintenance_logs.py
[2026-04-08T12:03:55.460+0000] {logging_mixin.py:188} INFO - [2026-04-08T12:03:55.460+0000] {dag.py:3089} INFO - Sync 1 DAGs
[2026-04-08T12:03:55.500+0000] {logging_mixin.py:188} INFO - [2026-04-08T12:03:55.500+0000] {dag.py:3947} INFO - Setting next_dagrun for maintenance_cleanup_logs to 2026-04-08 00:00:00+00:00, run_after=2026-04-09 00:00:00+00:00
[2026-04-08T12:03:55.553+0000] {processor.py:183} INFO - Processing /opt/airflow/dags/maintenance_logs.py took 0.244 seconds
[2026-04-08T12:04:25.755+0000] {processor.py:161} INFO - Started process (PID=504) to work on /opt/airflow/dags/maintenance_logs.py
[2026-04-08T12:04:25.757+0000] {processor.py:830} INFO - Processing file /opt/airflow/dags/maintenance_logs.py for tasks to queue
[2026-04-08T12:04:25.761+0000] {logging_mixin.py:188} INFO - [2026-04-08T12:04:25.760+0000] {dagbag.py:545} INFO - Filling up the DagBag from /opt/airflow/dags/maintenance_logs.py
[2026-04-08T12:04:25.810+0000] {processor.py:840} INFO - DAG(s) 'maintenance_cleanup_logs' retrieved from /opt/airflow/dags/maintenance_logs.py
[2026-04-08T12:04:25.908+0000] {logging_mixin.py:188} INFO - [2026-04-08T12:04:25.908+0000] {dag.py:3089} INFO - Sync 1 DAGs
[2026-04-08T12:04:25.952+0000] {logging_mixin.py:188} INFO - [2026-04-08T12:04:25.952+0000] {dag.py:3947} INFO - Setting next_dagrun for maintenance_cleanup_logs to 2026-04-08 00:00:00+00:00, run_after=2026-04-09 00:00:00+00:00
[2026-04-08T12:04:25.997+0000] {processor.py:183} INFO - Processing /opt/airflow/dags/maintenance_logs.py took 0.254 seconds
[2026-04-08T12:04:56.376+0000] {processor.py:161} INFO - Started process (PID=515) to work on /opt/airflow/dags/maintenance_logs.py
[2026-04-08T12:04:56.385+0000] {processor.py:830} INFO - Processing file /opt/airflow/dags/maintenance_logs.py for tasks to queue
[2026-04-08T12:04:56.391+0000] {logging_mixin.py:188} INFO - [2026-04-08T12:04:56.391+0000] {dagbag.py:545} INFO - Filling up the DagBag from /opt/airflow/dags/maintenance_logs.py
[2026-04-08T12:04:56.463+0000] {processor.py:840} INFO - DAG(s) 'maintenance_cleanup_logs' retrieved from /opt/airflow/dags/maintenance_logs.py
[2026-04-08T12:04:56.585+0000] {logging_mixin.py:188} INFO - [2026-04-08T12:04:56.584+0000] {dag.py:3089} INFO - Sync 1 DAGs
[2026-04-08T12:04:56.634+0000] {logging_mixin.py:188} INFO - [2026-04-08T12:04:56.633+0000] {dag.py:3947} INFO - Setting next_dagrun for maintenance_cleanup_logs to 2026-04-08 00:00:00+00:00, run_after=2026-04-09 00:00:00+00:00
[2026-04-08T12:04:56.693+0000] {processor.py:183} INFO - Processing /opt/airflow/dags/maintenance_logs.py took 0.348 seconds
[2026-04-08T12:05:27.459+0000] {processor.py:161} INFO - Started process (PID=526) to work on /opt/airflow/dags/maintenance_logs.py
[2026-04-08T12:05:27.460+0000] {processor.py:830} INFO - Processing file /opt/airflow/dags/maintenance_logs.py for tasks to queue
[2026-04-08T12:05:27.465+0000] {logging_mixin.py:188} INFO - [2026-04-08T12:05:27.464+0000] {dagbag.py:545} INFO - Filling up the DagBag from /opt/airflow/dags/maintenance_logs.py
[2026-04-08T12:05:27.537+0000] {processor.py:840} INFO - DAG(s) 'maintenance_cleanup_logs' retrieved from /opt/airflow/dags/maintenance_logs.py
[2026-04-08T12:05:27.687+0000] {logging_mixin.py:188} INFO - [2026-04-08T12:05:27.687+0000] {dag.py:3089} INFO - Sync 1 DAGs
[2026-04-08T12:05:27.764+0000] {logging_mixin.py:188} INFO - [2026-04-08T12:05:27.760+0000] {dag.py:3947} INFO - Setting next_dagrun for maintenance_cleanup_logs to 2026-04-08 00:00:00+00:00, run_after=2026-04-09 00:00:00+00:00
[2026-04-08T12:05:27.843+0000] {processor.py:183} INFO - Processing /opt/airflow/dags/maintenance_logs.py took 0.401 seconds
[2026-04-08T12:05:58.555+0000] {processor.py:161} INFO - Started process (PID=541) to work on /opt/airflow/dags/maintenance_logs.py
[2026-04-08T12:05:58.558+0000] {processor.py:830} INFO - Processing file /opt/airflow/dags/maintenance_logs.py for tasks to queue
[2026-04-08T12:05:58.565+0000] {logging_mixin.py:188} INFO - [2026-04-08T12:05:58.562+0000] {dagbag.py:545} INFO - Filling up the DagBag from /opt/airflow/dags/maintenance_logs.py
[2026-04-08T12:05:58.621+0000] {processor.py:840} INFO - DAG(s) 'maintenance_cleanup_logs' retrieved from /opt/airflow/dags/maintenance_logs.py
[2026-04-08T12:05:58.722+0000] {logging_mixin.py:188} INFO - [2026-04-08T12:05:58.722+0000] {dag.py:3089} INFO - Sync 1 DAGs
[2026-04-08T12:05:58.771+0000] {logging_mixin.py:188} INFO - [2026-04-08T12:05:58.770+0000] {dag.py:3947} INFO - Setting next_dagrun for maintenance_cleanup_logs to 2026-04-08 00:00:00+00:00, run_after=2026-04-09 00:00:00+00:00
[2026-04-08T12:05:58.830+0000] {processor.py:183} INFO - Processing /opt/airflow/dags/maintenance_logs.py took 0.294 seconds
[2026-04-08T12:06:29.525+0000] {processor.py:161} INFO - Started process (PID=552) to work on /opt/airflow/dags/maintenance_logs.py
[2026-04-08T12:06:29.529+0000] {processor.py:830} INFO - Processing file /opt/airflow/dags/maintenance_logs.py for tasks to queue
[2026-04-08T12:06:29.535+0000] {logging_mixin.py:188} INFO - [2026-04-08T12:06:29.535+0000] {dagbag.py:545} INFO - Filling up the DagBag from /opt/airflow/dags/maintenance_logs.py
[2026-04-08T12:06:29.603+0000] {processor.py:840} INFO - DAG(s) 'maintenance_cleanup_logs' retrieved from /opt/airflow/dags/maintenance_logs.py
[2026-04-08T12:06:29.721+0000] {logging_mixin.py:188} INFO - [2026-04-08T12:06:29.721+0000] {dag.py:3089} INFO - Sync 1 DAGs
[2026-04-08T12:06:29.766+0000] {logging_mixin.py:188} INFO - [2026-04-08T12:06:29.765+0000] {dag.py:3947} INFO - Setting next_dagrun for maintenance_cleanup_logs to 2026-04-08 00:00:00+00:00, run_after=2026-04-09 00:00:00+00:00
[2026-04-08T12:06:29.823+0000] {processor.py:183} INFO - Processing /opt/airflow/dags/maintenance_logs.py took 0.327 seconds
[2026-04-08T12:07:00.165+0000] {processor.py:161} INFO - Started process (PID=563) to work on /opt/airflow/dags/maintenance_logs.py
[2026-04-08T12:07:00.168+0000] {processor.py:830} INFO - Processing file /opt/airflow/dags/maintenance_logs.py for tasks to queue
[2026-04-08T12:07:00.171+0000] {logging_mixin.py:188} INFO - [2026-04-08T12:07:00.170+0000] {dagbag.py:545} INFO - Filling up the DagBag from /opt/airflow/dags/maintenance_logs.py
[2026-04-08T12:07:00.225+0000] {processor.py:840} INFO - DAG(s) 'maintenance_cleanup_logs' retrieved from /opt/airflow/dags/maintenance_logs.py
[2026-04-08T12:07:00.342+0000] {logging_mixin.py:188} INFO - [2026-04-08T12:07:00.341+0000] {dag.py:3089} INFO - Sync 1 DAGs
[2026-04-08T12:07:00.401+0000] {logging_mixin.py:188} INFO - [2026-04-08T12:07:00.401+0000] {dag.py:3947} INFO - Setting next_dagrun for maintenance_cleanup_logs to 2026-04-08 00:00:00+00:00, run_after=2026-04-09 00:00:00+00:00
[2026-04-08T12:07:00.477+0000] {processor.py:183} INFO - Processing /opt/airflow/dags/maintenance_logs.py took 0.322 seconds
[2026-04-08T12:07:30.993+0000] {processor.py:161} INFO - Started process (PID=572) to work on /opt/airflow/dags/maintenance_logs.py
[2026-04-08T12:07:31.006+0000] {processor.py:830} INFO - Processing file /opt/airflow/dags/maintenance_logs.py for tasks to queue
[2026-04-08T12:07:31.013+0000] {logging_mixin.py:188} INFO - [2026-04-08T12:07:31.012+0000] {dagbag.py:545} INFO - Filling up the DagBag from /opt/airflow/dags/maintenance_logs.py
[2026-04-08T12:07:31.227+0000] {processor.py:840} INFO - DAG(s) 'maintenance_cleanup_logs' retrieved from /opt/airflow/dags/maintenance_logs.py
[2026-04-08T12:07:31.597+0000] {logging_mixin.py:188} INFO - [2026-04-08T12:07:31.586+0000] {dag.py:3089} INFO - Sync 1 DAGs
[2026-04-08T12:07:31.742+0000] {logging_mixin.py:188} INFO - [2026-04-08T12:07:31.741+0000] {dag.py:3947} INFO - Setting next_dagrun for maintenance_cleanup_logs to 2026-04-08 00:00:00+00:00, run_after=2026-04-09 00:00:00+00:00
[2026-04-08T12:07:32.043+0000] {processor.py:183} INFO - Processing /opt/airflow/dags/maintenance_logs.py took 1.078 seconds
[2026-04-08T12:08:02.952+0000] {processor.py:161} INFO - Started process (PID=579) to work on /opt/airflow/dags/maintenance_logs.py
[2026-04-08T12:08:02.957+0000] {processor.py:830} INFO - Processing file /opt/airflow/dags/maintenance_logs.py for tasks to queue
[2026-04-08T12:08:02.971+0000] {logging_mixin.py:188} INFO - [2026-04-08T12:08:02.969+0000] {dagbag.py:545} INFO - Filling up the DagBag from /opt/airflow/dags/maintenance_logs.py
[2026-04-08T12:08:03.097+0000] {processor.py:840} INFO - DAG(s) 'maintenance_cleanup_logs' retrieved from /opt/airflow/dags/maintenance_logs.py
[2026-04-08T12:08:03.230+0000] {logging_mixin.py:188} INFO - [2026-04-08T12:08:03.229+0000] {dag.py:3089} INFO - Sync 1 DAGs
[2026-04-08T12:08:03.282+0000] {logging_mixin.py:188} INFO - [2026-04-08T12:08:03.282+0000] {dag.py:3947} INFO - Setting next_dagrun for maintenance_cleanup_logs to 2026-04-08 00:00:00+00:00, run_after=2026-04-09 00:00:00+00:00
[2026-04-08T12:08:03.345+0000] {processor.py:183} INFO - Processing /opt/airflow/dags/maintenance_logs.py took 0.426 seconds
[2026-04-08T12:08:33.748+0000] {processor.py:161} INFO - Started process (PID=590) to work on /opt/airflow/dags/maintenance_logs.py
[2026-04-08T12:08:33.754+0000] {processor.py:830} INFO - Processing file /opt/airflow/dags/maintenance_logs.py for tasks to queue
[2026-04-08T12:08:33.764+0000] {logging_mixin.py:188} INFO - [2026-04-08T12:08:33.763+0000] {dagbag.py:545} INFO - Filling up the DagBag from /opt/airflow/dags/maintenance_logs.py
[2026-04-08T12:08:33.825+0000] {processor.py:840} INFO - DAG(s) 'maintenance_cleanup_logs' retrieved from /opt/airflow/dags/maintenance_logs.py
[2026-04-08T12:08:33.919+0000] {logging_mixin.py:188} INFO - [2026-04-08T12:08:33.919+0000] {dag.py:3089} INFO - Sync 1 DAGs
[2026-04-08T12:08:33.966+0000] {logging_mixin.py:188} INFO - [2026-04-08T12:08:33.966+0000] {dag.py:3947} INFO - Setting next_dagrun for maintenance_cleanup_logs to 2026-04-08 00:00:00+00:00, run_after=2026-04-09 00:00:00+00:00
[2026-04-08T12:08:34.028+0000] {processor.py:183} INFO - Processing /opt/airflow/dags/maintenance_logs.py took 0.315 seconds
[2026-04-08T12:09:04.302+0000] {processor.py:161} INFO - Started process (PID=601) to work on /opt/airflow/dags/maintenance_logs.py
[2026-04-08T12:09:04.307+0000] {processor.py:830} INFO - Processing file /opt/airflow/dags/maintenance_logs.py for tasks to queue
[2026-04-08T12:09:04.318+0000] {logging_mixin.py:188} INFO - [2026-04-08T12:09:04.317+0000] {dagbag.py:545} INFO - Filling up the DagBag from /opt/airflow/dags/maintenance_logs.py
[2026-04-08T12:09:04.483+0000] {processor.py:840} INFO - DAG(s) 'maintenance_cleanup_logs' retrieved from /opt/airflow/dags/maintenance_logs.py
[2026-04-08T12:09:04.649+0000] {logging_mixin.py:188} INFO - [2026-04-08T12:09:04.649+0000] {dag.py:3089} INFO - Sync 1 DAGs
[2026-04-08T12:09:04.702+0000] {logging_mixin.py:188} INFO - [2026-04-08T12:09:04.702+0000] {dag.py:3947} INFO - Setting next_dagrun for maintenance_cleanup_logs to 2026-04-08 00:00:00+00:00, run_after=2026-04-09 00:00:00+00:00
[2026-04-08T12:09:04.783+0000] {processor.py:183} INFO - Processing /opt/airflow/dags/maintenance_logs.py took 0.510 seconds
[2026-04-08T12:09:35.319+0000] {processor.py:161} INFO - Started process (PID=612) to work on /opt/airflow/dags/maintenance_logs.py
[2026-04-08T12:09:35.321+0000] {processor.py:830} INFO - Processing file /opt/airflow/dags/maintenance_logs.py for tasks to queue
[2026-04-08T12:09:35.324+0000] {logging_mixin.py:188} INFO - [2026-04-08T12:09:35.324+0000] {dagbag.py:545} INFO - Filling up the DagBag from /opt/airflow/dags/maintenance_logs.py
[2026-04-08T12:09:35.378+0000] {processor.py:840} INFO - DAG(s) 'maintenance_cleanup_logs' retrieved from /opt/airflow/dags/maintenance_logs.py
[2026-04-08T12:09:35.508+0000] {logging_mixin.py:188} INFO - [2026-04-08T12:09:35.507+0000] {dag.py:3089} INFO - Sync 1 DAGs
[2026-04-08T12:09:35.584+0000] {logging_mixin.py:188} INFO - [2026-04-08T12:09:35.584+0000] {dag.py:3947} INFO - Setting next_dagrun for maintenance_cleanup_logs to 2026-04-08 00:00:00+00:00, run_after=2026-04-09 00:00:00+00:00
[2026-04-08T12:09:35.660+0000] {processor.py:183} INFO - Processing /opt/airflow/dags/maintenance_logs.py took 0.355 seconds
[2026-04-08T12:10:06.622+0000] {processor.py:161} INFO - Started process (PID=623) to work on /opt/airflow/dags/maintenance_logs.py
[2026-04-08T12:10:06.625+0000] {processor.py:830} INFO - Processing file /opt/airflow/dags/maintenance_logs.py for tasks to queue
[2026-04-08T12:10:06.630+0000] {logging_mixin.py:188} INFO - [2026-04-08T12:10:06.629+0000] {dagbag.py:545} INFO - Filling up the DagBag from /opt/airflow/dags/maintenance_logs.py
[2026-04-08T12:10:06.735+0000] {processor.py:840} INFO - DAG(s) 'maintenance_cleanup_logs' retrieved from /opt/airflow/dags/maintenance_logs.py
[2026-04-08T12:10:06.845+0000] {logging_mixin.py:188} INFO - [2026-04-08T12:10:06.845+0000] {dag.py:3089} INFO - Sync 1 DAGs
[2026-04-08T12:10:06.890+0000] {logging_mixin.py:188} INFO - [2026-04-08T12:10:06.889+0000] {dag.py:3947} INFO - Setting next_dagrun for maintenance_cleanup_logs to 2026-04-08 00:00:00+00:00, run_after=2026-04-09 00:00:00+00:00
[2026-04-08T12:10:06.946+0000] {processor.py:183} INFO - Processing /opt/airflow/dags/maintenance_logs.py took 0.347 seconds
[2026-04-08T12:10:37.513+0000] {processor.py:161} INFO - Started process (PID=634) to work on /opt/airflow/dags/maintenance_logs.py
[2026-04-08T12:10:37.517+0000] {processor.py:830} INFO - Processing file /opt/airflow/dags/maintenance_logs.py for tasks to queue
[2026-04-08T12:10:37.522+0000] {logging_mixin.py:188} INFO - [2026-04-08T12:10:37.521+0000] {dagbag.py:545} INFO - Filling up the DagBag from /opt/airflow/dags/maintenance_logs.py
[2026-04-08T12:10:37.625+0000] {processor.py:840} INFO - DAG(s) 'maintenance_cleanup_logs' retrieved from /opt/airflow/dags/maintenance_logs.py
[2026-04-08T12:10:37.742+0000] {logging_mixin.py:188} INFO - [2026-04-08T12:10:37.741+0000] {dag.py:3089} INFO - Sync 1 DAGs
[2026-04-08T12:10:37.793+0000] {logging_mixin.py:188} INFO - [2026-04-08T12:10:37.792+0000] {dag.py:3947} INFO - Setting next_dagrun for maintenance_cleanup_logs to 2026-04-08 00:00:00+00:00, run_after=2026-04-09 00:00:00+00:00
[2026-04-08T12:10:37.855+0000] {processor.py:183} INFO - Processing /opt/airflow/dags/maintenance_logs.py took 0.398 seconds
[2026-04-08T12:11:08.353+0000] {processor.py:161} INFO - Started process (PID=645) to work on /opt/airflow/dags/maintenance_logs.py
[2026-04-08T12:11:08.355+0000] {processor.py:830} INFO - Processing file /opt/airflow/dags/maintenance_logs.py for tasks to queue
[2026-04-08T12:11:08.360+0000] {logging_mixin.py:188} INFO - [2026-04-08T12:11:08.359+0000] {dagbag.py:545} INFO - Filling up the DagBag from /opt/airflow/dags/maintenance_logs.py
[2026-04-08T12:11:08.453+0000] {processor.py:840} INFO - DAG(s) 'maintenance_cleanup_logs' retrieved from /opt/airflow/dags/maintenance_logs.py
[2026-04-08T12:11:08.583+0000] {logging_mixin.py:188} INFO - [2026-04-08T12:11:08.582+0000] {dag.py:3089} INFO - Sync 1 DAGs
[2026-04-08T12:11:08.642+0000] {logging_mixin.py:188} INFO - [2026-04-08T12:11:08.641+0000] {dag.py:3947} INFO - Setting next_dagrun for maintenance_cleanup_logs to 2026-04-08 00:00:00+00:00, run_after=2026-04-09 00:00:00+00:00
[2026-04-08T12:11:08.719+0000] {processor.py:183} INFO - Processing /opt/airflow/dags/maintenance_logs.py took 0.384 seconds
[2026-04-08T12:11:39.188+0000] {processor.py:161} INFO - Started process (PID=656) to work on /opt/airflow/dags/maintenance_logs.py
[2026-04-08T12:11:39.190+0000] {processor.py:830} INFO - Processing file /opt/airflow/dags/maintenance_logs.py for tasks to queue
[2026-04-08T12:11:39.194+0000] {logging_mixin.py:188} INFO - [2026-04-08T12:11:39.193+0000] {dagbag.py:545} INFO - Filling up the DagBag from /opt/airflow/dags/maintenance_logs.py
[2026-04-08T12:11:39.255+0000] {processor.py:840} INFO - DAG(s) 'maintenance_cleanup_logs' retrieved from /opt/airflow/dags/maintenance_logs.py
[2026-04-08T12:11:39.362+0000] {logging_mixin.py:188} INFO - [2026-04-08T12:11:39.362+0000] {dag.py:3089} INFO - Sync 1 DAGs
[2026-04-08T12:11:39.413+0000] {logging_mixin.py:188} INFO - [2026-04-08T12:11:39.412+0000] {dag.py:3947} INFO - Setting next_dagrun for maintenance_cleanup_logs to 2026-04-08 00:00:00+00:00, run_after=2026-04-09 00:00:00+00:00
[2026-04-08T12:11:39.465+0000] {processor.py:183} INFO - Processing /opt/airflow/dags/maintenance_logs.py took 0.288 seconds
[2026-04-08T12:12:09.805+0000] {processor.py:161} INFO - Started process (PID=667) to work on /opt/airflow/dags/maintenance_logs.py
[2026-04-08T12:12:09.807+0000] {processor.py:830} INFO - Processing file /opt/airflow/dags/maintenance_logs.py for tasks to queue
[2026-04-08T12:12:09.810+0000] {logging_mixin.py:188} INFO - [2026-04-08T12:12:09.810+0000] {dagbag.py:545} INFO - Filling up the DagBag from /opt/airflow/dags/maintenance_logs.py
[2026-04-08T12:12:09.860+0000] {processor.py:840} INFO - DAG(s) 'maintenance_cleanup_logs' retrieved from /opt/airflow/dags/maintenance_logs.py
[2026-04-08T12:12:09.964+0000] {logging_mixin.py:188} INFO - [2026-04-08T12:12:09.963+0000] {dag.py:3089} INFO - Sync 1 DAGs
[2026-04-08T12:12:10.010+0000] {logging_mixin.py:188} INFO - [2026-04-08T12:12:10.010+0000] {dag.py:3947} INFO - Setting next_dagrun for maintenance_cleanup_logs to 2026-04-08 00:00:00+00:00, run_after=2026-04-09 00:00:00+00:00
[2026-04-08T12:12:10.064+0000] {processor.py:183} INFO - Processing /opt/airflow/dags/maintenance_logs.py took 0.270 seconds
[2026-04-08T12:12:40.805+0000] {processor.py:161} INFO - Started process (PID=678) to work on /opt/airflow/dags/maintenance_logs.py
[2026-04-08T12:12:40.807+0000] {processor.py:830} INFO - Processing file /opt/airflow/dags/maintenance_logs.py for tasks to queue
[2026-04-08T12:12:40.811+0000] {logging_mixin.py:188} INFO - [2026-04-08T12:12:40.810+0000] {dagbag.py:545} INFO - Filling up the DagBag from /opt/airflow/dags/maintenance_logs.py
[2026-04-08T12:12:40.873+0000] {processor.py:840} INFO - DAG(s) 'maintenance_cleanup_logs' retrieved from /opt/airflow/dags/maintenance_logs.py
[2026-04-08T12:12:41.116+0000] {logging_mixin.py:188} INFO - [2026-04-08T12:12:41.115+0000] {dag.py:3089} INFO - Sync 1 DAGs
[2026-04-08T12:12:41.180+0000] {logging_mixin.py:188} INFO - [2026-04-08T12:12:41.179+0000] {dag.py:3947} INFO - Setting next_dagrun for maintenance_cleanup_logs to 2026-04-08 00:00:00+00:00, run_after=2026-04-09 00:00:00+00:00
[2026-04-08T12:12:41.262+0000] {processor.py:183} INFO - Processing /opt/airflow/dags/maintenance_logs.py took 0.473 seconds
[2026-04-08T12:13:11.627+0000] {processor.py:161} INFO - Started process (PID=689) to work on /opt/airflow/dags/maintenance_logs.py
[2026-04-08T12:13:11.630+0000] {processor.py:830} INFO - Processing file /opt/airflow/dags/maintenance_logs.py for tasks to queue
[2026-04-08T12:13:11.648+0000] {logging_mixin.py:188} INFO - [2026-04-08T12:13:11.646+0000] {dagbag.py:545} INFO - Filling up the DagBag from /opt/airflow/dags/maintenance_logs.py
[2026-04-08T12:13:11.758+0000] {processor.py:840} INFO - DAG(s) 'maintenance_cleanup_logs' retrieved from /opt/airflow/dags/maintenance_logs.py
[2026-04-08T12:13:11.890+0000] {logging_mixin.py:188} INFO - [2026-04-08T12:13:11.890+0000] {dag.py:3089} INFO - Sync 1 DAGs
[2026-04-08T12:13:11.962+0000] {logging_mixin.py:188} INFO - [2026-04-08T12:13:11.962+0000] {dag.py:3947} INFO - Setting next_dagrun for maintenance_cleanup_logs to 2026-04-08 00:00:00+00:00, run_after=2026-04-09 00:00:00+00:00
[2026-04-08T12:13:12.032+0000] {processor.py:183} INFO - Processing /opt/airflow/dags/maintenance_logs.py took 0.445 seconds
[2026-04-08T12:13:42.672+0000] {processor.py:161} INFO - Started process (PID=700) to work on /opt/airflow/dags/maintenance_logs.py
[2026-04-08T12:13:42.674+0000] {processor.py:830} INFO - Processing file /opt/airflow/dags/maintenance_logs.py for tasks to queue
[2026-04-08T12:13:42.676+0000] {logging_mixin.py:188} INFO - [2026-04-08T12:13:42.676+0000] {dagbag.py:545} INFO - Filling up the DagBag from /opt/airflow/dags/maintenance_logs.py
[2026-04-08T12:13:42.721+0000] {processor.py:840} INFO - DAG(s) 'maintenance_cleanup_logs' retrieved from /opt/airflow/dags/maintenance_logs.py
[2026-04-08T12:13:42.944+0000] {logging_mixin.py:188} INFO - [2026-04-08T12:13:42.944+0000] {dag.py:3089} INFO - Sync 1 DAGs
[2026-04-08T12:13:42.993+0000] {logging_mixin.py:188} INFO - [2026-04-08T12:13:42.993+0000] {dag.py:3947} INFO - Setting next_dagrun for maintenance_cleanup_logs to 2026-04-08 00:00:00+00:00, run_after=2026-04-09 00:00:00+00:00
[2026-04-08T12:13:43.056+0000] {processor.py:183} INFO - Processing /opt/airflow/dags/maintenance_logs.py took 0.393 seconds
[2026-04-08T12:14:13.130+0000] {processor.py:161} INFO - Started process (PID=711) to work on /opt/airflow/dags/maintenance_logs.py
[2026-04-08T12:14:13.132+0000] {processor.py:830} INFO - Processing file /opt/airflow/dags/maintenance_logs.py for tasks to queue
[2026-04-08T12:14:13.134+0000] {logging_mixin.py:188} INFO - [2026-04-08T12:14:13.134+0000] {dagbag.py:545} INFO - Filling up the DagBag from /opt/airflow/dags/maintenance_logs.py
[2026-04-08T12:14:13.173+0000] {processor.py:840} INFO - DAG(s) 'maintenance_cleanup_logs' retrieved from /opt/airflow/dags/maintenance_logs.py
[2026-04-08T12:14:13.262+0000] {logging_mixin.py:188} INFO - [2026-04-08T12:14:13.261+0000] {dag.py:3089} INFO - Sync 1 DAGs
[2026-04-08T12:14:13.309+0000] {logging_mixin.py:188} INFO - [2026-04-08T12:14:13.309+0000] {dag.py:3947} INFO - Setting next_dagrun for maintenance_cleanup_logs to 2026-04-08 00:00:00+00:00, run_after=2026-04-09 00:00:00+00:00
[2026-04-08T12:14:13.380+0000] {processor.py:183} INFO - Processing /opt/airflow/dags/maintenance_logs.py took 0.259 seconds
[2026-04-08T12:14:43.987+0000] {processor.py:161} INFO - Started process (PID=722) to work on /opt/airflow/dags/maintenance_logs.py
[2026-04-08T12:14:43.989+0000] {processor.py:830} INFO - Processing file /opt/airflow/dags/maintenance_logs.py for tasks to queue
[2026-04-08T12:14:43.993+0000] {logging_mixin.py:188} INFO - [2026-04-08T12:14:43.993+0000] {dagbag.py:545} INFO - Filling up the DagBag from /opt/airflow/dags/maintenance_logs.py
[2026-04-08T12:14:44.038+0000] {processor.py:840} INFO - DAG(s) 'maintenance_cleanup_logs' retrieved from /opt/airflow/dags/maintenance_logs.py
[2026-04-08T12:14:44.153+0000] {logging_mixin.py:188} INFO - [2026-04-08T12:14:44.152+0000] {dag.py:3089} INFO - Sync 1 DAGs
[2026-04-08T12:14:44.215+0000] {logging_mixin.py:188} INFO - [2026-04-08T12:14:44.214+0000] {dag.py:3947} INFO - Setting next_dagrun for maintenance_cleanup_logs to 2026-04-08 00:00:00+00:00, run_after=2026-04-09 00:00:00+00:00
[2026-04-08T12:14:44.264+0000] {processor.py:183} INFO - Processing /opt/airflow/dags/maintenance_logs.py took 0.285 seconds
[2026-04-08T12:15:14.758+0000] {processor.py:161} INFO - Started process (PID=733) to work on /opt/airflow/dags/maintenance_logs.py
[2026-04-08T12:15:14.762+0000] {processor.py:830} INFO - Processing file /opt/airflow/dags/maintenance_logs.py for tasks to queue
[2026-04-08T12:15:14.777+0000] {logging_mixin.py:188} INFO - [2026-04-08T12:15:14.776+0000] {dagbag.py:545} INFO - Filling up the DagBag from /opt/airflow/dags/maintenance_logs.py
[2026-04-08T12:15:14.924+0000] {processor.py:840} INFO - DAG(s) 'maintenance_cleanup_logs' retrieved from /opt/airflow/dags/maintenance_logs.py
[2026-04-08T12:15:15.047+0000] {logging_mixin.py:188} INFO - [2026-04-08T12:15:15.046+0000] {dag.py:3089} INFO - Sync 1 DAGs
[2026-04-08T12:15:15.110+0000] {logging_mixin.py:188} INFO - [2026-04-08T12:15:15.110+0000] {dag.py:3947} INFO - Setting next_dagrun for maintenance_cleanup_logs to 2026-04-08 00:00:00+00:00, run_after=2026-04-09 00:00:00+00:00
[2026-04-08T12:15:15.181+0000] {processor.py:183} INFO - Processing /opt/airflow/dags/maintenance_logs.py took 0.464 seconds
[2026-04-08T12:15:45.665+0000] {processor.py:161} INFO - Started process (PID=744) to work on /opt/airflow/dags/maintenance_logs.py
[2026-04-08T12:15:45.668+0000] {processor.py:830} INFO - Processing file /opt/airflow/dags/maintenance_logs.py for tasks to queue
[2026-04-08T12:15:45.676+0000] {logging_mixin.py:188} INFO - [2026-04-08T12:15:45.674+0000] {dagbag.py:545} INFO - Filling up the DagBag from /opt/airflow/dags/maintenance_logs.py
[2026-04-08T12:15:45.750+0000] {processor.py:840} INFO - DAG(s) 'maintenance_cleanup_logs' retrieved from /opt/airflow/dags/maintenance_logs.py
[2026-04-08T12:15:45.876+0000] {logging_mixin.py:188} INFO - [2026-04-08T12:15:45.876+0000] {dag.py:3089} INFO - Sync 1 DAGs
[2026-04-08T12:15:45.937+0000] {logging_mixin.py:188} INFO - [2026-04-08T12:15:45.937+0000] {dag.py:3947} INFO - Setting next_dagrun for maintenance_cleanup_logs to 2026-04-08 00:00:00+00:00, run_after=2026-04-09 00:00:00+00:00
[2026-04-08T12:15:46.028+0000] {processor.py:183} INFO - Processing /opt/airflow/dags/maintenance_logs.py took 0.398 seconds
[2026-04-08T12:16:16.488+0000] {processor.py:161} INFO - Started process (PID=755) to work on /opt/airflow/dags/maintenance_logs.py
[2026-04-08T12:16:16.491+0000] {processor.py:830} INFO - Processing file /opt/airflow/dags/maintenance_logs.py for tasks to queue
[2026-04-08T12:16:16.494+0000] {logging_mixin.py:188} INFO - [2026-04-08T12:16:16.493+0000] {dagbag.py:545} INFO - Filling up the DagBag from /opt/airflow/dags/maintenance_logs.py
[2026-04-08T12:16:16.568+0000] {processor.py:840} INFO - DAG(s) 'maintenance_cleanup_logs' retrieved from /opt/airflow/dags/maintenance_logs.py
[2026-04-08T12:16:16.680+0000] {logging_mixin.py:188} INFO - [2026-04-08T12:16:16.680+0000] {dag.py:3089} INFO - Sync 1 DAGs
[2026-04-08T12:16:16.735+0000] {logging_mixin.py:188} INFO - [2026-04-08T12:16:16.734+0000] {dag.py:3947} INFO - Setting next_dagrun for maintenance_cleanup_logs to 2026-04-08 00:00:00+00:00, run_after=2026-04-09 00:00:00+00:00
[2026-04-08T12:16:16.795+0000] {processor.py:183} INFO - Processing /opt/airflow/dags/maintenance_logs.py took 0.317 seconds
[2026-04-08T12:25:24.305+0000] {processor.py:161} INFO - Started process (PID=164) to work on /opt/airflow/dags/maintenance_logs.py
[2026-04-08T12:25:24.308+0000] {processor.py:830} INFO - Processing file /opt/airflow/dags/maintenance_logs.py for tasks to queue
[2026-04-08T12:25:24.312+0000] {logging_mixin.py:188} INFO - [2026-04-08T12:25:24.312+0000] {dagbag.py:545} INFO - Filling up the DagBag from /opt/airflow/dags/maintenance_logs.py
[2026-04-08T12:25:24.396+0000] {processor.py:840} INFO - DAG(s) 'maintenance_cleanup_logs' retrieved from /opt/airflow/dags/maintenance_logs.py
[2026-04-08T12:25:24.584+0000] {logging_mixin.py:188} INFO - [2026-04-08T12:25:24.583+0000] {dag.py:3089} INFO - Sync 1 DAGs
[2026-04-08T12:25:24.715+0000] {logging_mixin.py:188} INFO - [2026-04-08T12:25:24.715+0000] {dag.py:3947} INFO - Setting next_dagrun for maintenance_cleanup_logs to 2026-04-08 00:00:00+00:00, run_after=2026-04-09 00:00:00+00:00
[2026-04-08T12:25:24.859+0000] {processor.py:183} INFO - Processing /opt/airflow/dags/maintenance_logs.py took 0.569 seconds
[2026-04-08T12:25:55.689+0000] {processor.py:161} INFO - Started process (PID=175) to work on /opt/airflow/dags/maintenance_logs.py
[2026-04-08T12:25:55.696+0000] {processor.py:830} INFO - Processing file /opt/airflow/dags/maintenance_logs.py for tasks to queue
[2026-04-08T12:25:55.709+0000] {logging_mixin.py:188} INFO - [2026-04-08T12:25:55.707+0000] {dagbag.py:545} INFO - Filling up the DagBag from /opt/airflow/dags/maintenance_logs.py
[2026-04-08T12:25:55.882+0000] {processor.py:840} INFO - DAG(s) 'maintenance_cleanup_logs' retrieved from /opt/airflow/dags/maintenance_logs.py
[2026-04-08T12:25:56.920+0000] {logging_mixin.py:188} INFO - [2026-04-08T12:25:56.919+0000] {dag.py:3089} INFO - Sync 1 DAGs
[2026-04-08T12:25:57.046+0000] {logging_mixin.py:188} INFO - [2026-04-08T12:25:57.046+0000] {dag.py:3947} INFO - Setting next_dagrun for maintenance_cleanup_logs to 2026-04-08 00:00:00+00:00, run_after=2026-04-09 00:00:00+00:00
[2026-04-08T12:25:57.135+0000] {processor.py:183} INFO - Processing /opt/airflow/dags/maintenance_logs.py took 1.483 seconds
[2026-04-08T12:26:27.510+0000] {processor.py:161} INFO - Started process (PID=186) to work on /opt/airflow/dags/maintenance_logs.py
[2026-04-08T12:26:27.578+0000] {processor.py:830} INFO - Processing file /opt/airflow/dags/maintenance_logs.py for tasks to queue
[2026-04-08T12:26:27.706+0000] {logging_mixin.py:188} INFO - [2026-04-08T12:26:27.696+0000] {dagbag.py:545} INFO - Filling up the DagBag from /opt/airflow/dags/maintenance_logs.py
[2026-04-08T12:26:28.028+0000] {processor.py:840} INFO - DAG(s) 'maintenance_cleanup_logs' retrieved from /opt/airflow/dags/maintenance_logs.py
[2026-04-08T12:26:28.294+0000] {logging_mixin.py:188} INFO - [2026-04-08T12:26:28.293+0000] {dag.py:3089} INFO - Sync 1 DAGs
[2026-04-08T12:26:28.435+0000] {logging_mixin.py:188} INFO - [2026-04-08T12:26:28.434+0000] {dag.py:3947} INFO - Setting next_dagrun for maintenance_cleanup_logs to 2026-04-08 00:00:00+00:00, run_after=2026-04-09 00:00:00+00:00
[2026-04-08T12:26:28.738+0000] {processor.py:183} INFO - Processing /opt/airflow/dags/maintenance_logs.py took 1.391 seconds
[2026-04-08T12:26:59.076+0000] {processor.py:161} INFO - Started process (PID=198) to work on /opt/airflow/dags/maintenance_logs.py
[2026-04-08T12:26:59.078+0000] {processor.py:830} INFO - Processing file /opt/airflow/dags/maintenance_logs.py for tasks to queue
[2026-04-08T12:26:59.081+0000] {logging_mixin.py:188} INFO - [2026-04-08T12:26:59.080+0000] {dagbag.py:545} INFO - Filling up the DagBag from /opt/airflow/dags/maintenance_logs.py
[2026-04-08T12:26:59.136+0000] {processor.py:840} INFO - DAG(s) 'maintenance_cleanup_logs' retrieved from /opt/airflow/dags/maintenance_logs.py
[2026-04-08T12:26:59.430+0000] {logging_mixin.py:188} INFO - [2026-04-08T12:26:59.430+0000] {dag.py:3089} INFO - Sync 1 DAGs
[2026-04-08T12:26:59.547+0000] {logging_mixin.py:188} INFO - [2026-04-08T12:26:59.540+0000] {dag.py:3947} INFO - Setting next_dagrun for maintenance_cleanup_logs to 2026-04-08 00:00:00+00:00, run_after=2026-04-09 00:00:00+00:00
[2026-04-08T12:26:59.671+0000] {processor.py:183} INFO - Processing /opt/airflow/dags/maintenance_logs.py took 0.604 seconds
[2026-04-08T12:27:30.406+0000] {processor.py:161} INFO - Started process (PID=212) to work on /opt/airflow/dags/maintenance_logs.py
[2026-04-08T12:27:30.411+0000] {processor.py:830} INFO - Processing file /opt/airflow/dags/maintenance_logs.py for tasks to queue
[2026-04-08T12:27:30.419+0000] {logging_mixin.py:188} INFO - [2026-04-08T12:27:30.418+0000] {dagbag.py:545} INFO - Filling up the DagBag from /opt/airflow/dags/maintenance_logs.py
[2026-04-08T12:27:30.501+0000] {processor.py:840} INFO - DAG(s) 'maintenance_cleanup_logs' retrieved from /opt/airflow/dags/maintenance_logs.py
[2026-04-08T12:27:30.758+0000] {logging_mixin.py:188} INFO - [2026-04-08T12:27:30.757+0000] {dag.py:3089} INFO - Sync 1 DAGs
[2026-04-08T12:27:30.841+0000] {logging_mixin.py:188} INFO - [2026-04-08T12:27:30.841+0000] {dag.py:3947} INFO - Setting next_dagrun for maintenance_cleanup_logs to 2026-04-08 00:00:00+00:00, run_after=2026-04-09 00:00:00+00:00
[2026-04-08T12:27:30.944+0000] {processor.py:183} INFO - Processing /opt/airflow/dags/maintenance_logs.py took 0.558 seconds
[2026-04-08T12:28:01.787+0000] {processor.py:161} INFO - Started process (PID=223) to work on /opt/airflow/dags/maintenance_logs.py
[2026-04-08T12:28:01.788+0000] {processor.py:830} INFO - Processing file /opt/airflow/dags/maintenance_logs.py for tasks to queue
[2026-04-08T12:28:01.791+0000] {logging_mixin.py:188} INFO - [2026-04-08T12:28:01.791+0000] {dagbag.py:545} INFO - Filling up the DagBag from /opt/airflow/dags/maintenance_logs.py
[2026-04-08T12:28:01.827+0000] {processor.py:840} INFO - DAG(s) 'maintenance_cleanup_logs' retrieved from /opt/airflow/dags/maintenance_logs.py
[2026-04-08T12:28:01.926+0000] {logging_mixin.py:188} INFO - [2026-04-08T12:28:01.925+0000] {dag.py:3089} INFO - Sync 1 DAGs
[2026-04-08T12:28:01.982+0000] {logging_mixin.py:188} INFO - [2026-04-08T12:28:01.982+0000] {dag.py:3947} INFO - Setting next_dagrun for maintenance_cleanup_logs to 2026-04-08 00:00:00+00:00, run_after=2026-04-09 00:00:00+00:00
[2026-04-08T12:28:02.025+0000] {processor.py:183} INFO - Processing /opt/airflow/dags/maintenance_logs.py took 0.246 seconds
[2026-04-08T12:28:32.697+0000] {processor.py:161} INFO - Started process (PID=234) to work on /opt/airflow/dags/maintenance_logs.py
[2026-04-08T12:28:32.700+0000] {processor.py:830} INFO - Processing file /opt/airflow/dags/maintenance_logs.py for tasks to queue
[2026-04-08T12:28:32.704+0000] {logging_mixin.py:188} INFO - [2026-04-08T12:28:32.703+0000] {dagbag.py:545} INFO - Filling up the DagBag from /opt/airflow/dags/maintenance_logs.py
[2026-04-08T12:28:32.763+0000] {processor.py:840} INFO - DAG(s) 'maintenance_cleanup_logs' retrieved from /opt/airflow/dags/maintenance_logs.py
[2026-04-08T12:28:32.881+0000] {logging_mixin.py:188} INFO - [2026-04-08T12:28:32.880+0000] {dag.py:3089} INFO - Sync 1 DAGs
[2026-04-08T12:28:32.963+0000] {logging_mixin.py:188} INFO - [2026-04-08T12:28:32.962+0000] {dag.py:3947} INFO - Setting next_dagrun for maintenance_cleanup_logs to 2026-04-08 00:00:00+00:00, run_after=2026-04-09 00:00:00+00:00
[2026-04-08T12:28:33.039+0000] {processor.py:183} INFO - Processing /opt/airflow/dags/maintenance_logs.py took 0.369 seconds
[2026-04-08T12:29:03.276+0000] {processor.py:161} INFO - Started process (PID=245) to work on /opt/airflow/dags/maintenance_logs.py
[2026-04-08T12:29:03.281+0000] {processor.py:830} INFO - Processing file /opt/airflow/dags/maintenance_logs.py for tasks to queue
[2026-04-08T12:29:03.286+0000] {logging_mixin.py:188} INFO - [2026-04-08T12:29:03.285+0000] {dagbag.py:545} INFO - Filling up the DagBag from /opt/airflow/dags/maintenance_logs.py
[2026-04-08T12:29:03.412+0000] {processor.py:840} INFO - DAG(s) 'maintenance_cleanup_logs' retrieved from /opt/airflow/dags/maintenance_logs.py
[2026-04-08T12:29:03.575+0000] {logging_mixin.py:188} INFO - [2026-04-08T12:29:03.574+0000] {dag.py:3089} INFO - Sync 1 DAGs
[2026-04-08T12:29:03.626+0000] {logging_mixin.py:188} INFO - [2026-04-08T12:29:03.626+0000] {dag.py:3947} INFO - Setting next_dagrun for maintenance_cleanup_logs to 2026-04-08 00:00:00+00:00, run_after=2026-04-09 00:00:00+00:00
[2026-04-08T12:29:03.686+0000] {processor.py:183} INFO - Processing /opt/airflow/dags/maintenance_logs.py took 0.428 seconds
[2026-04-08T12:29:34.375+0000] {processor.py:161} INFO - Started process (PID=256) to work on /opt/airflow/dags/maintenance_logs.py
[2026-04-08T12:29:34.380+0000] {processor.py:830} INFO - Processing file /opt/airflow/dags/maintenance_logs.py for tasks to queue
[2026-04-08T12:29:34.384+0000] {logging_mixin.py:188} INFO - [2026-04-08T12:29:34.383+0000] {dagbag.py:545} INFO - Filling up the DagBag from /opt/airflow/dags/maintenance_logs.py
[2026-04-08T12:29:34.456+0000] {processor.py:840} INFO - DAG(s) 'maintenance_cleanup_logs' retrieved from /opt/airflow/dags/maintenance_logs.py
[2026-04-08T12:29:34.611+0000] {logging_mixin.py:188} INFO - [2026-04-08T12:29:34.610+0000] {dag.py:3089} INFO - Sync 1 DAGs
[2026-04-08T12:29:34.689+0000] {logging_mixin.py:188} INFO - [2026-04-08T12:29:34.688+0000] {dag.py:3947} INFO - Setting next_dagrun for maintenance_cleanup_logs to 2026-04-08 00:00:00+00:00, run_after=2026-04-09 00:00:00+00:00
[2026-04-08T12:29:34.791+0000] {processor.py:183} INFO - Processing /opt/airflow/dags/maintenance_logs.py took 0.431 seconds
[2026-04-08T12:30:07.428+0000] {processor.py:161} INFO - Started process (PID=267) to work on /opt/airflow/dags/maintenance_logs.py
[2026-04-08T12:30:07.494+0000] {processor.py:830} INFO - Processing file /opt/airflow/dags/maintenance_logs.py for tasks to queue
[2026-04-08T12:30:07.816+0000] {logging_mixin.py:188} INFO - [2026-04-08T12:30:07.815+0000] {dagbag.py:545} INFO - Filling up the DagBag from /opt/airflow/dags/maintenance_logs.py
[2026-04-08T12:35:57.270+0000] {processor.py:161} INFO - Started process (PID=181) to work on /opt/airflow/dags/maintenance_logs.py
[2026-04-08T12:35:57.298+0000] {processor.py:830} INFO - Processing file /opt/airflow/dags/maintenance_logs.py for tasks to queue
[2026-04-08T12:35:57.325+0000] {logging_mixin.py:188} INFO - [2026-04-08T12:35:57.323+0000] {dagbag.py:545} INFO - Filling up the DagBag from /opt/airflow/dags/maintenance_logs.py
[2026-04-08T12:35:57.521+0000] {processor.py:840} INFO - DAG(s) 'maintenance_cleanup_logs' retrieved from /opt/airflow/dags/maintenance_logs.py
[2026-04-08T12:35:57.819+0000] {logging_mixin.py:188} INFO - [2026-04-08T12:35:57.819+0000] {dag.py:3089} INFO - Sync 1 DAGs
[2026-04-08T12:35:57.965+0000] {logging_mixin.py:188} INFO - [2026-04-08T12:35:57.964+0000] {dag.py:3947} INFO - Setting next_dagrun for maintenance_cleanup_logs to 2026-04-08 00:00:00+00:00, run_after=2026-04-09 00:00:00+00:00
[2026-04-08T12:35:58.130+0000] {processor.py:183} INFO - Processing /opt/airflow/dags/maintenance_logs.py took 1.590 seconds
[2026-04-08T12:36:28.501+0000] {processor.py:161} INFO - Started process (PID=191) to work on /opt/airflow/dags/maintenance_logs.py
[2026-04-08T12:36:28.509+0000] {processor.py:830} INFO - Processing file /opt/airflow/dags/maintenance_logs.py for tasks to queue
[2026-04-08T12:36:28.528+0000] {logging_mixin.py:188} INFO - [2026-04-08T12:36:28.526+0000] {dagbag.py:545} INFO - Filling up the DagBag from /opt/airflow/dags/maintenance_logs.py
[2026-04-08T12:36:28.716+0000] {processor.py:840} INFO - DAG(s) 'maintenance_cleanup_logs' retrieved from /opt/airflow/dags/maintenance_logs.py
[2026-04-08T12:36:30.989+0000] {logging_mixin.py:188} INFO - [2026-04-08T12:36:30.988+0000] {dag.py:3089} INFO - Sync 1 DAGs
[2026-04-08T12:36:31.042+0000] {logging_mixin.py:188} INFO - [2026-04-08T12:36:31.042+0000] {dag.py:3947} INFO - Setting next_dagrun for maintenance_cleanup_logs to 2026-04-08 00:00:00+00:00, run_after=2026-04-09 00:00:00+00:00
[2026-04-08T12:36:31.093+0000] {processor.py:183} INFO - Processing /opt/airflow/dags/maintenance_logs.py took 2.665 seconds
[2026-04-08T12:37:01.838+0000] {processor.py:161} INFO - Started process (PID=201) to work on /opt/airflow/dags/maintenance_logs.py
[2026-04-08T12:37:01.851+0000] {processor.py:830} INFO - Processing file /opt/airflow/dags/maintenance_logs.py for tasks to queue
[2026-04-08T12:37:01.879+0000] {logging_mixin.py:188} INFO - [2026-04-08T12:37:01.878+0000] {dagbag.py:545} INFO - Filling up the DagBag from /opt/airflow/dags/maintenance_logs.py
[2026-04-08T12:37:02.139+0000] {processor.py:840} INFO - DAG(s) 'maintenance_cleanup_logs' retrieved from /opt/airflow/dags/maintenance_logs.py
[2026-04-08T12:37:03.136+0000] {logging_mixin.py:188} INFO - [2026-04-08T12:37:03.135+0000] {dag.py:3089} INFO - Sync 1 DAGs
[2026-04-08T12:37:03.334+0000] {logging_mixin.py:188} INFO - [2026-04-08T12:37:03.334+0000] {dag.py:3947} INFO - Setting next_dagrun for maintenance_cleanup_logs to 2026-04-08 00:00:00+00:00, run_after=2026-04-09 00:00:00+00:00
[2026-04-08T12:37:03.483+0000] {processor.py:183} INFO - Processing /opt/airflow/dags/maintenance_logs.py took 1.798 seconds
[2026-04-08T12:37:34.029+0000] {processor.py:161} INFO - Started process (PID=211) to work on /opt/airflow/dags/maintenance_logs.py
[2026-04-08T12:37:34.044+0000] {processor.py:830} INFO - Processing file /opt/airflow/dags/maintenance_logs.py for tasks to queue
[2026-04-08T12:37:34.054+0000] {logging_mixin.py:188} INFO - [2026-04-08T12:37:34.053+0000] {dagbag.py:545} INFO - Filling up the DagBag from /opt/airflow/dags/maintenance_logs.py
[2026-04-08T12:37:34.473+0000] {processor.py:840} INFO - DAG(s) 'maintenance_cleanup_logs' retrieved from /opt/airflow/dags/maintenance_logs.py
[2026-04-08T12:37:34.826+0000] {logging_mixin.py:188} INFO - [2026-04-08T12:37:34.825+0000] {dag.py:3089} INFO - Sync 1 DAGs
[2026-04-08T12:37:35.002+0000] {logging_mixin.py:188} INFO - [2026-04-08T12:37:35.001+0000] {dag.py:3947} INFO - Setting next_dagrun for maintenance_cleanup_logs to 2026-04-08 00:00:00+00:00, run_after=2026-04-09 00:00:00+00:00
[2026-04-08T12:37:35.116+0000] {processor.py:183} INFO - Processing /opt/airflow/dags/maintenance_logs.py took 1.142 seconds
[2026-04-08T12:38:05.883+0000] {processor.py:161} INFO - Started process (PID=222) to work on /opt/airflow/dags/maintenance_logs.py
[2026-04-08T12:38:05.889+0000] {processor.py:830} INFO - Processing file /opt/airflow/dags/maintenance_logs.py for tasks to queue
[2026-04-08T12:38:05.894+0000] {logging_mixin.py:188} INFO - [2026-04-08T12:38:05.893+0000] {dagbag.py:545} INFO - Filling up the DagBag from /opt/airflow/dags/maintenance_logs.py
[2026-04-08T12:38:06.011+0000] {processor.py:840} INFO - DAG(s) 'maintenance_cleanup_logs' retrieved from /opt/airflow/dags/maintenance_logs.py
[2026-04-08T12:38:06.602+0000] {logging_mixin.py:188} INFO - [2026-04-08T12:38:06.601+0000] {dag.py:3089} INFO - Sync 1 DAGs
[2026-04-08T12:38:07.160+0000] {logging_mixin.py:188} INFO - [2026-04-08T12:38:07.156+0000] {dag.py:3947} INFO - Setting next_dagrun for maintenance_cleanup_logs to 2026-04-08 00:00:00+00:00, run_after=2026-04-09 00:00:00+00:00
[2026-04-08T12:38:07.425+0000] {processor.py:183} INFO - Processing /opt/airflow/dags/maintenance_logs.py took 1.563 seconds
[2026-04-08T12:38:37.644+0000] {processor.py:161} INFO - Started process (PID=235) to work on /opt/airflow/dags/maintenance_logs.py
[2026-04-08T12:38:37.649+0000] {processor.py:830} INFO - Processing file /opt/airflow/dags/maintenance_logs.py for tasks to queue
[2026-04-08T12:38:37.659+0000] {logging_mixin.py:188} INFO - [2026-04-08T12:38:37.658+0000] {dagbag.py:545} INFO - Filling up the DagBag from /opt/airflow/dags/maintenance_logs.py
[2026-04-08T12:38:37.817+0000] {processor.py:840} INFO - DAG(s) 'maintenance_cleanup_logs' retrieved from /opt/airflow/dags/maintenance_logs.py
[2026-04-08T12:38:37.930+0000] {logging_mixin.py:188} INFO - [2026-04-08T12:38:37.929+0000] {dag.py:3089} INFO - Sync 1 DAGs
[2026-04-08T12:38:37.967+0000] {logging_mixin.py:188} INFO - [2026-04-08T12:38:37.967+0000] {dag.py:3947} INFO - Setting next_dagrun for maintenance_cleanup_logs to 2026-04-08 00:00:00+00:00, run_after=2026-04-09 00:00:00+00:00
[2026-04-08T12:38:38.259+0000] {processor.py:183} INFO - Processing /opt/airflow/dags/maintenance_logs.py took 0.642 seconds
[2026-04-08T12:39:08.352+0000] {processor.py:161} INFO - Started process (PID=245) to work on /opt/airflow/dags/maintenance_logs.py
[2026-04-08T12:39:08.356+0000] {processor.py:830} INFO - Processing file /opt/airflow/dags/maintenance_logs.py for tasks to queue
[2026-04-08T12:39:08.360+0000] {logging_mixin.py:188} INFO - [2026-04-08T12:39:08.359+0000] {dagbag.py:545} INFO - Filling up the DagBag from /opt/airflow/dags/maintenance_logs.py
[2026-04-08T12:39:08.433+0000] {processor.py:840} INFO - DAG(s) 'maintenance_cleanup_logs' retrieved from /opt/airflow/dags/maintenance_logs.py
[2026-04-08T12:39:08.621+0000] {logging_mixin.py:188} INFO - [2026-04-08T12:39:08.621+0000] {dag.py:3089} INFO - Sync 1 DAGs
[2026-04-08T12:39:08.722+0000] {logging_mixin.py:188} INFO - [2026-04-08T12:39:08.721+0000] {dag.py:3947} INFO - Setting next_dagrun for maintenance_cleanup_logs to 2026-04-08 00:00:00+00:00, run_after=2026-04-09 00:00:00+00:00
[2026-04-08T12:39:08.864+0000] {processor.py:183} INFO - Processing /opt/airflow/dags/maintenance_logs.py took 0.524 seconds
[2026-04-08T12:39:39.937+0000] {processor.py:161} INFO - Started process (PID=255) to work on /opt/airflow/dags/maintenance_logs.py
[2026-04-08T12:39:39.941+0000] {processor.py:830} INFO - Processing file /opt/airflow/dags/maintenance_logs.py for tasks to queue
[2026-04-08T12:39:39.952+0000] {logging_mixin.py:188} INFO - [2026-04-08T12:39:39.951+0000] {dagbag.py:545} INFO - Filling up the DagBag from /opt/airflow/dags/maintenance_logs.py
[2026-04-08T12:39:40.055+0000] {processor.py:840} INFO - DAG(s) 'maintenance_cleanup_logs' retrieved from /opt/airflow/dags/maintenance_logs.py
[2026-04-08T12:39:40.280+0000] {logging_mixin.py:188} INFO - [2026-04-08T12:39:40.280+0000] {dag.py:3089} INFO - Sync 1 DAGs
[2026-04-08T12:39:40.387+0000] {logging_mixin.py:188} INFO - [2026-04-08T12:39:40.386+0000] {dag.py:3947} INFO - Setting next_dagrun for maintenance_cleanup_logs to 2026-04-08 00:00:00+00:00, run_after=2026-04-09 00:00:00+00:00
[2026-04-08T12:39:40.480+0000] {processor.py:183} INFO - Processing /opt/airflow/dags/maintenance_logs.py took 0.587 seconds
[2026-04-08T12:40:10.689+0000] {processor.py:161} INFO - Started process (PID=265) to work on /opt/airflow/dags/maintenance_logs.py
[2026-04-08T12:40:10.700+0000] {processor.py:830} INFO - Processing file /opt/airflow/dags/maintenance_logs.py for tasks to queue
[2026-04-08T12:40:10.709+0000] {logging_mixin.py:188} INFO - [2026-04-08T12:40:10.708+0000] {dagbag.py:545} INFO - Filling up the DagBag from /opt/airflow/dags/maintenance_logs.py
[2026-04-08T12:40:10.818+0000] {processor.py:840} INFO - DAG(s) 'maintenance_cleanup_logs' retrieved from /opt/airflow/dags/maintenance_logs.py
[2026-04-08T12:40:11.008+0000] {logging_mixin.py:188} INFO - [2026-04-08T12:40:11.007+0000] {dag.py:3089} INFO - Sync 1 DAGs
[2026-04-08T12:40:11.090+0000] {logging_mixin.py:188} INFO - [2026-04-08T12:40:11.089+0000] {dag.py:3947} INFO - Setting next_dagrun for maintenance_cleanup_logs to 2026-04-08 00:00:00+00:00, run_after=2026-04-09 00:00:00+00:00
[2026-04-08T12:40:11.284+0000] {processor.py:183} INFO - Processing /opt/airflow/dags/maintenance_logs.py took 0.617 seconds
[2026-04-08T12:40:41.715+0000] {processor.py:161} INFO - Started process (PID=275) to work on /opt/airflow/dags/maintenance_logs.py
[2026-04-08T12:40:41.718+0000] {processor.py:830} INFO - Processing file /opt/airflow/dags/maintenance_logs.py for tasks to queue
[2026-04-08T12:40:41.725+0000] {logging_mixin.py:188} INFO - [2026-04-08T12:40:41.724+0000] {dagbag.py:545} INFO - Filling up the DagBag from /opt/airflow/dags/maintenance_logs.py
[2026-04-08T12:40:41.856+0000] {processor.py:840} INFO - DAG(s) 'maintenance_cleanup_logs' retrieved from /opt/airflow/dags/maintenance_logs.py
[2026-04-08T12:40:42.048+0000] {logging_mixin.py:188} INFO - [2026-04-08T12:40:42.047+0000] {dag.py:3089} INFO - Sync 1 DAGs
[2026-04-08T12:40:42.097+0000] {logging_mixin.py:188} INFO - [2026-04-08T12:40:42.097+0000] {dag.py:3947} INFO - Setting next_dagrun for maintenance_cleanup_logs to 2026-04-08 00:00:00+00:00, run_after=2026-04-09 00:00:00+00:00
[2026-04-08T12:40:42.157+0000] {processor.py:183} INFO - Processing /opt/airflow/dags/maintenance_logs.py took 0.464 seconds
[2026-04-08T12:44:09.310+0000] {processor.py:161} INFO - Started process (PID=181) to work on /opt/airflow/dags/maintenance_logs.py
[2026-04-08T12:44:09.343+0000] {processor.py:830} INFO - Processing file /opt/airflow/dags/maintenance_logs.py for tasks to queue
[2026-04-08T12:44:09.431+0000] {logging_mixin.py:188} INFO - [2026-04-08T12:44:09.384+0000] {dagbag.py:545} INFO - Filling up the DagBag from /opt/airflow/dags/maintenance_logs.py
[2026-04-08T12:44:09.902+0000] {processor.py:840} INFO - DAG(s) 'maintenance_cleanup_logs' retrieved from /opt/airflow/dags/maintenance_logs.py
[2026-04-08T12:44:10.355+0000] {logging_mixin.py:188} INFO - [2026-04-08T12:44:10.355+0000] {dag.py:3089} INFO - Sync 1 DAGs
[2026-04-08T12:44:11.092+0000] {logging_mixin.py:188} INFO - [2026-04-08T12:44:11.091+0000] {dag.py:3947} INFO - Setting next_dagrun for maintenance_cleanup_logs to 2026-04-08 00:00:00+00:00, run_after=2026-04-09 00:00:00+00:00
[2026-04-08T12:44:11.502+0000] {processor.py:183} INFO - Processing /opt/airflow/dags/maintenance_logs.py took 2.402 seconds
[2026-04-08T12:44:42.193+0000] {processor.py:161} INFO - Started process (PID=191) to work on /opt/airflow/dags/maintenance_logs.py
[2026-04-08T12:44:42.210+0000] {processor.py:830} INFO - Processing file /opt/airflow/dags/maintenance_logs.py for tasks to queue
[2026-04-08T12:44:42.249+0000] {logging_mixin.py:188} INFO - [2026-04-08T12:44:42.248+0000] {dagbag.py:545} INFO - Filling up the DagBag from /opt/airflow/dags/maintenance_logs.py
[2026-04-08T12:44:42.485+0000] {processor.py:840} INFO - DAG(s) 'maintenance_cleanup_logs' retrieved from /opt/airflow/dags/maintenance_logs.py
[2026-04-08T12:44:44.321+0000] {logging_mixin.py:188} INFO - [2026-04-08T12:44:44.320+0000] {dag.py:3089} INFO - Sync 1 DAGs
[2026-04-08T12:44:44.397+0000] {logging_mixin.py:188} INFO - [2026-04-08T12:44:44.397+0000] {dag.py:3947} INFO - Setting next_dagrun for maintenance_cleanup_logs to 2026-04-08 00:00:00+00:00, run_after=2026-04-09 00:00:00+00:00
[2026-04-08T12:44:44.527+0000] {processor.py:183} INFO - Processing /opt/airflow/dags/maintenance_logs.py took 2.401 seconds
[2026-04-08T12:45:15.026+0000] {processor.py:161} INFO - Started process (PID=201) to work on /opt/airflow/dags/maintenance_logs.py
[2026-04-08T12:45:15.028+0000] {processor.py:830} INFO - Processing file /opt/airflow/dags/maintenance_logs.py for tasks to queue
[2026-04-08T12:45:15.054+0000] {logging_mixin.py:188} INFO - [2026-04-08T12:45:15.052+0000] {dagbag.py:545} INFO - Filling up the DagBag from /opt/airflow/dags/maintenance_logs.py
[2026-04-08T12:45:15.156+0000] {processor.py:840} INFO - DAG(s) 'maintenance_cleanup_logs' retrieved from /opt/airflow/dags/maintenance_logs.py
[2026-04-08T12:45:15.392+0000] {logging_mixin.py:188} INFO - [2026-04-08T12:45:15.392+0000] {dag.py:3089} INFO - Sync 1 DAGs
[2026-04-08T12:45:15.541+0000] {logging_mixin.py:188} INFO - [2026-04-08T12:45:15.540+0000] {dag.py:3947} INFO - Setting next_dagrun for maintenance_cleanup_logs to 2026-04-08 00:00:00+00:00, run_after=2026-04-09 00:00:00+00:00
[2026-04-08T12:45:15.671+0000] {processor.py:183} INFO - Processing /opt/airflow/dags/maintenance_logs.py took 0.759 seconds
[2026-04-08T12:45:46.447+0000] {processor.py:161} INFO - Started process (PID=211) to work on /opt/airflow/dags/maintenance_logs.py
[2026-04-08T12:45:46.468+0000] {processor.py:830} INFO - Processing file /opt/airflow/dags/maintenance_logs.py for tasks to queue
[2026-04-08T12:45:46.512+0000] {logging_mixin.py:188} INFO - [2026-04-08T12:45:46.506+0000] {dagbag.py:545} INFO - Filling up the DagBag from /opt/airflow/dags/maintenance_logs.py
[2026-04-08T12:45:46.838+0000] {processor.py:840} INFO - DAG(s) 'maintenance_cleanup_logs' retrieved from /opt/airflow/dags/maintenance_logs.py
[2026-04-08T12:45:47.025+0000] {logging_mixin.py:188} INFO - [2026-04-08T12:45:47.025+0000] {dag.py:3089} INFO - Sync 1 DAGs
[2026-04-08T12:45:47.079+0000] {logging_mixin.py:188} INFO - [2026-04-08T12:45:47.078+0000] {dag.py:3947} INFO - Setting next_dagrun for maintenance_cleanup_logs to 2026-04-08 00:00:00+00:00, run_after=2026-04-09 00:00:00+00:00
[2026-04-08T12:45:47.142+0000] {processor.py:183} INFO - Processing /opt/airflow/dags/maintenance_logs.py took 0.840 seconds
[2026-04-08T12:46:17.962+0000] {processor.py:161} INFO - Started process (PID=223) to work on /opt/airflow/dags/maintenance_logs.py
[2026-04-08T12:46:17.964+0000] {processor.py:830} INFO - Processing file /opt/airflow/dags/maintenance_logs.py for tasks to queue
[2026-04-08T12:46:17.967+0000] {logging_mixin.py:188} INFO - [2026-04-08T12:46:17.967+0000] {dagbag.py:545} INFO - Filling up the DagBag from /opt/airflow/dags/maintenance_logs.py
[2026-04-08T12:46:18.012+0000] {processor.py:840} INFO - DAG(s) 'maintenance_cleanup_logs' retrieved from /opt/airflow/dags/maintenance_logs.py
[2026-04-08T12:46:18.115+0000] {logging_mixin.py:188} INFO - [2026-04-08T12:46:18.115+0000] {dag.py:3089} INFO - Sync 1 DAGs
[2026-04-08T12:46:18.163+0000] {logging_mixin.py:188} INFO - [2026-04-08T12:46:18.162+0000] {dag.py:3947} INFO - Setting next_dagrun for maintenance_cleanup_logs to 2026-04-08 00:00:00+00:00, run_after=2026-04-09 00:00:00+00:00
[2026-04-08T12:46:18.209+0000] {processor.py:183} INFO - Processing /opt/airflow/dags/maintenance_logs.py took 0.259 seconds
[2026-04-08T12:46:48.982+0000] {processor.py:161} INFO - Started process (PID=233) to work on /opt/airflow/dags/maintenance_logs.py
[2026-04-08T12:46:48.984+0000] {processor.py:830} INFO - Processing file /opt/airflow/dags/maintenance_logs.py for tasks to queue
[2026-04-08T12:46:48.988+0000] {logging_mixin.py:188} INFO - [2026-04-08T12:46:48.987+0000] {dagbag.py:545} INFO - Filling up the DagBag from /opt/airflow/dags/maintenance_logs.py
[2026-04-08T12:46:49.097+0000] {processor.py:840} INFO - DAG(s) 'maintenance_cleanup_logs' retrieved from /opt/airflow/dags/maintenance_logs.py
[2026-04-08T12:46:49.323+0000] {logging_mixin.py:188} INFO - [2026-04-08T12:46:49.323+0000] {dag.py:3089} INFO - Sync 1 DAGs
[2026-04-08T12:46:49.380+0000] {logging_mixin.py:188} INFO - [2026-04-08T12:46:49.379+0000] {dag.py:3947} INFO - Setting next_dagrun for maintenance_cleanup_logs to 2026-04-08 00:00:00+00:00, run_after=2026-04-09 00:00:00+00:00
[2026-04-08T12:46:49.695+0000] {processor.py:183} INFO - Processing /opt/airflow/dags/maintenance_logs.py took 0.732 seconds
[2026-04-08T12:47:20.449+0000] {processor.py:161} INFO - Started process (PID=243) to work on /opt/airflow/dags/maintenance_logs.py
[2026-04-08T12:47:20.451+0000] {processor.py:830} INFO - Processing file /opt/airflow/dags/maintenance_logs.py for tasks to queue
[2026-04-08T12:47:20.455+0000] {logging_mixin.py:188} INFO - [2026-04-08T12:47:20.455+0000] {dagbag.py:545} INFO - Filling up the DagBag from /opt/airflow/dags/maintenance_logs.py
[2026-04-08T12:47:20.518+0000] {processor.py:840} INFO - DAG(s) 'maintenance_cleanup_logs' retrieved from /opt/airflow/dags/maintenance_logs.py
[2026-04-08T12:47:20.632+0000] {logging_mixin.py:188} INFO - [2026-04-08T12:47:20.631+0000] {dag.py:3089} INFO - Sync 1 DAGs
[2026-04-08T12:47:20.707+0000] {logging_mixin.py:188} INFO - [2026-04-08T12:47:20.706+0000] {dag.py:3947} INFO - Setting next_dagrun for maintenance_cleanup_logs to 2026-04-08 00:00:00+00:00, run_after=2026-04-09 00:00:00+00:00
[2026-04-08T12:47:20.767+0000] {processor.py:183} INFO - Processing /opt/airflow/dags/maintenance_logs.py took 0.332 seconds
[2026-04-08T12:47:51.534+0000] {processor.py:161} INFO - Started process (PID=253) to work on /opt/airflow/dags/maintenance_logs.py
[2026-04-08T12:47:51.567+0000] {processor.py:830} INFO - Processing file /opt/airflow/dags/maintenance_logs.py for tasks to queue
[2026-04-08T12:47:51.670+0000] {logging_mixin.py:188} INFO - [2026-04-08T12:47:51.665+0000] {dagbag.py:545} INFO - Filling up the DagBag from /opt/airflow/dags/maintenance_logs.py
[2026-04-08T12:47:51.881+0000] {processor.py:840} INFO - DAG(s) 'maintenance_cleanup_logs' retrieved from /opt/airflow/dags/maintenance_logs.py
[2026-04-08T12:47:52.012+0000] {logging_mixin.py:188} INFO - [2026-04-08T12:47:52.011+0000] {dag.py:3089} INFO - Sync 1 DAGs
[2026-04-08T12:47:52.063+0000] {logging_mixin.py:188} INFO - [2026-04-08T12:47:52.063+0000] {dag.py:3947} INFO - Setting next_dagrun for maintenance_cleanup_logs to 2026-04-08 00:00:00+00:00, run_after=2026-04-09 00:00:00+00:00
[2026-04-08T12:47:52.132+0000] {processor.py:183} INFO - Processing /opt/airflow/dags/maintenance_logs.py took 0.607 seconds
[2026-04-08T12:48:22.277+0000] {processor.py:161} INFO - Started process (PID=263) to work on /opt/airflow/dags/maintenance_logs.py
[2026-04-08T12:48:22.281+0000] {processor.py:830} INFO - Processing file /opt/airflow/dags/maintenance_logs.py for tasks to queue
[2026-04-08T12:48:22.288+0000] {logging_mixin.py:188} INFO - [2026-04-08T12:48:22.287+0000] {dagbag.py:545} INFO - Filling up the DagBag from /opt/airflow/dags/maintenance_logs.py
[2026-04-08T12:48:22.351+0000] {processor.py:840} INFO - DAG(s) 'maintenance_cleanup_logs' retrieved from /opt/airflow/dags/maintenance_logs.py
[2026-04-08T12:48:22.463+0000] {logging_mixin.py:188} INFO - [2026-04-08T12:48:22.463+0000] {dag.py:3089} INFO - Sync 1 DAGs
[2026-04-08T12:48:22.514+0000] {logging_mixin.py:188} INFO - [2026-04-08T12:48:22.514+0000] {dag.py:3947} INFO - Setting next_dagrun for maintenance_cleanup_logs to 2026-04-08 00:00:00+00:00, run_after=2026-04-09 00:00:00+00:00
[2026-04-08T12:48:22.573+0000] {processor.py:183} INFO - Processing /opt/airflow/dags/maintenance_logs.py took 0.313 seconds
[2026-04-08T12:48:53.015+0000] {processor.py:161} INFO - Started process (PID=273) to work on /opt/airflow/dags/maintenance_logs.py
[2026-04-08T12:48:53.019+0000] {processor.py:830} INFO - Processing file /opt/airflow/dags/maintenance_logs.py for tasks to queue
[2026-04-08T12:48:53.029+0000] {logging_mixin.py:188} INFO - [2026-04-08T12:48:53.028+0000] {dagbag.py:545} INFO - Filling up the DagBag from /opt/airflow/dags/maintenance_logs.py
[2026-04-08T12:48:53.195+0000] {processor.py:840} INFO - DAG(s) 'maintenance_cleanup_logs' retrieved from /opt/airflow/dags/maintenance_logs.py
[2026-04-08T12:48:53.350+0000] {logging_mixin.py:188} INFO - [2026-04-08T12:48:53.349+0000] {dag.py:3089} INFO - Sync 1 DAGs
[2026-04-08T12:48:53.422+0000] {logging_mixin.py:188} INFO - [2026-04-08T12:48:53.421+0000] {dag.py:3947} INFO - Setting next_dagrun for maintenance_cleanup_logs to 2026-04-08 00:00:00+00:00, run_after=2026-04-09 00:00:00+00:00
[2026-04-08T12:48:53.504+0000] {processor.py:183} INFO - Processing /opt/airflow/dags/maintenance_logs.py took 0.519 seconds
[2026-04-08T12:49:24.377+0000] {processor.py:161} INFO - Started process (PID=283) to work on /opt/airflow/dags/maintenance_logs.py
[2026-04-08T12:49:24.380+0000] {processor.py:830} INFO - Processing file /opt/airflow/dags/maintenance_logs.py for tasks to queue
[2026-04-08T12:49:24.386+0000] {logging_mixin.py:188} INFO - [2026-04-08T12:49:24.385+0000] {dagbag.py:545} INFO - Filling up the DagBag from /opt/airflow/dags/maintenance_logs.py
[2026-04-08T12:49:24.465+0000] {processor.py:840} INFO - DAG(s) 'maintenance_cleanup_logs' retrieved from /opt/airflow/dags/maintenance_logs.py
[2026-04-08T12:49:24.658+0000] {logging_mixin.py:188} INFO - [2026-04-08T12:49:24.658+0000] {dag.py:3089} INFO - Sync 1 DAGs
[2026-04-08T12:49:24.747+0000] {logging_mixin.py:188} INFO - [2026-04-08T12:49:24.747+0000] {dag.py:3947} INFO - Setting next_dagrun for maintenance_cleanup_logs to 2026-04-08 00:00:00+00:00, run_after=2026-04-09 00:00:00+00:00
[2026-04-08T12:49:24.806+0000] {processor.py:183} INFO - Processing /opt/airflow/dags/maintenance_logs.py took 0.442 seconds
[2026-04-08T12:49:55.017+0000] {processor.py:161} INFO - Started process (PID=293) to work on /opt/airflow/dags/maintenance_logs.py
[2026-04-08T12:49:55.019+0000] {processor.py:830} INFO - Processing file /opt/airflow/dags/maintenance_logs.py for tasks to queue
[2026-04-08T12:49:55.021+0000] {logging_mixin.py:188} INFO - [2026-04-08T12:49:55.021+0000] {dagbag.py:545} INFO - Filling up the DagBag from /opt/airflow/dags/maintenance_logs.py
[2026-04-08T12:49:55.060+0000] {processor.py:840} INFO - DAG(s) 'maintenance_cleanup_logs' retrieved from /opt/airflow/dags/maintenance_logs.py
[2026-04-08T12:49:55.145+0000] {logging_mixin.py:188} INFO - [2026-04-08T12:49:55.144+0000] {dag.py:3089} INFO - Sync 1 DAGs
[2026-04-08T12:49:55.184+0000] {logging_mixin.py:188} INFO - [2026-04-08T12:49:55.184+0000] {dag.py:3947} INFO - Setting next_dagrun for maintenance_cleanup_logs to 2026-04-08 00:00:00+00:00, run_after=2026-04-09 00:00:00+00:00
[2026-04-08T12:49:55.736+0000] {processor.py:183} INFO - Processing /opt/airflow/dags/maintenance_logs.py took 0.728 seconds
[2026-04-08T12:50:26.365+0000] {processor.py:161} INFO - Started process (PID=303) to work on /opt/airflow/dags/maintenance_logs.py
[2026-04-08T12:50:26.384+0000] {processor.py:830} INFO - Processing file /opt/airflow/dags/maintenance_logs.py for tasks to queue
[2026-04-08T12:50:26.408+0000] {logging_mixin.py:188} INFO - [2026-04-08T12:50:26.406+0000] {dagbag.py:545} INFO - Filling up the DagBag from /opt/airflow/dags/maintenance_logs.py
[2026-04-08T12:50:26.455+0000] {processor.py:840} INFO - DAG(s) 'maintenance_cleanup_logs' retrieved from /opt/airflow/dags/maintenance_logs.py
[2026-04-08T12:50:26.590+0000] {logging_mixin.py:188} INFO - [2026-04-08T12:50:26.590+0000] {dag.py:3089} INFO - Sync 1 DAGs
[2026-04-08T12:50:26.635+0000] {logging_mixin.py:188} INFO - [2026-04-08T12:50:26.634+0000] {dag.py:3947} INFO - Setting next_dagrun for maintenance_cleanup_logs to 2026-04-08 00:00:00+00:00, run_after=2026-04-09 00:00:00+00:00
[2026-04-08T12:50:26.676+0000] {processor.py:183} INFO - Processing /opt/airflow/dags/maintenance_logs.py took 0.574 seconds
[2026-04-08T12:50:57.259+0000] {processor.py:161} INFO - Started process (PID=313) to work on /opt/airflow/dags/maintenance_logs.py
[2026-04-08T12:50:57.261+0000] {processor.py:830} INFO - Processing file /opt/airflow/dags/maintenance_logs.py for tasks to queue
[2026-04-08T12:50:57.267+0000] {logging_mixin.py:188} INFO - [2026-04-08T12:50:57.266+0000] {dagbag.py:545} INFO - Filling up the DagBag from /opt/airflow/dags/maintenance_logs.py
[2026-04-08T12:50:57.313+0000] {processor.py:840} INFO - DAG(s) 'maintenance_cleanup_logs' retrieved from /opt/airflow/dags/maintenance_logs.py
[2026-04-08T12:50:57.576+0000] {logging_mixin.py:188} INFO - [2026-04-08T12:50:57.575+0000] {dag.py:3089} INFO - Sync 1 DAGs
[2026-04-08T12:50:57.696+0000] {logging_mixin.py:188} INFO - [2026-04-08T12:50:57.695+0000] {dag.py:3947} INFO - Setting next_dagrun for maintenance_cleanup_logs to 2026-04-08 00:00:00+00:00, run_after=2026-04-09 00:00:00+00:00
[2026-04-08T12:50:57.758+0000] {processor.py:183} INFO - Processing /opt/airflow/dags/maintenance_logs.py took 0.513 seconds
[2026-04-08T12:51:27.948+0000] {processor.py:161} INFO - Started process (PID=323) to work on /opt/airflow/dags/maintenance_logs.py
[2026-04-08T12:51:27.951+0000] {processor.py:830} INFO - Processing file /opt/airflow/dags/maintenance_logs.py for tasks to queue
[2026-04-08T12:51:27.958+0000] {logging_mixin.py:188} INFO - [2026-04-08T12:51:27.957+0000] {dagbag.py:545} INFO - Filling up the DagBag from /opt/airflow/dags/maintenance_logs.py
[2026-04-08T12:51:28.037+0000] {processor.py:840} INFO - DAG(s) 'maintenance_cleanup_logs' retrieved from /opt/airflow/dags/maintenance_logs.py
[2026-04-08T12:51:28.282+0000] {logging_mixin.py:188} INFO - [2026-04-08T12:51:28.281+0000] {dag.py:3089} INFO - Sync 1 DAGs
[2026-04-08T12:51:28.395+0000] {logging_mixin.py:188} INFO - [2026-04-08T12:51:28.395+0000] {dag.py:3947} INFO - Setting next_dagrun for maintenance_cleanup_logs to 2026-04-08 00:00:00+00:00, run_after=2026-04-09 00:00:00+00:00
[2026-04-08T12:51:28.523+0000] {processor.py:183} INFO - Processing /opt/airflow/dags/maintenance_logs.py took 0.592 seconds
[2026-04-08T12:51:59.356+0000] {processor.py:161} INFO - Started process (PID=333) to work on /opt/airflow/dags/maintenance_logs.py
[2026-04-08T12:51:59.359+0000] {processor.py:830} INFO - Processing file /opt/airflow/dags/maintenance_logs.py for tasks to queue
[2026-04-08T12:51:59.362+0000] {logging_mixin.py:188} INFO - [2026-04-08T12:51:59.362+0000] {dagbag.py:545} INFO - Filling up the DagBag from /opt/airflow/dags/maintenance_logs.py
[2026-04-08T12:51:59.413+0000] {processor.py:840} INFO - DAG(s) 'maintenance_cleanup_logs' retrieved from /opt/airflow/dags/maintenance_logs.py
[2026-04-08T12:51:59.525+0000] {logging_mixin.py:188} INFO - [2026-04-08T12:51:59.525+0000] {dag.py:3089} INFO - Sync 1 DAGs
[2026-04-08T12:51:59.585+0000] {logging_mixin.py:188} INFO - [2026-04-08T12:51:59.585+0000] {dag.py:3947} INFO - Setting next_dagrun for maintenance_cleanup_logs to 2026-04-08 00:00:00+00:00, run_after=2026-04-09 00:00:00+00:00
[2026-04-08T12:51:59.644+0000] {processor.py:183} INFO - Processing /opt/airflow/dags/maintenance_logs.py took 0.316 seconds
[2026-04-08T12:52:30.146+0000] {processor.py:161} INFO - Started process (PID=343) to work on /opt/airflow/dags/maintenance_logs.py
[2026-04-08T12:52:30.151+0000] {processor.py:830} INFO - Processing file /opt/airflow/dags/maintenance_logs.py for tasks to queue
[2026-04-08T12:52:30.159+0000] {logging_mixin.py:188} INFO - [2026-04-08T12:52:30.158+0000] {dagbag.py:545} INFO - Filling up the DagBag from /opt/airflow/dags/maintenance_logs.py
[2026-04-08T12:52:30.318+0000] {processor.py:840} INFO - DAG(s) 'maintenance_cleanup_logs' retrieved from /opt/airflow/dags/maintenance_logs.py
[2026-04-08T12:52:30.440+0000] {logging_mixin.py:188} INFO - [2026-04-08T12:52:30.440+0000] {dag.py:3089} INFO - Sync 1 DAGs
[2026-04-08T12:52:30.484+0000] {logging_mixin.py:188} INFO - [2026-04-08T12:52:30.483+0000] {dag.py:3947} INFO - Setting next_dagrun for maintenance_cleanup_logs to 2026-04-08 00:00:00+00:00, run_after=2026-04-09 00:00:00+00:00
[2026-04-08T12:52:30.705+0000] {processor.py:183} INFO - Processing /opt/airflow/dags/maintenance_logs.py took 0.586 seconds
[2026-04-08T12:53:01.313+0000] {processor.py:161} INFO - Started process (PID=353) to work on /opt/airflow/dags/maintenance_logs.py
[2026-04-08T12:53:01.316+0000] {processor.py:830} INFO - Processing file /opt/airflow/dags/maintenance_logs.py for tasks to queue
[2026-04-08T12:53:01.320+0000] {logging_mixin.py:188} INFO - [2026-04-08T12:53:01.320+0000] {dagbag.py:545} INFO - Filling up the DagBag from /opt/airflow/dags/maintenance_logs.py
[2026-04-08T12:53:01.389+0000] {processor.py:840} INFO - DAG(s) 'maintenance_cleanup_logs' retrieved from /opt/airflow/dags/maintenance_logs.py
[2026-04-08T12:53:01.524+0000] {logging_mixin.py:188} INFO - [2026-04-08T12:53:01.523+0000] {dag.py:3089} INFO - Sync 1 DAGs
[2026-04-08T12:53:01.582+0000] {logging_mixin.py:188} INFO - [2026-04-08T12:53:01.582+0000] {dag.py:3947} INFO - Setting next_dagrun for maintenance_cleanup_logs to 2026-04-08 00:00:00+00:00, run_after=2026-04-09 00:00:00+00:00
[2026-04-08T12:53:01.653+0000] {processor.py:183} INFO - Processing /opt/airflow/dags/maintenance_logs.py took 0.354 seconds
[2026-04-08T12:53:31.979+0000] {processor.py:161} INFO - Started process (PID=363) to work on /opt/airflow/dags/maintenance_logs.py
[2026-04-08T12:53:31.984+0000] {processor.py:830} INFO - Processing file /opt/airflow/dags/maintenance_logs.py for tasks to queue
[2026-04-08T12:53:31.994+0000] {logging_mixin.py:188} INFO - [2026-04-08T12:53:31.991+0000] {dagbag.py:545} INFO - Filling up the DagBag from /opt/airflow/dags/maintenance_logs.py
[2026-04-08T12:53:32.162+0000] {processor.py:840} INFO - DAG(s) 'maintenance_cleanup_logs' retrieved from /opt/airflow/dags/maintenance_logs.py
[2026-04-08T12:53:32.436+0000] {logging_mixin.py:188} INFO - [2026-04-08T12:53:32.435+0000] {dag.py:3089} INFO - Sync 1 DAGs
[2026-04-08T12:53:32.503+0000] {logging_mixin.py:188} INFO - [2026-04-08T12:53:32.502+0000] {dag.py:3947} INFO - Setting next_dagrun for maintenance_cleanup_logs to 2026-04-08 00:00:00+00:00, run_after=2026-04-09 00:00:00+00:00
[2026-04-08T12:53:32.562+0000] {processor.py:183} INFO - Processing /opt/airflow/dags/maintenance_logs.py took 0.622 seconds
[2026-04-08T12:54:03.067+0000] {processor.py:161} INFO - Started process (PID=373) to work on /opt/airflow/dags/maintenance_logs.py
[2026-04-08T12:54:03.068+0000] {processor.py:830} INFO - Processing file /opt/airflow/dags/maintenance_logs.py for tasks to queue
[2026-04-08T12:54:03.072+0000] {logging_mixin.py:188} INFO - [2026-04-08T12:54:03.070+0000] {dagbag.py:545} INFO - Filling up the DagBag from /opt/airflow/dags/maintenance_logs.py
[2026-04-08T12:54:03.128+0000] {processor.py:840} INFO - DAG(s) 'maintenance_cleanup_logs' retrieved from /opt/airflow/dags/maintenance_logs.py
[2026-04-08T12:54:03.260+0000] {logging_mixin.py:188} INFO - [2026-04-08T12:54:03.259+0000] {dag.py:3089} INFO - Sync 1 DAGs
[2026-04-08T12:54:03.372+0000] {logging_mixin.py:188} INFO - [2026-04-08T12:54:03.371+0000] {dag.py:3947} INFO - Setting next_dagrun for maintenance_cleanup_logs to 2026-04-08 00:00:00+00:00, run_after=2026-04-09 00:00:00+00:00
[2026-04-08T12:54:03.427+0000] {processor.py:183} INFO - Processing /opt/airflow/dags/maintenance_logs.py took 0.368 seconds
[2026-04-08T12:54:33.869+0000] {processor.py:161} INFO - Started process (PID=378) to work on /opt/airflow/dags/maintenance_logs.py
[2026-04-08T12:54:33.872+0000] {processor.py:830} INFO - Processing file /opt/airflow/dags/maintenance_logs.py for tasks to queue
[2026-04-08T12:54:33.876+0000] {logging_mixin.py:188} INFO - [2026-04-08T12:54:33.875+0000] {dagbag.py:545} INFO - Filling up the DagBag from /opt/airflow/dags/maintenance_logs.py
[2026-04-08T12:54:33.944+0000] {processor.py:840} INFO - DAG(s) 'maintenance_cleanup_logs' retrieved from /opt/airflow/dags/maintenance_logs.py
[2026-04-08T12:54:34.125+0000] {logging_mixin.py:188} INFO - [2026-04-08T12:54:34.124+0000] {dag.py:3089} INFO - Sync 1 DAGs
[2026-04-08T12:54:34.188+0000] {logging_mixin.py:188} INFO - [2026-04-08T12:54:34.188+0000] {dag.py:3947} INFO - Setting next_dagrun for maintenance_cleanup_logs to 2026-04-08 00:00:00+00:00, run_after=2026-04-09 00:00:00+00:00
[2026-04-08T12:54:34.256+0000] {processor.py:183} INFO - Processing /opt/airflow/dags/maintenance_logs.py took 0.410 seconds
[2026-04-08T12:55:05.014+0000] {processor.py:161} INFO - Started process (PID=388) to work on /opt/airflow/dags/maintenance_logs.py
[2026-04-08T12:55:05.017+0000] {processor.py:830} INFO - Processing file /opt/airflow/dags/maintenance_logs.py for tasks to queue
[2026-04-08T12:55:05.020+0000] {logging_mixin.py:188} INFO - [2026-04-08T12:55:05.020+0000] {dagbag.py:545} INFO - Filling up the DagBag from /opt/airflow/dags/maintenance_logs.py
[2026-04-08T12:55:05.085+0000] {processor.py:840} INFO - DAG(s) 'maintenance_cleanup_logs' retrieved from /opt/airflow/dags/maintenance_logs.py
[2026-04-08T12:55:05.190+0000] {logging_mixin.py:188} INFO - [2026-04-08T12:55:05.190+0000] {dag.py:3089} INFO - Sync 1 DAGs
[2026-04-08T12:55:05.242+0000] {logging_mixin.py:188} INFO - [2026-04-08T12:55:05.242+0000] {dag.py:3947} INFO - Setting next_dagrun for maintenance_cleanup_logs to 2026-04-08 00:00:00+00:00, run_after=2026-04-09 00:00:00+00:00
[2026-04-08T12:55:05.293+0000] {processor.py:183} INFO - Processing /opt/airflow/dags/maintenance_logs.py took 0.290 seconds
[2026-04-08T12:55:36.002+0000] {processor.py:161} INFO - Started process (PID=398) to work on /opt/airflow/dags/maintenance_logs.py
[2026-04-08T12:55:36.004+0000] {processor.py:830} INFO - Processing file /opt/airflow/dags/maintenance_logs.py for tasks to queue
[2026-04-08T12:55:36.006+0000] {logging_mixin.py:188} INFO - [2026-04-08T12:55:36.006+0000] {dagbag.py:545} INFO - Filling up the DagBag from /opt/airflow/dags/maintenance_logs.py
[2026-04-08T12:55:36.045+0000] {processor.py:840} INFO - DAG(s) 'maintenance_cleanup_logs' retrieved from /opt/airflow/dags/maintenance_logs.py
[2026-04-08T12:55:36.126+0000] {logging_mixin.py:188} INFO - [2026-04-08T12:55:36.126+0000] {dag.py:3089} INFO - Sync 1 DAGs
[2026-04-08T12:55:36.166+0000] {logging_mixin.py:188} INFO - [2026-04-08T12:55:36.165+0000] {dag.py:3947} INFO - Setting next_dagrun for maintenance_cleanup_logs to 2026-04-08 00:00:00+00:00, run_after=2026-04-09 00:00:00+00:00
[2026-04-08T12:55:36.415+0000] {processor.py:183} INFO - Processing /opt/airflow/dags/maintenance_logs.py took 0.421 seconds
[2026-04-08T12:56:06.689+0000] {processor.py:161} INFO - Started process (PID=449) to work on /opt/airflow/dags/maintenance_logs.py
[2026-04-08T12:56:06.691+0000] {processor.py:830} INFO - Processing file /opt/airflow/dags/maintenance_logs.py for tasks to queue
[2026-04-08T12:56:06.695+0000] {logging_mixin.py:188} INFO - [2026-04-08T12:56:06.694+0000] {dagbag.py:545} INFO - Filling up the DagBag from /opt/airflow/dags/maintenance_logs.py
[2026-04-08T12:56:06.761+0000] {processor.py:840} INFO - DAG(s) 'maintenance_cleanup_logs' retrieved from /opt/airflow/dags/maintenance_logs.py
[2026-04-08T12:56:06.917+0000] {logging_mixin.py:188} INFO - [2026-04-08T12:56:06.916+0000] {dag.py:3089} INFO - Sync 1 DAGs
[2026-04-08T12:56:06.974+0000] {logging_mixin.py:188} INFO - [2026-04-08T12:56:06.974+0000] {dag.py:3947} INFO - Setting next_dagrun for maintenance_cleanup_logs to 2026-04-08 00:00:00+00:00, run_after=2026-04-09 00:00:00+00:00
[2026-04-08T12:56:07.029+0000] {processor.py:183} INFO - Processing /opt/airflow/dags/maintenance_logs.py took 0.375 seconds
[2026-04-08T12:56:37.550+0000] {processor.py:161} INFO - Started process (PID=461) to work on /opt/airflow/dags/maintenance_logs.py
[2026-04-08T12:56:37.552+0000] {processor.py:830} INFO - Processing file /opt/airflow/dags/maintenance_logs.py for tasks to queue
[2026-04-08T12:56:37.555+0000] {logging_mixin.py:188} INFO - [2026-04-08T12:56:37.555+0000] {dagbag.py:545} INFO - Filling up the DagBag from /opt/airflow/dags/maintenance_logs.py
[2026-04-08T12:56:37.601+0000] {processor.py:840} INFO - DAG(s) 'maintenance_cleanup_logs' retrieved from /opt/airflow/dags/maintenance_logs.py
[2026-04-08T12:56:37.819+0000] {logging_mixin.py:188} INFO - [2026-04-08T12:56:37.819+0000] {dag.py:3089} INFO - Sync 1 DAGs
[2026-04-08T12:56:37.863+0000] {logging_mixin.py:188} INFO - [2026-04-08T12:56:37.862+0000] {dag.py:3947} INFO - Setting next_dagrun for maintenance_cleanup_logs to 2026-04-08 00:00:00+00:00, run_after=2026-04-09 00:00:00+00:00
[2026-04-08T12:56:37.906+0000] {processor.py:183} INFO - Processing /opt/airflow/dags/maintenance_logs.py took 0.372 seconds
[2026-04-08T12:57:08.479+0000] {processor.py:161} INFO - Started process (PID=473) to work on /opt/airflow/dags/maintenance_logs.py
[2026-04-08T12:57:08.481+0000] {processor.py:830} INFO - Processing file /opt/airflow/dags/maintenance_logs.py for tasks to queue
[2026-04-08T12:57:08.493+0000] {logging_mixin.py:188} INFO - [2026-04-08T12:57:08.492+0000] {dagbag.py:545} INFO - Filling up the DagBag from /opt/airflow/dags/maintenance_logs.py
[2026-04-08T12:57:08.567+0000] {processor.py:840} INFO - DAG(s) 'maintenance_cleanup_logs' retrieved from /opt/airflow/dags/maintenance_logs.py
[2026-04-08T12:57:08.692+0000] {logging_mixin.py:188} INFO - [2026-04-08T12:57:08.692+0000] {dag.py:3089} INFO - Sync 1 DAGs
[2026-04-08T12:57:08.745+0000] {logging_mixin.py:188} INFO - [2026-04-08T12:57:08.744+0000] {dag.py:3947} INFO - Setting next_dagrun for maintenance_cleanup_logs to 2026-04-08 00:00:00+00:00, run_after=2026-04-09 00:00:00+00:00
[2026-04-08T12:57:08.812+0000] {processor.py:183} INFO - Processing /opt/airflow/dags/maintenance_logs.py took 0.366 seconds
[2026-04-08T12:57:39.521+0000] {processor.py:161} INFO - Started process (PID=483) to work on /opt/airflow/dags/maintenance_logs.py
[2026-04-08T12:57:39.525+0000] {processor.py:830} INFO - Processing file /opt/airflow/dags/maintenance_logs.py for tasks to queue
[2026-04-08T12:57:39.531+0000] {logging_mixin.py:188} INFO - [2026-04-08T12:57:39.530+0000] {dagbag.py:545} INFO - Filling up the DagBag from /opt/airflow/dags/maintenance_logs.py
[2026-04-08T12:57:39.600+0000] {processor.py:840} INFO - DAG(s) 'maintenance_cleanup_logs' retrieved from /opt/airflow/dags/maintenance_logs.py
[2026-04-08T12:57:39.717+0000] {logging_mixin.py:188} INFO - [2026-04-08T12:57:39.716+0000] {dag.py:3089} INFO - Sync 1 DAGs
[2026-04-08T12:57:39.767+0000] {logging_mixin.py:188} INFO - [2026-04-08T12:57:39.767+0000] {dag.py:3947} INFO - Setting next_dagrun for maintenance_cleanup_logs to 2026-04-08 00:00:00+00:00, run_after=2026-04-09 00:00:00+00:00
[2026-04-08T12:57:40.081+0000] {processor.py:183} INFO - Processing /opt/airflow/dags/maintenance_logs.py took 0.596 seconds
[2026-04-08T12:58:10.393+0000] {processor.py:161} INFO - Started process (PID=527) to work on /opt/airflow/dags/maintenance_logs.py
[2026-04-08T12:58:10.398+0000] {processor.py:830} INFO - Processing file /opt/airflow/dags/maintenance_logs.py for tasks to queue
[2026-04-08T12:58:10.406+0000] {logging_mixin.py:188} INFO - [2026-04-08T12:58:10.405+0000] {dagbag.py:545} INFO - Filling up the DagBag from /opt/airflow/dags/maintenance_logs.py
[2026-04-08T12:58:10.470+0000] {processor.py:840} INFO - DAG(s) 'maintenance_cleanup_logs' retrieved from /opt/airflow/dags/maintenance_logs.py
[2026-04-08T12:58:10.578+0000] {logging_mixin.py:188} INFO - [2026-04-08T12:58:10.577+0000] {dag.py:3089} INFO - Sync 1 DAGs
[2026-04-08T12:58:11.387+0000] {logging_mixin.py:188} INFO - [2026-04-08T12:58:11.386+0000] {dag.py:3947} INFO - Setting next_dagrun for maintenance_cleanup_logs to 2026-04-08 00:00:00+00:00, run_after=2026-04-09 00:00:00+00:00
[2026-04-08T12:58:11.451+0000] {processor.py:183} INFO - Processing /opt/airflow/dags/maintenance_logs.py took 1.127 seconds
[2026-04-08T12:58:41.946+0000] {processor.py:161} INFO - Started process (PID=537) to work on /opt/airflow/dags/maintenance_logs.py
[2026-04-08T12:58:41.948+0000] {processor.py:830} INFO - Processing file /opt/airflow/dags/maintenance_logs.py for tasks to queue
[2026-04-08T12:58:41.952+0000] {logging_mixin.py:188} INFO - [2026-04-08T12:58:41.951+0000] {dagbag.py:545} INFO - Filling up the DagBag from /opt/airflow/dags/maintenance_logs.py
[2026-04-08T12:58:42.095+0000] {processor.py:840} INFO - DAG(s) 'maintenance_cleanup_logs' retrieved from /opt/airflow/dags/maintenance_logs.py
[2026-04-08T12:58:42.313+0000] {logging_mixin.py:188} INFO - [2026-04-08T12:58:42.313+0000] {dag.py:3089} INFO - Sync 1 DAGs
[2026-04-08T12:58:42.666+0000] {logging_mixin.py:188} INFO - [2026-04-08T12:58:42.665+0000] {dag.py:3947} INFO - Setting next_dagrun for maintenance_cleanup_logs to 2026-04-08 00:00:00+00:00, run_after=2026-04-09 00:00:00+00:00
[2026-04-08T12:58:42.744+0000] {processor.py:183} INFO - Processing /opt/airflow/dags/maintenance_logs.py took 0.826 seconds
[2026-04-08T12:59:12.940+0000] {processor.py:161} INFO - Started process (PID=570) to work on /opt/airflow/dags/maintenance_logs.py
[2026-04-08T12:59:12.941+0000] {processor.py:830} INFO - Processing file /opt/airflow/dags/maintenance_logs.py for tasks to queue
[2026-04-08T12:59:12.944+0000] {logging_mixin.py:188} INFO - [2026-04-08T12:59:12.943+0000] {dagbag.py:545} INFO - Filling up the DagBag from /opt/airflow/dags/maintenance_logs.py
[2026-04-08T12:59:12.982+0000] {processor.py:840} INFO - DAG(s) 'maintenance_cleanup_logs' retrieved from /opt/airflow/dags/maintenance_logs.py
[2026-04-08T12:59:13.084+0000] {logging_mixin.py:188} INFO - [2026-04-08T12:59:13.084+0000] {dag.py:3089} INFO - Sync 1 DAGs
[2026-04-08T12:59:13.129+0000] {logging_mixin.py:188} INFO - [2026-04-08T12:59:13.129+0000] {dag.py:3947} INFO - Setting next_dagrun for maintenance_cleanup_logs to 2026-04-08 00:00:00+00:00, run_after=2026-04-09 00:00:00+00:00
[2026-04-08T12:59:13.176+0000] {processor.py:183} INFO - Processing /opt/airflow/dags/maintenance_logs.py took 0.251 seconds
[2026-04-08T12:59:43.963+0000] {processor.py:161} INFO - Started process (PID=580) to work on /opt/airflow/dags/maintenance_logs.py
[2026-04-08T12:59:43.964+0000] {processor.py:830} INFO - Processing file /opt/airflow/dags/maintenance_logs.py for tasks to queue
[2026-04-08T12:59:43.968+0000] {logging_mixin.py:188} INFO - [2026-04-08T12:59:43.967+0000] {dagbag.py:545} INFO - Filling up the DagBag from /opt/airflow/dags/maintenance_logs.py
[2026-04-08T12:59:44.015+0000] {processor.py:840} INFO - DAG(s) 'maintenance_cleanup_logs' retrieved from /opt/airflow/dags/maintenance_logs.py
[2026-04-08T12:59:44.189+0000] {logging_mixin.py:188} INFO - [2026-04-08T12:59:44.188+0000] {dag.py:3089} INFO - Sync 1 DAGs
[2026-04-08T12:59:44.272+0000] {logging_mixin.py:188} INFO - [2026-04-08T12:59:44.271+0000] {dag.py:3947} INFO - Setting next_dagrun for maintenance_cleanup_logs to 2026-04-08 00:00:00+00:00, run_after=2026-04-09 00:00:00+00:00
[2026-04-08T12:59:44.328+0000] {processor.py:183} INFO - Processing /opt/airflow/dags/maintenance_logs.py took 0.411 seconds
[2026-04-08T13:00:14.618+0000] {processor.py:161} INFO - Started process (PID=590) to work on /opt/airflow/dags/maintenance_logs.py
[2026-04-08T13:00:14.620+0000] {processor.py:830} INFO - Processing file /opt/airflow/dags/maintenance_logs.py for tasks to queue
[2026-04-08T13:00:14.624+0000] {logging_mixin.py:188} INFO - [2026-04-08T13:00:14.623+0000] {dagbag.py:545} INFO - Filling up the DagBag from /opt/airflow/dags/maintenance_logs.py
[2026-04-08T13:00:14.691+0000] {processor.py:840} INFO - DAG(s) 'maintenance_cleanup_logs' retrieved from /opt/airflow/dags/maintenance_logs.py
[2026-04-08T13:00:14.815+0000] {logging_mixin.py:188} INFO - [2026-04-08T13:00:14.815+0000] {dag.py:3089} INFO - Sync 1 DAGs
[2026-04-08T13:00:14.872+0000] {logging_mixin.py:188} INFO - [2026-04-08T13:00:14.872+0000] {dag.py:3947} INFO - Setting next_dagrun for maintenance_cleanup_logs to 2026-04-08 00:00:00+00:00, run_after=2026-04-09 00:00:00+00:00
[2026-04-08T13:00:14.942+0000] {processor.py:183} INFO - Processing /opt/airflow/dags/maintenance_logs.py took 0.355 seconds
[2026-04-08T13:00:45.076+0000] {processor.py:161} INFO - Started process (PID=600) to work on /opt/airflow/dags/maintenance_logs.py
[2026-04-08T13:00:45.078+0000] {processor.py:830} INFO - Processing file /opt/airflow/dags/maintenance_logs.py for tasks to queue
[2026-04-08T13:00:45.081+0000] {logging_mixin.py:188} INFO - [2026-04-08T13:00:45.080+0000] {dagbag.py:545} INFO - Filling up the DagBag from /opt/airflow/dags/maintenance_logs.py
[2026-04-08T13:00:45.148+0000] {processor.py:840} INFO - DAG(s) 'maintenance_cleanup_logs' retrieved from /opt/airflow/dags/maintenance_logs.py
[2026-04-08T13:00:45.286+0000] {logging_mixin.py:188} INFO - [2026-04-08T13:00:45.285+0000] {dag.py:3089} INFO - Sync 1 DAGs
[2026-04-08T13:00:45.366+0000] {logging_mixin.py:188} INFO - [2026-04-08T13:00:45.365+0000] {dag.py:3947} INFO - Setting next_dagrun for maintenance_cleanup_logs to 2026-04-08 00:00:00+00:00, run_after=2026-04-09 00:00:00+00:00
[2026-04-08T13:00:45.730+0000] {processor.py:183} INFO - Processing /opt/airflow/dags/maintenance_logs.py took 0.673 seconds
[2026-04-08T13:01:16.191+0000] {processor.py:161} INFO - Started process (PID=610) to work on /opt/airflow/dags/maintenance_logs.py
[2026-04-08T13:01:16.193+0000] {processor.py:830} INFO - Processing file /opt/airflow/dags/maintenance_logs.py for tasks to queue
[2026-04-08T13:01:16.196+0000] {logging_mixin.py:188} INFO - [2026-04-08T13:01:16.195+0000] {dagbag.py:545} INFO - Filling up the DagBag from /opt/airflow/dags/maintenance_logs.py
[2026-04-08T13:01:16.240+0000] {processor.py:840} INFO - DAG(s) 'maintenance_cleanup_logs' retrieved from /opt/airflow/dags/maintenance_logs.py
[2026-04-08T13:01:16.446+0000] {logging_mixin.py:188} INFO - [2026-04-08T13:01:16.446+0000] {dag.py:3089} INFO - Sync 1 DAGs
[2026-04-08T13:01:16.685+0000] {logging_mixin.py:188} INFO - [2026-04-08T13:01:16.685+0000] {dag.py:3947} INFO - Setting next_dagrun for maintenance_cleanup_logs to 2026-04-08 00:00:00+00:00, run_after=2026-04-09 00:00:00+00:00
[2026-04-08T13:01:16.757+0000] {processor.py:183} INFO - Processing /opt/airflow/dags/maintenance_logs.py took 0.588 seconds
[2026-04-08T13:01:47.416+0000] {processor.py:161} INFO - Started process (PID=620) to work on /opt/airflow/dags/maintenance_logs.py
[2026-04-08T13:01:47.422+0000] {processor.py:830} INFO - Processing file /opt/airflow/dags/maintenance_logs.py for tasks to queue
[2026-04-08T13:01:47.430+0000] {logging_mixin.py:188} INFO - [2026-04-08T13:01:47.430+0000] {dagbag.py:545} INFO - Filling up the DagBag from /opt/airflow/dags/maintenance_logs.py
[2026-04-08T13:01:47.479+0000] {processor.py:840} INFO - DAG(s) 'maintenance_cleanup_logs' retrieved from /opt/airflow/dags/maintenance_logs.py
[2026-04-08T13:01:47.574+0000] {logging_mixin.py:188} INFO - [2026-04-08T13:01:47.574+0000] {dag.py:3089} INFO - Sync 1 DAGs
[2026-04-08T13:01:47.635+0000] {logging_mixin.py:188} INFO - [2026-04-08T13:01:47.635+0000] {dag.py:3947} INFO - Setting next_dagrun for maintenance_cleanup_logs to 2026-04-08 00:00:00+00:00, run_after=2026-04-09 00:00:00+00:00
[2026-04-08T13:01:47.700+0000] {processor.py:183} INFO - Processing /opt/airflow/dags/maintenance_logs.py took 0.344 seconds
[2026-04-08T13:02:18.428+0000] {processor.py:161} INFO - Started process (PID=630) to work on /opt/airflow/dags/maintenance_logs.py
[2026-04-08T13:02:18.430+0000] {processor.py:830} INFO - Processing file /opt/airflow/dags/maintenance_logs.py for tasks to queue
[2026-04-08T13:02:18.434+0000] {logging_mixin.py:188} INFO - [2026-04-08T13:02:18.433+0000] {dagbag.py:545} INFO - Filling up the DagBag from /opt/airflow/dags/maintenance_logs.py
[2026-04-08T13:02:18.490+0000] {processor.py:840} INFO - DAG(s) 'maintenance_cleanup_logs' retrieved from /opt/airflow/dags/maintenance_logs.py
[2026-04-08T13:02:18.602+0000] {logging_mixin.py:188} INFO - [2026-04-08T13:02:18.601+0000] {dag.py:3089} INFO - Sync 1 DAGs
[2026-04-08T13:02:18.652+0000] {logging_mixin.py:188} INFO - [2026-04-08T13:02:18.652+0000] {dag.py:3947} INFO - Setting next_dagrun for maintenance_cleanup_logs to 2026-04-08 00:00:00+00:00, run_after=2026-04-09 00:00:00+00:00
[2026-04-08T13:02:18.713+0000] {processor.py:183} INFO - Processing /opt/airflow/dags/maintenance_logs.py took 0.312 seconds
[2026-04-08T13:02:49.477+0000] {processor.py:161} INFO - Started process (PID=640) to work on /opt/airflow/dags/maintenance_logs.py
[2026-04-08T13:02:49.479+0000] {processor.py:830} INFO - Processing file /opt/airflow/dags/maintenance_logs.py for tasks to queue
[2026-04-08T13:02:49.483+0000] {logging_mixin.py:188} INFO - [2026-04-08T13:02:49.482+0000] {dagbag.py:545} INFO - Filling up the DagBag from /opt/airflow/dags/maintenance_logs.py
[2026-04-08T13:02:49.542+0000] {processor.py:840} INFO - DAG(s) 'maintenance_cleanup_logs' retrieved from /opt/airflow/dags/maintenance_logs.py
[2026-04-08T13:02:49.776+0000] {logging_mixin.py:188} INFO - [2026-04-08T13:02:49.776+0000] {dag.py:3089} INFO - Sync 1 DAGs
[2026-04-08T13:02:49.825+0000] {logging_mixin.py:188} INFO - [2026-04-08T13:02:49.824+0000] {dag.py:3947} INFO - Setting next_dagrun for maintenance_cleanup_logs to 2026-04-08 00:00:00+00:00, run_after=2026-04-09 00:00:00+00:00
[2026-04-08T13:02:49.885+0000] {processor.py:183} INFO - Processing /opt/airflow/dags/maintenance_logs.py took 0.440 seconds
[2026-04-08T13:03:20.156+0000] {processor.py:161} INFO - Started process (PID=650) to work on /opt/airflow/dags/maintenance_logs.py
[2026-04-08T13:03:20.159+0000] {processor.py:830} INFO - Processing file /opt/airflow/dags/maintenance_logs.py for tasks to queue
[2026-04-08T13:03:20.163+0000] {logging_mixin.py:188} INFO - [2026-04-08T13:03:20.162+0000] {dagbag.py:545} INFO - Filling up the DagBag from /opt/airflow/dags/maintenance_logs.py
[2026-04-08T13:03:20.229+0000] {processor.py:840} INFO - DAG(s) 'maintenance_cleanup_logs' retrieved from /opt/airflow/dags/maintenance_logs.py
[2026-04-08T13:03:20.354+0000] {logging_mixin.py:188} INFO - [2026-04-08T13:03:20.353+0000] {dag.py:3089} INFO - Sync 1 DAGs
[2026-04-08T13:03:20.431+0000] {logging_mixin.py:188} INFO - [2026-04-08T13:03:20.431+0000] {dag.py:3947} INFO - Setting next_dagrun for maintenance_cleanup_logs to 2026-04-08 00:00:00+00:00, run_after=2026-04-09 00:00:00+00:00
[2026-04-08T13:03:20.503+0000] {processor.py:183} INFO - Processing /opt/airflow/dags/maintenance_logs.py took 0.370 seconds
[2026-04-08T13:03:50.811+0000] {processor.py:161} INFO - Started process (PID=660) to work on /opt/airflow/dags/maintenance_logs.py
[2026-04-08T13:03:50.814+0000] {processor.py:830} INFO - Processing file /opt/airflow/dags/maintenance_logs.py for tasks to queue
[2026-04-08T13:03:50.821+0000] {logging_mixin.py:188} INFO - [2026-04-08T13:03:50.820+0000] {dagbag.py:545} INFO - Filling up the DagBag from /opt/airflow/dags/maintenance_logs.py
[2026-04-08T13:03:50.888+0000] {processor.py:840} INFO - DAG(s) 'maintenance_cleanup_logs' retrieved from /opt/airflow/dags/maintenance_logs.py
[2026-04-08T13:03:51.031+0000] {logging_mixin.py:188} INFO - [2026-04-08T13:03:51.031+0000] {dag.py:3089} INFO - Sync 1 DAGs
[2026-04-08T13:03:51.116+0000] {logging_mixin.py:188} INFO - [2026-04-08T13:03:51.115+0000] {dag.py:3947} INFO - Setting next_dagrun for maintenance_cleanup_logs to 2026-04-08 00:00:00+00:00, run_after=2026-04-09 00:00:00+00:00
[2026-04-08T13:03:51.439+0000] {processor.py:183} INFO - Processing /opt/airflow/dags/maintenance_logs.py took 0.671 seconds
[2026-04-08T13:08:56.327+0000] {processor.py:161} INFO - Started process (PID=181) to work on /opt/airflow/dags/maintenance_logs.py
[2026-04-08T13:08:56.368+0000] {processor.py:830} INFO - Processing file /opt/airflow/dags/maintenance_logs.py for tasks to queue
[2026-04-08T13:08:56.435+0000] {logging_mixin.py:188} INFO - [2026-04-08T13:08:56.431+0000] {dagbag.py:545} INFO - Filling up the DagBag from /opt/airflow/dags/maintenance_logs.py
[2026-04-08T13:08:57.033+0000] {processor.py:840} INFO - DAG(s) 'maintenance_cleanup_logs' retrieved from /opt/airflow/dags/maintenance_logs.py
[2026-04-08T13:08:57.995+0000] {logging_mixin.py:188} INFO - [2026-04-08T13:08:57.994+0000] {dag.py:3089} INFO - Sync 1 DAGs
[2026-04-08T13:08:58.292+0000] {logging_mixin.py:188} INFO - [2026-04-08T13:08:58.291+0000] {dag.py:3947} INFO - Setting next_dagrun for maintenance_cleanup_logs to 2026-04-08 00:00:00+00:00, run_after=2026-04-09 00:00:00+00:00
[2026-04-08T13:08:58.442+0000] {processor.py:183} INFO - Processing /opt/airflow/dags/maintenance_logs.py took 2.325 seconds
[2026-04-08T13:09:29.207+0000] {processor.py:161} INFO - Started process (PID=191) to work on /opt/airflow/dags/maintenance_logs.py
[2026-04-08T13:09:29.222+0000] {processor.py:830} INFO - Processing file /opt/airflow/dags/maintenance_logs.py for tasks to queue
[2026-04-08T13:09:29.248+0000] {logging_mixin.py:188} INFO - [2026-04-08T13:09:29.245+0000] {dagbag.py:545} INFO - Filling up the DagBag from /opt/airflow/dags/maintenance_logs.py
[2026-04-08T13:09:29.474+0000] {processor.py:840} INFO - DAG(s) 'maintenance_cleanup_logs' retrieved from /opt/airflow/dags/maintenance_logs.py
[2026-04-08T13:09:35.024+0000] {logging_mixin.py:188} INFO - [2026-04-08T13:09:35.022+0000] {dag.py:3089} INFO - Sync 1 DAGs
[2026-04-08T13:09:35.119+0000] {logging_mixin.py:188} INFO - [2026-04-08T13:09:35.118+0000] {dag.py:3947} INFO - Setting next_dagrun for maintenance_cleanup_logs to 2026-04-08 00:00:00+00:00, run_after=2026-04-09 00:00:00+00:00
[2026-04-08T13:09:35.207+0000] {processor.py:183} INFO - Processing /opt/airflow/dags/maintenance_logs.py took 6.198 seconds
[2026-04-08T13:10:05.770+0000] {processor.py:161} INFO - Started process (PID=201) to work on /opt/airflow/dags/maintenance_logs.py
[2026-04-08T13:10:05.781+0000] {processor.py:830} INFO - Processing file /opt/airflow/dags/maintenance_logs.py for tasks to queue
[2026-04-08T13:10:05.819+0000] {logging_mixin.py:188} INFO - [2026-04-08T13:10:05.815+0000] {dagbag.py:545} INFO - Filling up the DagBag from /opt/airflow/dags/maintenance_logs.py
[2026-04-08T13:10:06.575+0000] {processor.py:840} INFO - DAG(s) 'maintenance_cleanup_logs' retrieved from /opt/airflow/dags/maintenance_logs.py
[2026-04-08T13:10:07.235+0000] {logging_mixin.py:188} INFO - [2026-04-08T13:10:07.234+0000] {dag.py:3089} INFO - Sync 1 DAGs
[2026-04-08T13:10:07.496+0000] {logging_mixin.py:188} INFO - [2026-04-08T13:10:07.495+0000] {dag.py:3947} INFO - Setting next_dagrun for maintenance_cleanup_logs to 2026-04-08 00:00:00+00:00, run_after=2026-04-09 00:00:00+00:00
[2026-04-08T13:10:07.644+0000] {processor.py:183} INFO - Processing /opt/airflow/dags/maintenance_logs.py took 2.014 seconds
[2026-04-08T13:10:38.549+0000] {processor.py:161} INFO - Started process (PID=215) to work on /opt/airflow/dags/maintenance_logs.py
[2026-04-08T13:10:38.557+0000] {processor.py:830} INFO - Processing file /opt/airflow/dags/maintenance_logs.py for tasks to queue
[2026-04-08T13:10:38.570+0000] {logging_mixin.py:188} INFO - [2026-04-08T13:10:38.563+0000] {dagbag.py:545} INFO - Filling up the DagBag from /opt/airflow/dags/maintenance_logs.py
[2026-04-08T13:10:38.709+0000] {processor.py:840} INFO - DAG(s) 'maintenance_cleanup_logs' retrieved from /opt/airflow/dags/maintenance_logs.py
[2026-04-08T13:10:38.949+0000] {logging_mixin.py:188} INFO - [2026-04-08T13:10:38.948+0000] {dag.py:3089} INFO - Sync 1 DAGs
[2026-04-08T13:10:39.028+0000] {logging_mixin.py:188} INFO - [2026-04-08T13:10:39.027+0000] {dag.py:3947} INFO - Setting next_dagrun for maintenance_cleanup_logs to 2026-04-08 00:00:00+00:00, run_after=2026-04-09 00:00:00+00:00
[2026-04-08T13:10:39.108+0000] {processor.py:183} INFO - Processing /opt/airflow/dags/maintenance_logs.py took 0.614 seconds
[2026-04-08T13:11:09.224+0000] {processor.py:161} INFO - Started process (PID=225) to work on /opt/airflow/dags/maintenance_logs.py
[2026-04-08T13:11:09.226+0000] {processor.py:830} INFO - Processing file /opt/airflow/dags/maintenance_logs.py for tasks to queue
[2026-04-08T13:11:09.230+0000] {logging_mixin.py:188} INFO - [2026-04-08T13:11:09.229+0000] {dagbag.py:545} INFO - Filling up the DagBag from /opt/airflow/dags/maintenance_logs.py
[2026-04-08T13:11:09.286+0000] {processor.py:840} INFO - DAG(s) 'maintenance_cleanup_logs' retrieved from /opt/airflow/dags/maintenance_logs.py
[2026-04-08T13:11:09.404+0000] {logging_mixin.py:188} INFO - [2026-04-08T13:11:09.404+0000] {dag.py:3089} INFO - Sync 1 DAGs
[2026-04-08T13:11:09.470+0000] {logging_mixin.py:188} INFO - [2026-04-08T13:11:09.470+0000] {dag.py:3947} INFO - Setting next_dagrun for maintenance_cleanup_logs to 2026-04-08 00:00:00+00:00, run_after=2026-04-09 00:00:00+00:00
[2026-04-08T13:11:09.541+0000] {processor.py:183} INFO - Processing /opt/airflow/dags/maintenance_logs.py took 0.330 seconds
[2026-04-08T13:11:39.835+0000] {processor.py:161} INFO - Started process (PID=235) to work on /opt/airflow/dags/maintenance_logs.py
[2026-04-08T13:11:39.838+0000] {processor.py:830} INFO - Processing file /opt/airflow/dags/maintenance_logs.py for tasks to queue
[2026-04-08T13:11:39.842+0000] {logging_mixin.py:188} INFO - [2026-04-08T13:11:39.842+0000] {dagbag.py:545} INFO - Filling up the DagBag from /opt/airflow/dags/maintenance_logs.py
[2026-04-08T13:11:39.909+0000] {processor.py:840} INFO - DAG(s) 'maintenance_cleanup_logs' retrieved from /opt/airflow/dags/maintenance_logs.py
[2026-04-08T13:11:40.040+0000] {logging_mixin.py:188} INFO - [2026-04-08T13:11:40.039+0000] {dag.py:3089} INFO - Sync 1 DAGs
[2026-04-08T13:11:40.097+0000] {logging_mixin.py:188} INFO - [2026-04-08T13:11:40.096+0000] {dag.py:3947} INFO - Setting next_dagrun for maintenance_cleanup_logs to 2026-04-08 00:00:00+00:00, run_after=2026-04-09 00:00:00+00:00
[2026-04-08T13:11:40.382+0000] {processor.py:183} INFO - Processing /opt/airflow/dags/maintenance_logs.py took 0.562 seconds
[2026-04-08T13:12:10.622+0000] {processor.py:161} INFO - Started process (PID=245) to work on /opt/airflow/dags/maintenance_logs.py
[2026-04-08T13:12:10.624+0000] {processor.py:830} INFO - Processing file /opt/airflow/dags/maintenance_logs.py for tasks to queue
[2026-04-08T13:12:10.627+0000] {logging_mixin.py:188} INFO - [2026-04-08T13:12:10.626+0000] {dagbag.py:545} INFO - Filling up the DagBag from /opt/airflow/dags/maintenance_logs.py
[2026-04-08T13:12:10.671+0000] {processor.py:840} INFO - DAG(s) 'maintenance_cleanup_logs' retrieved from /opt/airflow/dags/maintenance_logs.py
[2026-04-08T13:12:10.877+0000] {logging_mixin.py:188} INFO - [2026-04-08T13:12:10.877+0000] {dag.py:3089} INFO - Sync 1 DAGs
[2026-04-08T13:12:10.921+0000] {logging_mixin.py:188} INFO - [2026-04-08T13:12:10.920+0000] {dag.py:3947} INFO - Setting next_dagrun for maintenance_cleanup_logs to 2026-04-08 00:00:00+00:00, run_after=2026-04-09 00:00:00+00:00
[2026-04-08T13:12:10.965+0000] {processor.py:183} INFO - Processing /opt/airflow/dags/maintenance_logs.py took 0.351 seconds
[2026-04-08T13:12:41.341+0000] {processor.py:161} INFO - Started process (PID=255) to work on /opt/airflow/dags/maintenance_logs.py
[2026-04-08T13:12:41.343+0000] {processor.py:830} INFO - Processing file /opt/airflow/dags/maintenance_logs.py for tasks to queue
[2026-04-08T13:12:41.348+0000] {logging_mixin.py:188} INFO - [2026-04-08T13:12:41.347+0000] {dagbag.py:545} INFO - Filling up the DagBag from /opt/airflow/dags/maintenance_logs.py
[2026-04-08T13:12:41.394+0000] {processor.py:840} INFO - DAG(s) 'maintenance_cleanup_logs' retrieved from /opt/airflow/dags/maintenance_logs.py
[2026-04-08T13:12:41.515+0000] {logging_mixin.py:188} INFO - [2026-04-08T13:12:41.515+0000] {dag.py:3089} INFO - Sync 1 DAGs
[2026-04-08T13:12:41.573+0000] {logging_mixin.py:188} INFO - [2026-04-08T13:12:41.573+0000] {dag.py:3947} INFO - Setting next_dagrun for maintenance_cleanup_logs to 2026-04-08 00:00:00+00:00, run_after=2026-04-09 00:00:00+00:00
[2026-04-08T13:12:41.637+0000] {processor.py:183} INFO - Processing /opt/airflow/dags/maintenance_logs.py took 0.307 seconds
[2026-04-08T13:13:12.334+0000] {processor.py:161} INFO - Started process (PID=265) to work on /opt/airflow/dags/maintenance_logs.py
[2026-04-08T13:13:12.336+0000] {processor.py:830} INFO - Processing file /opt/airflow/dags/maintenance_logs.py for tasks to queue
[2026-04-08T13:13:12.340+0000] {logging_mixin.py:188} INFO - [2026-04-08T13:13:12.340+0000] {dagbag.py:545} INFO - Filling up the DagBag from /opt/airflow/dags/maintenance_logs.py
[2026-04-08T13:13:12.408+0000] {processor.py:840} INFO - DAG(s) 'maintenance_cleanup_logs' retrieved from /opt/airflow/dags/maintenance_logs.py
[2026-04-08T13:13:12.514+0000] {logging_mixin.py:188} INFO - [2026-04-08T13:13:12.514+0000] {dag.py:3089} INFO - Sync 1 DAGs
[2026-04-08T13:13:12.557+0000] {logging_mixin.py:188} INFO - [2026-04-08T13:13:12.556+0000] {dag.py:3947} INFO - Setting next_dagrun for maintenance_cleanup_logs to 2026-04-08 00:00:00+00:00, run_after=2026-04-09 00:00:00+00:00
[2026-04-08T13:13:12.606+0000] {processor.py:183} INFO - Processing /opt/airflow/dags/maintenance_logs.py took 0.287 seconds
[2026-04-08T13:13:43.339+0000] {processor.py:161} INFO - Started process (PID=275) to work on /opt/airflow/dags/maintenance_logs.py
[2026-04-08T13:13:43.345+0000] {processor.py:830} INFO - Processing file /opt/airflow/dags/maintenance_logs.py for tasks to queue
[2026-04-08T13:13:43.358+0000] {logging_mixin.py:188} INFO - [2026-04-08T13:13:43.355+0000] {dagbag.py:545} INFO - Filling up the DagBag from /opt/airflow/dags/maintenance_logs.py
[2026-04-08T13:13:43.466+0000] {processor.py:840} INFO - DAG(s) 'maintenance_cleanup_logs' retrieved from /opt/airflow/dags/maintenance_logs.py
[2026-04-08T13:13:43.558+0000] {logging_mixin.py:188} INFO - [2026-04-08T13:13:43.558+0000] {dag.py:3089} INFO - Sync 1 DAGs
[2026-04-08T13:13:43.597+0000] {logging_mixin.py:188} INFO - [2026-04-08T13:13:43.597+0000] {dag.py:3947} INFO - Setting next_dagrun for maintenance_cleanup_logs to 2026-04-08 00:00:00+00:00, run_after=2026-04-09 00:00:00+00:00
[2026-04-08T13:13:43.637+0000] {processor.py:183} INFO - Processing /opt/airflow/dags/maintenance_logs.py took 0.341 seconds
[2026-04-08T13:14:14.477+0000] {processor.py:161} INFO - Started process (PID=285) to work on /opt/airflow/dags/maintenance_logs.py
[2026-04-08T13:14:14.481+0000] {processor.py:830} INFO - Processing file /opt/airflow/dags/maintenance_logs.py for tasks to queue
[2026-04-08T13:14:14.489+0000] {logging_mixin.py:188} INFO - [2026-04-08T13:14:14.488+0000] {dagbag.py:545} INFO - Filling up the DagBag from /opt/airflow/dags/maintenance_logs.py
[2026-04-08T13:14:14.634+0000] {processor.py:840} INFO - DAG(s) 'maintenance_cleanup_logs' retrieved from /opt/airflow/dags/maintenance_logs.py
[2026-04-08T13:14:14.783+0000] {logging_mixin.py:188} INFO - [2026-04-08T13:14:14.782+0000] {dag.py:3089} INFO - Sync 1 DAGs
[2026-04-08T13:14:14.833+0000] {logging_mixin.py:188} INFO - [2026-04-08T13:14:14.832+0000] {dag.py:3947} INFO - Setting next_dagrun for maintenance_cleanup_logs to 2026-04-08 00:00:00+00:00, run_after=2026-04-09 00:00:00+00:00
[2026-04-08T13:14:14.886+0000] {processor.py:183} INFO - Processing /opt/airflow/dags/maintenance_logs.py took 0.435 seconds
[2026-04-08T13:14:45.089+0000] {processor.py:161} INFO - Started process (PID=295) to work on /opt/airflow/dags/maintenance_logs.py
[2026-04-08T13:14:45.091+0000] {processor.py:830} INFO - Processing file /opt/airflow/dags/maintenance_logs.py for tasks to queue
[2026-04-08T13:14:45.095+0000] {logging_mixin.py:188} INFO - [2026-04-08T13:14:45.094+0000] {dagbag.py:545} INFO - Filling up the DagBag from /opt/airflow/dags/maintenance_logs.py
[2026-04-08T13:14:45.153+0000] {processor.py:840} INFO - DAG(s) 'maintenance_cleanup_logs' retrieved from /opt/airflow/dags/maintenance_logs.py
[2026-04-08T13:14:45.271+0000] {logging_mixin.py:188} INFO - [2026-04-08T13:14:45.271+0000] {dag.py:3089} INFO - Sync 1 DAGs
[2026-04-08T13:14:45.342+0000] {logging_mixin.py:188} INFO - [2026-04-08T13:14:45.342+0000] {dag.py:3947} INFO - Setting next_dagrun for maintenance_cleanup_logs to 2026-04-08 00:00:00+00:00, run_after=2026-04-09 00:00:00+00:00
[2026-04-08T13:14:45.791+0000] {processor.py:183} INFO - Processing /opt/airflow/dags/maintenance_logs.py took 0.714 seconds
[2026-04-08T13:15:16.544+0000] {processor.py:161} INFO - Started process (PID=305) to work on /opt/airflow/dags/maintenance_logs.py
[2026-04-08T13:15:16.546+0000] {processor.py:830} INFO - Processing file /opt/airflow/dags/maintenance_logs.py for tasks to queue
[2026-04-08T13:15:16.549+0000] {logging_mixin.py:188} INFO - [2026-04-08T13:15:16.548+0000] {dagbag.py:545} INFO - Filling up the DagBag from /opt/airflow/dags/maintenance_logs.py
[2026-04-08T13:15:16.588+0000] {processor.py:840} INFO - DAG(s) 'maintenance_cleanup_logs' retrieved from /opt/airflow/dags/maintenance_logs.py
[2026-04-08T13:15:16.794+0000] {logging_mixin.py:188} INFO - [2026-04-08T13:15:16.794+0000] {dag.py:3089} INFO - Sync 1 DAGs
[2026-04-08T13:15:16.835+0000] {logging_mixin.py:188} INFO - [2026-04-08T13:15:16.835+0000] {dag.py:3947} INFO - Setting next_dagrun for maintenance_cleanup_logs to 2026-04-08 00:00:00+00:00, run_after=2026-04-09 00:00:00+00:00
[2026-04-08T13:15:16.884+0000] {processor.py:183} INFO - Processing /opt/airflow/dags/maintenance_logs.py took 0.348 seconds
[2026-04-08T13:15:47.729+0000] {processor.py:161} INFO - Started process (PID=315) to work on /opt/airflow/dags/maintenance_logs.py
[2026-04-08T13:15:47.731+0000] {processor.py:830} INFO - Processing file /opt/airflow/dags/maintenance_logs.py for tasks to queue
[2026-04-08T13:15:47.736+0000] {logging_mixin.py:188} INFO - [2026-04-08T13:15:47.736+0000] {dagbag.py:545} INFO - Filling up the DagBag from /opt/airflow/dags/maintenance_logs.py
[2026-04-08T13:15:48.005+0000] {processor.py:840} INFO - DAG(s) 'maintenance_cleanup_logs' retrieved from /opt/airflow/dags/maintenance_logs.py
[2026-04-08T13:15:48.168+0000] {logging_mixin.py:188} INFO - [2026-04-08T13:15:48.167+0000] {dag.py:3089} INFO - Sync 1 DAGs
[2026-04-08T13:15:48.406+0000] {logging_mixin.py:188} INFO - [2026-04-08T13:15:48.405+0000] {dag.py:3947} INFO - Setting next_dagrun for maintenance_cleanup_logs to 2026-04-08 00:00:00+00:00, run_after=2026-04-09 00:00:00+00:00
[2026-04-08T13:15:48.580+0000] {processor.py:183} INFO - Processing /opt/airflow/dags/maintenance_logs.py took 0.866 seconds
[2026-04-08T13:16:19.116+0000] {processor.py:161} INFO - Started process (PID=325) to work on /opt/airflow/dags/maintenance_logs.py
[2026-04-08T13:16:19.120+0000] {processor.py:830} INFO - Processing file /opt/airflow/dags/maintenance_logs.py for tasks to queue
[2026-04-08T13:16:19.131+0000] {logging_mixin.py:188} INFO - [2026-04-08T13:16:19.129+0000] {dagbag.py:545} INFO - Filling up the DagBag from /opt/airflow/dags/maintenance_logs.py
[2026-04-08T13:16:19.318+0000] {processor.py:840} INFO - DAG(s) 'maintenance_cleanup_logs' retrieved from /opt/airflow/dags/maintenance_logs.py
[2026-04-08T13:16:19.448+0000] {logging_mixin.py:188} INFO - [2026-04-08T13:16:19.447+0000] {dag.py:3089} INFO - Sync 1 DAGs
[2026-04-08T13:16:19.493+0000] {logging_mixin.py:188} INFO - [2026-04-08T13:16:19.493+0000] {dag.py:3947} INFO - Setting next_dagrun for maintenance_cleanup_logs to 2026-04-08 00:00:00+00:00, run_after=2026-04-09 00:00:00+00:00
[2026-04-08T13:16:19.538+0000] {processor.py:183} INFO - Processing /opt/airflow/dags/maintenance_logs.py took 0.452 seconds
[2026-04-08T13:22:07.858+0000] {processor.py:161} INFO - Started process (PID=162) to work on /opt/airflow/dags/maintenance_logs.py
[2026-04-08T13:22:07.892+0000] {processor.py:830} INFO - Processing file /opt/airflow/dags/maintenance_logs.py for tasks to queue
[2026-04-08T13:22:07.916+0000] {logging_mixin.py:188} INFO - [2026-04-08T13:22:07.911+0000] {dagbag.py:545} INFO - Filling up the DagBag from /opt/airflow/dags/maintenance_logs.py
[2026-04-08T13:22:08.169+0000] {processor.py:840} INFO - DAG(s) 'maintenance_cleanup_logs' retrieved from /opt/airflow/dags/maintenance_logs.py
[2026-04-08T13:22:08.610+0000] {logging_mixin.py:188} INFO - [2026-04-08T13:22:08.609+0000] {dag.py:3089} INFO - Sync 1 DAGs
[2026-04-08T13:22:09.362+0000] {logging_mixin.py:188} INFO - [2026-04-08T13:22:09.362+0000] {dag.py:3947} INFO - Setting next_dagrun for maintenance_cleanup_logs to 2026-04-08 00:00:00+00:00, run_after=2026-04-09 00:00:00+00:00
[2026-04-08T13:22:09.490+0000] {processor.py:183} INFO - Processing /opt/airflow/dags/maintenance_logs.py took 1.825 seconds
[2026-04-08T13:22:39.870+0000] {processor.py:161} INFO - Started process (PID=174) to work on /opt/airflow/dags/maintenance_logs.py
[2026-04-08T13:22:39.877+0000] {processor.py:830} INFO - Processing file /opt/airflow/dags/maintenance_logs.py for tasks to queue
[2026-04-08T13:22:39.888+0000] {logging_mixin.py:188} INFO - [2026-04-08T13:22:39.887+0000] {dagbag.py:545} INFO - Filling up the DagBag from /opt/airflow/dags/maintenance_logs.py
[2026-04-08T13:22:39.996+0000] {processor.py:840} INFO - DAG(s) 'maintenance_cleanup_logs' retrieved from /opt/airflow/dags/maintenance_logs.py
[2026-04-08T13:22:40.952+0000] {logging_mixin.py:188} INFO - [2026-04-08T13:22:40.952+0000] {dag.py:3089} INFO - Sync 1 DAGs
[2026-04-08T13:22:41.049+0000] {logging_mixin.py:188} INFO - [2026-04-08T13:22:41.049+0000] {dag.py:3947} INFO - Setting next_dagrun for maintenance_cleanup_logs to 2026-04-08 00:00:00+00:00, run_after=2026-04-09 00:00:00+00:00
[2026-04-08T13:22:41.114+0000] {processor.py:183} INFO - Processing /opt/airflow/dags/maintenance_logs.py took 1.327 seconds
[2026-04-08T13:23:11.445+0000] {processor.py:161} INFO - Started process (PID=185) to work on /opt/airflow/dags/maintenance_logs.py
[2026-04-08T13:23:11.449+0000] {processor.py:830} INFO - Processing file /opt/airflow/dags/maintenance_logs.py for tasks to queue
[2026-04-08T13:23:11.454+0000] {logging_mixin.py:188} INFO - [2026-04-08T13:23:11.452+0000] {dagbag.py:545} INFO - Filling up the DagBag from /opt/airflow/dags/maintenance_logs.py
[2026-04-08T13:23:11.738+0000] {processor.py:840} INFO - DAG(s) 'maintenance_cleanup_logs' retrieved from /opt/airflow/dags/maintenance_logs.py
[2026-04-08T13:23:12.032+0000] {logging_mixin.py:188} INFO - [2026-04-08T13:23:12.031+0000] {dag.py:3089} INFO - Sync 1 DAGs
[2026-04-08T13:23:12.507+0000] {logging_mixin.py:188} INFO - [2026-04-08T13:23:12.507+0000] {dag.py:3947} INFO - Setting next_dagrun for maintenance_cleanup_logs to 2026-04-08 00:00:00+00:00, run_after=2026-04-09 00:00:00+00:00
[2026-04-08T13:23:12.627+0000] {processor.py:183} INFO - Processing /opt/airflow/dags/maintenance_logs.py took 1.203 seconds
[2026-04-08T13:23:43.197+0000] {processor.py:161} INFO - Started process (PID=196) to work on /opt/airflow/dags/maintenance_logs.py
[2026-04-08T13:23:43.201+0000] {processor.py:830} INFO - Processing file /opt/airflow/dags/maintenance_logs.py for tasks to queue
[2026-04-08T13:23:43.215+0000] {logging_mixin.py:188} INFO - [2026-04-08T13:23:43.213+0000] {dagbag.py:545} INFO - Filling up the DagBag from /opt/airflow/dags/maintenance_logs.py
[2026-04-08T13:23:43.386+0000] {processor.py:840} INFO - DAG(s) 'maintenance_cleanup_logs' retrieved from /opt/airflow/dags/maintenance_logs.py
[2026-04-08T13:23:43.527+0000] {logging_mixin.py:188} INFO - [2026-04-08T13:23:43.527+0000] {dag.py:3089} INFO - Sync 1 DAGs
[2026-04-08T13:23:43.583+0000] {logging_mixin.py:188} INFO - [2026-04-08T13:23:43.583+0000] {dag.py:3947} INFO - Setting next_dagrun for maintenance_cleanup_logs to 2026-04-08 00:00:00+00:00, run_after=2026-04-09 00:00:00+00:00
[2026-04-08T13:23:43.647+0000] {processor.py:183} INFO - Processing /opt/airflow/dags/maintenance_logs.py took 0.477 seconds
[2026-04-08T13:24:14.567+0000] {processor.py:161} INFO - Started process (PID=209) to work on /opt/airflow/dags/maintenance_logs.py
[2026-04-08T13:24:14.586+0000] {processor.py:830} INFO - Processing file /opt/airflow/dags/maintenance_logs.py for tasks to queue
[2026-04-08T13:24:14.662+0000] {logging_mixin.py:188} INFO - [2026-04-08T13:24:14.658+0000] {dagbag.py:545} INFO - Filling up the DagBag from /opt/airflow/dags/maintenance_logs.py
[2026-04-08T13:24:14.874+0000] {processor.py:840} INFO - DAG(s) 'maintenance_cleanup_logs' retrieved from /opt/airflow/dags/maintenance_logs.py
[2026-04-08T13:24:15.257+0000] {logging_mixin.py:188} INFO - [2026-04-08T13:24:15.255+0000] {dag.py:3089} INFO - Sync 1 DAGs
[2026-04-08T13:24:15.434+0000] {logging_mixin.py:188} INFO - [2026-04-08T13:24:15.433+0000] {dag.py:3947} INFO - Setting next_dagrun for maintenance_cleanup_logs to 2026-04-08 00:00:00+00:00, run_after=2026-04-09 00:00:00+00:00
[2026-04-08T13:24:15.504+0000] {processor.py:183} INFO - Processing /opt/airflow/dags/maintenance_logs.py took 1.103 seconds
[2026-04-08T13:24:46.072+0000] {processor.py:161} INFO - Started process (PID=220) to work on /opt/airflow/dags/maintenance_logs.py
[2026-04-08T13:24:46.074+0000] {processor.py:830} INFO - Processing file /opt/airflow/dags/maintenance_logs.py for tasks to queue
[2026-04-08T13:24:46.078+0000] {logging_mixin.py:188} INFO - [2026-04-08T13:24:46.078+0000] {dagbag.py:545} INFO - Filling up the DagBag from /opt/airflow/dags/maintenance_logs.py
[2026-04-08T13:24:46.132+0000] {processor.py:840} INFO - DAG(s) 'maintenance_cleanup_logs' retrieved from /opt/airflow/dags/maintenance_logs.py
[2026-04-08T13:24:46.266+0000] {logging_mixin.py:188} INFO - [2026-04-08T13:24:46.265+0000] {dag.py:3089} INFO - Sync 1 DAGs
[2026-04-08T13:24:46.318+0000] {logging_mixin.py:188} INFO - [2026-04-08T13:24:46.318+0000] {dag.py:3947} INFO - Setting next_dagrun for maintenance_cleanup_logs to 2026-04-08 00:00:00+00:00, run_after=2026-04-09 00:00:00+00:00
[2026-04-08T13:24:46.375+0000] {processor.py:183} INFO - Processing /opt/airflow/dags/maintenance_logs.py took 0.318 seconds
[2026-04-08T13:25:16.972+0000] {processor.py:161} INFO - Started process (PID=231) to work on /opt/airflow/dags/maintenance_logs.py
[2026-04-08T13:25:16.976+0000] {processor.py:830} INFO - Processing file /opt/airflow/dags/maintenance_logs.py for tasks to queue
[2026-04-08T13:25:16.987+0000] {logging_mixin.py:188} INFO - [2026-04-08T13:25:16.986+0000] {dagbag.py:545} INFO - Filling up the DagBag from /opt/airflow/dags/maintenance_logs.py
[2026-04-08T13:25:17.147+0000] {processor.py:840} INFO - DAG(s) 'maintenance_cleanup_logs' retrieved from /opt/airflow/dags/maintenance_logs.py
[2026-04-08T13:25:17.254+0000] {logging_mixin.py:188} INFO - [2026-04-08T13:25:17.253+0000] {dag.py:3089} INFO - Sync 1 DAGs
[2026-04-08T13:25:17.296+0000] {logging_mixin.py:188} INFO - [2026-04-08T13:25:17.296+0000] {dag.py:3947} INFO - Setting next_dagrun for maintenance_cleanup_logs to 2026-04-08 00:00:00+00:00, run_after=2026-04-09 00:00:00+00:00
[2026-04-08T13:25:17.342+0000] {processor.py:183} INFO - Processing /opt/airflow/dags/maintenance_logs.py took 0.401 seconds
[2026-04-08T13:25:48.022+0000] {processor.py:161} INFO - Started process (PID=242) to work on /opt/airflow/dags/maintenance_logs.py
[2026-04-08T13:25:48.029+0000] {processor.py:830} INFO - Processing file /opt/airflow/dags/maintenance_logs.py for tasks to queue
[2026-04-08T13:25:48.040+0000] {logging_mixin.py:188} INFO - [2026-04-08T13:25:48.037+0000] {dagbag.py:545} INFO - Filling up the DagBag from /opt/airflow/dags/maintenance_logs.py
[2026-04-08T13:25:48.153+0000] {processor.py:840} INFO - DAG(s) 'maintenance_cleanup_logs' retrieved from /opt/airflow/dags/maintenance_logs.py
[2026-04-08T13:25:48.262+0000] {logging_mixin.py:188} INFO - [2026-04-08T13:25:48.261+0000] {dag.py:3089} INFO - Sync 1 DAGs
[2026-04-08T13:25:48.311+0000] {logging_mixin.py:188} INFO - [2026-04-08T13:25:48.311+0000] {dag.py:3947} INFO - Setting next_dagrun for maintenance_cleanup_logs to 2026-04-08 00:00:00+00:00, run_after=2026-04-09 00:00:00+00:00
[2026-04-08T13:25:48.362+0000] {processor.py:183} INFO - Processing /opt/airflow/dags/maintenance_logs.py took 0.369 seconds
[2026-04-08T13:26:18.662+0000] {processor.py:161} INFO - Started process (PID=253) to work on /opt/airflow/dags/maintenance_logs.py
[2026-04-08T13:26:18.666+0000] {processor.py:830} INFO - Processing file /opt/airflow/dags/maintenance_logs.py for tasks to queue
[2026-04-08T13:26:18.675+0000] {logging_mixin.py:188} INFO - [2026-04-08T13:26:18.673+0000] {dagbag.py:545} INFO - Filling up the DagBag from /opt/airflow/dags/maintenance_logs.py
[2026-04-08T13:26:18.770+0000] {processor.py:840} INFO - DAG(s) 'maintenance_cleanup_logs' retrieved from /opt/airflow/dags/maintenance_logs.py
[2026-04-08T13:26:18.869+0000] {logging_mixin.py:188} INFO - [2026-04-08T13:26:18.869+0000] {dag.py:3089} INFO - Sync 1 DAGs
[2026-04-08T13:26:18.912+0000] {logging_mixin.py:188} INFO - [2026-04-08T13:26:18.912+0000] {dag.py:3947} INFO - Setting next_dagrun for maintenance_cleanup_logs to 2026-04-08 00:00:00+00:00, run_after=2026-04-09 00:00:00+00:00
[2026-04-08T13:26:18.958+0000] {processor.py:183} INFO - Processing /opt/airflow/dags/maintenance_logs.py took 0.322 seconds
[2026-04-08T13:26:49.287+0000] {processor.py:161} INFO - Started process (PID=264) to work on /opt/airflow/dags/maintenance_logs.py
[2026-04-08T13:26:49.288+0000] {processor.py:830} INFO - Processing file /opt/airflow/dags/maintenance_logs.py for tasks to queue
[2026-04-08T13:26:49.292+0000] {logging_mixin.py:188} INFO - [2026-04-08T13:26:49.291+0000] {dagbag.py:545} INFO - Filling up the DagBag from /opt/airflow/dags/maintenance_logs.py
[2026-04-08T13:26:49.342+0000] {processor.py:840} INFO - DAG(s) 'maintenance_cleanup_logs' retrieved from /opt/airflow/dags/maintenance_logs.py
[2026-04-08T13:26:49.448+0000] {logging_mixin.py:188} INFO - [2026-04-08T13:26:49.448+0000] {dag.py:3089} INFO - Sync 1 DAGs
[2026-04-08T13:26:49.502+0000] {logging_mixin.py:188} INFO - [2026-04-08T13:26:49.501+0000] {dag.py:3947} INFO - Setting next_dagrun for maintenance_cleanup_logs to 2026-04-08 00:00:00+00:00, run_after=2026-04-09 00:00:00+00:00
[2026-04-08T13:26:49.553+0000] {processor.py:183} INFO - Processing /opt/airflow/dags/maintenance_logs.py took 0.411 seconds
[2026-04-08T13:27:19.729+0000] {processor.py:161} INFO - Started process (PID=275) to work on /opt/airflow/dags/maintenance_logs.py
[2026-04-08T13:27:19.731+0000] {processor.py:830} INFO - Processing file /opt/airflow/dags/maintenance_logs.py for tasks to queue
[2026-04-08T13:27:19.735+0000] {logging_mixin.py:188} INFO - [2026-04-08T13:27:19.735+0000] {dagbag.py:545} INFO - Filling up the DagBag from /opt/airflow/dags/maintenance_logs.py
[2026-04-08T13:27:19.804+0000] {processor.py:840} INFO - DAG(s) 'maintenance_cleanup_logs' retrieved from /opt/airflow/dags/maintenance_logs.py
[2026-04-08T13:27:20.103+0000] {logging_mixin.py:188} INFO - [2026-04-08T13:27:20.103+0000] {dag.py:3089} INFO - Sync 1 DAGs
[2026-04-08T13:27:20.167+0000] {logging_mixin.py:188} INFO - [2026-04-08T13:27:20.167+0000] {dag.py:3947} INFO - Setting next_dagrun for maintenance_cleanup_logs to 2026-04-08 00:00:00+00:00, run_after=2026-04-09 00:00:00+00:00
[2026-04-08T13:27:20.237+0000] {processor.py:183} INFO - Processing /opt/airflow/dags/maintenance_logs.py took 0.522 seconds
[2026-04-08T13:27:50.320+0000] {processor.py:161} INFO - Started process (PID=286) to work on /opt/airflow/dags/maintenance_logs.py
[2026-04-08T13:27:50.322+0000] {processor.py:830} INFO - Processing file /opt/airflow/dags/maintenance_logs.py for tasks to queue
[2026-04-08T13:27:50.324+0000] {logging_mixin.py:188} INFO - [2026-04-08T13:27:50.324+0000] {dagbag.py:545} INFO - Filling up the DagBag from /opt/airflow/dags/maintenance_logs.py
[2026-04-08T13:27:50.361+0000] {processor.py:840} INFO - DAG(s) 'maintenance_cleanup_logs' retrieved from /opt/airflow/dags/maintenance_logs.py
[2026-04-08T13:27:50.615+0000] {logging_mixin.py:188} INFO - [2026-04-08T13:27:50.615+0000] {dag.py:3089} INFO - Sync 1 DAGs
[2026-04-08T13:27:50.664+0000] {logging_mixin.py:188} INFO - [2026-04-08T13:27:50.663+0000] {dag.py:3947} INFO - Setting next_dagrun for maintenance_cleanup_logs to 2026-04-08 00:00:00+00:00, run_after=2026-04-09 00:00:00+00:00
[2026-04-08T13:27:50.723+0000] {processor.py:183} INFO - Processing /opt/airflow/dags/maintenance_logs.py took 0.411 seconds
[2026-04-08T13:28:20.852+0000] {processor.py:161} INFO - Started process (PID=297) to work on /opt/airflow/dags/maintenance_logs.py
[2026-04-08T13:28:20.854+0000] {processor.py:830} INFO - Processing file /opt/airflow/dags/maintenance_logs.py for tasks to queue
[2026-04-08T13:28:20.857+0000] {logging_mixin.py:188} INFO - [2026-04-08T13:28:20.857+0000] {dagbag.py:545} INFO - Filling up the DagBag from /opt/airflow/dags/maintenance_logs.py
[2026-04-08T13:28:20.898+0000] {processor.py:840} INFO - DAG(s) 'maintenance_cleanup_logs' retrieved from /opt/airflow/dags/maintenance_logs.py
[2026-04-08T13:28:20.983+0000] {logging_mixin.py:188} INFO - [2026-04-08T13:28:20.983+0000] {dag.py:3089} INFO - Sync 1 DAGs
[2026-04-08T13:28:21.025+0000] {logging_mixin.py:188} INFO - [2026-04-08T13:28:21.025+0000] {dag.py:3947} INFO - Setting next_dagrun for maintenance_cleanup_logs to 2026-04-08 00:00:00+00:00, run_after=2026-04-09 00:00:00+00:00
[2026-04-08T13:28:21.074+0000] {processor.py:183} INFO - Processing /opt/airflow/dags/maintenance_logs.py took 0.231 seconds
[2026-04-08T13:28:51.506+0000] {processor.py:161} INFO - Started process (PID=308) to work on /opt/airflow/dags/maintenance_logs.py
[2026-04-08T13:28:51.508+0000] {processor.py:830} INFO - Processing file /opt/airflow/dags/maintenance_logs.py for tasks to queue
[2026-04-08T13:28:51.513+0000] {logging_mixin.py:188} INFO - [2026-04-08T13:28:51.512+0000] {dagbag.py:545} INFO - Filling up the DagBag from /opt/airflow/dags/maintenance_logs.py
[2026-04-08T13:28:51.580+0000] {processor.py:840} INFO - DAG(s) 'maintenance_cleanup_logs' retrieved from /opt/airflow/dags/maintenance_logs.py
[2026-04-08T13:28:51.711+0000] {logging_mixin.py:188} INFO - [2026-04-08T13:28:51.710+0000] {dag.py:3089} INFO - Sync 1 DAGs
[2026-04-08T13:28:51.768+0000] {logging_mixin.py:188} INFO - [2026-04-08T13:28:51.768+0000] {dag.py:3947} INFO - Setting next_dagrun for maintenance_cleanup_logs to 2026-04-08 00:00:00+00:00, run_after=2026-04-09 00:00:00+00:00
[2026-04-08T13:28:51.831+0000] {processor.py:183} INFO - Processing /opt/airflow/dags/maintenance_logs.py took 0.336 seconds
[2026-04-08T13:29:22.377+0000] {processor.py:161} INFO - Started process (PID=317) to work on /opt/airflow/dags/maintenance_logs.py
[2026-04-08T13:29:22.379+0000] {processor.py:830} INFO - Processing file /opt/airflow/dags/maintenance_logs.py for tasks to queue
[2026-04-08T13:29:22.382+0000] {logging_mixin.py:188} INFO - [2026-04-08T13:29:22.382+0000] {dagbag.py:545} INFO - Filling up the DagBag from /opt/airflow/dags/maintenance_logs.py
[2026-04-08T13:29:22.432+0000] {processor.py:840} INFO - DAG(s) 'maintenance_cleanup_logs' retrieved from /opt/airflow/dags/maintenance_logs.py
[2026-04-08T13:29:22.636+0000] {logging_mixin.py:188} INFO - [2026-04-08T13:29:22.635+0000] {dag.py:3089} INFO - Sync 1 DAGs
[2026-04-08T13:29:22.825+0000] {logging_mixin.py:188} INFO - [2026-04-08T13:29:22.825+0000] {dag.py:3947} INFO - Setting next_dagrun for maintenance_cleanup_logs to 2026-04-08 00:00:00+00:00, run_after=2026-04-09 00:00:00+00:00
[2026-04-08T13:29:22.926+0000] {processor.py:183} INFO - Processing /opt/airflow/dags/maintenance_logs.py took 0.560 seconds
[2026-04-08T13:29:53.086+0000] {processor.py:161} INFO - Started process (PID=324) to work on /opt/airflow/dags/maintenance_logs.py
[2026-04-08T13:29:53.088+0000] {processor.py:830} INFO - Processing file /opt/airflow/dags/maintenance_logs.py for tasks to queue
[2026-04-08T13:29:53.092+0000] {logging_mixin.py:188} INFO - [2026-04-08T13:29:53.091+0000] {dagbag.py:545} INFO - Filling up the DagBag from /opt/airflow/dags/maintenance_logs.py
[2026-04-08T13:29:53.198+0000] {processor.py:840} INFO - DAG(s) 'maintenance_cleanup_logs' retrieved from /opt/airflow/dags/maintenance_logs.py
[2026-04-08T13:29:53.325+0000] {logging_mixin.py:188} INFO - [2026-04-08T13:29:53.324+0000] {dag.py:3089} INFO - Sync 1 DAGs
[2026-04-08T13:29:53.378+0000] {logging_mixin.py:188} INFO - [2026-04-08T13:29:53.378+0000] {dag.py:3947} INFO - Setting next_dagrun for maintenance_cleanup_logs to 2026-04-08 00:00:00+00:00, run_after=2026-04-09 00:00:00+00:00
[2026-04-08T13:29:53.434+0000] {processor.py:183} INFO - Processing /opt/airflow/dags/maintenance_logs.py took 0.363 seconds
[2026-04-08T13:30:23.767+0000] {processor.py:161} INFO - Started process (PID=335) to work on /opt/airflow/dags/maintenance_logs.py
[2026-04-08T13:30:23.770+0000] {processor.py:830} INFO - Processing file /opt/airflow/dags/maintenance_logs.py for tasks to queue
[2026-04-08T13:30:23.774+0000] {logging_mixin.py:188} INFO - [2026-04-08T13:30:23.773+0000] {dagbag.py:545} INFO - Filling up the DagBag from /opt/airflow/dags/maintenance_logs.py
[2026-04-08T13:30:23.820+0000] {processor.py:840} INFO - DAG(s) 'maintenance_cleanup_logs' retrieved from /opt/airflow/dags/maintenance_logs.py
[2026-04-08T13:30:23.940+0000] {logging_mixin.py:188} INFO - [2026-04-08T13:30:23.939+0000] {dag.py:3089} INFO - Sync 1 DAGs
[2026-04-08T13:30:23.996+0000] {logging_mixin.py:188} INFO - [2026-04-08T13:30:23.996+0000] {dag.py:3947} INFO - Setting next_dagrun for maintenance_cleanup_logs to 2026-04-08 00:00:00+00:00, run_after=2026-04-09 00:00:00+00:00
[2026-04-08T13:30:24.055+0000] {processor.py:183} INFO - Processing /opt/airflow/dags/maintenance_logs.py took 0.300 seconds
[2026-04-08T13:30:54.151+0000] {processor.py:161} INFO - Started process (PID=346) to work on /opt/airflow/dags/maintenance_logs.py
[2026-04-08T13:30:54.153+0000] {processor.py:830} INFO - Processing file /opt/airflow/dags/maintenance_logs.py for tasks to queue
[2026-04-08T13:30:54.157+0000] {logging_mixin.py:188} INFO - [2026-04-08T13:30:54.156+0000] {dagbag.py:545} INFO - Filling up the DagBag from /opt/airflow/dags/maintenance_logs.py
[2026-04-08T13:30:54.207+0000] {processor.py:840} INFO - DAG(s) 'maintenance_cleanup_logs' retrieved from /opt/airflow/dags/maintenance_logs.py
[2026-04-08T13:30:54.311+0000] {logging_mixin.py:188} INFO - [2026-04-08T13:30:54.310+0000] {dag.py:3089} INFO - Sync 1 DAGs
[2026-04-08T13:30:54.368+0000] {logging_mixin.py:188} INFO - [2026-04-08T13:30:54.367+0000] {dag.py:3947} INFO - Setting next_dagrun for maintenance_cleanup_logs to 2026-04-08 00:00:00+00:00, run_after=2026-04-09 00:00:00+00:00
[2026-04-08T13:30:54.433+0000] {processor.py:183} INFO - Processing /opt/airflow/dags/maintenance_logs.py took 0.293 seconds
[2026-04-08T13:31:24.634+0000] {processor.py:161} INFO - Started process (PID=357) to work on /opt/airflow/dags/maintenance_logs.py
[2026-04-08T13:31:24.637+0000] {processor.py:830} INFO - Processing file /opt/airflow/dags/maintenance_logs.py for tasks to queue
[2026-04-08T13:31:24.643+0000] {logging_mixin.py:188} INFO - [2026-04-08T13:31:24.642+0000] {dagbag.py:545} INFO - Filling up the DagBag from /opt/airflow/dags/maintenance_logs.py
[2026-04-08T13:31:24.693+0000] {processor.py:840} INFO - DAG(s) 'maintenance_cleanup_logs' retrieved from /opt/airflow/dags/maintenance_logs.py
[2026-04-08T13:31:24.806+0000] {logging_mixin.py:188} INFO - [2026-04-08T13:31:24.805+0000] {dag.py:3089} INFO - Sync 1 DAGs
[2026-04-08T13:31:24.918+0000] {logging_mixin.py:188} INFO - [2026-04-08T13:31:24.917+0000] {dag.py:3947} INFO - Setting next_dagrun for maintenance_cleanup_logs to 2026-04-08 00:00:00+00:00, run_after=2026-04-09 00:00:00+00:00
[2026-04-08T13:31:24.988+0000] {processor.py:183} INFO - Processing /opt/airflow/dags/maintenance_logs.py took 0.375 seconds
[2026-04-08T13:35:20.184+0000] {processor.py:161} INFO - Started process (PID=164) to work on /opt/airflow/dags/maintenance_logs.py
[2026-04-08T13:35:20.188+0000] {processor.py:830} INFO - Processing file /opt/airflow/dags/maintenance_logs.py for tasks to queue
[2026-04-08T13:35:20.194+0000] {logging_mixin.py:188} INFO - [2026-04-08T13:35:20.193+0000] {dagbag.py:545} INFO - Filling up the DagBag from /opt/airflow/dags/maintenance_logs.py
[2026-04-08T13:35:20.438+0000] {processor.py:840} INFO - DAG(s) 'maintenance_cleanup_logs' retrieved from /opt/airflow/dags/maintenance_logs.py
[2026-04-08T13:35:20.807+0000] {logging_mixin.py:188} INFO - [2026-04-08T13:35:20.807+0000] {dag.py:3089} INFO - Sync 1 DAGs
[2026-04-08T13:35:21.016+0000] {logging_mixin.py:188} INFO - [2026-04-08T13:35:21.015+0000] {dag.py:3947} INFO - Setting next_dagrun for maintenance_cleanup_logs to 2026-04-08 00:00:00+00:00, run_after=2026-04-09 00:00:00+00:00
[2026-04-08T13:35:21.118+0000] {processor.py:183} INFO - Processing /opt/airflow/dags/maintenance_logs.py took 0.947 seconds
[2026-04-08T13:35:51.674+0000] {processor.py:161} INFO - Started process (PID=175) to work on /opt/airflow/dags/maintenance_logs.py
[2026-04-08T13:35:51.684+0000] {processor.py:830} INFO - Processing file /opt/airflow/dags/maintenance_logs.py for tasks to queue
[2026-04-08T13:35:51.694+0000] {logging_mixin.py:188} INFO - [2026-04-08T13:35:51.692+0000] {dagbag.py:545} INFO - Filling up the DagBag from /opt/airflow/dags/maintenance_logs.py
[2026-04-08T13:35:51.820+0000] {processor.py:840} INFO - DAG(s) 'maintenance_cleanup_logs' retrieved from /opt/airflow/dags/maintenance_logs.py
[2026-04-08T13:35:52.765+0000] {logging_mixin.py:188} INFO - [2026-04-08T13:35:52.764+0000] {dag.py:3089} INFO - Sync 1 DAGs
[2026-04-08T13:35:52.873+0000] {logging_mixin.py:188} INFO - [2026-04-08T13:35:52.871+0000] {dag.py:3947} INFO - Setting next_dagrun for maintenance_cleanup_logs to 2026-04-08 00:00:00+00:00, run_after=2026-04-09 00:00:00+00:00
[2026-04-08T13:35:53.053+0000] {processor.py:183} INFO - Processing /opt/airflow/dags/maintenance_logs.py took 1.436 seconds
[2026-04-08T13:36:23.700+0000] {processor.py:161} INFO - Started process (PID=186) to work on /opt/airflow/dags/maintenance_logs.py
[2026-04-08T13:36:23.711+0000] {processor.py:830} INFO - Processing file /opt/airflow/dags/maintenance_logs.py for tasks to queue
[2026-04-08T13:36:23.721+0000] {logging_mixin.py:188} INFO - [2026-04-08T13:36:23.720+0000] {dagbag.py:545} INFO - Filling up the DagBag from /opt/airflow/dags/maintenance_logs.py
[2026-04-08T13:36:23.961+0000] {processor.py:840} INFO - DAG(s) 'maintenance_cleanup_logs' retrieved from /opt/airflow/dags/maintenance_logs.py
[2026-04-08T13:36:24.205+0000] {logging_mixin.py:188} INFO - [2026-04-08T13:36:24.203+0000] {dag.py:3089} INFO - Sync 1 DAGs
[2026-04-08T13:36:24.416+0000] {logging_mixin.py:188} INFO - [2026-04-08T13:36:24.415+0000] {dag.py:3947} INFO - Setting next_dagrun for maintenance_cleanup_logs to 2026-04-08 00:00:00+00:00, run_after=2026-04-09 00:00:00+00:00
[2026-04-08T13:36:24.492+0000] {processor.py:183} INFO - Processing /opt/airflow/dags/maintenance_logs.py took 0.908 seconds
[2026-04-08T13:36:55.066+0000] {processor.py:161} INFO - Started process (PID=197) to work on /opt/airflow/dags/maintenance_logs.py
[2026-04-08T13:36:55.069+0000] {processor.py:830} INFO - Processing file /opt/airflow/dags/maintenance_logs.py for tasks to queue
[2026-04-08T13:36:55.077+0000] {logging_mixin.py:188} INFO - [2026-04-08T13:36:55.075+0000] {dagbag.py:545} INFO - Filling up the DagBag from /opt/airflow/dags/maintenance_logs.py
[2026-04-08T13:36:55.140+0000] {processor.py:840} INFO - DAG(s) 'maintenance_cleanup_logs' retrieved from /opt/airflow/dags/maintenance_logs.py
[2026-04-08T13:36:55.333+0000] {logging_mixin.py:188} INFO - [2026-04-08T13:36:55.332+0000] {dag.py:3089} INFO - Sync 1 DAGs
[2026-04-08T13:36:55.419+0000] {logging_mixin.py:188} INFO - [2026-04-08T13:36:55.419+0000] {dag.py:3947} INFO - Setting next_dagrun for maintenance_cleanup_logs to 2026-04-08 00:00:00+00:00, run_after=2026-04-09 00:00:00+00:00
[2026-04-08T13:36:55.531+0000] {processor.py:183} INFO - Processing /opt/airflow/dags/maintenance_logs.py took 0.483 seconds
[2026-04-08T13:37:25.881+0000] {processor.py:161} INFO - Started process (PID=208) to work on /opt/airflow/dags/maintenance_logs.py
[2026-04-08T13:37:25.883+0000] {processor.py:830} INFO - Processing file /opt/airflow/dags/maintenance_logs.py for tasks to queue
[2026-04-08T13:37:25.887+0000] {logging_mixin.py:188} INFO - [2026-04-08T13:37:25.886+0000] {dagbag.py:545} INFO - Filling up the DagBag from /opt/airflow/dags/maintenance_logs.py
[2026-04-08T13:37:25.937+0000] {processor.py:840} INFO - DAG(s) 'maintenance_cleanup_logs' retrieved from /opt/airflow/dags/maintenance_logs.py
[2026-04-08T13:37:26.104+0000] {logging_mixin.py:188} INFO - [2026-04-08T13:37:26.104+0000] {dag.py:3089} INFO - Sync 1 DAGs
[2026-04-08T13:37:26.165+0000] {logging_mixin.py:188} INFO - [2026-04-08T13:37:26.165+0000] {dag.py:3947} INFO - Setting next_dagrun for maintenance_cleanup_logs to 2026-04-08 00:00:00+00:00, run_after=2026-04-09 00:00:00+00:00
[2026-04-08T13:37:26.238+0000] {processor.py:183} INFO - Processing /opt/airflow/dags/maintenance_logs.py took 0.373 seconds
[2026-04-08T13:37:56.703+0000] {processor.py:161} INFO - Started process (PID=219) to work on /opt/airflow/dags/maintenance_logs.py
[2026-04-08T13:37:56.705+0000] {processor.py:830} INFO - Processing file /opt/airflow/dags/maintenance_logs.py for tasks to queue
[2026-04-08T13:37:56.708+0000] {logging_mixin.py:188} INFO - [2026-04-08T13:37:56.708+0000] {dagbag.py:545} INFO - Filling up the DagBag from /opt/airflow/dags/maintenance_logs.py
[2026-04-08T13:37:56.761+0000] {processor.py:840} INFO - DAG(s) 'maintenance_cleanup_logs' retrieved from /opt/airflow/dags/maintenance_logs.py
[2026-04-08T13:37:56.871+0000] {logging_mixin.py:188} INFO - [2026-04-08T13:37:56.870+0000] {dag.py:3089} INFO - Sync 1 DAGs
[2026-04-08T13:37:56.926+0000] {logging_mixin.py:188} INFO - [2026-04-08T13:37:56.925+0000] {dag.py:3947} INFO - Setting next_dagrun for maintenance_cleanup_logs to 2026-04-08 00:00:00+00:00, run_after=2026-04-09 00:00:00+00:00
[2026-04-08T13:37:56.992+0000] {processor.py:183} INFO - Processing /opt/airflow/dags/maintenance_logs.py took 0.301 seconds
[2026-04-08T13:38:27.653+0000] {processor.py:161} INFO - Started process (PID=232) to work on /opt/airflow/dags/maintenance_logs.py
[2026-04-08T13:38:27.664+0000] {processor.py:830} INFO - Processing file /opt/airflow/dags/maintenance_logs.py for tasks to queue
[2026-04-08T13:38:27.673+0000] {logging_mixin.py:188} INFO - [2026-04-08T13:38:27.669+0000] {dagbag.py:545} INFO - Filling up the DagBag from /opt/airflow/dags/maintenance_logs.py
[2026-04-08T13:38:27.879+0000] {processor.py:840} INFO - DAG(s) 'maintenance_cleanup_logs' retrieved from /opt/airflow/dags/maintenance_logs.py
[2026-04-08T13:38:28.166+0000] {logging_mixin.py:188} INFO - [2026-04-08T13:38:28.165+0000] {dag.py:3089} INFO - Sync 1 DAGs
[2026-04-08T13:38:28.485+0000] {logging_mixin.py:188} INFO - [2026-04-08T13:38:28.484+0000] {dag.py:3947} INFO - Setting next_dagrun for maintenance_cleanup_logs to 2026-04-08 00:00:00+00:00, run_after=2026-04-09 00:00:00+00:00
[2026-04-08T13:38:28.725+0000] {processor.py:183} INFO - Processing /opt/airflow/dags/maintenance_logs.py took 1.093 seconds
[2026-04-08T14:37:09.334+0000] {processor.py:161} INFO - Started process (PID=180) to work on /opt/airflow/dags/maintenance_logs.py
[2026-04-08T14:37:09.347+0000] {processor.py:830} INFO - Processing file /opt/airflow/dags/maintenance_logs.py for tasks to queue
[2026-04-08T14:37:09.380+0000] {logging_mixin.py:188} INFO - [2026-04-08T14:37:09.379+0000] {dagbag.py:545} INFO - Filling up the DagBag from /opt/airflow/dags/maintenance_logs.py
[2026-04-08T14:37:09.572+0000] {processor.py:840} INFO - DAG(s) 'maintenance_cleanup_logs' retrieved from /opt/airflow/dags/maintenance_logs.py
[2026-04-08T14:37:09.909+0000] {logging_mixin.py:188} INFO - [2026-04-08T14:37:09.908+0000] {dag.py:3089} INFO - Sync 1 DAGs
[2026-04-08T14:37:10.042+0000] {logging_mixin.py:188} INFO - [2026-04-08T14:37:10.042+0000] {dag.py:3947} INFO - Setting next_dagrun for maintenance_cleanup_logs to 2026-04-08 00:00:00+00:00, run_after=2026-04-09 00:00:00+00:00
[2026-04-08T14:37:10.227+0000] {processor.py:183} INFO - Processing /opt/airflow/dags/maintenance_logs.py took 0.981 seconds
[2026-04-08T14:37:40.367+0000] {processor.py:161} INFO - Started process (PID=190) to work on /opt/airflow/dags/maintenance_logs.py
[2026-04-08T14:37:40.369+0000] {processor.py:830} INFO - Processing file /opt/airflow/dags/maintenance_logs.py for tasks to queue
[2026-04-08T14:37:40.372+0000] {logging_mixin.py:188} INFO - [2026-04-08T14:37:40.372+0000] {dagbag.py:545} INFO - Filling up the DagBag from /opt/airflow/dags/maintenance_logs.py
[2026-04-08T14:37:40.433+0000] {processor.py:840} INFO - DAG(s) 'maintenance_cleanup_logs' retrieved from /opt/airflow/dags/maintenance_logs.py
[2026-04-08T14:37:42.451+0000] {logging_mixin.py:188} INFO - [2026-04-08T14:37:42.451+0000] {dag.py:3089} INFO - Sync 1 DAGs
[2026-04-08T14:37:42.523+0000] {logging_mixin.py:188} INFO - [2026-04-08T14:37:42.523+0000] {dag.py:3947} INFO - Setting next_dagrun for maintenance_cleanup_logs to 2026-04-08 00:00:00+00:00, run_after=2026-04-09 00:00:00+00:00
[2026-04-08T14:37:42.605+0000] {processor.py:183} INFO - Processing /opt/airflow/dags/maintenance_logs.py took 2.253 seconds
[2026-04-08T14:38:13.267+0000] {processor.py:161} INFO - Started process (PID=200) to work on /opt/airflow/dags/maintenance_logs.py
[2026-04-08T14:38:13.270+0000] {processor.py:830} INFO - Processing file /opt/airflow/dags/maintenance_logs.py for tasks to queue
[2026-04-08T14:38:13.284+0000] {logging_mixin.py:188} INFO - [2026-04-08T14:38:13.283+0000] {dagbag.py:545} INFO - Filling up the DagBag from /opt/airflow/dags/maintenance_logs.py
[2026-04-08T14:38:13.432+0000] {processor.py:840} INFO - DAG(s) 'maintenance_cleanup_logs' retrieved from /opt/airflow/dags/maintenance_logs.py
[2026-04-08T14:38:13.680+0000] {logging_mixin.py:188} INFO - [2026-04-08T14:38:13.680+0000] {dag.py:3089} INFO - Sync 1 DAGs
[2026-04-08T14:38:15.615+0000] {logging_mixin.py:188} INFO - [2026-04-08T14:38:15.613+0000] {dag.py:3947} INFO - Setting next_dagrun for maintenance_cleanup_logs to 2026-04-08 00:00:00+00:00, run_after=2026-04-09 00:00:00+00:00
[2026-04-08T14:38:15.725+0000] {processor.py:183} INFO - Processing /opt/airflow/dags/maintenance_logs.py took 2.505 seconds
[2026-04-08T14:38:46.430+0000] {processor.py:161} INFO - Started process (PID=210) to work on /opt/airflow/dags/maintenance_logs.py
[2026-04-08T14:38:46.433+0000] {processor.py:830} INFO - Processing file /opt/airflow/dags/maintenance_logs.py for tasks to queue
[2026-04-08T14:38:46.443+0000] {logging_mixin.py:188} INFO - [2026-04-08T14:38:46.442+0000] {dagbag.py:545} INFO - Filling up the DagBag from /opt/airflow/dags/maintenance_logs.py
[2026-04-08T14:38:46.502+0000] {processor.py:840} INFO - DAG(s) 'maintenance_cleanup_logs' retrieved from /opt/airflow/dags/maintenance_logs.py
[2026-04-08T14:38:47.063+0000] {logging_mixin.py:188} INFO - [2026-04-08T14:38:47.062+0000] {dag.py:3089} INFO - Sync 1 DAGs
[2026-04-08T14:38:47.111+0000] {logging_mixin.py:188} INFO - [2026-04-08T14:38:47.110+0000] {dag.py:3947} INFO - Setting next_dagrun for maintenance_cleanup_logs to 2026-04-08 00:00:00+00:00, run_after=2026-04-09 00:00:00+00:00
[2026-04-08T14:38:47.179+0000] {processor.py:183} INFO - Processing /opt/airflow/dags/maintenance_logs.py took 0.762 seconds
[2026-04-08T14:39:17.855+0000] {processor.py:161} INFO - Started process (PID=220) to work on /opt/airflow/dags/maintenance_logs.py
[2026-04-08T14:39:17.858+0000] {processor.py:830} INFO - Processing file /opt/airflow/dags/maintenance_logs.py for tasks to queue
[2026-04-08T14:39:17.876+0000] {logging_mixin.py:188} INFO - [2026-04-08T14:39:17.875+0000] {dagbag.py:545} INFO - Filling up the DagBag from /opt/airflow/dags/maintenance_logs.py
[2026-04-08T14:39:18.738+0000] {processor.py:840} INFO - DAG(s) 'maintenance_cleanup_logs' retrieved from /opt/airflow/dags/maintenance_logs.py
[2026-04-08T14:39:18.871+0000] {logging_mixin.py:188} INFO - [2026-04-08T14:39:18.870+0000] {dag.py:3089} INFO - Sync 1 DAGs
[2026-04-08T14:39:18.922+0000] {logging_mixin.py:188} INFO - [2026-04-08T14:39:18.921+0000] {dag.py:3947} INFO - Setting next_dagrun for maintenance_cleanup_logs to 2026-04-08 00:00:00+00:00, run_after=2026-04-09 00:00:00+00:00
[2026-04-08T14:39:18.979+0000] {processor.py:183} INFO - Processing /opt/airflow/dags/maintenance_logs.py took 1.170 seconds
[2026-04-08T14:39:50.078+0000] {processor.py:161} INFO - Started process (PID=230) to work on /opt/airflow/dags/maintenance_logs.py
[2026-04-08T14:39:50.083+0000] {processor.py:830} INFO - Processing file /opt/airflow/dags/maintenance_logs.py for tasks to queue
[2026-04-08T14:39:50.095+0000] {logging_mixin.py:188} INFO - [2026-04-08T14:39:50.094+0000] {dagbag.py:545} INFO - Filling up the DagBag from /opt/airflow/dags/maintenance_logs.py
[2026-04-08T14:39:50.282+0000] {processor.py:840} INFO - DAG(s) 'maintenance_cleanup_logs' retrieved from /opt/airflow/dags/maintenance_logs.py
[2026-04-08T14:39:50.452+0000] {logging_mixin.py:188} INFO - [2026-04-08T14:39:50.451+0000] {dag.py:3089} INFO - Sync 1 DAGs
[2026-04-08T14:39:50.507+0000] {logging_mixin.py:188} INFO - [2026-04-08T14:39:50.507+0000] {dag.py:3947} INFO - Setting next_dagrun for maintenance_cleanup_logs to 2026-04-08 00:00:00+00:00, run_after=2026-04-09 00:00:00+00:00
[2026-04-08T14:39:50.562+0000] {processor.py:183} INFO - Processing /opt/airflow/dags/maintenance_logs.py took 0.528 seconds
[2026-04-08T14:40:21.340+0000] {processor.py:161} INFO - Started process (PID=243) to work on /opt/airflow/dags/maintenance_logs.py
[2026-04-08T14:40:21.348+0000] {processor.py:830} INFO - Processing file /opt/airflow/dags/maintenance_logs.py for tasks to queue
[2026-04-08T14:40:21.359+0000] {logging_mixin.py:188} INFO - [2026-04-08T14:40:21.358+0000] {dagbag.py:545} INFO - Filling up the DagBag from /opt/airflow/dags/maintenance_logs.py
[2026-04-08T14:40:21.524+0000] {processor.py:840} INFO - DAG(s) 'maintenance_cleanup_logs' retrieved from /opt/airflow/dags/maintenance_logs.py
[2026-04-08T14:40:21.713+0000] {logging_mixin.py:188} INFO - [2026-04-08T14:40:21.713+0000] {dag.py:3089} INFO - Sync 1 DAGs
[2026-04-08T14:40:21.798+0000] {logging_mixin.py:188} INFO - [2026-04-08T14:40:21.797+0000] {dag.py:3947} INFO - Setting next_dagrun for maintenance_cleanup_logs to 2026-04-08 00:00:00+00:00, run_after=2026-04-09 00:00:00+00:00
[2026-04-08T14:40:21.857+0000] {processor.py:183} INFO - Processing /opt/airflow/dags/maintenance_logs.py took 0.591 seconds
[2026-04-08T14:40:52.083+0000] {processor.py:161} INFO - Started process (PID=254) to work on /opt/airflow/dags/maintenance_logs.py
[2026-04-08T14:40:52.085+0000] {processor.py:830} INFO - Processing file /opt/airflow/dags/maintenance_logs.py for tasks to queue
[2026-04-08T14:40:52.090+0000] {logging_mixin.py:188} INFO - [2026-04-08T14:40:52.089+0000] {dagbag.py:545} INFO - Filling up the DagBag from /opt/airflow/dags/maintenance_logs.py
[2026-04-08T14:40:52.172+0000] {processor.py:840} INFO - DAG(s) 'maintenance_cleanup_logs' retrieved from /opt/airflow/dags/maintenance_logs.py
[2026-04-08T14:40:52.274+0000] {logging_mixin.py:188} INFO - [2026-04-08T14:40:52.273+0000] {dag.py:3089} INFO - Sync 1 DAGs
[2026-04-08T14:40:52.318+0000] {logging_mixin.py:188} INFO - [2026-04-08T14:40:52.318+0000] {dag.py:3947} INFO - Setting next_dagrun for maintenance_cleanup_logs to 2026-04-08 00:00:00+00:00, run_after=2026-04-09 00:00:00+00:00
[2026-04-08T14:40:52.363+0000] {processor.py:183} INFO - Processing /opt/airflow/dags/maintenance_logs.py took 0.291 seconds
[2026-04-08T14:41:22.915+0000] {processor.py:161} INFO - Started process (PID=264) to work on /opt/airflow/dags/maintenance_logs.py
[2026-04-08T14:41:22.916+0000] {processor.py:830} INFO - Processing file /opt/airflow/dags/maintenance_logs.py for tasks to queue
[2026-04-08T14:41:22.920+0000] {logging_mixin.py:188} INFO - [2026-04-08T14:41:22.919+0000] {dagbag.py:545} INFO - Filling up the DagBag from /opt/airflow/dags/maintenance_logs.py
[2026-04-08T14:41:22.963+0000] {processor.py:840} INFO - DAG(s) 'maintenance_cleanup_logs' retrieved from /opt/airflow/dags/maintenance_logs.py
[2026-04-08T14:41:23.073+0000] {logging_mixin.py:188} INFO - [2026-04-08T14:41:23.072+0000] {dag.py:3089} INFO - Sync 1 DAGs
[2026-04-08T14:41:23.120+0000] {logging_mixin.py:188} INFO - [2026-04-08T14:41:23.119+0000] {dag.py:3947} INFO - Setting next_dagrun for maintenance_cleanup_logs to 2026-04-08 00:00:00+00:00, run_after=2026-04-09 00:00:00+00:00
[2026-04-08T14:41:23.175+0000] {processor.py:183} INFO - Processing /opt/airflow/dags/maintenance_logs.py took 0.273 seconds
[2026-04-08T14:41:53.712+0000] {processor.py:161} INFO - Started process (PID=274) to work on /opt/airflow/dags/maintenance_logs.py
[2026-04-08T14:41:53.715+0000] {processor.py:830} INFO - Processing file /opt/airflow/dags/maintenance_logs.py for tasks to queue
[2026-04-08T14:41:53.721+0000] {logging_mixin.py:188} INFO - [2026-04-08T14:41:53.719+0000] {dagbag.py:545} INFO - Filling up the DagBag from /opt/airflow/dags/maintenance_logs.py
[2026-04-08T14:41:53.774+0000] {processor.py:840} INFO - DAG(s) 'maintenance_cleanup_logs' retrieved from /opt/airflow/dags/maintenance_logs.py
[2026-04-08T14:41:53.894+0000] {logging_mixin.py:188} INFO - [2026-04-08T14:41:53.893+0000] {dag.py:3089} INFO - Sync 1 DAGs
[2026-04-08T14:41:53.947+0000] {logging_mixin.py:188} INFO - [2026-04-08T14:41:53.946+0000] {dag.py:3947} INFO - Setting next_dagrun for maintenance_cleanup_logs to 2026-04-08 00:00:00+00:00, run_after=2026-04-09 00:00:00+00:00
[2026-04-08T14:41:53.993+0000] {processor.py:183} INFO - Processing /opt/airflow/dags/maintenance_logs.py took 0.300 seconds
[2026-04-08T14:42:24.518+0000] {processor.py:161} INFO - Started process (PID=284) to work on /opt/airflow/dags/maintenance_logs.py
[2026-04-08T14:42:24.520+0000] {processor.py:830} INFO - Processing file /opt/airflow/dags/maintenance_logs.py for tasks to queue
[2026-04-08T14:42:24.525+0000] {logging_mixin.py:188} INFO - [2026-04-08T14:42:24.525+0000] {dagbag.py:545} INFO - Filling up the DagBag from /opt/airflow/dags/maintenance_logs.py
[2026-04-08T14:42:24.576+0000] {processor.py:840} INFO - DAG(s) 'maintenance_cleanup_logs' retrieved from /opt/airflow/dags/maintenance_logs.py
[2026-04-08T14:42:24.678+0000] {logging_mixin.py:188} INFO - [2026-04-08T14:42:24.677+0000] {dag.py:3089} INFO - Sync 1 DAGs
[2026-04-08T14:42:24.720+0000] {logging_mixin.py:188} INFO - [2026-04-08T14:42:24.720+0000] {dag.py:3947} INFO - Setting next_dagrun for maintenance_cleanup_logs to 2026-04-08 00:00:00+00:00, run_after=2026-04-09 00:00:00+00:00
[2026-04-08T14:42:24.763+0000] {processor.py:183} INFO - Processing /opt/airflow/dags/maintenance_logs.py took 0.259 seconds
[2026-04-08T14:42:55.349+0000] {processor.py:161} INFO - Started process (PID=294) to work on /opt/airflow/dags/maintenance_logs.py
[2026-04-08T14:42:55.351+0000] {processor.py:830} INFO - Processing file /opt/airflow/dags/maintenance_logs.py for tasks to queue
[2026-04-08T14:42:55.359+0000] {logging_mixin.py:188} INFO - [2026-04-08T14:42:55.358+0000] {dagbag.py:545} INFO - Filling up the DagBag from /opt/airflow/dags/maintenance_logs.py
[2026-04-08T14:42:55.440+0000] {processor.py:840} INFO - DAG(s) 'maintenance_cleanup_logs' retrieved from /opt/airflow/dags/maintenance_logs.py
[2026-04-08T14:42:55.552+0000] {logging_mixin.py:188} INFO - [2026-04-08T14:42:55.552+0000] {dag.py:3089} INFO - Sync 1 DAGs
[2026-04-08T14:42:55.596+0000] {logging_mixin.py:188} INFO - [2026-04-08T14:42:55.595+0000] {dag.py:3947} INFO - Setting next_dagrun for maintenance_cleanup_logs to 2026-04-08 00:00:00+00:00, run_after=2026-04-09 00:00:00+00:00
[2026-04-08T14:42:55.657+0000] {processor.py:183} INFO - Processing /opt/airflow/dags/maintenance_logs.py took 0.325 seconds
[2026-04-08T14:43:25.906+0000] {processor.py:161} INFO - Started process (PID=304) to work on /opt/airflow/dags/maintenance_logs.py
[2026-04-08T14:43:25.909+0000] {processor.py:830} INFO - Processing file /opt/airflow/dags/maintenance_logs.py for tasks to queue
[2026-04-08T14:43:25.914+0000] {logging_mixin.py:188} INFO - [2026-04-08T14:43:25.913+0000] {dagbag.py:545} INFO - Filling up the DagBag from /opt/airflow/dags/maintenance_logs.py
[2026-04-08T14:43:25.972+0000] {processor.py:840} INFO - DAG(s) 'maintenance_cleanup_logs' retrieved from /opt/airflow/dags/maintenance_logs.py
[2026-04-08T14:43:26.156+0000] {logging_mixin.py:188} INFO - [2026-04-08T14:43:26.156+0000] {dag.py:3089} INFO - Sync 1 DAGs
[2026-04-08T14:43:26.221+0000] {logging_mixin.py:188} INFO - [2026-04-08T14:43:26.220+0000] {dag.py:3947} INFO - Setting next_dagrun for maintenance_cleanup_logs to 2026-04-08 00:00:00+00:00, run_after=2026-04-09 00:00:00+00:00
[2026-04-08T14:43:26.285+0000] {processor.py:183} INFO - Processing /opt/airflow/dags/maintenance_logs.py took 0.397 seconds
[2026-04-08T14:43:57.141+0000] {processor.py:161} INFO - Started process (PID=314) to work on /opt/airflow/dags/maintenance_logs.py
[2026-04-08T14:43:57.145+0000] {processor.py:830} INFO - Processing file /opt/airflow/dags/maintenance_logs.py for tasks to queue
[2026-04-08T14:43:57.154+0000] {logging_mixin.py:188} INFO - [2026-04-08T14:43:57.152+0000] {dagbag.py:545} INFO - Filling up the DagBag from /opt/airflow/dags/maintenance_logs.py
[2026-04-08T14:43:57.308+0000] {processor.py:840} INFO - DAG(s) 'maintenance_cleanup_logs' retrieved from /opt/airflow/dags/maintenance_logs.py
[2026-04-08T14:43:57.414+0000] {logging_mixin.py:188} INFO - [2026-04-08T14:43:57.413+0000] {dag.py:3089} INFO - Sync 1 DAGs
[2026-04-08T14:43:57.454+0000] {logging_mixin.py:188} INFO - [2026-04-08T14:43:57.453+0000] {dag.py:3947} INFO - Setting next_dagrun for maintenance_cleanup_logs to 2026-04-08 00:00:00+00:00, run_after=2026-04-09 00:00:00+00:00
[2026-04-08T14:43:57.499+0000] {processor.py:183} INFO - Processing /opt/airflow/dags/maintenance_logs.py took 0.385 seconds
[2026-04-08T14:44:28.187+0000] {processor.py:161} INFO - Started process (PID=324) to work on /opt/airflow/dags/maintenance_logs.py
[2026-04-08T14:44:28.190+0000] {processor.py:830} INFO - Processing file /opt/airflow/dags/maintenance_logs.py for tasks to queue
[2026-04-08T14:44:28.193+0000] {logging_mixin.py:188} INFO - [2026-04-08T14:44:28.193+0000] {dagbag.py:545} INFO - Filling up the DagBag from /opt/airflow/dags/maintenance_logs.py
[2026-04-08T14:44:28.239+0000] {processor.py:840} INFO - DAG(s) 'maintenance_cleanup_logs' retrieved from /opt/airflow/dags/maintenance_logs.py
[2026-04-08T14:44:28.352+0000] {logging_mixin.py:188} INFO - [2026-04-08T14:44:28.351+0000] {dag.py:3089} INFO - Sync 1 DAGs
[2026-04-08T14:44:28.406+0000] {logging_mixin.py:188} INFO - [2026-04-08T14:44:28.405+0000] {dag.py:3947} INFO - Setting next_dagrun for maintenance_cleanup_logs to 2026-04-08 00:00:00+00:00, run_after=2026-04-09 00:00:00+00:00
[2026-04-08T14:44:28.505+0000] {processor.py:183} INFO - Processing /opt/airflow/dags/maintenance_logs.py took 0.329 seconds
[2026-04-08T14:44:59.152+0000] {processor.py:161} INFO - Started process (PID=334) to work on /opt/airflow/dags/maintenance_logs.py
[2026-04-08T14:44:59.155+0000] {processor.py:830} INFO - Processing file /opt/airflow/dags/maintenance_logs.py for tasks to queue
[2026-04-08T14:44:59.159+0000] {logging_mixin.py:188} INFO - [2026-04-08T14:44:59.158+0000] {dagbag.py:545} INFO - Filling up the DagBag from /opt/airflow/dags/maintenance_logs.py
[2026-04-08T14:44:59.234+0000] {processor.py:840} INFO - DAG(s) 'maintenance_cleanup_logs' retrieved from /opt/airflow/dags/maintenance_logs.py
[2026-04-08T14:44:59.357+0000] {logging_mixin.py:188} INFO - [2026-04-08T14:44:59.356+0000] {dag.py:3089} INFO - Sync 1 DAGs
[2026-04-08T14:44:59.521+0000] {logging_mixin.py:188} INFO - [2026-04-08T14:44:59.520+0000] {dag.py:3947} INFO - Setting next_dagrun for maintenance_cleanup_logs to 2026-04-08 00:00:00+00:00, run_after=2026-04-09 00:00:00+00:00
[2026-04-08T14:44:59.772+0000] {processor.py:183} INFO - Processing /opt/airflow/dags/maintenance_logs.py took 0.639 seconds
[2026-04-08T14:45:30.781+0000] {processor.py:161} INFO - Started process (PID=344) to work on /opt/airflow/dags/maintenance_logs.py
[2026-04-08T14:45:30.786+0000] {processor.py:830} INFO - Processing file /opt/airflow/dags/maintenance_logs.py for tasks to queue
[2026-04-08T14:45:30.796+0000] {logging_mixin.py:188} INFO - [2026-04-08T14:45:30.795+0000] {dagbag.py:545} INFO - Filling up the DagBag from /opt/airflow/dags/maintenance_logs.py
[2026-04-08T14:45:30.933+0000] {processor.py:840} INFO - DAG(s) 'maintenance_cleanup_logs' retrieved from /opt/airflow/dags/maintenance_logs.py
[2026-04-08T14:45:31.169+0000] {logging_mixin.py:188} INFO - [2026-04-08T14:45:31.168+0000] {dag.py:3089} INFO - Sync 1 DAGs
[2026-04-08T14:45:31.227+0000] {logging_mixin.py:188} INFO - [2026-04-08T14:45:31.226+0000] {dag.py:3947} INFO - Setting next_dagrun for maintenance_cleanup_logs to 2026-04-08 00:00:00+00:00, run_after=2026-04-09 00:00:00+00:00
[2026-04-08T14:45:31.280+0000] {processor.py:183} INFO - Processing /opt/airflow/dags/maintenance_logs.py took 0.522 seconds
[2026-04-08T14:46:02.192+0000] {processor.py:161} INFO - Started process (PID=354) to work on /opt/airflow/dags/maintenance_logs.py
[2026-04-08T14:46:02.195+0000] {processor.py:830} INFO - Processing file /opt/airflow/dags/maintenance_logs.py for tasks to queue
[2026-04-08T14:46:02.199+0000] {logging_mixin.py:188} INFO - [2026-04-08T14:46:02.198+0000] {dagbag.py:545} INFO - Filling up the DagBag from /opt/airflow/dags/maintenance_logs.py
[2026-04-08T14:46:02.260+0000] {processor.py:840} INFO - DAG(s) 'maintenance_cleanup_logs' retrieved from /opt/airflow/dags/maintenance_logs.py
[2026-04-08T14:46:02.405+0000] {logging_mixin.py:188} INFO - [2026-04-08T14:46:02.405+0000] {dag.py:3089} INFO - Sync 1 DAGs
[2026-04-08T14:46:02.475+0000] {logging_mixin.py:188} INFO - [2026-04-08T14:46:02.474+0000] {dag.py:3947} INFO - Setting next_dagrun for maintenance_cleanup_logs to 2026-04-08 00:00:00+00:00, run_after=2026-04-09 00:00:00+00:00
[2026-04-08T14:46:02.533+0000] {processor.py:183} INFO - Processing /opt/airflow/dags/maintenance_logs.py took 0.370 seconds
[2026-04-08T14:46:33.447+0000] {processor.py:161} INFO - Started process (PID=364) to work on /opt/airflow/dags/maintenance_logs.py
[2026-04-08T14:46:33.450+0000] {processor.py:830} INFO - Processing file /opt/airflow/dags/maintenance_logs.py for tasks to queue
[2026-04-08T14:46:33.458+0000] {logging_mixin.py:188} INFO - [2026-04-08T14:46:33.457+0000] {dagbag.py:545} INFO - Filling up the DagBag from /opt/airflow/dags/maintenance_logs.py
[2026-04-08T14:46:33.515+0000] {processor.py:840} INFO - DAG(s) 'maintenance_cleanup_logs' retrieved from /opt/airflow/dags/maintenance_logs.py
[2026-04-08T14:46:33.611+0000] {logging_mixin.py:188} INFO - [2026-04-08T14:46:33.610+0000] {dag.py:3089} INFO - Sync 1 DAGs
[2026-04-08T14:46:33.661+0000] {logging_mixin.py:188} INFO - [2026-04-08T14:46:33.660+0000] {dag.py:3947} INFO - Setting next_dagrun for maintenance_cleanup_logs to 2026-04-08 00:00:00+00:00, run_after=2026-04-09 00:00:00+00:00
[2026-04-08T14:46:33.723+0000] {processor.py:183} INFO - Processing /opt/airflow/dags/maintenance_logs.py took 0.298 seconds
[2026-04-08T14:47:04.289+0000] {processor.py:161} INFO - Started process (PID=374) to work on /opt/airflow/dags/maintenance_logs.py
[2026-04-08T14:47:04.291+0000] {processor.py:830} INFO - Processing file /opt/airflow/dags/maintenance_logs.py for tasks to queue
[2026-04-08T14:47:04.297+0000] {logging_mixin.py:188} INFO - [2026-04-08T14:47:04.296+0000] {dagbag.py:545} INFO - Filling up the DagBag from /opt/airflow/dags/maintenance_logs.py
[2026-04-08T14:47:04.384+0000] {processor.py:840} INFO - DAG(s) 'maintenance_cleanup_logs' retrieved from /opt/airflow/dags/maintenance_logs.py
[2026-04-08T14:47:04.558+0000] {logging_mixin.py:188} INFO - [2026-04-08T14:47:04.558+0000] {dag.py:3089} INFO - Sync 1 DAGs
[2026-04-08T14:47:04.610+0000] {logging_mixin.py:188} INFO - [2026-04-08T14:47:04.609+0000] {dag.py:3947} INFO - Setting next_dagrun for maintenance_cleanup_logs to 2026-04-08 00:00:00+00:00, run_after=2026-04-09 00:00:00+00:00
[2026-04-08T14:47:04.652+0000] {processor.py:183} INFO - Processing /opt/airflow/dags/maintenance_logs.py took 0.375 seconds
[2026-04-08T14:47:35.181+0000] {processor.py:161} INFO - Started process (PID=384) to work on /opt/airflow/dags/maintenance_logs.py
[2026-04-08T14:47:35.183+0000] {processor.py:830} INFO - Processing file /opt/airflow/dags/maintenance_logs.py for tasks to queue
[2026-04-08T14:47:35.190+0000] {logging_mixin.py:188} INFO - [2026-04-08T14:47:35.189+0000] {dagbag.py:545} INFO - Filling up the DagBag from /opt/airflow/dags/maintenance_logs.py
[2026-04-08T14:47:35.252+0000] {processor.py:840} INFO - DAG(s) 'maintenance_cleanup_logs' retrieved from /opt/airflow/dags/maintenance_logs.py
[2026-04-08T14:47:35.387+0000] {logging_mixin.py:188} INFO - [2026-04-08T14:47:35.385+0000] {dag.py:3089} INFO - Sync 1 DAGs
[2026-04-08T14:47:35.435+0000] {logging_mixin.py:188} INFO - [2026-04-08T14:47:35.435+0000] {dag.py:3947} INFO - Setting next_dagrun for maintenance_cleanup_logs to 2026-04-08 00:00:00+00:00, run_after=2026-04-09 00:00:00+00:00
[2026-04-08T14:47:35.492+0000] {processor.py:183} INFO - Processing /opt/airflow/dags/maintenance_logs.py took 0.327 seconds
[2026-04-08T14:48:06.386+0000] {processor.py:161} INFO - Started process (PID=394) to work on /opt/airflow/dags/maintenance_logs.py
[2026-04-08T14:48:06.391+0000] {processor.py:830} INFO - Processing file /opt/airflow/dags/maintenance_logs.py for tasks to queue
[2026-04-08T14:48:06.399+0000] {logging_mixin.py:188} INFO - [2026-04-08T14:48:06.397+0000] {dagbag.py:545} INFO - Filling up the DagBag from /opt/airflow/dags/maintenance_logs.py
[2026-04-08T14:48:06.552+0000] {processor.py:840} INFO - DAG(s) 'maintenance_cleanup_logs' retrieved from /opt/airflow/dags/maintenance_logs.py
[2026-04-08T14:48:06.715+0000] {logging_mixin.py:188} INFO - [2026-04-08T14:48:06.715+0000] {dag.py:3089} INFO - Sync 1 DAGs
[2026-04-08T14:48:06.774+0000] {logging_mixin.py:188} INFO - [2026-04-08T14:48:06.774+0000] {dag.py:3947} INFO - Setting next_dagrun for maintenance_cleanup_logs to 2026-04-08 00:00:00+00:00, run_after=2026-04-09 00:00:00+00:00
[2026-04-08T14:48:06.840+0000] {processor.py:183} INFO - Processing /opt/airflow/dags/maintenance_logs.py took 0.484 seconds
[2026-04-08T14:48:37.662+0000] {processor.py:161} INFO - Started process (PID=404) to work on /opt/airflow/dags/maintenance_logs.py
[2026-04-08T14:48:37.665+0000] {processor.py:830} INFO - Processing file /opt/airflow/dags/maintenance_logs.py for tasks to queue
[2026-04-08T14:48:37.669+0000] {logging_mixin.py:188} INFO - [2026-04-08T14:48:37.668+0000] {dagbag.py:545} INFO - Filling up the DagBag from /opt/airflow/dags/maintenance_logs.py
[2026-04-08T14:48:37.732+0000] {processor.py:840} INFO - DAG(s) 'maintenance_cleanup_logs' retrieved from /opt/airflow/dags/maintenance_logs.py
[2026-04-08T14:48:37.895+0000] {logging_mixin.py:188} INFO - [2026-04-08T14:48:37.894+0000] {dag.py:3089} INFO - Sync 1 DAGs
[2026-04-08T14:48:37.978+0000] {logging_mixin.py:188} INFO - [2026-04-08T14:48:37.976+0000] {dag.py:3947} INFO - Setting next_dagrun for maintenance_cleanup_logs to 2026-04-08 00:00:00+00:00, run_after=2026-04-09 00:00:00+00:00
[2026-04-08T14:48:38.071+0000] {processor.py:183} INFO - Processing /opt/airflow/dags/maintenance_logs.py took 0.443 seconds
[2026-04-08T14:49:08.244+0000] {processor.py:161} INFO - Started process (PID=414) to work on /opt/airflow/dags/maintenance_logs.py
[2026-04-08T14:49:08.246+0000] {processor.py:830} INFO - Processing file /opt/airflow/dags/maintenance_logs.py for tasks to queue
[2026-04-08T14:49:08.249+0000] {logging_mixin.py:188} INFO - [2026-04-08T14:49:08.249+0000] {dagbag.py:545} INFO - Filling up the DagBag from /opt/airflow/dags/maintenance_logs.py
[2026-04-08T14:49:08.307+0000] {processor.py:840} INFO - DAG(s) 'maintenance_cleanup_logs' retrieved from /opt/airflow/dags/maintenance_logs.py
[2026-04-08T14:49:08.408+0000] {logging_mixin.py:188} INFO - [2026-04-08T14:49:08.408+0000] {dag.py:3089} INFO - Sync 1 DAGs
[2026-04-08T14:49:08.452+0000] {logging_mixin.py:188} INFO - [2026-04-08T14:49:08.452+0000] {dag.py:3947} INFO - Setting next_dagrun for maintenance_cleanup_logs to 2026-04-08 00:00:00+00:00, run_after=2026-04-09 00:00:00+00:00
[2026-04-08T14:49:08.513+0000] {processor.py:183} INFO - Processing /opt/airflow/dags/maintenance_logs.py took 0.288 seconds
[2026-04-08T14:49:39.496+0000] {processor.py:161} INFO - Started process (PID=424) to work on /opt/airflow/dags/maintenance_logs.py
[2026-04-08T14:49:39.515+0000] {processor.py:830} INFO - Processing file /opt/airflow/dags/maintenance_logs.py for tasks to queue
[2026-04-08T14:49:39.529+0000] {logging_mixin.py:188} INFO - [2026-04-08T14:49:39.528+0000] {dagbag.py:545} INFO - Filling up the DagBag from /opt/airflow/dags/maintenance_logs.py
[2026-04-08T14:49:39.599+0000] {processor.py:840} INFO - DAG(s) 'maintenance_cleanup_logs' retrieved from /opt/airflow/dags/maintenance_logs.py
[2026-04-08T14:49:39.782+0000] {logging_mixin.py:188} INFO - [2026-04-08T14:49:39.781+0000] {dag.py:3089} INFO - Sync 1 DAGs
[2026-04-08T14:49:39.863+0000] {logging_mixin.py:188} INFO - [2026-04-08T14:49:39.863+0000] {dag.py:3947} INFO - Setting next_dagrun for maintenance_cleanup_logs to 2026-04-08 00:00:00+00:00, run_after=2026-04-09 00:00:00+00:00
[2026-04-08T14:49:39.913+0000] {processor.py:183} INFO - Processing /opt/airflow/dags/maintenance_logs.py took 0.572 seconds
[2026-04-08T14:50:10.276+0000] {processor.py:161} INFO - Started process (PID=434) to work on /opt/airflow/dags/maintenance_logs.py
[2026-04-08T14:50:10.278+0000] {processor.py:830} INFO - Processing file /opt/airflow/dags/maintenance_logs.py for tasks to queue
[2026-04-08T14:50:10.281+0000] {logging_mixin.py:188} INFO - [2026-04-08T14:50:10.281+0000] {dagbag.py:545} INFO - Filling up the DagBag from /opt/airflow/dags/maintenance_logs.py
[2026-04-08T14:50:10.356+0000] {processor.py:840} INFO - DAG(s) 'maintenance_cleanup_logs' retrieved from /opt/airflow/dags/maintenance_logs.py
[2026-04-08T14:50:10.523+0000] {logging_mixin.py:188} INFO - [2026-04-08T14:50:10.522+0000] {dag.py:3089} INFO - Sync 1 DAGs
[2026-04-08T14:50:10.603+0000] {logging_mixin.py:188} INFO - [2026-04-08T14:50:10.602+0000] {dag.py:3947} INFO - Setting next_dagrun for maintenance_cleanup_logs to 2026-04-08 00:00:00+00:00, run_after=2026-04-09 00:00:00+00:00
[2026-04-08T14:50:10.681+0000] {processor.py:183} INFO - Processing /opt/airflow/dags/maintenance_logs.py took 0.418 seconds
[2026-04-08T14:50:41.137+0000] {processor.py:161} INFO - Started process (PID=444) to work on /opt/airflow/dags/maintenance_logs.py
[2026-04-08T14:50:41.142+0000] {processor.py:830} INFO - Processing file /opt/airflow/dags/maintenance_logs.py for tasks to queue
[2026-04-08T14:50:41.151+0000] {logging_mixin.py:188} INFO - [2026-04-08T14:50:41.149+0000] {dagbag.py:545} INFO - Filling up the DagBag from /opt/airflow/dags/maintenance_logs.py
[2026-04-08T14:50:41.242+0000] {processor.py:840} INFO - DAG(s) 'maintenance_cleanup_logs' retrieved from /opt/airflow/dags/maintenance_logs.py
[2026-04-08T14:50:41.396+0000] {logging_mixin.py:188} INFO - [2026-04-08T14:50:41.395+0000] {dag.py:3089} INFO - Sync 1 DAGs
[2026-04-08T14:50:41.469+0000] {logging_mixin.py:188} INFO - [2026-04-08T14:50:41.469+0000] {dag.py:3947} INFO - Setting next_dagrun for maintenance_cleanup_logs to 2026-04-08 00:00:00+00:00, run_after=2026-04-09 00:00:00+00:00
[2026-04-08T14:50:41.540+0000] {processor.py:183} INFO - Processing /opt/airflow/dags/maintenance_logs.py took 0.441 seconds
[2026-04-08T14:51:12.376+0000] {processor.py:161} INFO - Started process (PID=454) to work on /opt/airflow/dags/maintenance_logs.py
[2026-04-08T14:51:12.380+0000] {processor.py:830} INFO - Processing file /opt/airflow/dags/maintenance_logs.py for tasks to queue
[2026-04-08T14:51:12.391+0000] {logging_mixin.py:188} INFO - [2026-04-08T14:51:12.388+0000] {dagbag.py:545} INFO - Filling up the DagBag from /opt/airflow/dags/maintenance_logs.py
[2026-04-08T14:51:12.552+0000] {processor.py:840} INFO - DAG(s) 'maintenance_cleanup_logs' retrieved from /opt/airflow/dags/maintenance_logs.py
[2026-04-08T14:51:12.672+0000] {logging_mixin.py:188} INFO - [2026-04-08T14:51:12.671+0000] {dag.py:3089} INFO - Sync 1 DAGs
[2026-04-08T14:51:12.722+0000] {logging_mixin.py:188} INFO - [2026-04-08T14:51:12.722+0000] {dag.py:3947} INFO - Setting next_dagrun for maintenance_cleanup_logs to 2026-04-08 00:00:00+00:00, run_after=2026-04-09 00:00:00+00:00
[2026-04-08T14:51:12.782+0000] {processor.py:183} INFO - Processing /opt/airflow/dags/maintenance_logs.py took 0.434 seconds
[2026-04-08T14:51:43.070+0000] {processor.py:161} INFO - Started process (PID=464) to work on /opt/airflow/dags/maintenance_logs.py
[2026-04-08T14:51:43.072+0000] {processor.py:830} INFO - Processing file /opt/airflow/dags/maintenance_logs.py for tasks to queue
[2026-04-08T14:51:43.079+0000] {logging_mixin.py:188} INFO - [2026-04-08T14:51:43.078+0000] {dagbag.py:545} INFO - Filling up the DagBag from /opt/airflow/dags/maintenance_logs.py
[2026-04-08T14:51:43.140+0000] {processor.py:840} INFO - DAG(s) 'maintenance_cleanup_logs' retrieved from /opt/airflow/dags/maintenance_logs.py
[2026-04-08T14:51:43.247+0000] {logging_mixin.py:188} INFO - [2026-04-08T14:51:43.247+0000] {dag.py:3089} INFO - Sync 1 DAGs
[2026-04-08T14:51:43.291+0000] {logging_mixin.py:188} INFO - [2026-04-08T14:51:43.291+0000] {dag.py:3947} INFO - Setting next_dagrun for maintenance_cleanup_logs to 2026-04-08 00:00:00+00:00, run_after=2026-04-09 00:00:00+00:00
[2026-04-08T14:51:43.339+0000] {processor.py:183} INFO - Processing /opt/airflow/dags/maintenance_logs.py took 0.282 seconds
[2026-04-08T14:52:14.128+0000] {processor.py:161} INFO - Started process (PID=474) to work on /opt/airflow/dags/maintenance_logs.py
[2026-04-08T14:52:14.130+0000] {processor.py:830} INFO - Processing file /opt/airflow/dags/maintenance_logs.py for tasks to queue
[2026-04-08T14:52:14.134+0000] {logging_mixin.py:188} INFO - [2026-04-08T14:52:14.133+0000] {dagbag.py:545} INFO - Filling up the DagBag from /opt/airflow/dags/maintenance_logs.py
[2026-04-08T14:52:14.187+0000] {processor.py:840} INFO - DAG(s) 'maintenance_cleanup_logs' retrieved from /opt/airflow/dags/maintenance_logs.py
[2026-04-08T14:52:14.282+0000] {logging_mixin.py:188} INFO - [2026-04-08T14:52:14.282+0000] {dag.py:3089} INFO - Sync 1 DAGs
[2026-04-08T14:52:14.333+0000] {logging_mixin.py:188} INFO - [2026-04-08T14:52:14.333+0000] {dag.py:3947} INFO - Setting next_dagrun for maintenance_cleanup_logs to 2026-04-08 00:00:00+00:00, run_after=2026-04-09 00:00:00+00:00
[2026-04-08T14:52:14.384+0000] {processor.py:183} INFO - Processing /opt/airflow/dags/maintenance_logs.py took 0.273 seconds
[2026-04-08T14:52:44.777+0000] {processor.py:161} INFO - Started process (PID=484) to work on /opt/airflow/dags/maintenance_logs.py
[2026-04-08T14:52:44.780+0000] {processor.py:830} INFO - Processing file /opt/airflow/dags/maintenance_logs.py for tasks to queue
[2026-04-08T14:52:44.783+0000] {logging_mixin.py:188} INFO - [2026-04-08T14:52:44.783+0000] {dagbag.py:545} INFO - Filling up the DagBag from /opt/airflow/dags/maintenance_logs.py
[2026-04-08T14:52:44.886+0000] {processor.py:840} INFO - DAG(s) 'maintenance_cleanup_logs' retrieved from /opt/airflow/dags/maintenance_logs.py
[2026-04-08T14:52:45.127+0000] {logging_mixin.py:188} INFO - [2026-04-08T14:52:45.127+0000] {dag.py:3089} INFO - Sync 1 DAGs
[2026-04-08T14:52:45.186+0000] {logging_mixin.py:188} INFO - [2026-04-08T14:52:45.185+0000] {dag.py:3947} INFO - Setting next_dagrun for maintenance_cleanup_logs to 2026-04-08 00:00:00+00:00, run_after=2026-04-09 00:00:00+00:00
[2026-04-08T14:52:45.262+0000] {processor.py:183} INFO - Processing /opt/airflow/dags/maintenance_logs.py took 0.496 seconds
[2026-04-08T14:53:16.023+0000] {processor.py:161} INFO - Started process (PID=494) to work on /opt/airflow/dags/maintenance_logs.py
[2026-04-08T14:53:16.025+0000] {processor.py:830} INFO - Processing file /opt/airflow/dags/maintenance_logs.py for tasks to queue
[2026-04-08T14:53:16.029+0000] {logging_mixin.py:188} INFO - [2026-04-08T14:53:16.028+0000] {dagbag.py:545} INFO - Filling up the DagBag from /opt/airflow/dags/maintenance_logs.py
[2026-04-08T14:53:16.080+0000] {processor.py:840} INFO - DAG(s) 'maintenance_cleanup_logs' retrieved from /opt/airflow/dags/maintenance_logs.py
[2026-04-08T14:53:16.177+0000] {logging_mixin.py:188} INFO - [2026-04-08T14:53:16.176+0000] {dag.py:3089} INFO - Sync 1 DAGs
[2026-04-08T14:53:16.222+0000] {logging_mixin.py:188} INFO - [2026-04-08T14:53:16.221+0000] {dag.py:3947} INFO - Setting next_dagrun for maintenance_cleanup_logs to 2026-04-08 00:00:00+00:00, run_after=2026-04-09 00:00:00+00:00
[2026-04-08T14:53:16.278+0000] {processor.py:183} INFO - Processing /opt/airflow/dags/maintenance_logs.py took 0.265 seconds
[2026-04-08T14:53:46.867+0000] {processor.py:161} INFO - Started process (PID=504) to work on /opt/airflow/dags/maintenance_logs.py
[2026-04-08T14:53:46.871+0000] {processor.py:830} INFO - Processing file /opt/airflow/dags/maintenance_logs.py for tasks to queue
[2026-04-08T14:53:46.880+0000] {logging_mixin.py:188} INFO - [2026-04-08T14:53:46.878+0000] {dagbag.py:545} INFO - Filling up the DagBag from /opt/airflow/dags/maintenance_logs.py
[2026-04-08T14:53:47.004+0000] {processor.py:840} INFO - DAG(s) 'maintenance_cleanup_logs' retrieved from /opt/airflow/dags/maintenance_logs.py
[2026-04-08T14:53:47.133+0000] {logging_mixin.py:188} INFO - [2026-04-08T14:53:47.132+0000] {dag.py:3089} INFO - Sync 1 DAGs
[2026-04-08T14:53:47.185+0000] {logging_mixin.py:188} INFO - [2026-04-08T14:53:47.184+0000] {dag.py:3947} INFO - Setting next_dagrun for maintenance_cleanup_logs to 2026-04-08 00:00:00+00:00, run_after=2026-04-09 00:00:00+00:00
[2026-04-08T14:53:47.250+0000] {processor.py:183} INFO - Processing /opt/airflow/dags/maintenance_logs.py took 0.413 seconds
[2026-04-08T14:54:17.437+0000] {processor.py:161} INFO - Started process (PID=514) to work on /opt/airflow/dags/maintenance_logs.py
[2026-04-08T14:54:17.440+0000] {processor.py:830} INFO - Processing file /opt/airflow/dags/maintenance_logs.py for tasks to queue
[2026-04-08T14:54:17.445+0000] {logging_mixin.py:188} INFO - [2026-04-08T14:54:17.445+0000] {dagbag.py:545} INFO - Filling up the DagBag from /opt/airflow/dags/maintenance_logs.py
[2026-04-08T14:54:17.505+0000] {processor.py:840} INFO - DAG(s) 'maintenance_cleanup_logs' retrieved from /opt/airflow/dags/maintenance_logs.py
[2026-04-08T14:54:17.636+0000] {logging_mixin.py:188} INFO - [2026-04-08T14:54:17.636+0000] {dag.py:3089} INFO - Sync 1 DAGs
[2026-04-08T14:54:17.687+0000] {logging_mixin.py:188} INFO - [2026-04-08T14:54:17.687+0000] {dag.py:3947} INFO - Setting next_dagrun for maintenance_cleanup_logs to 2026-04-08 00:00:00+00:00, run_after=2026-04-09 00:00:00+00:00
[2026-04-08T14:54:17.753+0000] {processor.py:183} INFO - Processing /opt/airflow/dags/maintenance_logs.py took 0.335 seconds
[2026-04-08T14:54:48.614+0000] {processor.py:161} INFO - Started process (PID=524) to work on /opt/airflow/dags/maintenance_logs.py
[2026-04-08T14:54:48.618+0000] {processor.py:830} INFO - Processing file /opt/airflow/dags/maintenance_logs.py for tasks to queue
[2026-04-08T14:54:48.626+0000] {logging_mixin.py:188} INFO - [2026-04-08T14:54:48.625+0000] {dagbag.py:545} INFO - Filling up the DagBag from /opt/airflow/dags/maintenance_logs.py
[2026-04-08T14:54:48.772+0000] {processor.py:840} INFO - DAG(s) 'maintenance_cleanup_logs' retrieved from /opt/airflow/dags/maintenance_logs.py
[2026-04-08T14:54:48.959+0000] {logging_mixin.py:188} INFO - [2026-04-08T14:54:48.959+0000] {dag.py:3089} INFO - Sync 1 DAGs
[2026-04-08T14:54:49.002+0000] {logging_mixin.py:188} INFO - [2026-04-08T14:54:49.002+0000] {dag.py:3947} INFO - Setting next_dagrun for maintenance_cleanup_logs to 2026-04-08 00:00:00+00:00, run_after=2026-04-09 00:00:00+00:00
[2026-04-08T14:54:49.054+0000] {processor.py:183} INFO - Processing /opt/airflow/dags/maintenance_logs.py took 0.471 seconds
[2026-04-08T14:57:43.941+0000] {processor.py:161} INFO - Started process (PID=180) to work on /opt/airflow/dags/maintenance_logs.py
[2026-04-08T14:57:43.957+0000] {processor.py:830} INFO - Processing file /opt/airflow/dags/maintenance_logs.py for tasks to queue
[2026-04-08T14:57:43.976+0000] {logging_mixin.py:188} INFO - [2026-04-08T14:57:43.975+0000] {dagbag.py:545} INFO - Filling up the DagBag from /opt/airflow/dags/maintenance_logs.py
[2026-04-08T14:57:44.269+0000] {processor.py:840} INFO - DAG(s) 'maintenance_cleanup_logs' retrieved from /opt/airflow/dags/maintenance_logs.py
[2026-04-08T14:57:44.638+0000] {logging_mixin.py:188} INFO - [2026-04-08T14:57:44.637+0000] {dag.py:3089} INFO - Sync 1 DAGs
[2026-04-08T14:57:44.746+0000] {logging_mixin.py:188} INFO - [2026-04-08T14:57:44.746+0000] {dag.py:3947} INFO - Setting next_dagrun for maintenance_cleanup_logs to 2026-04-08 00:00:00+00:00, run_after=2026-04-09 00:00:00+00:00
[2026-04-08T14:57:44.822+0000] {processor.py:183} INFO - Processing /opt/airflow/dags/maintenance_logs.py took 0.906 seconds
[2026-04-08T14:58:15.373+0000] {processor.py:161} INFO - Started process (PID=190) to work on /opt/airflow/dags/maintenance_logs.py
[2026-04-08T14:58:15.375+0000] {processor.py:830} INFO - Processing file /opt/airflow/dags/maintenance_logs.py for tasks to queue
[2026-04-08T14:58:15.386+0000] {logging_mixin.py:188} INFO - [2026-04-08T14:58:15.385+0000] {dagbag.py:545} INFO - Filling up the DagBag from /opt/airflow/dags/maintenance_logs.py
[2026-04-08T14:58:15.506+0000] {processor.py:840} INFO - DAG(s) 'maintenance_cleanup_logs' retrieved from /opt/airflow/dags/maintenance_logs.py
[2026-04-08T14:58:18.328+0000] {logging_mixin.py:188} INFO - [2026-04-08T14:58:18.328+0000] {dag.py:3089} INFO - Sync 1 DAGs
[2026-04-08T14:58:18.385+0000] {logging_mixin.py:188} INFO - [2026-04-08T14:58:18.384+0000] {dag.py:3947} INFO - Setting next_dagrun for maintenance_cleanup_logs to 2026-04-08 00:00:00+00:00, run_after=2026-04-09 00:00:00+00:00
[2026-04-08T14:58:18.459+0000] {processor.py:183} INFO - Processing /opt/airflow/dags/maintenance_logs.py took 3.107 seconds
[2026-04-08T14:58:49.114+0000] {processor.py:161} INFO - Started process (PID=200) to work on /opt/airflow/dags/maintenance_logs.py
[2026-04-08T14:58:49.117+0000] {processor.py:830} INFO - Processing file /opt/airflow/dags/maintenance_logs.py for tasks to queue
[2026-04-08T14:58:49.123+0000] {logging_mixin.py:188} INFO - [2026-04-08T14:58:49.120+0000] {dagbag.py:545} INFO - Filling up the DagBag from /opt/airflow/dags/maintenance_logs.py
[2026-04-08T14:58:49.206+0000] {processor.py:840} INFO - DAG(s) 'maintenance_cleanup_logs' retrieved from /opt/airflow/dags/maintenance_logs.py
[2026-04-08T14:58:49.378+0000] {logging_mixin.py:188} INFO - [2026-04-08T14:58:49.377+0000] {dag.py:3089} INFO - Sync 1 DAGs
[2026-04-08T14:58:50.744+0000] {logging_mixin.py:188} INFO - [2026-04-08T14:58:50.744+0000] {dag.py:3947} INFO - Setting next_dagrun for maintenance_cleanup_logs to 2026-04-08 00:00:00+00:00, run_after=2026-04-09 00:00:00+00:00
[2026-04-08T14:58:50.808+0000] {processor.py:183} INFO - Processing /opt/airflow/dags/maintenance_logs.py took 1.705 seconds
[2026-04-08T14:59:21.573+0000] {processor.py:161} INFO - Started process (PID=210) to work on /opt/airflow/dags/maintenance_logs.py
[2026-04-08T14:59:21.575+0000] {processor.py:830} INFO - Processing file /opt/airflow/dags/maintenance_logs.py for tasks to queue
[2026-04-08T14:59:21.579+0000] {logging_mixin.py:188} INFO - [2026-04-08T14:59:21.579+0000] {dagbag.py:545} INFO - Filling up the DagBag from /opt/airflow/dags/maintenance_logs.py
[2026-04-08T14:59:21.643+0000] {processor.py:840} INFO - DAG(s) 'maintenance_cleanup_logs' retrieved from /opt/airflow/dags/maintenance_logs.py
[2026-04-08T14:59:22.040+0000] {logging_mixin.py:188} INFO - [2026-04-08T14:59:22.040+0000] {dag.py:3089} INFO - Sync 1 DAGs
[2026-04-08T14:59:22.091+0000] {logging_mixin.py:188} INFO - [2026-04-08T14:59:22.091+0000] {dag.py:3947} INFO - Setting next_dagrun for maintenance_cleanup_logs to 2026-04-08 00:00:00+00:00, run_after=2026-04-09 00:00:00+00:00
[2026-04-08T14:59:22.149+0000] {processor.py:183} INFO - Processing /opt/airflow/dags/maintenance_logs.py took 0.587 seconds
[2026-04-08T14:59:53.030+0000] {processor.py:161} INFO - Started process (PID=220) to work on /opt/airflow/dags/maintenance_logs.py
[2026-04-08T14:59:53.032+0000] {processor.py:830} INFO - Processing file /opt/airflow/dags/maintenance_logs.py for tasks to queue
[2026-04-08T14:59:53.039+0000] {logging_mixin.py:188} INFO - [2026-04-08T14:59:53.038+0000] {dagbag.py:545} INFO - Filling up the DagBag from /opt/airflow/dags/maintenance_logs.py
[2026-04-08T14:59:53.317+0000] {processor.py:840} INFO - DAG(s) 'maintenance_cleanup_logs' retrieved from /opt/airflow/dags/maintenance_logs.py
[2026-04-08T14:59:53.429+0000] {logging_mixin.py:188} INFO - [2026-04-08T14:59:53.429+0000] {dag.py:3089} INFO - Sync 1 DAGs
[2026-04-08T14:59:53.500+0000] {logging_mixin.py:188} INFO - [2026-04-08T14:59:53.498+0000] {dag.py:3947} INFO - Setting next_dagrun for maintenance_cleanup_logs to 2026-04-08 00:00:00+00:00, run_after=2026-04-09 00:00:00+00:00
[2026-04-08T14:59:53.568+0000] {processor.py:183} INFO - Processing /opt/airflow/dags/maintenance_logs.py took 0.551 seconds
[2026-04-08T15:00:23.716+0000] {processor.py:161} INFO - Started process (PID=230) to work on /opt/airflow/dags/maintenance_logs.py
[2026-04-08T15:00:23.718+0000] {processor.py:830} INFO - Processing file /opt/airflow/dags/maintenance_logs.py for tasks to queue
[2026-04-08T15:00:23.721+0000] {logging_mixin.py:188} INFO - [2026-04-08T15:00:23.721+0000] {dagbag.py:545} INFO - Filling up the DagBag from /opt/airflow/dags/maintenance_logs.py
[2026-04-08T15:00:23.765+0000] {processor.py:840} INFO - DAG(s) 'maintenance_cleanup_logs' retrieved from /opt/airflow/dags/maintenance_logs.py
[2026-04-08T15:00:23.999+0000] {logging_mixin.py:188} INFO - [2026-04-08T15:00:23.998+0000] {dag.py:3089} INFO - Sync 1 DAGs
[2026-04-08T15:00:24.086+0000] {logging_mixin.py:188} INFO - [2026-04-08T15:00:24.085+0000] {dag.py:3947} INFO - Setting next_dagrun for maintenance_cleanup_logs to 2026-04-08 00:00:00+00:00, run_after=2026-04-09 00:00:00+00:00
[2026-04-08T15:00:24.249+0000] {processor.py:183} INFO - Processing /opt/airflow/dags/maintenance_logs.py took 0.546 seconds
[2026-04-08T15:00:55.074+0000] {processor.py:161} INFO - Started process (PID=240) to work on /opt/airflow/dags/maintenance_logs.py
[2026-04-08T15:00:55.079+0000] {processor.py:830} INFO - Processing file /opt/airflow/dags/maintenance_logs.py for tasks to queue
[2026-04-08T15:00:55.090+0000] {logging_mixin.py:188} INFO - [2026-04-08T15:00:55.089+0000] {dagbag.py:545} INFO - Filling up the DagBag from /opt/airflow/dags/maintenance_logs.py
[2026-04-08T15:00:55.260+0000] {processor.py:840} INFO - DAG(s) 'maintenance_cleanup_logs' retrieved from /opt/airflow/dags/maintenance_logs.py
[2026-04-08T15:00:55.434+0000] {logging_mixin.py:188} INFO - [2026-04-08T15:00:55.433+0000] {dag.py:3089} INFO - Sync 1 DAGs
[2026-04-08T15:00:55.487+0000] {logging_mixin.py:188} INFO - [2026-04-08T15:00:55.486+0000] {dag.py:3947} INFO - Setting next_dagrun for maintenance_cleanup_logs to 2026-04-08 00:00:00+00:00, run_after=2026-04-09 00:00:00+00:00
[2026-04-08T15:00:55.536+0000] {processor.py:183} INFO - Processing /opt/airflow/dags/maintenance_logs.py took 0.492 seconds
[2026-04-08T15:01:26.270+0000] {processor.py:161} INFO - Started process (PID=250) to work on /opt/airflow/dags/maintenance_logs.py
[2026-04-08T15:01:26.272+0000] {processor.py:830} INFO - Processing file /opt/airflow/dags/maintenance_logs.py for tasks to queue
[2026-04-08T15:01:26.275+0000] {logging_mixin.py:188} INFO - [2026-04-08T15:01:26.275+0000] {dagbag.py:545} INFO - Filling up the DagBag from /opt/airflow/dags/maintenance_logs.py
[2026-04-08T15:01:26.326+0000] {processor.py:840} INFO - DAG(s) 'maintenance_cleanup_logs' retrieved from /opt/airflow/dags/maintenance_logs.py
[2026-04-08T15:01:26.447+0000] {logging_mixin.py:188} INFO - [2026-04-08T15:01:26.447+0000] {dag.py:3089} INFO - Sync 1 DAGs
[2026-04-08T15:01:26.510+0000] {logging_mixin.py:188} INFO - [2026-04-08T15:01:26.510+0000] {dag.py:3947} INFO - Setting next_dagrun for maintenance_cleanup_logs to 2026-04-08 00:00:00+00:00, run_after=2026-04-09 00:00:00+00:00
[2026-04-08T15:01:26.586+0000] {processor.py:183} INFO - Processing /opt/airflow/dags/maintenance_logs.py took 0.330 seconds
[2026-04-08T15:04:02.173+0000] {processor.py:161} INFO - Started process (PID=182) to work on /opt/airflow/dags/maintenance_logs.py
[2026-04-08T15:04:02.176+0000] {processor.py:830} INFO - Processing file /opt/airflow/dags/maintenance_logs.py for tasks to queue
[2026-04-08T15:04:02.181+0000] {logging_mixin.py:188} INFO - [2026-04-08T15:04:02.181+0000] {dagbag.py:545} INFO - Filling up the DagBag from /opt/airflow/dags/maintenance_logs.py
[2026-04-08T15:04:02.268+0000] {processor.py:840} INFO - DAG(s) 'maintenance_cleanup_logs' retrieved from /opt/airflow/dags/maintenance_logs.py
[2026-04-08T15:04:02.414+0000] {logging_mixin.py:188} INFO - [2026-04-08T15:04:02.413+0000] {dag.py:3089} INFO - Sync 1 DAGs
[2026-04-08T15:04:02.496+0000] {logging_mixin.py:188} INFO - [2026-04-08T15:04:02.495+0000] {dag.py:3947} INFO - Setting next_dagrun for maintenance_cleanup_logs to 2026-04-08 00:00:00+00:00, run_after=2026-04-09 00:00:00+00:00
[2026-04-08T15:04:02.554+0000] {processor.py:183} INFO - Processing /opt/airflow/dags/maintenance_logs.py took 0.393 seconds
[2026-04-08T15:04:33.041+0000] {processor.py:161} INFO - Started process (PID=192) to work on /opt/airflow/dags/maintenance_logs.py
[2026-04-08T15:04:33.046+0000] {processor.py:830} INFO - Processing file /opt/airflow/dags/maintenance_logs.py for tasks to queue
[2026-04-08T15:04:33.064+0000] {logging_mixin.py:188} INFO - [2026-04-08T15:04:33.060+0000] {dagbag.py:545} INFO - Filling up the DagBag from /opt/airflow/dags/maintenance_logs.py
[2026-04-08T15:04:33.158+0000] {processor.py:840} INFO - DAG(s) 'maintenance_cleanup_logs' retrieved from /opt/airflow/dags/maintenance_logs.py
[2026-04-08T15:04:35.558+0000] {logging_mixin.py:188} INFO - [2026-04-08T15:04:35.557+0000] {dag.py:3089} INFO - Sync 1 DAGs
[2026-04-08T15:04:35.703+0000] {logging_mixin.py:188} INFO - [2026-04-08T15:04:35.702+0000] {dag.py:3947} INFO - Setting next_dagrun for maintenance_cleanup_logs to 2026-04-08 00:00:00+00:00, run_after=2026-04-09 00:00:00+00:00
[2026-04-08T15:04:35.781+0000] {processor.py:183} INFO - Processing /opt/airflow/dags/maintenance_logs.py took 2.772 seconds
[2026-04-08T15:05:06.473+0000] {processor.py:161} INFO - Started process (PID=202) to work on /opt/airflow/dags/maintenance_logs.py
[2026-04-08T15:05:06.500+0000] {processor.py:830} INFO - Processing file /opt/airflow/dags/maintenance_logs.py for tasks to queue
[2026-04-08T15:05:06.504+0000] {logging_mixin.py:188} INFO - [2026-04-08T15:05:06.503+0000] {dagbag.py:545} INFO - Filling up the DagBag from /opt/airflow/dags/maintenance_logs.py
[2026-04-08T15:05:06.619+0000] {processor.py:840} INFO - DAG(s) 'maintenance_cleanup_logs' retrieved from /opt/airflow/dags/maintenance_logs.py
[2026-04-08T15:05:06.897+0000] {logging_mixin.py:188} INFO - [2026-04-08T15:05:06.897+0000] {dag.py:3089} INFO - Sync 1 DAGs
[2026-04-08T15:05:07.579+0000] {logging_mixin.py:188} INFO - [2026-04-08T15:05:07.578+0000] {dag.py:3947} INFO - Setting next_dagrun for maintenance_cleanup_logs to 2026-04-08 00:00:00+00:00, run_after=2026-04-09 00:00:00+00:00
[2026-04-08T15:05:07.634+0000] {processor.py:183} INFO - Processing /opt/airflow/dags/maintenance_logs.py took 1.188 seconds
[2026-04-08T15:05:38.045+0000] {processor.py:161} INFO - Started process (PID=212) to work on /opt/airflow/dags/maintenance_logs.py
[2026-04-08T15:05:38.048+0000] {processor.py:830} INFO - Processing file /opt/airflow/dags/maintenance_logs.py for tasks to queue
[2026-04-08T15:05:38.055+0000] {logging_mixin.py:188} INFO - [2026-04-08T15:05:38.053+0000] {dagbag.py:545} INFO - Filling up the DagBag from /opt/airflow/dags/maintenance_logs.py
[2026-04-08T15:05:38.122+0000] {processor.py:840} INFO - DAG(s) 'maintenance_cleanup_logs' retrieved from /opt/airflow/dags/maintenance_logs.py
[2026-04-08T15:05:38.843+0000] {logging_mixin.py:188} INFO - [2026-04-08T15:05:38.842+0000] {dag.py:3089} INFO - Sync 1 DAGs
[2026-04-08T15:05:38.911+0000] {logging_mixin.py:188} INFO - [2026-04-08T15:05:38.910+0000] {dag.py:3947} INFO - Setting next_dagrun for maintenance_cleanup_logs to 2026-04-08 00:00:00+00:00, run_after=2026-04-09 00:00:00+00:00
[2026-04-08T15:05:38.979+0000] {processor.py:183} INFO - Processing /opt/airflow/dags/maintenance_logs.py took 0.953 seconds
[2026-04-08T15:06:09.484+0000] {processor.py:161} INFO - Started process (PID=222) to work on /opt/airflow/dags/maintenance_logs.py
[2026-04-08T15:06:09.487+0000] {processor.py:830} INFO - Processing file /opt/airflow/dags/maintenance_logs.py for tasks to queue
[2026-04-08T15:06:09.492+0000] {logging_mixin.py:188} INFO - [2026-04-08T15:06:09.492+0000] {dagbag.py:545} INFO - Filling up the DagBag from /opt/airflow/dags/maintenance_logs.py
[2026-04-08T15:06:09.838+0000] {processor.py:840} INFO - DAG(s) 'maintenance_cleanup_logs' retrieved from /opt/airflow/dags/maintenance_logs.py
[2026-04-08T15:06:09.936+0000] {logging_mixin.py:188} INFO - [2026-04-08T15:06:09.936+0000] {dag.py:3089} INFO - Sync 1 DAGs
[2026-04-08T15:06:09.977+0000] {logging_mixin.py:188} INFO - [2026-04-08T15:06:09.977+0000] {dag.py:3947} INFO - Setting next_dagrun for maintenance_cleanup_logs to 2026-04-08 00:00:00+00:00, run_after=2026-04-09 00:00:00+00:00
[2026-04-08T15:06:10.034+0000] {processor.py:183} INFO - Processing /opt/airflow/dags/maintenance_logs.py took 0.564 seconds
[2026-04-08T15:06:40.692+0000] {processor.py:161} INFO - Started process (PID=232) to work on /opt/airflow/dags/maintenance_logs.py
[2026-04-08T15:06:40.694+0000] {processor.py:830} INFO - Processing file /opt/airflow/dags/maintenance_logs.py for tasks to queue
[2026-04-08T15:06:40.697+0000] {logging_mixin.py:188} INFO - [2026-04-08T15:06:40.697+0000] {dagbag.py:545} INFO - Filling up the DagBag from /opt/airflow/dags/maintenance_logs.py
[2026-04-08T15:06:40.752+0000] {processor.py:840} INFO - DAG(s) 'maintenance_cleanup_logs' retrieved from /opt/airflow/dags/maintenance_logs.py
[2026-04-08T15:06:40.871+0000] {logging_mixin.py:188} INFO - [2026-04-08T15:06:40.871+0000] {dag.py:3089} INFO - Sync 1 DAGs
[2026-04-08T15:06:40.921+0000] {logging_mixin.py:188} INFO - [2026-04-08T15:06:40.920+0000] {dag.py:3947} INFO - Setting next_dagrun for maintenance_cleanup_logs to 2026-04-08 00:00:00+00:00, run_after=2026-04-09 00:00:00+00:00
[2026-04-08T15:06:40.981+0000] {processor.py:183} INFO - Processing /opt/airflow/dags/maintenance_logs.py took 0.301 seconds
[2026-04-08T15:07:11.315+0000] {processor.py:161} INFO - Started process (PID=242) to work on /opt/airflow/dags/maintenance_logs.py
[2026-04-08T15:07:11.317+0000] {processor.py:830} INFO - Processing file /opt/airflow/dags/maintenance_logs.py for tasks to queue
[2026-04-08T15:07:11.322+0000] {logging_mixin.py:188} INFO - [2026-04-08T15:07:11.321+0000] {dagbag.py:545} INFO - Filling up the DagBag from /opt/airflow/dags/maintenance_logs.py
[2026-04-08T15:07:11.369+0000] {processor.py:840} INFO - DAG(s) 'maintenance_cleanup_logs' retrieved from /opt/airflow/dags/maintenance_logs.py
[2026-04-08T15:07:11.465+0000] {logging_mixin.py:188} INFO - [2026-04-08T15:07:11.465+0000] {dag.py:3089} INFO - Sync 1 DAGs
[2026-04-08T15:07:11.523+0000] {logging_mixin.py:188} INFO - [2026-04-08T15:07:11.523+0000] {dag.py:3947} INFO - Setting next_dagrun for maintenance_cleanup_logs to 2026-04-08 00:00:00+00:00, run_after=2026-04-09 00:00:00+00:00
[2026-04-08T15:07:11.576+0000] {processor.py:183} INFO - Processing /opt/airflow/dags/maintenance_logs.py took 0.275 seconds
[2026-04-08T15:07:42.239+0000] {processor.py:161} INFO - Started process (PID=254) to work on /opt/airflow/dags/maintenance_logs.py
[2026-04-08T15:07:42.242+0000] {processor.py:830} INFO - Processing file /opt/airflow/dags/maintenance_logs.py for tasks to queue
[2026-04-08T15:07:42.246+0000] {logging_mixin.py:188} INFO - [2026-04-08T15:07:42.245+0000] {dagbag.py:545} INFO - Filling up the DagBag from /opt/airflow/dags/maintenance_logs.py
[2026-04-08T15:07:42.296+0000] {processor.py:840} INFO - DAG(s) 'maintenance_cleanup_logs' retrieved from /opt/airflow/dags/maintenance_logs.py
[2026-04-08T15:07:42.414+0000] {logging_mixin.py:188} INFO - [2026-04-08T15:07:42.413+0000] {dag.py:3089} INFO - Sync 1 DAGs
[2026-04-08T15:07:42.468+0000] {logging_mixin.py:188} INFO - [2026-04-08T15:07:42.467+0000] {dag.py:3947} INFO - Setting next_dagrun for maintenance_cleanup_logs to 2026-04-08 00:00:00+00:00, run_after=2026-04-09 00:00:00+00:00
[2026-04-08T15:07:42.523+0000] {processor.py:183} INFO - Processing /opt/airflow/dags/maintenance_logs.py took 0.301 seconds
[2026-04-08T15:08:13.374+0000] {processor.py:161} INFO - Started process (PID=264) to work on /opt/airflow/dags/maintenance_logs.py
[2026-04-08T15:08:13.376+0000] {processor.py:830} INFO - Processing file /opt/airflow/dags/maintenance_logs.py for tasks to queue
[2026-04-08T15:08:13.381+0000] {logging_mixin.py:188} INFO - [2026-04-08T15:08:13.381+0000] {dagbag.py:545} INFO - Filling up the DagBag from /opt/airflow/dags/maintenance_logs.py
[2026-04-08T15:08:13.446+0000] {processor.py:840} INFO - DAG(s) 'maintenance_cleanup_logs' retrieved from /opt/airflow/dags/maintenance_logs.py
[2026-04-08T15:08:13.562+0000] {logging_mixin.py:188} INFO - [2026-04-08T15:08:13.561+0000] {dag.py:3089} INFO - Sync 1 DAGs
[2026-04-08T15:08:13.615+0000] {logging_mixin.py:188} INFO - [2026-04-08T15:08:13.614+0000] {dag.py:3947} INFO - Setting next_dagrun for maintenance_cleanup_logs to 2026-04-08 00:00:00+00:00, run_after=2026-04-09 00:00:00+00:00
[2026-04-08T15:08:13.683+0000] {processor.py:183} INFO - Processing /opt/airflow/dags/maintenance_logs.py took 0.330 seconds
[2026-04-08T15:08:44.703+0000] {processor.py:161} INFO - Started process (PID=274) to work on /opt/airflow/dags/maintenance_logs.py
[2026-04-08T15:08:44.708+0000] {processor.py:830} INFO - Processing file /opt/airflow/dags/maintenance_logs.py for tasks to queue
[2026-04-08T15:08:44.719+0000] {logging_mixin.py:188} INFO - [2026-04-08T15:08:44.717+0000] {dagbag.py:545} INFO - Filling up the DagBag from /opt/airflow/dags/maintenance_logs.py
[2026-04-08T15:08:45.138+0000] {processor.py:840} INFO - DAG(s) 'maintenance_cleanup_logs' retrieved from /opt/airflow/dags/maintenance_logs.py
[2026-04-08T15:08:45.369+0000] {logging_mixin.py:188} INFO - [2026-04-08T15:08:45.368+0000] {dag.py:3089} INFO - Sync 1 DAGs
[2026-04-08T15:08:45.470+0000] {logging_mixin.py:188} INFO - [2026-04-08T15:08:45.469+0000] {dag.py:3947} INFO - Setting next_dagrun for maintenance_cleanup_logs to 2026-04-08 00:00:00+00:00, run_after=2026-04-09 00:00:00+00:00
[2026-04-08T15:08:45.556+0000] {processor.py:183} INFO - Processing /opt/airflow/dags/maintenance_logs.py took 0.878 seconds
[2026-04-08T15:09:15.775+0000] {processor.py:161} INFO - Started process (PID=284) to work on /opt/airflow/dags/maintenance_logs.py
[2026-04-08T15:09:15.777+0000] {processor.py:830} INFO - Processing file /opt/airflow/dags/maintenance_logs.py for tasks to queue
[2026-04-08T15:09:15.781+0000] {logging_mixin.py:188} INFO - [2026-04-08T15:09:15.780+0000] {dagbag.py:545} INFO - Filling up the DagBag from /opt/airflow/dags/maintenance_logs.py
[2026-04-08T15:09:15.834+0000] {processor.py:840} INFO - DAG(s) 'maintenance_cleanup_logs' retrieved from /opt/airflow/dags/maintenance_logs.py
[2026-04-08T15:09:15.950+0000] {logging_mixin.py:188} INFO - [2026-04-08T15:09:15.949+0000] {dag.py:3089} INFO - Sync 1 DAGs
[2026-04-08T15:09:16.013+0000] {logging_mixin.py:188} INFO - [2026-04-08T15:09:16.013+0000] {dag.py:3947} INFO - Setting next_dagrun for maintenance_cleanup_logs to 2026-04-08 00:00:00+00:00, run_after=2026-04-09 00:00:00+00:00
[2026-04-08T15:09:16.065+0000] {processor.py:183} INFO - Processing /opt/airflow/dags/maintenance_logs.py took 0.306 seconds
[2026-04-08T15:09:46.739+0000] {processor.py:161} INFO - Started process (PID=294) to work on /opt/airflow/dags/maintenance_logs.py
[2026-04-08T15:09:46.741+0000] {processor.py:830} INFO - Processing file /opt/airflow/dags/maintenance_logs.py for tasks to queue
[2026-04-08T15:09:46.744+0000] {logging_mixin.py:188} INFO - [2026-04-08T15:09:46.743+0000] {dagbag.py:545} INFO - Filling up the DagBag from /opt/airflow/dags/maintenance_logs.py
[2026-04-08T15:09:46.787+0000] {processor.py:840} INFO - DAG(s) 'maintenance_cleanup_logs' retrieved from /opt/airflow/dags/maintenance_logs.py
[2026-04-08T15:09:46.903+0000] {logging_mixin.py:188} INFO - [2026-04-08T15:09:46.902+0000] {dag.py:3089} INFO - Sync 1 DAGs
[2026-04-08T15:09:46.958+0000] {logging_mixin.py:188} INFO - [2026-04-08T15:09:46.957+0000] {dag.py:3947} INFO - Setting next_dagrun for maintenance_cleanup_logs to 2026-04-08 00:00:00+00:00, run_after=2026-04-09 00:00:00+00:00
[2026-04-08T15:09:47.021+0000] {processor.py:183} INFO - Processing /opt/airflow/dags/maintenance_logs.py took 0.295 seconds
[2026-04-08T15:10:17.355+0000] {processor.py:161} INFO - Started process (PID=304) to work on /opt/airflow/dags/maintenance_logs.py
[2026-04-08T15:10:17.367+0000] {processor.py:830} INFO - Processing file /opt/airflow/dags/maintenance_logs.py for tasks to queue
[2026-04-08T15:10:17.374+0000] {logging_mixin.py:188} INFO - [2026-04-08T15:10:17.374+0000] {dagbag.py:545} INFO - Filling up the DagBag from /opt/airflow/dags/maintenance_logs.py
[2026-04-08T15:10:17.438+0000] {processor.py:840} INFO - DAG(s) 'maintenance_cleanup_logs' retrieved from /opt/airflow/dags/maintenance_logs.py
[2026-04-08T15:10:17.581+0000] {logging_mixin.py:188} INFO - [2026-04-08T15:10:17.581+0000] {dag.py:3089} INFO - Sync 1 DAGs
[2026-04-08T15:10:17.651+0000] {logging_mixin.py:188} INFO - [2026-04-08T15:10:17.651+0000] {dag.py:3947} INFO - Setting next_dagrun for maintenance_cleanup_logs to 2026-04-08 00:00:00+00:00, run_after=2026-04-09 00:00:00+00:00
[2026-04-08T15:10:17.719+0000] {processor.py:183} INFO - Processing /opt/airflow/dags/maintenance_logs.py took 0.389 seconds
[2026-04-08T15:10:48.515+0000] {processor.py:161} INFO - Started process (PID=314) to work on /opt/airflow/dags/maintenance_logs.py
[2026-04-08T15:10:48.518+0000] {processor.py:830} INFO - Processing file /opt/airflow/dags/maintenance_logs.py for tasks to queue
[2026-04-08T15:10:48.522+0000] {logging_mixin.py:188} INFO - [2026-04-08T15:10:48.522+0000] {dagbag.py:545} INFO - Filling up the DagBag from /opt/airflow/dags/maintenance_logs.py
[2026-04-08T15:10:48.572+0000] {processor.py:840} INFO - DAG(s) 'maintenance_cleanup_logs' retrieved from /opt/airflow/dags/maintenance_logs.py
[2026-04-08T15:10:48.712+0000] {logging_mixin.py:188} INFO - [2026-04-08T15:10:48.712+0000] {dag.py:3089} INFO - Sync 1 DAGs
[2026-04-08T15:10:48.774+0000] {logging_mixin.py:188} INFO - [2026-04-08T15:10:48.774+0000] {dag.py:3947} INFO - Setting next_dagrun for maintenance_cleanup_logs to 2026-04-08 00:00:00+00:00, run_after=2026-04-09 00:00:00+00:00
[2026-04-08T15:10:48.852+0000] {processor.py:183} INFO - Processing /opt/airflow/dags/maintenance_logs.py took 0.355 seconds
[2026-04-08T15:11:19.775+0000] {processor.py:161} INFO - Started process (PID=324) to work on /opt/airflow/dags/maintenance_logs.py
[2026-04-08T15:11:19.780+0000] {processor.py:830} INFO - Processing file /opt/airflow/dags/maintenance_logs.py for tasks to queue
[2026-04-08T15:11:19.790+0000] {logging_mixin.py:188} INFO - [2026-04-08T15:11:19.788+0000] {dagbag.py:545} INFO - Filling up the DagBag from /opt/airflow/dags/maintenance_logs.py
[2026-04-08T15:11:19.941+0000] {processor.py:840} INFO - DAG(s) 'maintenance_cleanup_logs' retrieved from /opt/airflow/dags/maintenance_logs.py
[2026-04-08T15:11:20.114+0000] {logging_mixin.py:188} INFO - [2026-04-08T15:11:20.113+0000] {dag.py:3089} INFO - Sync 1 DAGs
[2026-04-08T15:11:20.153+0000] {logging_mixin.py:188} INFO - [2026-04-08T15:11:20.152+0000] {dag.py:3947} INFO - Setting next_dagrun for maintenance_cleanup_logs to 2026-04-08 00:00:00+00:00, run_after=2026-04-09 00:00:00+00:00
[2026-04-08T15:11:20.193+0000] {processor.py:183} INFO - Processing /opt/airflow/dags/maintenance_logs.py took 0.449 seconds
[2026-04-08T15:11:50.931+0000] {processor.py:161} INFO - Started process (PID=334) to work on /opt/airflow/dags/maintenance_logs.py
[2026-04-08T15:11:50.933+0000] {processor.py:830} INFO - Processing file /opt/airflow/dags/maintenance_logs.py for tasks to queue
[2026-04-08T15:11:50.937+0000] {logging_mixin.py:188} INFO - [2026-04-08T15:11:50.936+0000] {dagbag.py:545} INFO - Filling up the DagBag from /opt/airflow/dags/maintenance_logs.py
[2026-04-08T15:11:51.014+0000] {processor.py:840} INFO - DAG(s) 'maintenance_cleanup_logs' retrieved from /opt/airflow/dags/maintenance_logs.py
[2026-04-08T15:11:51.192+0000] {logging_mixin.py:188} INFO - [2026-04-08T15:11:51.192+0000] {dag.py:3089} INFO - Sync 1 DAGs
[2026-04-08T15:11:51.263+0000] {logging_mixin.py:188} INFO - [2026-04-08T15:11:51.263+0000] {dag.py:3947} INFO - Setting next_dagrun for maintenance_cleanup_logs to 2026-04-08 00:00:00+00:00, run_after=2026-04-09 00:00:00+00:00
[2026-04-08T15:11:51.322+0000] {processor.py:183} INFO - Processing /opt/airflow/dags/maintenance_logs.py took 0.405 seconds
[2026-04-08T15:12:22.029+0000] {processor.py:161} INFO - Started process (PID=344) to work on /opt/airflow/dags/maintenance_logs.py
[2026-04-08T15:12:22.031+0000] {processor.py:830} INFO - Processing file /opt/airflow/dags/maintenance_logs.py for tasks to queue
[2026-04-08T15:12:22.034+0000] {logging_mixin.py:188} INFO - [2026-04-08T15:12:22.033+0000] {dagbag.py:545} INFO - Filling up the DagBag from /opt/airflow/dags/maintenance_logs.py
[2026-04-08T15:12:22.077+0000] {processor.py:840} INFO - DAG(s) 'maintenance_cleanup_logs' retrieved from /opt/airflow/dags/maintenance_logs.py
[2026-04-08T15:12:22.203+0000] {logging_mixin.py:188} INFO - [2026-04-08T15:12:22.202+0000] {dag.py:3089} INFO - Sync 1 DAGs
[2026-04-08T15:12:22.263+0000] {logging_mixin.py:188} INFO - [2026-04-08T15:12:22.263+0000] {dag.py:3947} INFO - Setting next_dagrun for maintenance_cleanup_logs to 2026-04-08 00:00:00+00:00, run_after=2026-04-09 00:00:00+00:00
[2026-04-08T15:12:22.317+0000] {processor.py:183} INFO - Processing /opt/airflow/dags/maintenance_logs.py took 0.299 seconds
[2026-04-08T15:12:52.909+0000] {processor.py:161} INFO - Started process (PID=354) to work on /opt/airflow/dags/maintenance_logs.py
[2026-04-08T15:12:52.911+0000] {processor.py:830} INFO - Processing file /opt/airflow/dags/maintenance_logs.py for tasks to queue
[2026-04-08T15:12:52.915+0000] {logging_mixin.py:188} INFO - [2026-04-08T15:12:52.914+0000] {dagbag.py:545} INFO - Filling up the DagBag from /opt/airflow/dags/maintenance_logs.py
[2026-04-08T15:12:52.957+0000] {processor.py:840} INFO - DAG(s) 'maintenance_cleanup_logs' retrieved from /opt/airflow/dags/maintenance_logs.py
[2026-04-08T15:12:53.319+0000] {logging_mixin.py:188} INFO - [2026-04-08T15:12:53.318+0000] {dag.py:3089} INFO - Sync 1 DAGs
[2026-04-08T15:12:53.398+0000] {logging_mixin.py:188} INFO - [2026-04-08T15:12:53.398+0000] {dag.py:3947} INFO - Setting next_dagrun for maintenance_cleanup_logs to 2026-04-08 00:00:00+00:00, run_after=2026-04-09 00:00:00+00:00
[2026-04-08T15:12:53.451+0000] {processor.py:183} INFO - Processing /opt/airflow/dags/maintenance_logs.py took 0.553 seconds
[2026-04-08T15:13:24.036+0000] {processor.py:161} INFO - Started process (PID=364) to work on /opt/airflow/dags/maintenance_logs.py
[2026-04-08T15:13:24.038+0000] {processor.py:830} INFO - Processing file /opt/airflow/dags/maintenance_logs.py for tasks to queue
[2026-04-08T15:13:24.042+0000] {logging_mixin.py:188} INFO - [2026-04-08T15:13:24.041+0000] {dagbag.py:545} INFO - Filling up the DagBag from /opt/airflow/dags/maintenance_logs.py
[2026-04-08T15:13:24.093+0000] {processor.py:840} INFO - DAG(s) 'maintenance_cleanup_logs' retrieved from /opt/airflow/dags/maintenance_logs.py
[2026-04-08T15:13:24.232+0000] {logging_mixin.py:188} INFO - [2026-04-08T15:13:24.232+0000] {dag.py:3089} INFO - Sync 1 DAGs
[2026-04-08T15:13:24.292+0000] {logging_mixin.py:188} INFO - [2026-04-08T15:13:24.291+0000] {dag.py:3947} INFO - Setting next_dagrun for maintenance_cleanup_logs to 2026-04-08 00:00:00+00:00, run_after=2026-04-09 00:00:00+00:00
[2026-04-08T15:13:24.346+0000] {processor.py:183} INFO - Processing /opt/airflow/dags/maintenance_logs.py took 0.323 seconds
[2026-04-08T15:13:54.962+0000] {processor.py:161} INFO - Started process (PID=374) to work on /opt/airflow/dags/maintenance_logs.py
[2026-04-08T15:13:54.968+0000] {processor.py:830} INFO - Processing file /opt/airflow/dags/maintenance_logs.py for tasks to queue
[2026-04-08T15:13:54.973+0000] {logging_mixin.py:188} INFO - [2026-04-08T15:13:54.972+0000] {dagbag.py:545} INFO - Filling up the DagBag from /opt/airflow/dags/maintenance_logs.py
[2026-04-08T15:13:55.022+0000] {processor.py:840} INFO - DAG(s) 'maintenance_cleanup_logs' retrieved from /opt/airflow/dags/maintenance_logs.py
[2026-04-08T15:13:55.143+0000] {logging_mixin.py:188} INFO - [2026-04-08T15:13:55.143+0000] {dag.py:3089} INFO - Sync 1 DAGs
[2026-04-08T15:13:55.189+0000] {logging_mixin.py:188} INFO - [2026-04-08T15:13:55.189+0000] {dag.py:3947} INFO - Setting next_dagrun for maintenance_cleanup_logs to 2026-04-08 00:00:00+00:00, run_after=2026-04-09 00:00:00+00:00
[2026-04-08T15:13:55.247+0000] {processor.py:183} INFO - Processing /opt/airflow/dags/maintenance_logs.py took 0.313 seconds
[2026-04-08T15:14:26.058+0000] {processor.py:161} INFO - Started process (PID=384) to work on /opt/airflow/dags/maintenance_logs.py
[2026-04-08T15:14:26.063+0000] {processor.py:830} INFO - Processing file /opt/airflow/dags/maintenance_logs.py for tasks to queue
[2026-04-08T15:14:26.071+0000] {logging_mixin.py:188} INFO - [2026-04-08T15:14:26.070+0000] {dagbag.py:545} INFO - Filling up the DagBag from /opt/airflow/dags/maintenance_logs.py
[2026-04-08T15:14:26.213+0000] {processor.py:840} INFO - DAG(s) 'maintenance_cleanup_logs' retrieved from /opt/airflow/dags/maintenance_logs.py
[2026-04-08T15:14:26.417+0000] {logging_mixin.py:188} INFO - [2026-04-08T15:14:26.416+0000] {dag.py:3089} INFO - Sync 1 DAGs
[2026-04-08T15:14:26.455+0000] {logging_mixin.py:188} INFO - [2026-04-08T15:14:26.455+0000] {dag.py:3947} INFO - Setting next_dagrun for maintenance_cleanup_logs to 2026-04-08 00:00:00+00:00, run_after=2026-04-09 00:00:00+00:00
[2026-04-08T15:14:26.505+0000] {processor.py:183} INFO - Processing /opt/airflow/dags/maintenance_logs.py took 0.482 seconds
[2026-04-08T15:17:15.809+0000] {processor.py:161} INFO - Started process (PID=181) to work on /opt/airflow/dags/maintenance_logs.py
[2026-04-08T15:17:15.812+0000] {processor.py:830} INFO - Processing file /opt/airflow/dags/maintenance_logs.py for tasks to queue
[2026-04-08T15:17:15.820+0000] {logging_mixin.py:188} INFO - [2026-04-08T15:17:15.819+0000] {dagbag.py:545} INFO - Filling up the DagBag from /opt/airflow/dags/maintenance_logs.py
[2026-04-08T15:17:15.937+0000] {processor.py:840} INFO - DAG(s) 'maintenance_cleanup_logs' retrieved from /opt/airflow/dags/maintenance_logs.py
[2026-04-08T15:17:16.072+0000] {logging_mixin.py:188} INFO - [2026-04-08T15:17:16.072+0000] {dag.py:3089} INFO - Sync 1 DAGs
[2026-04-08T15:17:16.165+0000] {logging_mixin.py:188} INFO - [2026-04-08T15:17:16.164+0000] {dag.py:3947} INFO - Setting next_dagrun for maintenance_cleanup_logs to 2026-04-08 00:00:00+00:00, run_after=2026-04-09 00:00:00+00:00
[2026-04-08T15:17:16.231+0000] {processor.py:183} INFO - Processing /opt/airflow/dags/maintenance_logs.py took 0.440 seconds
[2026-04-08T15:17:46.655+0000] {processor.py:161} INFO - Started process (PID=191) to work on /opt/airflow/dags/maintenance_logs.py
[2026-04-08T15:17:46.657+0000] {processor.py:830} INFO - Processing file /opt/airflow/dags/maintenance_logs.py for tasks to queue
[2026-04-08T15:17:46.666+0000] {logging_mixin.py:188} INFO - [2026-04-08T15:17:46.664+0000] {dagbag.py:545} INFO - Filling up the DagBag from /opt/airflow/dags/maintenance_logs.py
[2026-04-08T15:17:46.790+0000] {processor.py:840} INFO - DAG(s) 'maintenance_cleanup_logs' retrieved from /opt/airflow/dags/maintenance_logs.py
[2026-04-08T15:17:48.604+0000] {logging_mixin.py:188} INFO - [2026-04-08T15:17:48.603+0000] {dag.py:3089} INFO - Sync 1 DAGs
[2026-04-08T15:17:48.643+0000] {logging_mixin.py:188} INFO - [2026-04-08T15:17:48.643+0000] {dag.py:3947} INFO - Setting next_dagrun for maintenance_cleanup_logs to 2026-04-08 00:00:00+00:00, run_after=2026-04-09 00:00:00+00:00
[2026-04-08T15:17:48.701+0000] {processor.py:183} INFO - Processing /opt/airflow/dags/maintenance_logs.py took 2.067 seconds
[2026-04-08T15:18:19.043+0000] {processor.py:161} INFO - Started process (PID=201) to work on /opt/airflow/dags/maintenance_logs.py
[2026-04-08T15:18:19.049+0000] {processor.py:830} INFO - Processing file /opt/airflow/dags/maintenance_logs.py for tasks to queue
[2026-04-08T15:18:19.053+0000] {logging_mixin.py:188} INFO - [2026-04-08T15:18:19.053+0000] {dagbag.py:545} INFO - Filling up the DagBag from /opt/airflow/dags/maintenance_logs.py
[2026-04-08T15:18:19.142+0000] {processor.py:840} INFO - DAG(s) 'maintenance_cleanup_logs' retrieved from /opt/airflow/dags/maintenance_logs.py
[2026-04-08T15:18:19.278+0000] {logging_mixin.py:188} INFO - [2026-04-08T15:18:19.278+0000] {dag.py:3089} INFO - Sync 1 DAGs
[2026-04-08T15:18:19.840+0000] {logging_mixin.py:188} INFO - [2026-04-08T15:18:19.839+0000] {dag.py:3947} INFO - Setting next_dagrun for maintenance_cleanup_logs to 2026-04-08 00:00:00+00:00, run_after=2026-04-09 00:00:00+00:00
[2026-04-08T15:18:19.902+0000] {processor.py:183} INFO - Processing /opt/airflow/dags/maintenance_logs.py took 0.884 seconds
[2026-04-08T15:18:50.089+0000] {processor.py:161} INFO - Started process (PID=215) to work on /opt/airflow/dags/maintenance_logs.py
[2026-04-08T15:18:50.091+0000] {processor.py:830} INFO - Processing file /opt/airflow/dags/maintenance_logs.py for tasks to queue
[2026-04-08T15:18:50.094+0000] {logging_mixin.py:188} INFO - [2026-04-08T15:18:50.094+0000] {dagbag.py:545} INFO - Filling up the DagBag from /opt/airflow/dags/maintenance_logs.py
[2026-04-08T15:18:50.153+0000] {processor.py:840} INFO - DAG(s) 'maintenance_cleanup_logs' retrieved from /opt/airflow/dags/maintenance_logs.py
[2026-04-08T15:18:50.694+0000] {logging_mixin.py:188} INFO - [2026-04-08T15:18:50.693+0000] {dag.py:3089} INFO - Sync 1 DAGs
[2026-04-08T15:18:50.768+0000] {logging_mixin.py:188} INFO - [2026-04-08T15:18:50.768+0000] {dag.py:3947} INFO - Setting next_dagrun for maintenance_cleanup_logs to 2026-04-08 00:00:00+00:00, run_after=2026-04-09 00:00:00+00:00
[2026-04-08T15:18:50.828+0000] {processor.py:183} INFO - Processing /opt/airflow/dags/maintenance_logs.py took 0.753 seconds
[2026-04-08T15:19:21.643+0000] {processor.py:161} INFO - Started process (PID=225) to work on /opt/airflow/dags/maintenance_logs.py
[2026-04-08T15:19:21.649+0000] {processor.py:830} INFO - Processing file /opt/airflow/dags/maintenance_logs.py for tasks to queue
[2026-04-08T15:19:21.653+0000] {logging_mixin.py:188} INFO - [2026-04-08T15:19:21.653+0000] {dagbag.py:545} INFO - Filling up the DagBag from /opt/airflow/dags/maintenance_logs.py
[2026-04-08T15:19:22.569+0000] {processor.py:840} INFO - DAG(s) 'maintenance_cleanup_logs' retrieved from /opt/airflow/dags/maintenance_logs.py
[2026-04-08T15:19:22.673+0000] {logging_mixin.py:188} INFO - [2026-04-08T15:19:22.673+0000] {dag.py:3089} INFO - Sync 1 DAGs
[2026-04-08T15:19:22.712+0000] {logging_mixin.py:188} INFO - [2026-04-08T15:19:22.712+0000] {dag.py:3947} INFO - Setting next_dagrun for maintenance_cleanup_logs to 2026-04-08 00:00:00+00:00, run_after=2026-04-09 00:00:00+00:00
[2026-04-08T15:19:22.756+0000] {processor.py:183} INFO - Processing /opt/airflow/dags/maintenance_logs.py took 1.145 seconds
[2026-04-08T15:19:53.576+0000] {processor.py:161} INFO - Started process (PID=235) to work on /opt/airflow/dags/maintenance_logs.py
[2026-04-08T15:19:53.583+0000] {processor.py:830} INFO - Processing file /opt/airflow/dags/maintenance_logs.py for tasks to queue
[2026-04-08T15:19:53.594+0000] {logging_mixin.py:188} INFO - [2026-04-08T15:19:53.593+0000] {dagbag.py:545} INFO - Filling up the DagBag from /opt/airflow/dags/maintenance_logs.py
[2026-04-08T15:19:53.690+0000] {processor.py:840} INFO - DAG(s) 'maintenance_cleanup_logs' retrieved from /opt/airflow/dags/maintenance_logs.py
[2026-04-08T15:19:53.849+0000] {logging_mixin.py:188} INFO - [2026-04-08T15:19:53.849+0000] {dag.py:3089} INFO - Sync 1 DAGs
[2026-04-08T15:19:53.922+0000] {logging_mixin.py:188} INFO - [2026-04-08T15:19:53.921+0000] {dag.py:3947} INFO - Setting next_dagrun for maintenance_cleanup_logs to 2026-04-08 00:00:00+00:00, run_after=2026-04-09 00:00:00+00:00
[2026-04-08T15:19:53.977+0000] {processor.py:183} INFO - Processing /opt/airflow/dags/maintenance_logs.py took 0.466 seconds
[2026-04-08T15:20:24.747+0000] {processor.py:161} INFO - Started process (PID=245) to work on /opt/airflow/dags/maintenance_logs.py
[2026-04-08T15:20:24.749+0000] {processor.py:830} INFO - Processing file /opt/airflow/dags/maintenance_logs.py for tasks to queue
[2026-04-08T15:20:24.753+0000] {logging_mixin.py:188} INFO - [2026-04-08T15:20:24.753+0000] {dagbag.py:545} INFO - Filling up the DagBag from /opt/airflow/dags/maintenance_logs.py
[2026-04-08T15:20:24.802+0000] {processor.py:840} INFO - DAG(s) 'maintenance_cleanup_logs' retrieved from /opt/airflow/dags/maintenance_logs.py
[2026-04-08T15:20:24.919+0000] {logging_mixin.py:188} INFO - [2026-04-08T15:20:24.919+0000] {dag.py:3089} INFO - Sync 1 DAGs
[2026-04-08T15:20:24.967+0000] {logging_mixin.py:188} INFO - [2026-04-08T15:20:24.966+0000] {dag.py:3947} INFO - Setting next_dagrun for maintenance_cleanup_logs to 2026-04-08 00:00:00+00:00, run_after=2026-04-09 00:00:00+00:00
[2026-04-08T15:20:25.026+0000] {processor.py:183} INFO - Processing /opt/airflow/dags/maintenance_logs.py took 0.292 seconds
[2026-04-08T15:20:55.484+0000] {processor.py:161} INFO - Started process (PID=255) to work on /opt/airflow/dags/maintenance_logs.py
[2026-04-08T15:20:55.488+0000] {processor.py:830} INFO - Processing file /opt/airflow/dags/maintenance_logs.py for tasks to queue
[2026-04-08T15:20:55.495+0000] {logging_mixin.py:188} INFO - [2026-04-08T15:20:55.494+0000] {dagbag.py:545} INFO - Filling up the DagBag from /opt/airflow/dags/maintenance_logs.py
[2026-04-08T15:20:55.563+0000] {processor.py:840} INFO - DAG(s) 'maintenance_cleanup_logs' retrieved from /opt/airflow/dags/maintenance_logs.py
[2026-04-08T15:20:55.673+0000] {logging_mixin.py:188} INFO - [2026-04-08T15:20:55.673+0000] {dag.py:3089} INFO - Sync 1 DAGs
[2026-04-08T15:20:55.721+0000] {logging_mixin.py:188} INFO - [2026-04-08T15:20:55.720+0000] {dag.py:3947} INFO - Setting next_dagrun for maintenance_cleanup_logs to 2026-04-08 00:00:00+00:00, run_after=2026-04-09 00:00:00+00:00
[2026-04-08T15:20:55.790+0000] {processor.py:183} INFO - Processing /opt/airflow/dags/maintenance_logs.py took 0.325 seconds
[2026-04-08T15:21:26.446+0000] {processor.py:161} INFO - Started process (PID=265) to work on /opt/airflow/dags/maintenance_logs.py
[2026-04-08T15:21:26.447+0000] {processor.py:830} INFO - Processing file /opt/airflow/dags/maintenance_logs.py for tasks to queue
[2026-04-08T15:21:26.451+0000] {logging_mixin.py:188} INFO - [2026-04-08T15:21:26.450+0000] {dagbag.py:545} INFO - Filling up the DagBag from /opt/airflow/dags/maintenance_logs.py
[2026-04-08T15:21:26.497+0000] {processor.py:840} INFO - DAG(s) 'maintenance_cleanup_logs' retrieved from /opt/airflow/dags/maintenance_logs.py
[2026-04-08T15:21:26.617+0000] {logging_mixin.py:188} INFO - [2026-04-08T15:21:26.616+0000] {dag.py:3089} INFO - Sync 1 DAGs
[2026-04-08T15:21:26.670+0000] {logging_mixin.py:188} INFO - [2026-04-08T15:21:26.670+0000] {dag.py:3947} INFO - Setting next_dagrun for maintenance_cleanup_logs to 2026-04-08 00:00:00+00:00, run_after=2026-04-09 00:00:00+00:00
[2026-04-08T15:21:26.714+0000] {processor.py:183} INFO - Processing /opt/airflow/dags/maintenance_logs.py took 0.281 seconds
[2026-04-08T15:21:57.393+0000] {processor.py:161} INFO - Started process (PID=275) to work on /opt/airflow/dags/maintenance_logs.py
[2026-04-08T15:21:57.401+0000] {processor.py:830} INFO - Processing file /opt/airflow/dags/maintenance_logs.py for tasks to queue
[2026-04-08T15:21:57.415+0000] {logging_mixin.py:188} INFO - [2026-04-08T15:21:57.406+0000] {dagbag.py:545} INFO - Filling up the DagBag from /opt/airflow/dags/maintenance_logs.py
[2026-04-08T15:21:57.618+0000] {processor.py:840} INFO - DAG(s) 'maintenance_cleanup_logs' retrieved from /opt/airflow/dags/maintenance_logs.py
[2026-04-08T15:21:57.928+0000] {logging_mixin.py:188} INFO - [2026-04-08T15:21:57.927+0000] {dag.py:3089} INFO - Sync 1 DAGs
[2026-04-08T15:21:58.126+0000] {logging_mixin.py:188} INFO - [2026-04-08T15:21:58.125+0000] {dag.py:3947} INFO - Setting next_dagrun for maintenance_cleanup_logs to 2026-04-08 00:00:00+00:00, run_after=2026-04-09 00:00:00+00:00
[2026-04-08T15:21:58.328+0000] {processor.py:183} INFO - Processing /opt/airflow/dags/maintenance_logs.py took 0.959 seconds
[2026-04-08T15:22:28.734+0000] {processor.py:161} INFO - Started process (PID=285) to work on /opt/airflow/dags/maintenance_logs.py
[2026-04-08T15:22:28.737+0000] {processor.py:830} INFO - Processing file /opt/airflow/dags/maintenance_logs.py for tasks to queue
[2026-04-08T15:22:28.744+0000] {logging_mixin.py:188} INFO - [2026-04-08T15:22:28.743+0000] {dagbag.py:545} INFO - Filling up the DagBag from /opt/airflow/dags/maintenance_logs.py
[2026-04-08T15:22:28.865+0000] {processor.py:840} INFO - DAG(s) 'maintenance_cleanup_logs' retrieved from /opt/airflow/dags/maintenance_logs.py
[2026-04-08T15:22:29.003+0000] {logging_mixin.py:188} INFO - [2026-04-08T15:22:29.003+0000] {dag.py:3089} INFO - Sync 1 DAGs
[2026-04-08T15:22:29.052+0000] {logging_mixin.py:188} INFO - [2026-04-08T15:22:29.052+0000] {dag.py:3947} INFO - Setting next_dagrun for maintenance_cleanup_logs to 2026-04-08 00:00:00+00:00, run_after=2026-04-09 00:00:00+00:00
[2026-04-08T15:22:29.108+0000] {processor.py:183} INFO - Processing /opt/airflow/dags/maintenance_logs.py took 0.403 seconds
[2026-04-08T15:22:59.944+0000] {processor.py:161} INFO - Started process (PID=295) to work on /opt/airflow/dags/maintenance_logs.py
[2026-04-08T15:22:59.946+0000] {processor.py:830} INFO - Processing file /opt/airflow/dags/maintenance_logs.py for tasks to queue
[2026-04-08T15:22:59.949+0000] {logging_mixin.py:188} INFO - [2026-04-08T15:22:59.948+0000] {dagbag.py:545} INFO - Filling up the DagBag from /opt/airflow/dags/maintenance_logs.py
[2026-04-08T15:22:59.986+0000] {processor.py:840} INFO - DAG(s) 'maintenance_cleanup_logs' retrieved from /opt/airflow/dags/maintenance_logs.py
[2026-04-08T15:23:00.292+0000] {logging_mixin.py:188} INFO - [2026-04-08T15:23:00.292+0000] {dag.py:3089} INFO - Sync 1 DAGs
[2026-04-08T15:23:00.340+0000] {logging_mixin.py:188} INFO - [2026-04-08T15:23:00.340+0000] {dag.py:3947} INFO - Setting next_dagrun for maintenance_cleanup_logs to 2026-04-08 00:00:00+00:00, run_after=2026-04-09 00:00:00+00:00
[2026-04-08T15:23:00.450+0000] {processor.py:183} INFO - Processing /opt/airflow/dags/maintenance_logs.py took 0.524 seconds
[2026-04-08T15:23:31.171+0000] {processor.py:161} INFO - Started process (PID=305) to work on /opt/airflow/dags/maintenance_logs.py
[2026-04-08T15:23:31.173+0000] {processor.py:830} INFO - Processing file /opt/airflow/dags/maintenance_logs.py for tasks to queue
[2026-04-08T15:23:31.177+0000] {logging_mixin.py:188} INFO - [2026-04-08T15:23:31.176+0000] {dagbag.py:545} INFO - Filling up the DagBag from /opt/airflow/dags/maintenance_logs.py
[2026-04-08T15:23:31.221+0000] {processor.py:840} INFO - DAG(s) 'maintenance_cleanup_logs' retrieved from /opt/airflow/dags/maintenance_logs.py
[2026-04-08T15:23:31.311+0000] {logging_mixin.py:188} INFO - [2026-04-08T15:23:31.310+0000] {dag.py:3089} INFO - Sync 1 DAGs
[2026-04-08T15:23:31.350+0000] {logging_mixin.py:188} INFO - [2026-04-08T15:23:31.349+0000] {dag.py:3947} INFO - Setting next_dagrun for maintenance_cleanup_logs to 2026-04-08 00:00:00+00:00, run_after=2026-04-09 00:00:00+00:00
[2026-04-08T15:23:31.409+0000] {processor.py:183} INFO - Processing /opt/airflow/dags/maintenance_logs.py took 0.248 seconds
[2026-04-08T15:24:02.190+0000] {processor.py:161} INFO - Started process (PID=315) to work on /opt/airflow/dags/maintenance_logs.py
[2026-04-08T15:24:02.192+0000] {processor.py:830} INFO - Processing file /opt/airflow/dags/maintenance_logs.py for tasks to queue
[2026-04-08T15:24:02.197+0000] {logging_mixin.py:188} INFO - [2026-04-08T15:24:02.196+0000] {dagbag.py:545} INFO - Filling up the DagBag from /opt/airflow/dags/maintenance_logs.py
[2026-04-08T15:24:02.258+0000] {processor.py:840} INFO - DAG(s) 'maintenance_cleanup_logs' retrieved from /opt/airflow/dags/maintenance_logs.py
[2026-04-08T15:24:02.391+0000] {logging_mixin.py:188} INFO - [2026-04-08T15:24:02.390+0000] {dag.py:3089} INFO - Sync 1 DAGs
[2026-04-08T15:24:02.439+0000] {logging_mixin.py:188} INFO - [2026-04-08T15:24:02.438+0000] {dag.py:3947} INFO - Setting next_dagrun for maintenance_cleanup_logs to 2026-04-08 00:00:00+00:00, run_after=2026-04-09 00:00:00+00:00
[2026-04-08T15:24:02.487+0000] {processor.py:183} INFO - Processing /opt/airflow/dags/maintenance_logs.py took 0.308 seconds
[2026-04-08T15:26:52.711+0000] {processor.py:161} INFO - Started process (PID=181) to work on /opt/airflow/dags/maintenance_logs.py
[2026-04-08T15:26:52.717+0000] {processor.py:830} INFO - Processing file /opt/airflow/dags/maintenance_logs.py for tasks to queue
[2026-04-08T15:26:52.731+0000] {logging_mixin.py:188} INFO - [2026-04-08T15:26:52.731+0000] {dagbag.py:545} INFO - Filling up the DagBag from /opt/airflow/dags/maintenance_logs.py
[2026-04-08T15:26:52.918+0000] {processor.py:840} INFO - DAG(s) 'maintenance_cleanup_logs' retrieved from /opt/airflow/dags/maintenance_logs.py
[2026-04-08T15:26:53.082+0000] {logging_mixin.py:188} INFO - [2026-04-08T15:26:53.082+0000] {dag.py:3089} INFO - Sync 1 DAGs
[2026-04-08T15:26:53.168+0000] {logging_mixin.py:188} INFO - [2026-04-08T15:26:53.168+0000] {dag.py:3947} INFO - Setting next_dagrun for maintenance_cleanup_logs to 2026-04-08 00:00:00+00:00, run_after=2026-04-09 00:00:00+00:00
[2026-04-08T15:26:53.244+0000] {processor.py:183} INFO - Processing /opt/airflow/dags/maintenance_logs.py took 0.564 seconds
[2026-04-08T15:27:23.556+0000] {processor.py:161} INFO - Started process (PID=191) to work on /opt/airflow/dags/maintenance_logs.py
[2026-04-08T15:27:23.559+0000] {processor.py:830} INFO - Processing file /opt/airflow/dags/maintenance_logs.py for tasks to queue
[2026-04-08T15:27:23.573+0000] {logging_mixin.py:188} INFO - [2026-04-08T15:27:23.567+0000] {dagbag.py:545} INFO - Filling up the DagBag from /opt/airflow/dags/maintenance_logs.py
[2026-04-08T15:27:23.881+0000] {processor.py:840} INFO - DAG(s) 'maintenance_cleanup_logs' retrieved from /opt/airflow/dags/maintenance_logs.py
[2026-04-08T15:27:26.710+0000] {logging_mixin.py:188} INFO - [2026-04-08T15:27:26.709+0000] {dag.py:3089} INFO - Sync 1 DAGs
[2026-04-08T15:27:26.767+0000] {logging_mixin.py:188} INFO - [2026-04-08T15:27:26.767+0000] {dag.py:3947} INFO - Setting next_dagrun for maintenance_cleanup_logs to 2026-04-08 00:00:00+00:00, run_after=2026-04-09 00:00:00+00:00
[2026-04-08T15:27:26.838+0000] {processor.py:183} INFO - Processing /opt/airflow/dags/maintenance_logs.py took 3.314 seconds
[2026-04-08T15:27:57.306+0000] {processor.py:161} INFO - Started process (PID=201) to work on /opt/airflow/dags/maintenance_logs.py
[2026-04-08T15:27:57.312+0000] {processor.py:830} INFO - Processing file /opt/airflow/dags/maintenance_logs.py for tasks to queue
[2026-04-08T15:27:57.322+0000] {logging_mixin.py:188} INFO - [2026-04-08T15:27:57.320+0000] {dagbag.py:545} INFO - Filling up the DagBag from /opt/airflow/dags/maintenance_logs.py
[2026-04-08T15:27:57.402+0000] {processor.py:840} INFO - DAG(s) 'maintenance_cleanup_logs' retrieved from /opt/airflow/dags/maintenance_logs.py
[2026-04-08T15:27:57.546+0000] {logging_mixin.py:188} INFO - [2026-04-08T15:27:57.546+0000] {dag.py:3089} INFO - Sync 1 DAGs
[2026-04-08T15:27:58.197+0000] {logging_mixin.py:188} INFO - [2026-04-08T15:27:58.197+0000] {dag.py:3947} INFO - Setting next_dagrun for maintenance_cleanup_logs to 2026-04-08 00:00:00+00:00, run_after=2026-04-09 00:00:00+00:00
[2026-04-08T15:27:58.259+0000] {processor.py:183} INFO - Processing /opt/airflow/dags/maintenance_logs.py took 0.977 seconds
[2026-04-08T15:28:28.971+0000] {processor.py:161} INFO - Started process (PID=213) to work on /opt/airflow/dags/maintenance_logs.py
[2026-04-08T15:28:28.973+0000] {processor.py:830} INFO - Processing file /opt/airflow/dags/maintenance_logs.py for tasks to queue
[2026-04-08T15:28:28.978+0000] {logging_mixin.py:188} INFO - [2026-04-08T15:28:28.977+0000] {dagbag.py:545} INFO - Filling up the DagBag from /opt/airflow/dags/maintenance_logs.py
[2026-04-08T15:28:29.043+0000] {processor.py:840} INFO - DAG(s) 'maintenance_cleanup_logs' retrieved from /opt/airflow/dags/maintenance_logs.py
[2026-04-08T15:28:30.017+0000] {logging_mixin.py:188} INFO - [2026-04-08T15:28:30.016+0000] {dag.py:3089} INFO - Sync 1 DAGs
[2026-04-08T15:28:30.070+0000] {logging_mixin.py:188} INFO - [2026-04-08T15:28:30.069+0000] {dag.py:3947} INFO - Setting next_dagrun for maintenance_cleanup_logs to 2026-04-08 00:00:00+00:00, run_after=2026-04-09 00:00:00+00:00
[2026-04-08T15:28:30.146+0000] {processor.py:183} INFO - Processing /opt/airflow/dags/maintenance_logs.py took 1.200 seconds
[2026-04-08T15:29:00.990+0000] {processor.py:161} INFO - Started process (PID=223) to work on /opt/airflow/dags/maintenance_logs.py
[2026-04-08T15:29:00.992+0000] {processor.py:830} INFO - Processing file /opt/airflow/dags/maintenance_logs.py for tasks to queue
[2026-04-08T15:29:01.001+0000] {logging_mixin.py:188} INFO - [2026-04-08T15:29:01.000+0000] {dagbag.py:545} INFO - Filling up the DagBag from /opt/airflow/dags/maintenance_logs.py
[2026-04-08T15:29:01.542+0000] {processor.py:840} INFO - DAG(s) 'maintenance_cleanup_logs' retrieved from /opt/airflow/dags/maintenance_logs.py
[2026-04-08T15:29:01.700+0000] {logging_mixin.py:188} INFO - [2026-04-08T15:29:01.700+0000] {dag.py:3089} INFO - Sync 1 DAGs
[2026-04-08T15:29:01.755+0000] {logging_mixin.py:188} INFO - [2026-04-08T15:29:01.755+0000] {dag.py:3947} INFO - Setting next_dagrun for maintenance_cleanup_logs to 2026-04-08 00:00:00+00:00, run_after=2026-04-09 00:00:00+00:00
[2026-04-08T15:29:01.794+0000] {processor.py:183} INFO - Processing /opt/airflow/dags/maintenance_logs.py took 0.824 seconds
[2026-04-08T15:29:32.283+0000] {processor.py:161} INFO - Started process (PID=233) to work on /opt/airflow/dags/maintenance_logs.py
[2026-04-08T15:29:32.296+0000] {processor.py:830} INFO - Processing file /opt/airflow/dags/maintenance_logs.py for tasks to queue
[2026-04-08T15:29:32.312+0000] {logging_mixin.py:188} INFO - [2026-04-08T15:29:32.311+0000] {dagbag.py:545} INFO - Filling up the DagBag from /opt/airflow/dags/maintenance_logs.py
[2026-04-08T15:29:32.391+0000] {processor.py:840} INFO - DAG(s) 'maintenance_cleanup_logs' retrieved from /opt/airflow/dags/maintenance_logs.py
[2026-04-08T15:29:32.615+0000] {logging_mixin.py:188} INFO - [2026-04-08T15:29:32.614+0000] {dag.py:3089} INFO - Sync 1 DAGs
[2026-04-08T15:29:32.716+0000] {logging_mixin.py:188} INFO - [2026-04-08T15:29:32.716+0000] {dag.py:3947} INFO - Setting next_dagrun for maintenance_cleanup_logs to 2026-04-08 00:00:00+00:00, run_after=2026-04-09 00:00:00+00:00
[2026-04-08T15:29:32.803+0000] {processor.py:183} INFO - Processing /opt/airflow/dags/maintenance_logs.py took 0.572 seconds
[2026-04-08T15:30:03.039+0000] {processor.py:161} INFO - Started process (PID=243) to work on /opt/airflow/dags/maintenance_logs.py
[2026-04-08T15:30:03.042+0000] {processor.py:830} INFO - Processing file /opt/airflow/dags/maintenance_logs.py for tasks to queue
[2026-04-08T15:30:03.046+0000] {logging_mixin.py:188} INFO - [2026-04-08T15:30:03.046+0000] {dagbag.py:545} INFO - Filling up the DagBag from /opt/airflow/dags/maintenance_logs.py
[2026-04-08T15:30:03.090+0000] {processor.py:840} INFO - DAG(s) 'maintenance_cleanup_logs' retrieved from /opt/airflow/dags/maintenance_logs.py
[2026-04-08T15:30:03.186+0000] {logging_mixin.py:188} INFO - [2026-04-08T15:30:03.186+0000] {dag.py:3089} INFO - Sync 1 DAGs
[2026-04-08T15:30:03.230+0000] {logging_mixin.py:188} INFO - [2026-04-08T15:30:03.230+0000] {dag.py:3947} INFO - Setting next_dagrun for maintenance_cleanup_logs to 2026-04-08 00:00:00+00:00, run_after=2026-04-09 00:00:00+00:00
[2026-04-08T15:30:03.288+0000] {processor.py:183} INFO - Processing /opt/airflow/dags/maintenance_logs.py took 0.275 seconds
[2026-04-08T15:30:33.600+0000] {processor.py:161} INFO - Started process (PID=253) to work on /opt/airflow/dags/maintenance_logs.py
[2026-04-08T15:30:33.604+0000] {processor.py:830} INFO - Processing file /opt/airflow/dags/maintenance_logs.py for tasks to queue
[2026-04-08T15:30:33.610+0000] {logging_mixin.py:188} INFO - [2026-04-08T15:30:33.609+0000] {dagbag.py:545} INFO - Filling up the DagBag from /opt/airflow/dags/maintenance_logs.py
[2026-04-08T15:30:33.651+0000] {processor.py:840} INFO - DAG(s) 'maintenance_cleanup_logs' retrieved from /opt/airflow/dags/maintenance_logs.py
[2026-04-08T15:30:33.751+0000] {logging_mixin.py:188} INFO - [2026-04-08T15:30:33.750+0000] {dag.py:3089} INFO - Sync 1 DAGs
[2026-04-08T15:30:33.805+0000] {logging_mixin.py:188} INFO - [2026-04-08T15:30:33.804+0000] {dag.py:3947} INFO - Setting next_dagrun for maintenance_cleanup_logs to 2026-04-08 00:00:00+00:00, run_after=2026-04-09 00:00:00+00:00
[2026-04-08T15:30:33.866+0000] {processor.py:183} INFO - Processing /opt/airflow/dags/maintenance_logs.py took 0.308 seconds
[2026-04-08T15:31:04.271+0000] {processor.py:161} INFO - Started process (PID=263) to work on /opt/airflow/dags/maintenance_logs.py
[2026-04-08T15:31:04.275+0000] {processor.py:830} INFO - Processing file /opt/airflow/dags/maintenance_logs.py for tasks to queue
[2026-04-08T15:31:04.289+0000] {logging_mixin.py:188} INFO - [2026-04-08T15:31:04.287+0000] {dagbag.py:545} INFO - Filling up the DagBag from /opt/airflow/dags/maintenance_logs.py
[2026-04-08T15:31:04.470+0000] {processor.py:840} INFO - DAG(s) 'maintenance_cleanup_logs' retrieved from /opt/airflow/dags/maintenance_logs.py
[2026-04-08T15:31:04.621+0000] {logging_mixin.py:188} INFO - [2026-04-08T15:31:04.621+0000] {dag.py:3089} INFO - Sync 1 DAGs
[2026-04-08T15:31:04.672+0000] {logging_mixin.py:188} INFO - [2026-04-08T15:31:04.672+0000] {dag.py:3947} INFO - Setting next_dagrun for maintenance_cleanup_logs to 2026-04-08 00:00:00+00:00, run_after=2026-04-09 00:00:00+00:00
[2026-04-08T15:31:04.720+0000] {processor.py:183} INFO - Processing /opt/airflow/dags/maintenance_logs.py took 0.487 seconds
[2026-04-08T15:31:34.965+0000] {processor.py:161} INFO - Started process (PID=273) to work on /opt/airflow/dags/maintenance_logs.py
[2026-04-08T15:31:34.971+0000] {processor.py:830} INFO - Processing file /opt/airflow/dags/maintenance_logs.py for tasks to queue
[2026-04-08T15:31:34.982+0000] {logging_mixin.py:188} INFO - [2026-04-08T15:31:34.980+0000] {dagbag.py:545} INFO - Filling up the DagBag from /opt/airflow/dags/maintenance_logs.py
[2026-04-08T15:31:35.162+0000] {processor.py:840} INFO - DAG(s) 'maintenance_cleanup_logs' retrieved from /opt/airflow/dags/maintenance_logs.py
[2026-04-08T15:31:35.302+0000] {logging_mixin.py:188} INFO - [2026-04-08T15:31:35.302+0000] {dag.py:3089} INFO - Sync 1 DAGs
[2026-04-08T15:31:35.355+0000] {logging_mixin.py:188} INFO - [2026-04-08T15:31:35.355+0000] {dag.py:3947} INFO - Setting next_dagrun for maintenance_cleanup_logs to 2026-04-08 00:00:00+00:00, run_after=2026-04-09 00:00:00+00:00
[2026-04-08T15:31:35.411+0000] {processor.py:183} INFO - Processing /opt/airflow/dags/maintenance_logs.py took 0.486 seconds
[2026-04-08T15:32:06.238+0000] {processor.py:161} INFO - Started process (PID=283) to work on /opt/airflow/dags/maintenance_logs.py
[2026-04-08T15:32:06.240+0000] {processor.py:830} INFO - Processing file /opt/airflow/dags/maintenance_logs.py for tasks to queue
[2026-04-08T15:32:06.245+0000] {logging_mixin.py:188} INFO - [2026-04-08T15:32:06.244+0000] {dagbag.py:545} INFO - Filling up the DagBag from /opt/airflow/dags/maintenance_logs.py
[2026-04-08T15:32:06.299+0000] {processor.py:840} INFO - DAG(s) 'maintenance_cleanup_logs' retrieved from /opt/airflow/dags/maintenance_logs.py
[2026-04-08T15:32:06.429+0000] {logging_mixin.py:188} INFO - [2026-04-08T15:32:06.429+0000] {dag.py:3089} INFO - Sync 1 DAGs
[2026-04-08T15:32:06.495+0000] {logging_mixin.py:188} INFO - [2026-04-08T15:32:06.495+0000] {dag.py:3947} INFO - Setting next_dagrun for maintenance_cleanup_logs to 2026-04-08 00:00:00+00:00, run_after=2026-04-09 00:00:00+00:00
[2026-04-08T15:32:06.554+0000] {processor.py:183} INFO - Processing /opt/airflow/dags/maintenance_logs.py took 0.332 seconds
[2026-04-08T15:32:37.282+0000] {processor.py:161} INFO - Started process (PID=295) to work on /opt/airflow/dags/maintenance_logs.py
[2026-04-08T15:32:37.291+0000] {processor.py:830} INFO - Processing file /opt/airflow/dags/maintenance_logs.py for tasks to queue
[2026-04-08T15:32:37.303+0000] {logging_mixin.py:188} INFO - [2026-04-08T15:32:37.301+0000] {dagbag.py:545} INFO - Filling up the DagBag from /opt/airflow/dags/maintenance_logs.py
[2026-04-08T15:32:37.408+0000] {processor.py:840} INFO - DAG(s) 'maintenance_cleanup_logs' retrieved from /opt/airflow/dags/maintenance_logs.py
[2026-04-08T15:32:37.547+0000] {logging_mixin.py:188} INFO - [2026-04-08T15:32:37.546+0000] {dag.py:3089} INFO - Sync 1 DAGs
[2026-04-08T15:32:37.606+0000] {logging_mixin.py:188} INFO - [2026-04-08T15:32:37.605+0000] {dag.py:3947} INFO - Setting next_dagrun for maintenance_cleanup_logs to 2026-04-08 00:00:00+00:00, run_after=2026-04-09 00:00:00+00:00
[2026-04-08T15:32:37.661+0000] {processor.py:183} INFO - Processing /opt/airflow/dags/maintenance_logs.py took 0.417 seconds
[2026-04-08T15:33:08.330+0000] {processor.py:161} INFO - Started process (PID=305) to work on /opt/airflow/dags/maintenance_logs.py
[2026-04-08T15:33:08.332+0000] {processor.py:830} INFO - Processing file /opt/airflow/dags/maintenance_logs.py for tasks to queue
[2026-04-08T15:33:08.338+0000] {logging_mixin.py:188} INFO - [2026-04-08T15:33:08.337+0000] {dagbag.py:545} INFO - Filling up the DagBag from /opt/airflow/dags/maintenance_logs.py
[2026-04-08T15:33:08.385+0000] {processor.py:840} INFO - DAG(s) 'maintenance_cleanup_logs' retrieved from /opt/airflow/dags/maintenance_logs.py
[2026-04-08T15:33:08.494+0000] {logging_mixin.py:188} INFO - [2026-04-08T15:33:08.494+0000] {dag.py:3089} INFO - Sync 1 DAGs
[2026-04-08T15:33:08.539+0000] {logging_mixin.py:188} INFO - [2026-04-08T15:33:08.539+0000] {dag.py:3947} INFO - Setting next_dagrun for maintenance_cleanup_logs to 2026-04-08 00:00:00+00:00, run_after=2026-04-09 00:00:00+00:00
[2026-04-08T15:33:08.600+0000] {processor.py:183} INFO - Processing /opt/airflow/dags/maintenance_logs.py took 0.286 seconds
[2026-04-08T15:33:39.266+0000] {processor.py:161} INFO - Started process (PID=317) to work on /opt/airflow/dags/maintenance_logs.py
[2026-04-08T15:33:39.267+0000] {processor.py:830} INFO - Processing file /opt/airflow/dags/maintenance_logs.py for tasks to queue
[2026-04-08T15:33:39.270+0000] {logging_mixin.py:188} INFO - [2026-04-08T15:33:39.270+0000] {dagbag.py:545} INFO - Filling up the DagBag from /opt/airflow/dags/maintenance_logs.py
[2026-04-08T15:33:39.304+0000] {processor.py:840} INFO - DAG(s) 'maintenance_cleanup_logs' retrieved from /opt/airflow/dags/maintenance_logs.py
[2026-04-08T15:33:39.389+0000] {logging_mixin.py:188} INFO - [2026-04-08T15:33:39.389+0000] {dag.py:3089} INFO - Sync 1 DAGs
[2026-04-08T15:33:39.442+0000] {logging_mixin.py:188} INFO - [2026-04-08T15:33:39.441+0000] {dag.py:3947} INFO - Setting next_dagrun for maintenance_cleanup_logs to 2026-04-08 00:00:00+00:00, run_after=2026-04-09 00:00:00+00:00
[2026-04-08T15:33:39.491+0000] {processor.py:183} INFO - Processing /opt/airflow/dags/maintenance_logs.py took 0.238 seconds
[2026-04-08T15:34:10.104+0000] {processor.py:161} INFO - Started process (PID=327) to work on /opt/airflow/dags/maintenance_logs.py
[2026-04-08T15:34:10.108+0000] {processor.py:830} INFO - Processing file /opt/airflow/dags/maintenance_logs.py for tasks to queue
[2026-04-08T15:34:10.117+0000] {logging_mixin.py:188} INFO - [2026-04-08T15:34:10.115+0000] {dagbag.py:545} INFO - Filling up the DagBag from /opt/airflow/dags/maintenance_logs.py
[2026-04-08T15:34:10.258+0000] {processor.py:840} INFO - DAG(s) 'maintenance_cleanup_logs' retrieved from /opt/airflow/dags/maintenance_logs.py
[2026-04-08T15:34:10.368+0000] {logging_mixin.py:188} INFO - [2026-04-08T15:34:10.367+0000] {dag.py:3089} INFO - Sync 1 DAGs
[2026-04-08T15:34:10.432+0000] {logging_mixin.py:188} INFO - [2026-04-08T15:34:10.432+0000] {dag.py:3947} INFO - Setting next_dagrun for maintenance_cleanup_logs to 2026-04-08 00:00:00+00:00, run_after=2026-04-09 00:00:00+00:00
[2026-04-08T15:34:10.480+0000] {processor.py:183} INFO - Processing /opt/airflow/dags/maintenance_logs.py took 0.404 seconds
[2026-04-08T15:34:41.253+0000] {processor.py:161} INFO - Started process (PID=337) to work on /opt/airflow/dags/maintenance_logs.py
[2026-04-08T15:34:41.256+0000] {processor.py:830} INFO - Processing file /opt/airflow/dags/maintenance_logs.py for tasks to queue
[2026-04-08T15:34:41.263+0000] {logging_mixin.py:188} INFO - [2026-04-08T15:34:41.262+0000] {dagbag.py:545} INFO - Filling up the DagBag from /opt/airflow/dags/maintenance_logs.py
[2026-04-08T15:34:41.304+0000] {processor.py:840} INFO - DAG(s) 'maintenance_cleanup_logs' retrieved from /opt/airflow/dags/maintenance_logs.py
[2026-04-08T15:34:41.410+0000] {logging_mixin.py:188} INFO - [2026-04-08T15:34:41.410+0000] {dag.py:3089} INFO - Sync 1 DAGs
[2026-04-08T15:34:41.453+0000] {logging_mixin.py:188} INFO - [2026-04-08T15:34:41.452+0000] {dag.py:3947} INFO - Setting next_dagrun for maintenance_cleanup_logs to 2026-04-08 00:00:00+00:00, run_after=2026-04-09 00:00:00+00:00
[2026-04-08T15:34:41.511+0000] {processor.py:183} INFO - Processing /opt/airflow/dags/maintenance_logs.py took 0.303 seconds
[2026-04-08T15:35:11.632+0000] {processor.py:161} INFO - Started process (PID=347) to work on /opt/airflow/dags/maintenance_logs.py
[2026-04-08T15:35:11.635+0000] {processor.py:830} INFO - Processing file /opt/airflow/dags/maintenance_logs.py for tasks to queue
[2026-04-08T15:35:11.645+0000] {logging_mixin.py:188} INFO - [2026-04-08T15:35:11.644+0000] {dagbag.py:545} INFO - Filling up the DagBag from /opt/airflow/dags/maintenance_logs.py
[2026-04-08T15:35:11.754+0000] {processor.py:840} INFO - DAG(s) 'maintenance_cleanup_logs' retrieved from /opt/airflow/dags/maintenance_logs.py
[2026-04-08T15:35:11.904+0000] {logging_mixin.py:188} INFO - [2026-04-08T15:35:11.904+0000] {dag.py:3089} INFO - Sync 1 DAGs
[2026-04-08T15:35:11.964+0000] {logging_mixin.py:188} INFO - [2026-04-08T15:35:11.963+0000] {dag.py:3947} INFO - Setting next_dagrun for maintenance_cleanup_logs to 2026-04-08 00:00:00+00:00, run_after=2026-04-09 00:00:00+00:00
[2026-04-08T15:35:12.017+0000] {processor.py:183} INFO - Processing /opt/airflow/dags/maintenance_logs.py took 0.409 seconds
[2026-04-08T15:35:42.818+0000] {processor.py:161} INFO - Started process (PID=357) to work on /opt/airflow/dags/maintenance_logs.py
[2026-04-08T15:35:42.820+0000] {processor.py:830} INFO - Processing file /opt/airflow/dags/maintenance_logs.py for tasks to queue
[2026-04-08T15:35:42.823+0000] {logging_mixin.py:188} INFO - [2026-04-08T15:35:42.823+0000] {dagbag.py:545} INFO - Filling up the DagBag from /opt/airflow/dags/maintenance_logs.py
[2026-04-08T15:35:42.881+0000] {processor.py:840} INFO - DAG(s) 'maintenance_cleanup_logs' retrieved from /opt/airflow/dags/maintenance_logs.py
[2026-04-08T15:35:43.014+0000] {logging_mixin.py:188} INFO - [2026-04-08T15:35:43.014+0000] {dag.py:3089} INFO - Sync 1 DAGs
[2026-04-08T15:35:43.076+0000] {logging_mixin.py:188} INFO - [2026-04-08T15:35:43.076+0000] {dag.py:3947} INFO - Setting next_dagrun for maintenance_cleanup_logs to 2026-04-08 00:00:00+00:00, run_after=2026-04-09 00:00:00+00:00
[2026-04-08T15:35:43.126+0000] {processor.py:183} INFO - Processing /opt/airflow/dags/maintenance_logs.py took 0.325 seconds
[2026-04-08T15:38:08.592+0000] {processor.py:161} INFO - Started process (PID=184) to work on /opt/airflow/dags/maintenance_logs.py
[2026-04-08T15:38:08.596+0000] {processor.py:830} INFO - Processing file /opt/airflow/dags/maintenance_logs.py for tasks to queue
[2026-04-08T15:38:08.601+0000] {logging_mixin.py:188} INFO - [2026-04-08T15:38:08.600+0000] {dagbag.py:545} INFO - Filling up the DagBag from /opt/airflow/dags/maintenance_logs.py
[2026-04-08T15:38:08.754+0000] {processor.py:840} INFO - DAG(s) 'maintenance_cleanup_logs' retrieved from /opt/airflow/dags/maintenance_logs.py
[2026-04-08T15:38:08.900+0000] {logging_mixin.py:188} INFO - [2026-04-08T15:38:08.900+0000] {dag.py:3089} INFO - Sync 1 DAGs
[2026-04-08T15:38:09.014+0000] {logging_mixin.py:188} INFO - [2026-04-08T15:38:09.014+0000] {dag.py:3947} INFO - Setting next_dagrun for maintenance_cleanup_logs to 2026-04-08 00:00:00+00:00, run_after=2026-04-09 00:00:00+00:00
[2026-04-08T15:38:09.100+0000] {processor.py:183} INFO - Processing /opt/airflow/dags/maintenance_logs.py took 0.562 seconds
[2026-04-08T15:38:42.223+0000] {processor.py:161} INFO - Started process (PID=199) to work on /opt/airflow/dags/maintenance_logs.py
[2026-04-08T15:38:42.381+0000] {processor.py:830} INFO - Processing file /opt/airflow/dags/maintenance_logs.py for tasks to queue
[2026-04-08T15:38:42.458+0000] {logging_mixin.py:188} INFO - [2026-04-08T15:38:42.457+0000] {dagbag.py:545} INFO - Filling up the DagBag from /opt/airflow/dags/maintenance_logs.py
[2026-04-08T15:38:44.911+0000] {processor.py:840} INFO - DAG(s) 'maintenance_cleanup_logs' retrieved from /opt/airflow/dags/maintenance_logs.py
[2026-04-08T15:38:57.406+0000] {logging_mixin.py:188} INFO - [2026-04-08T15:38:57.367+0000] {dag.py:3089} INFO - Sync 1 DAGs
[2026-04-08T15:38:57.797+0000] {logging_mixin.py:188} INFO - [2026-04-08T15:38:57.796+0000] {dag.py:3947} INFO - Setting next_dagrun for maintenance_cleanup_logs to 2026-04-08 00:00:00+00:00, run_after=2026-04-09 00:00:00+00:00
[2026-04-08T15:38:59.156+0000] {processor.py:183} INFO - Processing /opt/airflow/dags/maintenance_logs.py took 17.016 seconds
[2026-04-08T15:39:30.026+0000] {processor.py:161} INFO - Started process (PID=216) to work on /opt/airflow/dags/maintenance_logs.py
[2026-04-08T15:39:30.028+0000] {processor.py:830} INFO - Processing file /opt/airflow/dags/maintenance_logs.py for tasks to queue
[2026-04-08T15:39:30.036+0000] {logging_mixin.py:188} INFO - [2026-04-08T15:39:30.032+0000] {dagbag.py:545} INFO - Filling up the DagBag from /opt/airflow/dags/maintenance_logs.py
[2026-04-08T15:39:30.193+0000] {processor.py:840} INFO - DAG(s) 'maintenance_cleanup_logs' retrieved from /opt/airflow/dags/maintenance_logs.py
[2026-04-08T15:39:30.372+0000] {logging_mixin.py:188} INFO - [2026-04-08T15:39:30.372+0000] {dag.py:3089} INFO - Sync 1 DAGs
[2026-04-08T15:39:30.525+0000] {logging_mixin.py:188} INFO - [2026-04-08T15:39:30.524+0000] {dag.py:3947} INFO - Setting next_dagrun for maintenance_cleanup_logs to 2026-04-08 00:00:00+00:00, run_after=2026-04-09 00:00:00+00:00
[2026-04-08T15:39:30.603+0000] {processor.py:183} INFO - Processing /opt/airflow/dags/maintenance_logs.py took 0.606 seconds
[2026-04-08T15:40:01.175+0000] {processor.py:161} INFO - Started process (PID=231) to work on /opt/airflow/dags/maintenance_logs.py
[2026-04-08T15:40:01.177+0000] {processor.py:830} INFO - Processing file /opt/airflow/dags/maintenance_logs.py for tasks to queue
[2026-04-08T15:40:01.180+0000] {logging_mixin.py:188} INFO - [2026-04-08T15:40:01.179+0000] {dagbag.py:545} INFO - Filling up the DagBag from /opt/airflow/dags/maintenance_logs.py
[2026-04-08T15:40:01.221+0000] {processor.py:840} INFO - DAG(s) 'maintenance_cleanup_logs' retrieved from /opt/airflow/dags/maintenance_logs.py
[2026-04-08T15:40:01.307+0000] {logging_mixin.py:188} INFO - [2026-04-08T15:40:01.307+0000] {dag.py:3089} INFO - Sync 1 DAGs
[2026-04-08T15:40:01.358+0000] {logging_mixin.py:188} INFO - [2026-04-08T15:40:01.357+0000] {dag.py:3947} INFO - Setting next_dagrun for maintenance_cleanup_logs to 2026-04-08 00:00:00+00:00, run_after=2026-04-09 00:00:00+00:00
[2026-04-08T15:40:02.112+0000] {processor.py:183} INFO - Processing /opt/airflow/dags/maintenance_logs.py took 0.947 seconds
[2026-04-08T15:40:32.710+0000] {processor.py:161} INFO - Started process (PID=248) to work on /opt/airflow/dags/maintenance_logs.py
[2026-04-08T15:40:32.713+0000] {processor.py:830} INFO - Processing file /opt/airflow/dags/maintenance_logs.py for tasks to queue
[2026-04-08T15:40:32.719+0000] {logging_mixin.py:188} INFO - [2026-04-08T15:40:32.718+0000] {dagbag.py:545} INFO - Filling up the DagBag from /opt/airflow/dags/maintenance_logs.py
[2026-04-08T15:40:32.817+0000] {processor.py:840} INFO - DAG(s) 'maintenance_cleanup_logs' retrieved from /opt/airflow/dags/maintenance_logs.py
[2026-04-08T15:40:32.957+0000] {logging_mixin.py:188} INFO - [2026-04-08T15:40:32.956+0000] {dag.py:3089} INFO - Sync 1 DAGs
[2026-04-08T15:40:33.379+0000] {logging_mixin.py:188} INFO - [2026-04-08T15:40:33.378+0000] {dag.py:3947} INFO - Setting next_dagrun for maintenance_cleanup_logs to 2026-04-08 00:00:00+00:00, run_after=2026-04-09 00:00:00+00:00
[2026-04-08T15:40:33.435+0000] {processor.py:183} INFO - Processing /opt/airflow/dags/maintenance_logs.py took 0.752 seconds
[2026-04-08T15:41:03.967+0000] {processor.py:161} INFO - Started process (PID=263) to work on /opt/airflow/dags/maintenance_logs.py
[2026-04-08T15:41:03.973+0000] {processor.py:830} INFO - Processing file /opt/airflow/dags/maintenance_logs.py for tasks to queue
[2026-04-08T15:41:03.981+0000] {logging_mixin.py:188} INFO - [2026-04-08T15:41:03.979+0000] {dagbag.py:545} INFO - Filling up the DagBag from /opt/airflow/dags/maintenance_logs.py
[2026-04-08T15:41:04.128+0000] {processor.py:840} INFO - DAG(s) 'maintenance_cleanup_logs' retrieved from /opt/airflow/dags/maintenance_logs.py
[2026-04-08T15:41:04.229+0000] {logging_mixin.py:188} INFO - [2026-04-08T15:41:04.229+0000] {dag.py:3089} INFO - Sync 1 DAGs
[2026-04-08T15:41:04.495+0000] {logging_mixin.py:188} INFO - [2026-04-08T15:41:04.495+0000] {dag.py:3947} INFO - Setting next_dagrun for maintenance_cleanup_logs to 2026-04-08 00:00:00+00:00, run_after=2026-04-09 00:00:00+00:00
[2026-04-08T15:41:04.540+0000] {processor.py:183} INFO - Processing /opt/airflow/dags/maintenance_logs.py took 0.610 seconds
[2026-04-08T15:41:34.956+0000] {processor.py:161} INFO - Started process (PID=278) to work on /opt/airflow/dags/maintenance_logs.py
[2026-04-08T15:41:34.959+0000] {processor.py:830} INFO - Processing file /opt/airflow/dags/maintenance_logs.py for tasks to queue
[2026-04-08T15:41:34.965+0000] {logging_mixin.py:188} INFO - [2026-04-08T15:41:34.964+0000] {dagbag.py:545} INFO - Filling up the DagBag from /opt/airflow/dags/maintenance_logs.py
[2026-04-08T15:41:35.015+0000] {processor.py:840} INFO - DAG(s) 'maintenance_cleanup_logs' retrieved from /opt/airflow/dags/maintenance_logs.py
[2026-04-08T15:41:35.375+0000] {logging_mixin.py:188} INFO - [2026-04-08T15:41:35.375+0000] {dag.py:3089} INFO - Sync 1 DAGs
[2026-04-08T15:41:35.501+0000] {logging_mixin.py:188} INFO - [2026-04-08T15:41:35.500+0000] {dag.py:3947} INFO - Setting next_dagrun for maintenance_cleanup_logs to 2026-04-08 00:00:00+00:00, run_after=2026-04-09 00:00:00+00:00
[2026-04-08T15:41:35.586+0000] {processor.py:183} INFO - Processing /opt/airflow/dags/maintenance_logs.py took 0.641 seconds
[2026-04-08T15:42:06.446+0000] {processor.py:161} INFO - Started process (PID=293) to work on /opt/airflow/dags/maintenance_logs.py
[2026-04-08T15:42:06.448+0000] {processor.py:830} INFO - Processing file /opt/airflow/dags/maintenance_logs.py for tasks to queue
[2026-04-08T15:42:06.452+0000] {logging_mixin.py:188} INFO - [2026-04-08T15:42:06.452+0000] {dagbag.py:545} INFO - Filling up the DagBag from /opt/airflow/dags/maintenance_logs.py
[2026-04-08T15:42:06.507+0000] {processor.py:840} INFO - DAG(s) 'maintenance_cleanup_logs' retrieved from /opt/airflow/dags/maintenance_logs.py
[2026-04-08T15:42:06.654+0000] {logging_mixin.py:188} INFO - [2026-04-08T15:42:06.653+0000] {dag.py:3089} INFO - Sync 1 DAGs
[2026-04-08T15:42:06.718+0000] {logging_mixin.py:188} INFO - [2026-04-08T15:42:06.718+0000] {dag.py:3947} INFO - Setting next_dagrun for maintenance_cleanup_logs to 2026-04-08 00:00:00+00:00, run_after=2026-04-09 00:00:00+00:00
[2026-04-08T15:42:06.807+0000] {processor.py:183} INFO - Processing /opt/airflow/dags/maintenance_logs.py took 0.595 seconds
[2026-04-08T15:42:37.010+0000] {processor.py:161} INFO - Started process (PID=308) to work on /opt/airflow/dags/maintenance_logs.py
[2026-04-08T15:42:37.012+0000] {processor.py:830} INFO - Processing file /opt/airflow/dags/maintenance_logs.py for tasks to queue
[2026-04-08T15:42:37.018+0000] {logging_mixin.py:188} INFO - [2026-04-08T15:42:37.018+0000] {dagbag.py:545} INFO - Filling up the DagBag from /opt/airflow/dags/maintenance_logs.py
[2026-04-08T15:42:37.075+0000] {processor.py:840} INFO - DAG(s) 'maintenance_cleanup_logs' retrieved from /opt/airflow/dags/maintenance_logs.py
[2026-04-08T15:42:37.194+0000] {logging_mixin.py:188} INFO - [2026-04-08T15:42:37.194+0000] {dag.py:3089} INFO - Sync 1 DAGs
[2026-04-08T15:42:37.244+0000] {logging_mixin.py:188} INFO - [2026-04-08T15:42:37.244+0000] {dag.py:3947} INFO - Setting next_dagrun for maintenance_cleanup_logs to 2026-04-08 00:00:00+00:00, run_after=2026-04-09 00:00:00+00:00
[2026-04-08T15:42:37.317+0000] {processor.py:183} INFO - Processing /opt/airflow/dags/maintenance_logs.py took 0.322 seconds
[2026-04-08T15:43:07.797+0000] {processor.py:161} INFO - Started process (PID=323) to work on /opt/airflow/dags/maintenance_logs.py
[2026-04-08T15:43:07.805+0000] {processor.py:830} INFO - Processing file /opt/airflow/dags/maintenance_logs.py for tasks to queue
[2026-04-08T15:43:07.821+0000] {logging_mixin.py:188} INFO - [2026-04-08T15:43:07.816+0000] {dagbag.py:545} INFO - Filling up the DagBag from /opt/airflow/dags/maintenance_logs.py
[2026-04-08T15:43:08.031+0000] {processor.py:840} INFO - DAG(s) 'maintenance_cleanup_logs' retrieved from /opt/airflow/dags/maintenance_logs.py
[2026-04-08T15:43:08.223+0000] {logging_mixin.py:188} INFO - [2026-04-08T15:43:08.223+0000] {dag.py:3089} INFO - Sync 1 DAGs
[2026-04-08T15:43:08.277+0000] {logging_mixin.py:188} INFO - [2026-04-08T15:43:08.277+0000] {dag.py:3947} INFO - Setting next_dagrun for maintenance_cleanup_logs to 2026-04-08 00:00:00+00:00, run_after=2026-04-09 00:00:00+00:00
[2026-04-08T15:43:08.331+0000] {processor.py:183} INFO - Processing /opt/airflow/dags/maintenance_logs.py took 0.570 seconds
[2026-04-08T15:43:39.179+0000] {processor.py:161} INFO - Started process (PID=338) to work on /opt/airflow/dags/maintenance_logs.py
[2026-04-08T15:43:39.181+0000] {processor.py:830} INFO - Processing file /opt/airflow/dags/maintenance_logs.py for tasks to queue
[2026-04-08T15:43:39.185+0000] {logging_mixin.py:188} INFO - [2026-04-08T15:43:39.185+0000] {dagbag.py:545} INFO - Filling up the DagBag from /opt/airflow/dags/maintenance_logs.py
[2026-04-08T15:43:39.226+0000] {processor.py:840} INFO - DAG(s) 'maintenance_cleanup_logs' retrieved from /opt/airflow/dags/maintenance_logs.py
[2026-04-08T15:43:39.325+0000] {logging_mixin.py:188} INFO - [2026-04-08T15:43:39.324+0000] {dag.py:3089} INFO - Sync 1 DAGs
[2026-04-08T15:43:39.363+0000] {logging_mixin.py:188} INFO - [2026-04-08T15:43:39.363+0000] {dag.py:3947} INFO - Setting next_dagrun for maintenance_cleanup_logs to 2026-04-08 00:00:00+00:00, run_after=2026-04-09 00:00:00+00:00
[2026-04-08T15:43:39.406+0000] {processor.py:183} INFO - Processing /opt/airflow/dags/maintenance_logs.py took 0.238 seconds
[2026-04-08T15:44:10.148+0000] {processor.py:161} INFO - Started process (PID=353) to work on /opt/airflow/dags/maintenance_logs.py
[2026-04-08T15:44:10.150+0000] {processor.py:830} INFO - Processing file /opt/airflow/dags/maintenance_logs.py for tasks to queue
[2026-04-08T15:44:10.153+0000] {logging_mixin.py:188} INFO - [2026-04-08T15:44:10.152+0000] {dagbag.py:545} INFO - Filling up the DagBag from /opt/airflow/dags/maintenance_logs.py
[2026-04-08T15:44:10.198+0000] {processor.py:840} INFO - DAG(s) 'maintenance_cleanup_logs' retrieved from /opt/airflow/dags/maintenance_logs.py
[2026-04-08T15:44:10.314+0000] {logging_mixin.py:188} INFO - [2026-04-08T15:44:10.313+0000] {dag.py:3089} INFO - Sync 1 DAGs
[2026-04-08T15:44:10.393+0000] {logging_mixin.py:188} INFO - [2026-04-08T15:44:10.393+0000] {dag.py:3947} INFO - Setting next_dagrun for maintenance_cleanup_logs to 2026-04-08 00:00:00+00:00, run_after=2026-04-09 00:00:00+00:00
[2026-04-08T15:44:10.436+0000] {processor.py:183} INFO - Processing /opt/airflow/dags/maintenance_logs.py took 0.297 seconds
[2026-04-08T15:44:40.634+0000] {processor.py:161} INFO - Started process (PID=368) to work on /opt/airflow/dags/maintenance_logs.py
[2026-04-08T15:44:40.639+0000] {processor.py:830} INFO - Processing file /opt/airflow/dags/maintenance_logs.py for tasks to queue
[2026-04-08T15:44:40.649+0000] {logging_mixin.py:188} INFO - [2026-04-08T15:44:40.648+0000] {dagbag.py:545} INFO - Filling up the DagBag from /opt/airflow/dags/maintenance_logs.py
[2026-04-08T15:44:40.796+0000] {processor.py:840} INFO - DAG(s) 'maintenance_cleanup_logs' retrieved from /opt/airflow/dags/maintenance_logs.py
[2026-04-08T15:44:40.900+0000] {logging_mixin.py:188} INFO - [2026-04-08T15:44:40.899+0000] {dag.py:3089} INFO - Sync 1 DAGs
[2026-04-08T15:44:40.940+0000] {logging_mixin.py:188} INFO - [2026-04-08T15:44:40.940+0000] {dag.py:3947} INFO - Setting next_dagrun for maintenance_cleanup_logs to 2026-04-08 00:00:00+00:00, run_after=2026-04-09 00:00:00+00:00
[2026-04-08T15:44:40.988+0000] {processor.py:183} INFO - Processing /opt/airflow/dags/maintenance_logs.py took 0.393 seconds
[2026-04-08T15:45:11.228+0000] {processor.py:161} INFO - Started process (PID=383) to work on /opt/airflow/dags/maintenance_logs.py
[2026-04-08T15:45:11.233+0000] {processor.py:830} INFO - Processing file /opt/airflow/dags/maintenance_logs.py for tasks to queue
[2026-04-08T15:45:11.242+0000] {logging_mixin.py:188} INFO - [2026-04-08T15:45:11.240+0000] {dagbag.py:545} INFO - Filling up the DagBag from /opt/airflow/dags/maintenance_logs.py
[2026-04-08T15:45:11.319+0000] {processor.py:840} INFO - DAG(s) 'maintenance_cleanup_logs' retrieved from /opt/airflow/dags/maintenance_logs.py
[2026-04-08T15:45:11.429+0000] {logging_mixin.py:188} INFO - [2026-04-08T15:45:11.429+0000] {dag.py:3089} INFO - Sync 1 DAGs
[2026-04-08T15:45:11.476+0000] {logging_mixin.py:188} INFO - [2026-04-08T15:45:11.476+0000] {dag.py:3947} INFO - Setting next_dagrun for maintenance_cleanup_logs to 2026-04-08 00:00:00+00:00, run_after=2026-04-09 00:00:00+00:00
[2026-04-08T15:45:11.541+0000] {processor.py:183} INFO - Processing /opt/airflow/dags/maintenance_logs.py took 0.340 seconds
[2026-04-08T15:45:41.665+0000] {processor.py:161} INFO - Started process (PID=398) to work on /opt/airflow/dags/maintenance_logs.py
[2026-04-08T15:45:41.669+0000] {processor.py:830} INFO - Processing file /opt/airflow/dags/maintenance_logs.py for tasks to queue
[2026-04-08T15:45:41.673+0000] {logging_mixin.py:188} INFO - [2026-04-08T15:45:41.672+0000] {dagbag.py:545} INFO - Filling up the DagBag from /opt/airflow/dags/maintenance_logs.py
[2026-04-08T15:45:41.751+0000] {processor.py:840} INFO - DAG(s) 'maintenance_cleanup_logs' retrieved from /opt/airflow/dags/maintenance_logs.py
[2026-04-08T15:45:41.914+0000] {logging_mixin.py:188} INFO - [2026-04-08T15:45:41.913+0000] {dag.py:3089} INFO - Sync 1 DAGs
[2026-04-08T15:45:41.968+0000] {logging_mixin.py:188} INFO - [2026-04-08T15:45:41.967+0000] {dag.py:3947} INFO - Setting next_dagrun for maintenance_cleanup_logs to 2026-04-08 00:00:00+00:00, run_after=2026-04-09 00:00:00+00:00
[2026-04-08T15:45:42.024+0000] {processor.py:183} INFO - Processing /opt/airflow/dags/maintenance_logs.py took 0.378 seconds
[2026-04-08T15:46:12.953+0000] {processor.py:161} INFO - Started process (PID=413) to work on /opt/airflow/dags/maintenance_logs.py
[2026-04-08T15:46:12.955+0000] {processor.py:830} INFO - Processing file /opt/airflow/dags/maintenance_logs.py for tasks to queue
[2026-04-08T15:46:12.958+0000] {logging_mixin.py:188} INFO - [2026-04-08T15:46:12.958+0000] {dagbag.py:545} INFO - Filling up the DagBag from /opt/airflow/dags/maintenance_logs.py
[2026-04-08T15:46:13.011+0000] {processor.py:840} INFO - DAG(s) 'maintenance_cleanup_logs' retrieved from /opt/airflow/dags/maintenance_logs.py
[2026-04-08T15:46:13.130+0000] {logging_mixin.py:188} INFO - [2026-04-08T15:46:13.129+0000] {dag.py:3089} INFO - Sync 1 DAGs
[2026-04-08T15:46:13.180+0000] {logging_mixin.py:188} INFO - [2026-04-08T15:46:13.179+0000] {dag.py:3947} INFO - Setting next_dagrun for maintenance_cleanup_logs to 2026-04-08 00:00:00+00:00, run_after=2026-04-09 00:00:00+00:00
[2026-04-08T15:46:13.262+0000] {processor.py:183} INFO - Processing /opt/airflow/dags/maintenance_logs.py took 0.319 seconds
[2026-04-08T15:46:43.445+0000] {processor.py:161} INFO - Started process (PID=428) to work on /opt/airflow/dags/maintenance_logs.py
[2026-04-08T15:46:43.447+0000] {processor.py:830} INFO - Processing file /opt/airflow/dags/maintenance_logs.py for tasks to queue
[2026-04-08T15:46:43.451+0000] {logging_mixin.py:188} INFO - [2026-04-08T15:46:43.451+0000] {dagbag.py:545} INFO - Filling up the DagBag from /opt/airflow/dags/maintenance_logs.py
[2026-04-08T15:46:43.488+0000] {processor.py:840} INFO - DAG(s) 'maintenance_cleanup_logs' retrieved from /opt/airflow/dags/maintenance_logs.py
[2026-04-08T15:46:43.573+0000] {logging_mixin.py:188} INFO - [2026-04-08T15:46:43.573+0000] {dag.py:3089} INFO - Sync 1 DAGs
[2026-04-08T15:46:43.612+0000] {logging_mixin.py:188} INFO - [2026-04-08T15:46:43.612+0000] {dag.py:3947} INFO - Setting next_dagrun for maintenance_cleanup_logs to 2026-04-08 00:00:00+00:00, run_after=2026-04-09 00:00:00+00:00
[2026-04-08T15:46:43.673+0000] {processor.py:183} INFO - Processing /opt/airflow/dags/maintenance_logs.py took 0.237 seconds
[2026-04-08T15:47:14.360+0000] {processor.py:161} INFO - Started process (PID=443) to work on /opt/airflow/dags/maintenance_logs.py
[2026-04-08T15:47:14.373+0000] {processor.py:830} INFO - Processing file /opt/airflow/dags/maintenance_logs.py for tasks to queue
[2026-04-08T15:47:14.377+0000] {logging_mixin.py:188} INFO - [2026-04-08T15:47:14.376+0000] {dagbag.py:545} INFO - Filling up the DagBag from /opt/airflow/dags/maintenance_logs.py
[2026-04-08T15:47:14.492+0000] {processor.py:840} INFO - DAG(s) 'maintenance_cleanup_logs' retrieved from /opt/airflow/dags/maintenance_logs.py
[2026-04-08T15:47:14.694+0000] {logging_mixin.py:188} INFO - [2026-04-08T15:47:14.693+0000] {dag.py:3089} INFO - Sync 1 DAGs
[2026-04-08T15:47:14.788+0000] {logging_mixin.py:188} INFO - [2026-04-08T15:47:14.787+0000] {dag.py:3947} INFO - Setting next_dagrun for maintenance_cleanup_logs to 2026-04-08 00:00:00+00:00, run_after=2026-04-09 00:00:00+00:00
[2026-04-08T15:47:14.886+0000] {processor.py:183} INFO - Processing /opt/airflow/dags/maintenance_logs.py took 0.552 seconds
[2026-04-08T15:47:45.293+0000] {processor.py:161} INFO - Started process (PID=458) to work on /opt/airflow/dags/maintenance_logs.py
[2026-04-08T15:47:45.295+0000] {processor.py:830} INFO - Processing file /opt/airflow/dags/maintenance_logs.py for tasks to queue
[2026-04-08T15:47:45.299+0000] {logging_mixin.py:188} INFO - [2026-04-08T15:47:45.298+0000] {dagbag.py:545} INFO - Filling up the DagBag from /opt/airflow/dags/maintenance_logs.py
[2026-04-08T15:47:45.367+0000] {processor.py:840} INFO - DAG(s) 'maintenance_cleanup_logs' retrieved from /opt/airflow/dags/maintenance_logs.py
[2026-04-08T15:47:45.533+0000] {logging_mixin.py:188} INFO - [2026-04-08T15:47:45.532+0000] {dag.py:3089} INFO - Sync 1 DAGs
[2026-04-08T15:47:45.602+0000] {logging_mixin.py:188} INFO - [2026-04-08T15:47:45.599+0000] {dag.py:3947} INFO - Setting next_dagrun for maintenance_cleanup_logs to 2026-04-08 00:00:00+00:00, run_after=2026-04-09 00:00:00+00:00
[2026-04-08T15:47:45.666+0000] {processor.py:183} INFO - Processing /opt/airflow/dags/maintenance_logs.py took 0.388 seconds
[2026-04-08T15:48:16.290+0000] {processor.py:161} INFO - Started process (PID=473) to work on /opt/airflow/dags/maintenance_logs.py
[2026-04-08T15:48:16.292+0000] {processor.py:830} INFO - Processing file /opt/airflow/dags/maintenance_logs.py for tasks to queue
[2026-04-08T15:48:16.296+0000] {logging_mixin.py:188} INFO - [2026-04-08T15:48:16.295+0000] {dagbag.py:545} INFO - Filling up the DagBag from /opt/airflow/dags/maintenance_logs.py
[2026-04-08T15:48:16.349+0000] {processor.py:840} INFO - DAG(s) 'maintenance_cleanup_logs' retrieved from /opt/airflow/dags/maintenance_logs.py
[2026-04-08T15:48:16.448+0000] {logging_mixin.py:188} INFO - [2026-04-08T15:48:16.448+0000] {dag.py:3089} INFO - Sync 1 DAGs
[2026-04-08T15:48:16.491+0000] {logging_mixin.py:188} INFO - [2026-04-08T15:48:16.491+0000] {dag.py:3947} INFO - Setting next_dagrun for maintenance_cleanup_logs to 2026-04-08 00:00:00+00:00, run_after=2026-04-09 00:00:00+00:00
[2026-04-08T15:48:16.538+0000] {processor.py:183} INFO - Processing /opt/airflow/dags/maintenance_logs.py took 0.259 seconds
[2026-04-08T15:51:05.003+0000] {processor.py:161} INFO - Started process (PID=184) to work on /opt/airflow/dags/maintenance_logs.py
[2026-04-08T15:51:05.015+0000] {processor.py:830} INFO - Processing file /opt/airflow/dags/maintenance_logs.py for tasks to queue
[2026-04-08T15:51:05.019+0000] {logging_mixin.py:188} INFO - [2026-04-08T15:51:05.018+0000] {dagbag.py:545} INFO - Filling up the DagBag from /opt/airflow/dags/maintenance_logs.py
[2026-04-08T15:51:05.081+0000] {processor.py:840} INFO - DAG(s) 'maintenance_cleanup_logs' retrieved from /opt/airflow/dags/maintenance_logs.py
[2026-04-08T15:51:05.214+0000] {logging_mixin.py:188} INFO - [2026-04-08T15:51:05.213+0000] {dag.py:3089} INFO - Sync 1 DAGs
[2026-04-08T15:51:05.412+0000] {logging_mixin.py:188} INFO - [2026-04-08T15:51:05.411+0000] {dag.py:3947} INFO - Setting next_dagrun for maintenance_cleanup_logs to 2026-04-08 00:00:00+00:00, run_after=2026-04-09 00:00:00+00:00
[2026-04-08T15:51:05.631+0000] {processor.py:183} INFO - Processing /opt/airflow/dags/maintenance_logs.py took 0.663 seconds
[2026-04-08T15:51:35.965+0000] {processor.py:161} INFO - Started process (PID=199) to work on /opt/airflow/dags/maintenance_logs.py
[2026-04-08T15:51:35.968+0000] {processor.py:830} INFO - Processing file /opt/airflow/dags/maintenance_logs.py for tasks to queue
[2026-04-08T15:51:35.973+0000] {logging_mixin.py:188} INFO - [2026-04-08T15:51:35.973+0000] {dagbag.py:545} INFO - Filling up the DagBag from /opt/airflow/dags/maintenance_logs.py
[2026-04-08T15:51:36.212+0000] {processor.py:840} INFO - DAG(s) 'maintenance_cleanup_logs' retrieved from /opt/airflow/dags/maintenance_logs.py
[2026-04-08T15:51:38.625+0000] {logging_mixin.py:188} INFO - [2026-04-08T15:51:38.625+0000] {dag.py:3089} INFO - Sync 1 DAGs
[2026-04-08T15:51:38.715+0000] {logging_mixin.py:188} INFO - [2026-04-08T15:51:38.714+0000] {dag.py:3947} INFO - Setting next_dagrun for maintenance_cleanup_logs to 2026-04-08 00:00:00+00:00, run_after=2026-04-09 00:00:00+00:00
[2026-04-08T15:51:38.823+0000] {processor.py:183} INFO - Processing /opt/airflow/dags/maintenance_logs.py took 2.893 seconds
[2026-04-08T15:52:09.358+0000] {processor.py:161} INFO - Started process (PID=216) to work on /opt/airflow/dags/maintenance_logs.py
[2026-04-08T15:52:09.361+0000] {processor.py:830} INFO - Processing file /opt/airflow/dags/maintenance_logs.py for tasks to queue
[2026-04-08T15:52:09.365+0000] {logging_mixin.py:188} INFO - [2026-04-08T15:52:09.364+0000] {dagbag.py:545} INFO - Filling up the DagBag from /opt/airflow/dags/maintenance_logs.py
[2026-04-08T15:52:09.426+0000] {processor.py:840} INFO - DAG(s) 'maintenance_cleanup_logs' retrieved from /opt/airflow/dags/maintenance_logs.py
[2026-04-08T15:52:09.540+0000] {logging_mixin.py:188} INFO - [2026-04-08T15:52:09.539+0000] {dag.py:3089} INFO - Sync 1 DAGs
[2026-04-08T15:52:10.448+0000] {logging_mixin.py:188} INFO - [2026-04-08T15:52:10.448+0000] {dag.py:3947} INFO - Setting next_dagrun for maintenance_cleanup_logs to 2026-04-08 00:00:00+00:00, run_after=2026-04-09 00:00:00+00:00
[2026-04-08T15:52:10.506+0000] {processor.py:183} INFO - Processing /opt/airflow/dags/maintenance_logs.py took 1.160 seconds
[2026-04-08T15:52:41.551+0000] {processor.py:161} INFO - Started process (PID=231) to work on /opt/airflow/dags/maintenance_logs.py
[2026-04-08T15:52:41.554+0000] {processor.py:830} INFO - Processing file /opt/airflow/dags/maintenance_logs.py for tasks to queue
[2026-04-08T15:52:41.561+0000] {logging_mixin.py:188} INFO - [2026-04-08T15:52:41.560+0000] {dagbag.py:545} INFO - Filling up the DagBag from /opt/airflow/dags/maintenance_logs.py
[2026-04-08T15:52:41.643+0000] {processor.py:840} INFO - DAG(s) 'maintenance_cleanup_logs' retrieved from /opt/airflow/dags/maintenance_logs.py
[2026-04-08T15:52:42.483+0000] {logging_mixin.py:188} INFO - [2026-04-08T15:52:42.483+0000] {dag.py:3089} INFO - Sync 1 DAGs
[2026-04-08T15:52:42.536+0000] {logging_mixin.py:188} INFO - [2026-04-08T15:52:42.536+0000] {dag.py:3947} INFO - Setting next_dagrun for maintenance_cleanup_logs to 2026-04-08 00:00:00+00:00, run_after=2026-04-09 00:00:00+00:00
[2026-04-08T15:52:42.602+0000] {processor.py:183} INFO - Processing /opt/airflow/dags/maintenance_logs.py took 1.069 seconds
[2026-04-08T15:53:13.517+0000] {processor.py:161} INFO - Started process (PID=246) to work on /opt/airflow/dags/maintenance_logs.py
[2026-04-08T15:53:13.520+0000] {processor.py:830} INFO - Processing file /opt/airflow/dags/maintenance_logs.py for tasks to queue
[2026-04-08T15:53:13.523+0000] {logging_mixin.py:188} INFO - [2026-04-08T15:53:13.523+0000] {dagbag.py:545} INFO - Filling up the DagBag from /opt/airflow/dags/maintenance_logs.py
[2026-04-08T15:53:14.264+0000] {processor.py:840} INFO - DAG(s) 'maintenance_cleanup_logs' retrieved from /opt/airflow/dags/maintenance_logs.py
[2026-04-08T15:53:14.419+0000] {logging_mixin.py:188} INFO - [2026-04-08T15:53:14.412+0000] {dag.py:3089} INFO - Sync 1 DAGs
[2026-04-08T15:53:14.577+0000] {logging_mixin.py:188} INFO - [2026-04-08T15:53:14.565+0000] {dag.py:3947} INFO - Setting next_dagrun for maintenance_cleanup_logs to 2026-04-08 00:00:00+00:00, run_after=2026-04-09 00:00:00+00:00
[2026-04-08T15:53:14.727+0000] {processor.py:183} INFO - Processing /opt/airflow/dags/maintenance_logs.py took 1.225 seconds
[2026-04-08T15:53:44.929+0000] {processor.py:161} INFO - Started process (PID=261) to work on /opt/airflow/dags/maintenance_logs.py
[2026-04-08T15:53:44.932+0000] {processor.py:830} INFO - Processing file /opt/airflow/dags/maintenance_logs.py for tasks to queue
[2026-04-08T15:53:44.936+0000] {logging_mixin.py:188} INFO - [2026-04-08T15:53:44.936+0000] {dagbag.py:545} INFO - Filling up the DagBag from /opt/airflow/dags/maintenance_logs.py
[2026-04-08T15:53:44.998+0000] {processor.py:840} INFO - DAG(s) 'maintenance_cleanup_logs' retrieved from /opt/airflow/dags/maintenance_logs.py
[2026-04-08T15:53:45.118+0000] {logging_mixin.py:188} INFO - [2026-04-08T15:53:45.117+0000] {dag.py:3089} INFO - Sync 1 DAGs
[2026-04-08T15:53:45.227+0000] {logging_mixin.py:188} INFO - [2026-04-08T15:53:45.227+0000] {dag.py:3947} INFO - Setting next_dagrun for maintenance_cleanup_logs to 2026-04-08 00:00:00+00:00, run_after=2026-04-09 00:00:00+00:00
[2026-04-08T15:53:45.291+0000] {processor.py:183} INFO - Processing /opt/airflow/dags/maintenance_logs.py took 0.377 seconds
[2026-04-08T15:54:16.245+0000] {processor.py:161} INFO - Started process (PID=276) to work on /opt/airflow/dags/maintenance_logs.py
[2026-04-08T15:54:16.246+0000] {processor.py:830} INFO - Processing file /opt/airflow/dags/maintenance_logs.py for tasks to queue
[2026-04-08T15:54:16.250+0000] {logging_mixin.py:188} INFO - [2026-04-08T15:54:16.249+0000] {dagbag.py:545} INFO - Filling up the DagBag from /opt/airflow/dags/maintenance_logs.py
[2026-04-08T15:54:16.343+0000] {processor.py:840} INFO - DAG(s) 'maintenance_cleanup_logs' retrieved from /opt/airflow/dags/maintenance_logs.py
[2026-04-08T15:54:16.476+0000] {logging_mixin.py:188} INFO - [2026-04-08T15:54:16.476+0000] {dag.py:3089} INFO - Sync 1 DAGs
[2026-04-08T15:54:16.579+0000] {logging_mixin.py:188} INFO - [2026-04-08T15:54:16.578+0000] {dag.py:3947} INFO - Setting next_dagrun for maintenance_cleanup_logs to 2026-04-08 00:00:00+00:00, run_after=2026-04-09 00:00:00+00:00
[2026-04-08T15:54:16.633+0000] {processor.py:183} INFO - Processing /opt/airflow/dags/maintenance_logs.py took 0.404 seconds
[2026-04-08T15:54:46.797+0000] {processor.py:161} INFO - Started process (PID=291) to work on /opt/airflow/dags/maintenance_logs.py
[2026-04-08T15:54:46.799+0000] {processor.py:830} INFO - Processing file /opt/airflow/dags/maintenance_logs.py for tasks to queue
[2026-04-08T15:54:46.803+0000] {logging_mixin.py:188} INFO - [2026-04-08T15:54:46.802+0000] {dagbag.py:545} INFO - Filling up the DagBag from /opt/airflow/dags/maintenance_logs.py
[2026-04-08T15:54:46.880+0000] {processor.py:840} INFO - DAG(s) 'maintenance_cleanup_logs' retrieved from /opt/airflow/dags/maintenance_logs.py
[2026-04-08T15:54:47.057+0000] {logging_mixin.py:188} INFO - [2026-04-08T15:54:47.056+0000] {dag.py:3089} INFO - Sync 1 DAGs
[2026-04-08T15:54:47.145+0000] {logging_mixin.py:188} INFO - [2026-04-08T15:54:47.144+0000] {dag.py:3947} INFO - Setting next_dagrun for maintenance_cleanup_logs to 2026-04-08 00:00:00+00:00, run_after=2026-04-09 00:00:00+00:00
[2026-04-08T15:54:47.205+0000] {processor.py:183} INFO - Processing /opt/airflow/dags/maintenance_logs.py took 0.423 seconds
[2026-04-08T15:55:17.873+0000] {processor.py:161} INFO - Started process (PID=306) to work on /opt/airflow/dags/maintenance_logs.py
[2026-04-08T15:55:17.875+0000] {processor.py:830} INFO - Processing file /opt/airflow/dags/maintenance_logs.py for tasks to queue
[2026-04-08T15:55:17.879+0000] {logging_mixin.py:188} INFO - [2026-04-08T15:55:17.878+0000] {dagbag.py:545} INFO - Filling up the DagBag from /opt/airflow/dags/maintenance_logs.py
[2026-04-08T15:55:17.934+0000] {processor.py:840} INFO - DAG(s) 'maintenance_cleanup_logs' retrieved from /opt/airflow/dags/maintenance_logs.py
[2026-04-08T15:55:18.064+0000] {logging_mixin.py:188} INFO - [2026-04-08T15:55:18.063+0000] {dag.py:3089} INFO - Sync 1 DAGs
[2026-04-08T15:55:18.148+0000] {logging_mixin.py:188} INFO - [2026-04-08T15:55:18.148+0000] {dag.py:3947} INFO - Setting next_dagrun for maintenance_cleanup_logs to 2026-04-08 00:00:00+00:00, run_after=2026-04-09 00:00:00+00:00
[2026-04-08T15:55:18.215+0000] {processor.py:183} INFO - Processing /opt/airflow/dags/maintenance_logs.py took 0.357 seconds
[2026-04-08T15:59:27.057+0000] {processor.py:161} INFO - Started process (PID=184) to work on /opt/airflow/dags/maintenance_logs.py
[2026-04-08T15:59:27.063+0000] {processor.py:830} INFO - Processing file /opt/airflow/dags/maintenance_logs.py for tasks to queue
[2026-04-08T15:59:27.068+0000] {logging_mixin.py:188} INFO - [2026-04-08T15:59:27.068+0000] {dagbag.py:545} INFO - Filling up the DagBag from /opt/airflow/dags/maintenance_logs.py
[2026-04-08T15:59:27.125+0000] {processor.py:840} INFO - DAG(s) 'maintenance_cleanup_logs' retrieved from /opt/airflow/dags/maintenance_logs.py
[2026-04-08T15:59:27.271+0000] {logging_mixin.py:188} INFO - [2026-04-08T15:59:27.270+0000] {dag.py:3089} INFO - Sync 1 DAGs
[2026-04-08T15:59:27.417+0000] {logging_mixin.py:188} INFO - [2026-04-08T15:59:27.417+0000] {dag.py:3947} INFO - Setting next_dagrun for maintenance_cleanup_logs to 2026-04-08 00:00:00+00:00, run_after=2026-04-09 00:00:00+00:00
[2026-04-08T15:59:27.488+0000] {processor.py:183} INFO - Processing /opt/airflow/dags/maintenance_logs.py took 0.480 seconds
[2026-04-08T15:59:58.328+0000] {processor.py:161} INFO - Started process (PID=199) to work on /opt/airflow/dags/maintenance_logs.py
[2026-04-08T15:59:58.332+0000] {processor.py:830} INFO - Processing file /opt/airflow/dags/maintenance_logs.py for tasks to queue
[2026-04-08T15:59:58.372+0000] {logging_mixin.py:188} INFO - [2026-04-08T15:59:58.371+0000] {dagbag.py:545} INFO - Filling up the DagBag from /opt/airflow/dags/maintenance_logs.py
[2026-04-08T15:59:58.593+0000] {processor.py:840} INFO - DAG(s) 'maintenance_cleanup_logs' retrieved from /opt/airflow/dags/maintenance_logs.py
[2026-04-08T16:00:01.865+0000] {logging_mixin.py:188} INFO - [2026-04-08T16:00:01.864+0000] {dag.py:3089} INFO - Sync 1 DAGs
[2026-04-08T16:00:01.956+0000] {logging_mixin.py:188} INFO - [2026-04-08T16:00:01.955+0000] {dag.py:3947} INFO - Setting next_dagrun for maintenance_cleanup_logs to 2026-04-08 00:00:00+00:00, run_after=2026-04-09 00:00:00+00:00
[2026-04-08T16:00:02.169+0000] {processor.py:183} INFO - Processing /opt/airflow/dags/maintenance_logs.py took 3.895 seconds
[2026-04-08T16:00:33.201+0000] {processor.py:161} INFO - Started process (PID=214) to work on /opt/airflow/dags/maintenance_logs.py
[2026-04-08T16:00:33.207+0000] {processor.py:830} INFO - Processing file /opt/airflow/dags/maintenance_logs.py for tasks to queue
[2026-04-08T16:00:33.215+0000] {logging_mixin.py:188} INFO - [2026-04-08T16:00:33.215+0000] {dagbag.py:545} INFO - Filling up the DagBag from /opt/airflow/dags/maintenance_logs.py
[2026-04-08T16:00:33.297+0000] {processor.py:840} INFO - DAG(s) 'maintenance_cleanup_logs' retrieved from /opt/airflow/dags/maintenance_logs.py
[2026-04-08T16:00:33.438+0000] {logging_mixin.py:188} INFO - [2026-04-08T16:00:33.438+0000] {dag.py:3089} INFO - Sync 1 DAGs
[2026-04-08T16:00:34.913+0000] {logging_mixin.py:188} INFO - [2026-04-08T16:00:34.913+0000] {dag.py:3947} INFO - Setting next_dagrun for maintenance_cleanup_logs to 2026-04-08 00:00:00+00:00, run_after=2026-04-09 00:00:00+00:00
[2026-04-08T16:00:35.002+0000] {processor.py:183} INFO - Processing /opt/airflow/dags/maintenance_logs.py took 1.831 seconds
[2026-04-08T16:01:05.607+0000] {processor.py:161} INFO - Started process (PID=233) to work on /opt/airflow/dags/maintenance_logs.py
[2026-04-08T16:01:05.610+0000] {processor.py:830} INFO - Processing file /opt/airflow/dags/maintenance_logs.py for tasks to queue
[2026-04-08T16:01:05.615+0000] {logging_mixin.py:188} INFO - [2026-04-08T16:01:05.614+0000] {dagbag.py:545} INFO - Filling up the DagBag from /opt/airflow/dags/maintenance_logs.py
[2026-04-08T16:01:05.698+0000] {processor.py:840} INFO - DAG(s) 'maintenance_cleanup_logs' retrieved from /opt/airflow/dags/maintenance_logs.py
[2026-04-08T16:01:07.060+0000] {logging_mixin.py:188} INFO - [2026-04-08T16:01:07.059+0000] {dag.py:3089} INFO - Sync 1 DAGs
[2026-04-08T16:01:07.125+0000] {logging_mixin.py:188} INFO - [2026-04-08T16:01:07.124+0000] {dag.py:3947} INFO - Setting next_dagrun for maintenance_cleanup_logs to 2026-04-08 00:00:00+00:00, run_after=2026-04-09 00:00:00+00:00
[2026-04-08T16:01:07.197+0000] {processor.py:183} INFO - Processing /opt/airflow/dags/maintenance_logs.py took 1.605 seconds
[2026-04-08T16:01:38.031+0000] {processor.py:161} INFO - Started process (PID=248) to work on /opt/airflow/dags/maintenance_logs.py
[2026-04-08T16:01:38.033+0000] {processor.py:830} INFO - Processing file /opt/airflow/dags/maintenance_logs.py for tasks to queue
[2026-04-08T16:01:38.038+0000] {logging_mixin.py:188} INFO - [2026-04-08T16:01:38.037+0000] {dagbag.py:545} INFO - Filling up the DagBag from /opt/airflow/dags/maintenance_logs.py
[2026-04-08T16:01:38.538+0000] {processor.py:840} INFO - DAG(s) 'maintenance_cleanup_logs' retrieved from /opt/airflow/dags/maintenance_logs.py
[2026-04-08T16:01:38.696+0000] {logging_mixin.py:188} INFO - [2026-04-08T16:01:38.695+0000] {dag.py:3089} INFO - Sync 1 DAGs
[2026-04-08T16:01:38.757+0000] {logging_mixin.py:188} INFO - [2026-04-08T16:01:38.757+0000] {dag.py:3947} INFO - Setting next_dagrun for maintenance_cleanup_logs to 2026-04-08 00:00:00+00:00, run_after=2026-04-09 00:00:00+00:00
[2026-04-08T16:01:38.817+0000] {processor.py:183} INFO - Processing /opt/airflow/dags/maintenance_logs.py took 0.806 seconds
[2026-04-08T16:02:09.081+0000] {processor.py:161} INFO - Started process (PID=263) to work on /opt/airflow/dags/maintenance_logs.py
[2026-04-08T16:02:09.083+0000] {processor.py:830} INFO - Processing file /opt/airflow/dags/maintenance_logs.py for tasks to queue
[2026-04-08T16:02:09.087+0000] {logging_mixin.py:188} INFO - [2026-04-08T16:02:09.086+0000] {dagbag.py:545} INFO - Filling up the DagBag from /opt/airflow/dags/maintenance_logs.py
[2026-04-08T16:02:09.146+0000] {processor.py:840} INFO - DAG(s) 'maintenance_cleanup_logs' retrieved from /opt/airflow/dags/maintenance_logs.py
[2026-04-08T16:02:09.273+0000] {logging_mixin.py:188} INFO - [2026-04-08T16:02:09.273+0000] {dag.py:3089} INFO - Sync 1 DAGs
[2026-04-08T16:02:09.340+0000] {logging_mixin.py:188} INFO - [2026-04-08T16:02:09.339+0000] {dag.py:3947} INFO - Setting next_dagrun for maintenance_cleanup_logs to 2026-04-08 00:00:00+00:00, run_after=2026-04-09 00:00:00+00:00
[2026-04-08T16:02:09.418+0000] {processor.py:183} INFO - Processing /opt/airflow/dags/maintenance_logs.py took 0.351 seconds
[2026-04-08T16:02:40.131+0000] {processor.py:161} INFO - Started process (PID=278) to work on /opt/airflow/dags/maintenance_logs.py
[2026-04-08T16:02:40.133+0000] {processor.py:830} INFO - Processing file /opt/airflow/dags/maintenance_logs.py for tasks to queue
[2026-04-08T16:02:40.137+0000] {logging_mixin.py:188} INFO - [2026-04-08T16:02:40.136+0000] {dagbag.py:545} INFO - Filling up the DagBag from /opt/airflow/dags/maintenance_logs.py
[2026-04-08T16:02:40.191+0000] {processor.py:840} INFO - DAG(s) 'maintenance_cleanup_logs' retrieved from /opt/airflow/dags/maintenance_logs.py
[2026-04-08T16:02:40.335+0000] {logging_mixin.py:188} INFO - [2026-04-08T16:02:40.334+0000] {dag.py:3089} INFO - Sync 1 DAGs
[2026-04-08T16:02:40.434+0000] {logging_mixin.py:188} INFO - [2026-04-08T16:02:40.434+0000] {dag.py:3947} INFO - Setting next_dagrun for maintenance_cleanup_logs to 2026-04-08 00:00:00+00:00, run_after=2026-04-09 00:00:00+00:00
[2026-04-08T16:02:40.500+0000] {processor.py:183} INFO - Processing /opt/airflow/dags/maintenance_logs.py took 0.379 seconds
[2026-04-08T16:03:11.047+0000] {processor.py:161} INFO - Started process (PID=293) to work on /opt/airflow/dags/maintenance_logs.py
[2026-04-08T16:03:11.049+0000] {processor.py:830} INFO - Processing file /opt/airflow/dags/maintenance_logs.py for tasks to queue
[2026-04-08T16:03:11.056+0000] {logging_mixin.py:188} INFO - [2026-04-08T16:03:11.055+0000] {dagbag.py:545} INFO - Filling up the DagBag from /opt/airflow/dags/maintenance_logs.py
[2026-04-08T16:03:11.116+0000] {processor.py:840} INFO - DAG(s) 'maintenance_cleanup_logs' retrieved from /opt/airflow/dags/maintenance_logs.py
[2026-04-08T16:03:11.260+0000] {logging_mixin.py:188} INFO - [2026-04-08T16:03:11.260+0000] {dag.py:3089} INFO - Sync 1 DAGs
[2026-04-08T16:03:11.316+0000] {logging_mixin.py:188} INFO - [2026-04-08T16:03:11.316+0000] {dag.py:3947} INFO - Setting next_dagrun for maintenance_cleanup_logs to 2026-04-08 00:00:00+00:00, run_after=2026-04-09 00:00:00+00:00
[2026-04-08T16:03:11.369+0000] {processor.py:183} INFO - Processing /opt/airflow/dags/maintenance_logs.py took 0.338 seconds
[2026-04-08T16:03:41.961+0000] {processor.py:161} INFO - Started process (PID=308) to work on /opt/airflow/dags/maintenance_logs.py
[2026-04-08T16:03:41.963+0000] {processor.py:830} INFO - Processing file /opt/airflow/dags/maintenance_logs.py for tasks to queue
[2026-04-08T16:03:41.969+0000] {logging_mixin.py:188} INFO - [2026-04-08T16:03:41.968+0000] {dagbag.py:545} INFO - Filling up the DagBag from /opt/airflow/dags/maintenance_logs.py
[2026-04-08T16:03:42.030+0000] {processor.py:840} INFO - DAG(s) 'maintenance_cleanup_logs' retrieved from /opt/airflow/dags/maintenance_logs.py
[2026-04-08T16:03:42.151+0000] {logging_mixin.py:188} INFO - [2026-04-08T16:03:42.151+0000] {dag.py:3089} INFO - Sync 1 DAGs
[2026-04-08T16:03:42.205+0000] {logging_mixin.py:188} INFO - [2026-04-08T16:03:42.204+0000] {dag.py:3947} INFO - Setting next_dagrun for maintenance_cleanup_logs to 2026-04-08 00:00:00+00:00, run_after=2026-04-09 00:00:00+00:00
[2026-04-08T16:03:42.256+0000] {processor.py:183} INFO - Processing /opt/airflow/dags/maintenance_logs.py took 0.308 seconds
[2026-04-08T16:04:12.708+0000] {processor.py:161} INFO - Started process (PID=323) to work on /opt/airflow/dags/maintenance_logs.py
[2026-04-08T16:04:12.710+0000] {processor.py:830} INFO - Processing file /opt/airflow/dags/maintenance_logs.py for tasks to queue
[2026-04-08T16:04:12.714+0000] {logging_mixin.py:188} INFO - [2026-04-08T16:04:12.713+0000] {dagbag.py:545} INFO - Filling up the DagBag from /opt/airflow/dags/maintenance_logs.py
[2026-04-08T16:04:12.771+0000] {processor.py:840} INFO - DAG(s) 'maintenance_cleanup_logs' retrieved from /opt/airflow/dags/maintenance_logs.py
[2026-04-08T16:04:12.905+0000] {logging_mixin.py:188} INFO - [2026-04-08T16:04:12.905+0000] {dag.py:3089} INFO - Sync 1 DAGs
[2026-04-08T16:04:12.985+0000] {logging_mixin.py:188} INFO - [2026-04-08T16:04:12.985+0000] {dag.py:3947} INFO - Setting next_dagrun for maintenance_cleanup_logs to 2026-04-08 00:00:00+00:00, run_after=2026-04-09 00:00:00+00:00
[2026-04-08T16:04:13.162+0000] {processor.py:183} INFO - Processing /opt/airflow/dags/maintenance_logs.py took 0.467 seconds
[2026-04-08T16:04:44.098+0000] {processor.py:161} INFO - Started process (PID=338) to work on /opt/airflow/dags/maintenance_logs.py
[2026-04-08T16:04:44.099+0000] {processor.py:830} INFO - Processing file /opt/airflow/dags/maintenance_logs.py for tasks to queue
[2026-04-08T16:04:44.103+0000] {logging_mixin.py:188} INFO - [2026-04-08T16:04:44.102+0000] {dagbag.py:545} INFO - Filling up the DagBag from /opt/airflow/dags/maintenance_logs.py
[2026-04-08T16:04:44.151+0000] {processor.py:840} INFO - DAG(s) 'maintenance_cleanup_logs' retrieved from /opt/airflow/dags/maintenance_logs.py
[2026-04-08T16:04:44.268+0000] {logging_mixin.py:188} INFO - [2026-04-08T16:04:44.267+0000] {dag.py:3089} INFO - Sync 1 DAGs
[2026-04-08T16:04:44.329+0000] {logging_mixin.py:188} INFO - [2026-04-08T16:04:44.328+0000] {dag.py:3947} INFO - Setting next_dagrun for maintenance_cleanup_logs to 2026-04-08 00:00:00+00:00, run_after=2026-04-09 00:00:00+00:00
[2026-04-08T16:04:44.395+0000] {processor.py:183} INFO - Processing /opt/airflow/dags/maintenance_logs.py took 0.309 seconds
[2026-04-08T16:05:15.241+0000] {processor.py:161} INFO - Started process (PID=353) to work on /opt/airflow/dags/maintenance_logs.py
[2026-04-08T16:05:15.246+0000] {processor.py:830} INFO - Processing file /opt/airflow/dags/maintenance_logs.py for tasks to queue
[2026-04-08T16:05:15.257+0000] {logging_mixin.py:188} INFO - [2026-04-08T16:05:15.256+0000] {dagbag.py:545} INFO - Filling up the DagBag from /opt/airflow/dags/maintenance_logs.py
[2026-04-08T16:05:15.376+0000] {processor.py:840} INFO - DAG(s) 'maintenance_cleanup_logs' retrieved from /opt/airflow/dags/maintenance_logs.py
[2026-04-08T16:05:15.628+0000] {logging_mixin.py:188} INFO - [2026-04-08T16:05:15.628+0000] {dag.py:3089} INFO - Sync 1 DAGs
[2026-04-08T16:05:15.735+0000] {logging_mixin.py:188} INFO - [2026-04-08T16:05:15.735+0000] {dag.py:3947} INFO - Setting next_dagrun for maintenance_cleanup_logs to 2026-04-08 00:00:00+00:00, run_after=2026-04-09 00:00:00+00:00
[2026-04-08T16:05:15.805+0000] {processor.py:183} INFO - Processing /opt/airflow/dags/maintenance_logs.py took 0.585 seconds
[2026-04-08T16:05:46.772+0000] {processor.py:161} INFO - Started process (PID=368) to work on /opt/airflow/dags/maintenance_logs.py
[2026-04-08T16:05:46.777+0000] {processor.py:830} INFO - Processing file /opt/airflow/dags/maintenance_logs.py for tasks to queue
[2026-04-08T16:05:46.785+0000] {logging_mixin.py:188} INFO - [2026-04-08T16:05:46.783+0000] {dagbag.py:545} INFO - Filling up the DagBag from /opt/airflow/dags/maintenance_logs.py
[2026-04-08T16:05:46.870+0000] {processor.py:840} INFO - DAG(s) 'maintenance_cleanup_logs' retrieved from /opt/airflow/dags/maintenance_logs.py
[2026-04-08T16:05:46.970+0000] {logging_mixin.py:188} INFO - [2026-04-08T16:05:46.970+0000] {dag.py:3089} INFO - Sync 1 DAGs
[2026-04-08T16:05:47.035+0000] {logging_mixin.py:188} INFO - [2026-04-08T16:05:47.034+0000] {dag.py:3947} INFO - Setting next_dagrun for maintenance_cleanup_logs to 2026-04-08 00:00:00+00:00, run_after=2026-04-09 00:00:00+00:00
[2026-04-08T16:05:47.088+0000] {processor.py:183} INFO - Processing /opt/airflow/dags/maintenance_logs.py took 0.351 seconds
[2026-04-08T16:06:17.854+0000] {processor.py:161} INFO - Started process (PID=383) to work on /opt/airflow/dags/maintenance_logs.py
[2026-04-08T16:06:17.859+0000] {processor.py:830} INFO - Processing file /opt/airflow/dags/maintenance_logs.py for tasks to queue
[2026-04-08T16:06:17.869+0000] {logging_mixin.py:188} INFO - [2026-04-08T16:06:17.868+0000] {dagbag.py:545} INFO - Filling up the DagBag from /opt/airflow/dags/maintenance_logs.py
[2026-04-08T16:06:17.918+0000] {processor.py:840} INFO - DAG(s) 'maintenance_cleanup_logs' retrieved from /opt/airflow/dags/maintenance_logs.py
[2026-04-08T16:06:18.081+0000] {logging_mixin.py:188} INFO - [2026-04-08T16:06:18.080+0000] {dag.py:3089} INFO - Sync 1 DAGs
[2026-04-08T16:06:18.168+0000] {logging_mixin.py:188} INFO - [2026-04-08T16:06:18.168+0000] {dag.py:3947} INFO - Setting next_dagrun for maintenance_cleanup_logs to 2026-04-08 00:00:00+00:00, run_after=2026-04-09 00:00:00+00:00
[2026-04-08T16:06:18.237+0000] {processor.py:183} INFO - Processing /opt/airflow/dags/maintenance_logs.py took 0.398 seconds
[2026-04-08T16:06:48.443+0000] {processor.py:161} INFO - Started process (PID=398) to work on /opt/airflow/dags/maintenance_logs.py
[2026-04-08T16:06:48.445+0000] {processor.py:830} INFO - Processing file /opt/airflow/dags/maintenance_logs.py for tasks to queue
[2026-04-08T16:06:48.451+0000] {logging_mixin.py:188} INFO - [2026-04-08T16:06:48.450+0000] {dagbag.py:545} INFO - Filling up the DagBag from /opt/airflow/dags/maintenance_logs.py
[2026-04-08T16:06:48.517+0000] {processor.py:840} INFO - DAG(s) 'maintenance_cleanup_logs' retrieved from /opt/airflow/dags/maintenance_logs.py
[2026-04-08T16:06:48.655+0000] {logging_mixin.py:188} INFO - [2026-04-08T16:06:48.654+0000] {dag.py:3089} INFO - Sync 1 DAGs
[2026-04-08T16:06:48.742+0000] {logging_mixin.py:188} INFO - [2026-04-08T16:06:48.741+0000] {dag.py:3947} INFO - Setting next_dagrun for maintenance_cleanup_logs to 2026-04-08 00:00:00+00:00, run_after=2026-04-09 00:00:00+00:00
[2026-04-08T16:06:48.803+0000] {processor.py:183} INFO - Processing /opt/airflow/dags/maintenance_logs.py took 0.375 seconds
[2026-04-08T16:07:19.515+0000] {processor.py:161} INFO - Started process (PID=413) to work on /opt/airflow/dags/maintenance_logs.py
[2026-04-08T16:07:19.517+0000] {processor.py:830} INFO - Processing file /opt/airflow/dags/maintenance_logs.py for tasks to queue
[2026-04-08T16:07:19.523+0000] {logging_mixin.py:188} INFO - [2026-04-08T16:07:19.522+0000] {dagbag.py:545} INFO - Filling up the DagBag from /opt/airflow/dags/maintenance_logs.py
[2026-04-08T16:07:19.580+0000] {processor.py:840} INFO - DAG(s) 'maintenance_cleanup_logs' retrieved from /opt/airflow/dags/maintenance_logs.py
[2026-04-08T16:07:19.680+0000] {logging_mixin.py:188} INFO - [2026-04-08T16:07:19.680+0000] {dag.py:3089} INFO - Sync 1 DAGs
[2026-04-08T16:07:19.739+0000] {logging_mixin.py:188} INFO - [2026-04-08T16:07:19.739+0000] {dag.py:3947} INFO - Setting next_dagrun for maintenance_cleanup_logs to 2026-04-08 00:00:00+00:00, run_after=2026-04-09 00:00:00+00:00
[2026-04-08T16:07:19.809+0000] {processor.py:183} INFO - Processing /opt/airflow/dags/maintenance_logs.py took 0.309 seconds
[2026-04-08T16:07:50.643+0000] {processor.py:161} INFO - Started process (PID=428) to work on /opt/airflow/dags/maintenance_logs.py
[2026-04-08T16:07:50.646+0000] {processor.py:830} INFO - Processing file /opt/airflow/dags/maintenance_logs.py for tasks to queue
[2026-04-08T16:07:50.655+0000] {logging_mixin.py:188} INFO - [2026-04-08T16:07:50.654+0000] {dagbag.py:545} INFO - Filling up the DagBag from /opt/airflow/dags/maintenance_logs.py
[2026-04-08T16:07:50.725+0000] {processor.py:840} INFO - DAG(s) 'maintenance_cleanup_logs' retrieved from /opt/airflow/dags/maintenance_logs.py
[2026-04-08T16:07:50.871+0000] {logging_mixin.py:188} INFO - [2026-04-08T16:07:50.870+0000] {dag.py:3089} INFO - Sync 1 DAGs
[2026-04-08T16:07:50.957+0000] {logging_mixin.py:188} INFO - [2026-04-08T16:07:50.956+0000] {dag.py:3947} INFO - Setting next_dagrun for maintenance_cleanup_logs to 2026-04-08 00:00:00+00:00, run_after=2026-04-09 00:00:00+00:00
[2026-04-08T16:07:51.021+0000] {processor.py:183} INFO - Processing /opt/airflow/dags/maintenance_logs.py took 0.417 seconds
[2026-04-08T16:08:21.926+0000] {processor.py:161} INFO - Started process (PID=443) to work on /opt/airflow/dags/maintenance_logs.py
[2026-04-08T16:08:21.928+0000] {processor.py:830} INFO - Processing file /opt/airflow/dags/maintenance_logs.py for tasks to queue
[2026-04-08T16:08:21.932+0000] {logging_mixin.py:188} INFO - [2026-04-08T16:08:21.932+0000] {dagbag.py:545} INFO - Filling up the DagBag from /opt/airflow/dags/maintenance_logs.py
[2026-04-08T16:08:21.993+0000] {processor.py:840} INFO - DAG(s) 'maintenance_cleanup_logs' retrieved from /opt/airflow/dags/maintenance_logs.py
[2026-04-08T16:08:22.121+0000] {logging_mixin.py:188} INFO - [2026-04-08T16:08:22.121+0000] {dag.py:3089} INFO - Sync 1 DAGs
[2026-04-08T16:08:22.190+0000] {logging_mixin.py:188} INFO - [2026-04-08T16:08:22.189+0000] {dag.py:3947} INFO - Setting next_dagrun for maintenance_cleanup_logs to 2026-04-08 00:00:00+00:00, run_after=2026-04-09 00:00:00+00:00
[2026-04-08T16:08:22.260+0000] {processor.py:183} INFO - Processing /opt/airflow/dags/maintenance_logs.py took 0.349 seconds
[2026-04-08T16:08:52.884+0000] {processor.py:161} INFO - Started process (PID=458) to work on /opt/airflow/dags/maintenance_logs.py
[2026-04-08T16:08:52.888+0000] {processor.py:830} INFO - Processing file /opt/airflow/dags/maintenance_logs.py for tasks to queue
[2026-04-08T16:08:52.892+0000] {logging_mixin.py:188} INFO - [2026-04-08T16:08:52.891+0000] {dagbag.py:545} INFO - Filling up the DagBag from /opt/airflow/dags/maintenance_logs.py
[2026-04-08T16:08:52.946+0000] {processor.py:840} INFO - DAG(s) 'maintenance_cleanup_logs' retrieved from /opt/airflow/dags/maintenance_logs.py
[2026-04-08T16:08:53.072+0000] {logging_mixin.py:188} INFO - [2026-04-08T16:08:53.071+0000] {dag.py:3089} INFO - Sync 1 DAGs
[2026-04-08T16:08:53.125+0000] {logging_mixin.py:188} INFO - [2026-04-08T16:08:53.125+0000] {dag.py:3947} INFO - Setting next_dagrun for maintenance_cleanup_logs to 2026-04-08 00:00:00+00:00, run_after=2026-04-09 00:00:00+00:00
[2026-04-08T16:08:53.180+0000] {processor.py:183} INFO - Processing /opt/airflow/dags/maintenance_logs.py took 0.317 seconds
[2026-04-08T16:09:24.149+0000] {processor.py:161} INFO - Started process (PID=473) to work on /opt/airflow/dags/maintenance_logs.py
[2026-04-08T16:09:24.155+0000] {processor.py:830} INFO - Processing file /opt/airflow/dags/maintenance_logs.py for tasks to queue
[2026-04-08T16:09:24.167+0000] {logging_mixin.py:188} INFO - [2026-04-08T16:09:24.165+0000] {dagbag.py:545} INFO - Filling up the DagBag from /opt/airflow/dags/maintenance_logs.py
[2026-04-08T16:09:24.267+0000] {processor.py:840} INFO - DAG(s) 'maintenance_cleanup_logs' retrieved from /opt/airflow/dags/maintenance_logs.py
[2026-04-08T16:09:24.464+0000] {logging_mixin.py:188} INFO - [2026-04-08T16:09:24.463+0000] {dag.py:3089} INFO - Sync 1 DAGs
[2026-04-08T16:09:24.567+0000] {logging_mixin.py:188} INFO - [2026-04-08T16:09:24.566+0000] {dag.py:3947} INFO - Setting next_dagrun for maintenance_cleanup_logs to 2026-04-08 00:00:00+00:00, run_after=2026-04-09 00:00:00+00:00
[2026-04-08T16:09:24.641+0000] {processor.py:183} INFO - Processing /opt/airflow/dags/maintenance_logs.py took 0.511 seconds
[2026-04-08T16:09:55.079+0000] {processor.py:161} INFO - Started process (PID=490) to work on /opt/airflow/dags/maintenance_logs.py
[2026-04-08T16:09:55.084+0000] {processor.py:830} INFO - Processing file /opt/airflow/dags/maintenance_logs.py for tasks to queue
[2026-04-08T16:09:55.092+0000] {logging_mixin.py:188} INFO - [2026-04-08T16:09:55.091+0000] {dagbag.py:545} INFO - Filling up the DagBag from /opt/airflow/dags/maintenance_logs.py
[2026-04-08T16:09:55.155+0000] {processor.py:840} INFO - DAG(s) 'maintenance_cleanup_logs' retrieved from /opt/airflow/dags/maintenance_logs.py
[2026-04-08T16:09:55.292+0000] {logging_mixin.py:188} INFO - [2026-04-08T16:09:55.292+0000] {dag.py:3089} INFO - Sync 1 DAGs
[2026-04-08T16:09:55.373+0000] {logging_mixin.py:188} INFO - [2026-04-08T16:09:55.373+0000] {dag.py:3947} INFO - Setting next_dagrun for maintenance_cleanup_logs to 2026-04-08 00:00:00+00:00, run_after=2026-04-09 00:00:00+00:00
[2026-04-08T16:09:55.548+0000] {processor.py:183} INFO - Processing /opt/airflow/dags/maintenance_logs.py took 0.491 seconds
[2026-04-08T16:10:26.377+0000] {processor.py:161} INFO - Started process (PID=505) to work on /opt/airflow/dags/maintenance_logs.py
[2026-04-08T16:10:26.380+0000] {processor.py:830} INFO - Processing file /opt/airflow/dags/maintenance_logs.py for tasks to queue
[2026-04-08T16:10:26.387+0000] {logging_mixin.py:188} INFO - [2026-04-08T16:10:26.386+0000] {dagbag.py:545} INFO - Filling up the DagBag from /opt/airflow/dags/maintenance_logs.py
[2026-04-08T16:10:26.454+0000] {processor.py:840} INFO - DAG(s) 'maintenance_cleanup_logs' retrieved from /opt/airflow/dags/maintenance_logs.py
[2026-04-08T16:10:26.602+0000] {logging_mixin.py:188} INFO - [2026-04-08T16:10:26.601+0000] {dag.py:3089} INFO - Sync 1 DAGs
[2026-04-08T16:10:26.674+0000] {logging_mixin.py:188} INFO - [2026-04-08T16:10:26.673+0000] {dag.py:3947} INFO - Setting next_dagrun for maintenance_cleanup_logs to 2026-04-08 00:00:00+00:00, run_after=2026-04-09 00:00:00+00:00
[2026-04-08T16:10:26.747+0000] {processor.py:183} INFO - Processing /opt/airflow/dags/maintenance_logs.py took 0.387 seconds
[2026-04-08T16:10:57.006+0000] {processor.py:161} INFO - Started process (PID=520) to work on /opt/airflow/dags/maintenance_logs.py
[2026-04-08T16:10:57.008+0000] {processor.py:830} INFO - Processing file /opt/airflow/dags/maintenance_logs.py for tasks to queue
[2026-04-08T16:10:57.013+0000] {logging_mixin.py:188} INFO - [2026-04-08T16:10:57.012+0000] {dagbag.py:545} INFO - Filling up the DagBag from /opt/airflow/dags/maintenance_logs.py
[2026-04-08T16:10:57.077+0000] {processor.py:840} INFO - DAG(s) 'maintenance_cleanup_logs' retrieved from /opt/airflow/dags/maintenance_logs.py
[2026-04-08T16:10:57.273+0000] {logging_mixin.py:188} INFO - [2026-04-08T16:10:57.273+0000] {dag.py:3089} INFO - Sync 1 DAGs
[2026-04-08T16:10:57.336+0000] {logging_mixin.py:188} INFO - [2026-04-08T16:10:57.336+0000] {dag.py:3947} INFO - Setting next_dagrun for maintenance_cleanup_logs to 2026-04-08 00:00:00+00:00, run_after=2026-04-09 00:00:00+00:00
[2026-04-08T16:10:57.398+0000] {processor.py:183} INFO - Processing /opt/airflow/dags/maintenance_logs.py took 0.412 seconds
[2026-04-08T16:11:28.260+0000] {processor.py:161} INFO - Started process (PID=535) to work on /opt/airflow/dags/maintenance_logs.py
[2026-04-08T16:11:28.263+0000] {processor.py:830} INFO - Processing file /opt/airflow/dags/maintenance_logs.py for tasks to queue
[2026-04-08T16:11:28.269+0000] {logging_mixin.py:188} INFO - [2026-04-08T16:11:28.268+0000] {dagbag.py:545} INFO - Filling up the DagBag from /opt/airflow/dags/maintenance_logs.py
[2026-04-08T16:11:28.363+0000] {processor.py:840} INFO - DAG(s) 'maintenance_cleanup_logs' retrieved from /opt/airflow/dags/maintenance_logs.py
[2026-04-08T16:11:28.594+0000] {logging_mixin.py:188} INFO - [2026-04-08T16:11:28.594+0000] {dag.py:3089} INFO - Sync 1 DAGs
[2026-04-08T16:11:28.675+0000] {logging_mixin.py:188} INFO - [2026-04-08T16:11:28.675+0000] {dag.py:3947} INFO - Setting next_dagrun for maintenance_cleanup_logs to 2026-04-08 00:00:00+00:00, run_after=2026-04-09 00:00:00+00:00
[2026-04-08T16:11:28.771+0000] {processor.py:183} INFO - Processing /opt/airflow/dags/maintenance_logs.py took 0.537 seconds
[2026-04-08T16:11:59.688+0000] {processor.py:161} INFO - Started process (PID=550) to work on /opt/airflow/dags/maintenance_logs.py
[2026-04-08T16:11:59.690+0000] {processor.py:830} INFO - Processing file /opt/airflow/dags/maintenance_logs.py for tasks to queue
[2026-04-08T16:11:59.695+0000] {logging_mixin.py:188} INFO - [2026-04-08T16:11:59.694+0000] {dagbag.py:545} INFO - Filling up the DagBag from /opt/airflow/dags/maintenance_logs.py
[2026-04-08T16:11:59.775+0000] {processor.py:840} INFO - DAG(s) 'maintenance_cleanup_logs' retrieved from /opt/airflow/dags/maintenance_logs.py
[2026-04-08T16:11:59.890+0000] {logging_mixin.py:188} INFO - [2026-04-08T16:11:59.890+0000] {dag.py:3089} INFO - Sync 1 DAGs
[2026-04-08T16:11:59.955+0000] {logging_mixin.py:188} INFO - [2026-04-08T16:11:59.954+0000] {dag.py:3947} INFO - Setting next_dagrun for maintenance_cleanup_logs to 2026-04-08 00:00:00+00:00, run_after=2026-04-09 00:00:00+00:00
[2026-04-08T16:12:00.034+0000] {processor.py:183} INFO - Processing /opt/airflow/dags/maintenance_logs.py took 0.358 seconds
[2026-04-08T16:12:30.337+0000] {processor.py:161} INFO - Started process (PID=618) to work on /opt/airflow/dags/maintenance_logs.py
[2026-04-08T16:12:30.339+0000] {processor.py:830} INFO - Processing file /opt/airflow/dags/maintenance_logs.py for tasks to queue
[2026-04-08T16:12:30.345+0000] {logging_mixin.py:188} INFO - [2026-04-08T16:12:30.344+0000] {dagbag.py:545} INFO - Filling up the DagBag from /opt/airflow/dags/maintenance_logs.py
[2026-04-08T16:12:30.490+0000] {processor.py:840} INFO - DAG(s) 'maintenance_cleanup_logs' retrieved from /opt/airflow/dags/maintenance_logs.py
[2026-04-08T16:12:32.623+0000] {logging_mixin.py:188} INFO - [2026-04-08T16:12:32.622+0000] {process_utils.py:263} INFO - Waiting up to 5 seconds for processes to exit...
[2026-04-08T17:48:47.545+0000] {processor.py:161} INFO - Started process (PID=184) to work on /opt/airflow/dags/maintenance_logs.py
[2026-04-08T17:48:47.550+0000] {processor.py:830} INFO - Processing file /opt/airflow/dags/maintenance_logs.py for tasks to queue
[2026-04-08T17:48:47.559+0000] {logging_mixin.py:188} INFO - [2026-04-08T17:48:47.558+0000] {dagbag.py:545} INFO - Filling up the DagBag from /opt/airflow/dags/maintenance_logs.py
[2026-04-08T17:48:47.636+0000] {processor.py:840} INFO - DAG(s) 'maintenance_cleanup_logs' retrieved from /opt/airflow/dags/maintenance_logs.py
[2026-04-08T17:48:47.800+0000] {logging_mixin.py:188} INFO - [2026-04-08T17:48:47.800+0000] {dag.py:3089} INFO - Sync 1 DAGs
[2026-04-08T17:48:47.875+0000] {logging_mixin.py:188} INFO - [2026-04-08T17:48:47.875+0000] {dag.py:3947} INFO - Setting next_dagrun for maintenance_cleanup_logs to 2026-04-08 00:00:00+00:00, run_after=2026-04-09 00:00:00+00:00
[2026-04-08T17:48:47.957+0000] {processor.py:183} INFO - Processing /opt/airflow/dags/maintenance_logs.py took 0.456 seconds
[2026-04-08T17:49:18.652+0000] {processor.py:161} INFO - Started process (PID=199) to work on /opt/airflow/dags/maintenance_logs.py
[2026-04-08T17:49:18.661+0000] {processor.py:830} INFO - Processing file /opt/airflow/dags/maintenance_logs.py for tasks to queue
[2026-04-08T17:49:18.691+0000] {logging_mixin.py:188} INFO - [2026-04-08T17:49:18.684+0000] {dagbag.py:545} INFO - Filling up the DagBag from /opt/airflow/dags/maintenance_logs.py
[2026-04-08T17:49:18.817+0000] {processor.py:840} INFO - DAG(s) 'maintenance_cleanup_logs' retrieved from /opt/airflow/dags/maintenance_logs.py
[2026-04-08T17:49:23.591+0000] {logging_mixin.py:188} INFO - [2026-04-08T17:49:23.590+0000] {dag.py:3089} INFO - Sync 1 DAGs
[2026-04-08T17:49:23.654+0000] {logging_mixin.py:188} INFO - [2026-04-08T17:49:23.653+0000] {dag.py:3947} INFO - Setting next_dagrun for maintenance_cleanup_logs to 2026-04-08 00:00:00+00:00, run_after=2026-04-09 00:00:00+00:00
[2026-04-08T17:49:23.721+0000] {processor.py:183} INFO - Processing /opt/airflow/dags/maintenance_logs.py took 5.123 seconds
[2026-04-08T17:49:54.428+0000] {processor.py:161} INFO - Started process (PID=214) to work on /opt/airflow/dags/maintenance_logs.py
[2026-04-08T17:49:54.433+0000] {processor.py:830} INFO - Processing file /opt/airflow/dags/maintenance_logs.py for tasks to queue
[2026-04-08T17:49:54.438+0000] {logging_mixin.py:188} INFO - [2026-04-08T17:49:54.437+0000] {dagbag.py:545} INFO - Filling up the DagBag from /opt/airflow/dags/maintenance_logs.py
[2026-04-08T17:49:54.503+0000] {processor.py:840} INFO - DAG(s) 'maintenance_cleanup_logs' retrieved from /opt/airflow/dags/maintenance_logs.py
[2026-04-08T17:49:54.635+0000] {logging_mixin.py:188} INFO - [2026-04-08T17:49:54.635+0000] {dag.py:3089} INFO - Sync 1 DAGs
[2026-04-08T17:49:55.343+0000] {logging_mixin.py:188} INFO - [2026-04-08T17:49:55.342+0000] {dag.py:3947} INFO - Setting next_dagrun for maintenance_cleanup_logs to 2026-04-08 00:00:00+00:00, run_after=2026-04-09 00:00:00+00:00
[2026-04-08T17:49:55.438+0000] {processor.py:183} INFO - Processing /opt/airflow/dags/maintenance_logs.py took 1.041 seconds
[2026-04-08T17:50:26.073+0000] {processor.py:161} INFO - Started process (PID=229) to work on /opt/airflow/dags/maintenance_logs.py
[2026-04-08T17:50:26.075+0000] {processor.py:830} INFO - Processing file /opt/airflow/dags/maintenance_logs.py for tasks to queue
[2026-04-08T17:50:26.078+0000] {logging_mixin.py:188} INFO - [2026-04-08T17:50:26.078+0000] {dagbag.py:545} INFO - Filling up the DagBag from /opt/airflow/dags/maintenance_logs.py
[2026-04-08T17:50:26.128+0000] {processor.py:840} INFO - DAG(s) 'maintenance_cleanup_logs' retrieved from /opt/airflow/dags/maintenance_logs.py
[2026-04-08T17:50:26.599+0000] {logging_mixin.py:188} INFO - [2026-04-08T17:50:26.598+0000] {dag.py:3089} INFO - Sync 1 DAGs
[2026-04-08T17:50:26.649+0000] {logging_mixin.py:188} INFO - [2026-04-08T17:50:26.649+0000] {dag.py:3947} INFO - Setting next_dagrun for maintenance_cleanup_logs to 2026-04-08 00:00:00+00:00, run_after=2026-04-09 00:00:00+00:00
[2026-04-08T17:50:26.693+0000] {processor.py:183} INFO - Processing /opt/airflow/dags/maintenance_logs.py took 0.630 seconds
[2026-04-08T17:50:57.654+0000] {processor.py:161} INFO - Started process (PID=244) to work on /opt/airflow/dags/maintenance_logs.py
[2026-04-08T17:50:57.656+0000] {processor.py:830} INFO - Processing file /opt/airflow/dags/maintenance_logs.py for tasks to queue
[2026-04-08T17:50:57.658+0000] {logging_mixin.py:188} INFO - [2026-04-08T17:50:57.658+0000] {dagbag.py:545} INFO - Filling up the DagBag from /opt/airflow/dags/maintenance_logs.py
[2026-04-08T17:50:58.054+0000] {processor.py:840} INFO - DAG(s) 'maintenance_cleanup_logs' retrieved from /opt/airflow/dags/maintenance_logs.py
[2026-04-08T17:50:58.214+0000] {logging_mixin.py:188} INFO - [2026-04-08T17:50:58.213+0000] {dag.py:3089} INFO - Sync 1 DAGs
[2026-04-08T17:50:58.291+0000] {logging_mixin.py:188} INFO - [2026-04-08T17:50:58.291+0000] {dag.py:3947} INFO - Setting next_dagrun for maintenance_cleanup_logs to 2026-04-08 00:00:00+00:00, run_after=2026-04-09 00:00:00+00:00
[2026-04-08T17:50:58.433+0000] {processor.py:183} INFO - Processing /opt/airflow/dags/maintenance_logs.py took 0.788 seconds
[2026-04-08T17:51:29.475+0000] {processor.py:161} INFO - Started process (PID=259) to work on /opt/airflow/dags/maintenance_logs.py
[2026-04-08T17:51:29.482+0000] {processor.py:830} INFO - Processing file /opt/airflow/dags/maintenance_logs.py for tasks to queue
[2026-04-08T17:51:29.502+0000] {logging_mixin.py:188} INFO - [2026-04-08T17:51:29.497+0000] {dagbag.py:545} INFO - Filling up the DagBag from /opt/airflow/dags/maintenance_logs.py
[2026-04-08T17:51:29.674+0000] {processor.py:840} INFO - DAG(s) 'maintenance_cleanup_logs' retrieved from /opt/airflow/dags/maintenance_logs.py
[2026-04-08T17:51:29.932+0000] {logging_mixin.py:188} INFO - [2026-04-08T17:51:29.931+0000] {dag.py:3089} INFO - Sync 1 DAGs
[2026-04-08T17:51:30.070+0000] {logging_mixin.py:188} INFO - [2026-04-08T17:51:30.069+0000] {dag.py:3947} INFO - Setting next_dagrun for maintenance_cleanup_logs to 2026-04-08 00:00:00+00:00, run_after=2026-04-09 00:00:00+00:00
[2026-04-08T17:51:30.166+0000] {processor.py:183} INFO - Processing /opt/airflow/dags/maintenance_logs.py took 0.851 seconds
[2026-04-08T17:52:00.501+0000] {processor.py:161} INFO - Started process (PID=273) to work on /opt/airflow/dags/maintenance_logs.py
[2026-04-08T17:52:00.503+0000] {processor.py:830} INFO - Processing file /opt/airflow/dags/maintenance_logs.py for tasks to queue
[2026-04-08T17:52:00.508+0000] {logging_mixin.py:188} INFO - [2026-04-08T17:52:00.507+0000] {dagbag.py:545} INFO - Filling up the DagBag from /opt/airflow/dags/maintenance_logs.py
[2026-04-08T17:52:00.569+0000] {processor.py:840} INFO - DAG(s) 'maintenance_cleanup_logs' retrieved from /opt/airflow/dags/maintenance_logs.py
[2026-04-08T17:52:00.699+0000] {logging_mixin.py:188} INFO - [2026-04-08T17:52:00.699+0000] {dag.py:3089} INFO - Sync 1 DAGs
[2026-04-08T17:52:00.762+0000] {logging_mixin.py:188} INFO - [2026-04-08T17:52:00.761+0000] {dag.py:3947} INFO - Setting next_dagrun for maintenance_cleanup_logs to 2026-04-08 00:00:00+00:00, run_after=2026-04-09 00:00:00+00:00
[2026-04-08T17:52:00.828+0000] {processor.py:183} INFO - Processing /opt/airflow/dags/maintenance_logs.py took 0.347 seconds
[2026-04-08T17:52:31.857+0000] {processor.py:161} INFO - Started process (PID=289) to work on /opt/airflow/dags/maintenance_logs.py
[2026-04-08T17:52:31.861+0000] {processor.py:830} INFO - Processing file /opt/airflow/dags/maintenance_logs.py for tasks to queue
[2026-04-08T17:52:31.870+0000] {logging_mixin.py:188} INFO - [2026-04-08T17:52:31.869+0000] {dagbag.py:545} INFO - Filling up the DagBag from /opt/airflow/dags/maintenance_logs.py
[2026-04-08T17:52:32.011+0000] {processor.py:840} INFO - DAG(s) 'maintenance_cleanup_logs' retrieved from /opt/airflow/dags/maintenance_logs.py
[2026-04-08T17:52:32.142+0000] {logging_mixin.py:188} INFO - [2026-04-08T17:52:32.142+0000] {dag.py:3089} INFO - Sync 1 DAGs
[2026-04-08T17:52:32.200+0000] {logging_mixin.py:188} INFO - [2026-04-08T17:52:32.200+0000] {dag.py:3947} INFO - Setting next_dagrun for maintenance_cleanup_logs to 2026-04-08 00:00:00+00:00, run_after=2026-04-09 00:00:00+00:00
[2026-04-08T17:52:32.260+0000] {processor.py:183} INFO - Processing /opt/airflow/dags/maintenance_logs.py took 0.429 seconds
[2026-04-08T17:53:03.082+0000] {processor.py:161} INFO - Started process (PID=304) to work on /opt/airflow/dags/maintenance_logs.py
[2026-04-08T17:53:03.108+0000] {processor.py:830} INFO - Processing file /opt/airflow/dags/maintenance_logs.py for tasks to queue
[2026-04-08T17:53:03.146+0000] {logging_mixin.py:188} INFO - [2026-04-08T17:53:03.145+0000] {dagbag.py:545} INFO - Filling up the DagBag from /opt/airflow/dags/maintenance_logs.py
[2026-04-08T17:53:03.381+0000] {processor.py:840} INFO - DAG(s) 'maintenance_cleanup_logs' retrieved from /opt/airflow/dags/maintenance_logs.py
[2026-04-08T17:53:03.624+0000] {logging_mixin.py:188} INFO - [2026-04-08T17:53:03.623+0000] {dag.py:3089} INFO - Sync 1 DAGs
[2026-04-08T17:53:03.757+0000] {logging_mixin.py:188} INFO - [2026-04-08T17:53:03.756+0000] {dag.py:3947} INFO - Setting next_dagrun for maintenance_cleanup_logs to 2026-04-08 00:00:00+00:00, run_after=2026-04-09 00:00:00+00:00
[2026-04-08T17:53:03.874+0000] {processor.py:183} INFO - Processing /opt/airflow/dags/maintenance_logs.py took 0.842 seconds
[2026-04-08T17:53:34.162+0000] {processor.py:161} INFO - Started process (PID=319) to work on /opt/airflow/dags/maintenance_logs.py
[2026-04-08T17:53:34.167+0000] {processor.py:830} INFO - Processing file /opt/airflow/dags/maintenance_logs.py for tasks to queue
[2026-04-08T17:53:34.174+0000] {logging_mixin.py:188} INFO - [2026-04-08T17:53:34.173+0000] {dagbag.py:545} INFO - Filling up the DagBag from /opt/airflow/dags/maintenance_logs.py
[2026-04-08T17:53:34.283+0000] {processor.py:840} INFO - DAG(s) 'maintenance_cleanup_logs' retrieved from /opt/airflow/dags/maintenance_logs.py
[2026-04-08T17:53:34.533+0000] {logging_mixin.py:188} INFO - [2026-04-08T17:53:34.531+0000] {dag.py:3089} INFO - Sync 1 DAGs
[2026-04-08T17:53:34.667+0000] {logging_mixin.py:188} INFO - [2026-04-08T17:53:34.666+0000] {dag.py:3947} INFO - Setting next_dagrun for maintenance_cleanup_logs to 2026-04-08 00:00:00+00:00, run_after=2026-04-09 00:00:00+00:00
[2026-04-08T17:53:34.752+0000] {processor.py:183} INFO - Processing /opt/airflow/dags/maintenance_logs.py took 0.638 seconds
[2026-04-08T17:54:04.856+0000] {processor.py:161} INFO - Started process (PID=334) to work on /opt/airflow/dags/maintenance_logs.py
[2026-04-08T17:54:04.858+0000] {processor.py:830} INFO - Processing file /opt/airflow/dags/maintenance_logs.py for tasks to queue
[2026-04-08T17:54:04.862+0000] {logging_mixin.py:188} INFO - [2026-04-08T17:54:04.862+0000] {dagbag.py:545} INFO - Filling up the DagBag from /opt/airflow/dags/maintenance_logs.py
[2026-04-08T17:54:04.923+0000] {processor.py:840} INFO - DAG(s) 'maintenance_cleanup_logs' retrieved from /opt/airflow/dags/maintenance_logs.py
[2026-04-08T17:54:05.045+0000] {logging_mixin.py:188} INFO - [2026-04-08T17:54:05.045+0000] {dag.py:3089} INFO - Sync 1 DAGs
[2026-04-08T17:54:05.111+0000] {logging_mixin.py:188} INFO - [2026-04-08T17:54:05.111+0000] {dag.py:3947} INFO - Setting next_dagrun for maintenance_cleanup_logs to 2026-04-08 00:00:00+00:00, run_after=2026-04-09 00:00:00+00:00
[2026-04-08T17:54:05.171+0000] {processor.py:183} INFO - Processing /opt/airflow/dags/maintenance_logs.py took 0.330 seconds
[2026-04-08T17:54:35.286+0000] {processor.py:161} INFO - Started process (PID=349) to work on /opt/airflow/dags/maintenance_logs.py
[2026-04-08T17:54:35.289+0000] {processor.py:830} INFO - Processing file /opt/airflow/dags/maintenance_logs.py for tasks to queue
[2026-04-08T17:54:35.293+0000] {logging_mixin.py:188} INFO - [2026-04-08T17:54:35.292+0000] {dagbag.py:545} INFO - Filling up the DagBag from /opt/airflow/dags/maintenance_logs.py
[2026-04-08T17:54:35.355+0000] {processor.py:840} INFO - DAG(s) 'maintenance_cleanup_logs' retrieved from /opt/airflow/dags/maintenance_logs.py
[2026-04-08T17:54:35.498+0000] {logging_mixin.py:188} INFO - [2026-04-08T17:54:35.497+0000] {dag.py:3089} INFO - Sync 1 DAGs
[2026-04-08T17:54:35.571+0000] {logging_mixin.py:188} INFO - [2026-04-08T17:54:35.570+0000] {dag.py:3947} INFO - Setting next_dagrun for maintenance_cleanup_logs to 2026-04-08 00:00:00+00:00, run_after=2026-04-09 00:00:00+00:00
[2026-04-08T17:54:35.626+0000] {processor.py:183} INFO - Processing /opt/airflow/dags/maintenance_logs.py took 0.357 seconds
[2026-04-08T17:55:06.477+0000] {processor.py:161} INFO - Started process (PID=364) to work on /opt/airflow/dags/maintenance_logs.py
[2026-04-08T17:55:06.480+0000] {processor.py:830} INFO - Processing file /opt/airflow/dags/maintenance_logs.py for tasks to queue
[2026-04-08T17:55:06.486+0000] {logging_mixin.py:188} INFO - [2026-04-08T17:55:06.485+0000] {dagbag.py:545} INFO - Filling up the DagBag from /opt/airflow/dags/maintenance_logs.py
[2026-04-08T17:55:06.553+0000] {processor.py:840} INFO - DAG(s) 'maintenance_cleanup_logs' retrieved from /opt/airflow/dags/maintenance_logs.py
[2026-04-08T17:55:06.693+0000] {logging_mixin.py:188} INFO - [2026-04-08T17:55:06.692+0000] {dag.py:3089} INFO - Sync 1 DAGs
[2026-04-08T17:55:06.766+0000] {logging_mixin.py:188} INFO - [2026-04-08T17:55:06.765+0000] {dag.py:3947} INFO - Setting next_dagrun for maintenance_cleanup_logs to 2026-04-08 00:00:00+00:00, run_after=2026-04-09 00:00:00+00:00
[2026-04-08T17:55:06.832+0000] {processor.py:183} INFO - Processing /opt/airflow/dags/maintenance_logs.py took 0.387 seconds
[2026-04-08T17:55:37.509+0000] {processor.py:161} INFO - Started process (PID=379) to work on /opt/airflow/dags/maintenance_logs.py
[2026-04-08T17:55:37.511+0000] {processor.py:830} INFO - Processing file /opt/airflow/dags/maintenance_logs.py for tasks to queue
[2026-04-08T17:55:37.517+0000] {logging_mixin.py:188} INFO - [2026-04-08T17:55:37.516+0000] {dagbag.py:545} INFO - Filling up the DagBag from /opt/airflow/dags/maintenance_logs.py
[2026-04-08T17:55:37.572+0000] {processor.py:840} INFO - DAG(s) 'maintenance_cleanup_logs' retrieved from /opt/airflow/dags/maintenance_logs.py
[2026-04-08T17:55:37.680+0000] {logging_mixin.py:188} INFO - [2026-04-08T17:55:37.680+0000] {dag.py:3089} INFO - Sync 1 DAGs
[2026-04-08T17:55:37.737+0000] {logging_mixin.py:188} INFO - [2026-04-08T17:55:37.737+0000] {dag.py:3947} INFO - Setting next_dagrun for maintenance_cleanup_logs to 2026-04-08 00:00:00+00:00, run_after=2026-04-09 00:00:00+00:00
[2026-04-08T17:55:37.798+0000] {processor.py:183} INFO - Processing /opt/airflow/dags/maintenance_logs.py took 0.305 seconds
[2026-04-08T17:56:08.526+0000] {processor.py:161} INFO - Started process (PID=394) to work on /opt/airflow/dags/maintenance_logs.py
[2026-04-08T17:56:08.528+0000] {processor.py:830} INFO - Processing file /opt/airflow/dags/maintenance_logs.py for tasks to queue
[2026-04-08T17:56:08.532+0000] {logging_mixin.py:188} INFO - [2026-04-08T17:56:08.532+0000] {dagbag.py:545} INFO - Filling up the DagBag from /opt/airflow/dags/maintenance_logs.py
[2026-04-08T17:56:08.593+0000] {processor.py:840} INFO - DAG(s) 'maintenance_cleanup_logs' retrieved from /opt/airflow/dags/maintenance_logs.py
[2026-04-08T17:56:08.688+0000] {logging_mixin.py:188} INFO - [2026-04-08T17:56:08.688+0000] {dag.py:3089} INFO - Sync 1 DAGs
[2026-04-08T17:56:08.731+0000] {logging_mixin.py:188} INFO - [2026-04-08T17:56:08.731+0000] {dag.py:3947} INFO - Setting next_dagrun for maintenance_cleanup_logs to 2026-04-08 00:00:00+00:00, run_after=2026-04-09 00:00:00+00:00
[2026-04-08T17:56:08.793+0000] {processor.py:183} INFO - Processing /opt/airflow/dags/maintenance_logs.py took 0.285 seconds
[2026-04-08T17:56:39.530+0000] {processor.py:161} INFO - Started process (PID=409) to work on /opt/airflow/dags/maintenance_logs.py
[2026-04-08T17:56:39.532+0000] {processor.py:830} INFO - Processing file /opt/airflow/dags/maintenance_logs.py for tasks to queue
[2026-04-08T17:56:39.534+0000] {logging_mixin.py:188} INFO - [2026-04-08T17:56:39.534+0000] {dagbag.py:545} INFO - Filling up the DagBag from /opt/airflow/dags/maintenance_logs.py
[2026-04-08T17:56:39.577+0000] {processor.py:840} INFO - DAG(s) 'maintenance_cleanup_logs' retrieved from /opt/airflow/dags/maintenance_logs.py
[2026-04-08T17:56:39.688+0000] {logging_mixin.py:188} INFO - [2026-04-08T17:56:39.688+0000] {dag.py:3089} INFO - Sync 1 DAGs
[2026-04-08T17:56:39.749+0000] {logging_mixin.py:188} INFO - [2026-04-08T17:56:39.747+0000] {dag.py:3947} INFO - Setting next_dagrun for maintenance_cleanup_logs to 2026-04-08 00:00:00+00:00, run_after=2026-04-09 00:00:00+00:00
[2026-04-08T17:56:39.802+0000] {processor.py:183} INFO - Processing /opt/airflow/dags/maintenance_logs.py took 0.281 seconds
[2026-04-08T17:57:10.526+0000] {processor.py:161} INFO - Started process (PID=424) to work on /opt/airflow/dags/maintenance_logs.py
[2026-04-08T17:57:10.528+0000] {processor.py:830} INFO - Processing file /opt/airflow/dags/maintenance_logs.py for tasks to queue
[2026-04-08T17:57:10.531+0000] {logging_mixin.py:188} INFO - [2026-04-08T17:57:10.530+0000] {dagbag.py:545} INFO - Filling up the DagBag from /opt/airflow/dags/maintenance_logs.py
[2026-04-08T17:57:10.581+0000] {processor.py:840} INFO - DAG(s) 'maintenance_cleanup_logs' retrieved from /opt/airflow/dags/maintenance_logs.py
[2026-04-08T17:57:10.703+0000] {logging_mixin.py:188} INFO - [2026-04-08T17:57:10.703+0000] {dag.py:3089} INFO - Sync 1 DAGs
[2026-04-08T17:57:10.763+0000] {logging_mixin.py:188} INFO - [2026-04-08T17:57:10.762+0000] {dag.py:3947} INFO - Setting next_dagrun for maintenance_cleanup_logs to 2026-04-08 00:00:00+00:00, run_after=2026-04-09 00:00:00+00:00
[2026-04-08T17:57:10.820+0000] {processor.py:183} INFO - Processing /opt/airflow/dags/maintenance_logs.py took 0.305 seconds
[2026-04-08T17:57:41.650+0000] {processor.py:161} INFO - Started process (PID=439) to work on /opt/airflow/dags/maintenance_logs.py
[2026-04-08T17:57:41.652+0000] {processor.py:830} INFO - Processing file /opt/airflow/dags/maintenance_logs.py for tasks to queue
[2026-04-08T17:57:41.657+0000] {logging_mixin.py:188} INFO - [2026-04-08T17:57:41.656+0000] {dagbag.py:545} INFO - Filling up the DagBag from /opt/airflow/dags/maintenance_logs.py
[2026-04-08T17:57:41.714+0000] {processor.py:840} INFO - DAG(s) 'maintenance_cleanup_logs' retrieved from /opt/airflow/dags/maintenance_logs.py
[2026-04-08T17:57:41.827+0000] {logging_mixin.py:188} INFO - [2026-04-08T17:57:41.827+0000] {dag.py:3089} INFO - Sync 1 DAGs
[2026-04-08T17:57:41.878+0000] {logging_mixin.py:188} INFO - [2026-04-08T17:57:41.878+0000] {dag.py:3947} INFO - Setting next_dagrun for maintenance_cleanup_logs to 2026-04-08 00:00:00+00:00, run_after=2026-04-09 00:00:00+00:00
[2026-04-08T17:57:41.940+0000] {processor.py:183} INFO - Processing /opt/airflow/dags/maintenance_logs.py took 0.302 seconds
[2026-04-08T17:58:12.667+0000] {processor.py:161} INFO - Started process (PID=454) to work on /opt/airflow/dags/maintenance_logs.py
[2026-04-08T17:58:12.674+0000] {processor.py:830} INFO - Processing file /opt/airflow/dags/maintenance_logs.py for tasks to queue
[2026-04-08T17:58:12.680+0000] {logging_mixin.py:188} INFO - [2026-04-08T17:58:12.679+0000] {dagbag.py:545} INFO - Filling up the DagBag from /opt/airflow/dags/maintenance_logs.py
[2026-04-08T17:58:12.756+0000] {processor.py:840} INFO - DAG(s) 'maintenance_cleanup_logs' retrieved from /opt/airflow/dags/maintenance_logs.py
[2026-04-08T17:58:12.882+0000] {logging_mixin.py:188} INFO - [2026-04-08T17:58:12.882+0000] {dag.py:3089} INFO - Sync 1 DAGs
[2026-04-08T17:58:12.954+0000] {logging_mixin.py:188} INFO - [2026-04-08T17:58:12.954+0000] {dag.py:3947} INFO - Setting next_dagrun for maintenance_cleanup_logs to 2026-04-08 00:00:00+00:00, run_after=2026-04-09 00:00:00+00:00
[2026-04-08T17:58:13.021+0000] {processor.py:183} INFO - Processing /opt/airflow/dags/maintenance_logs.py took 0.377 seconds
[2026-04-08T17:58:43.610+0000] {processor.py:161} INFO - Started process (PID=469) to work on /opt/airflow/dags/maintenance_logs.py
[2026-04-08T17:58:43.612+0000] {processor.py:830} INFO - Processing file /opt/airflow/dags/maintenance_logs.py for tasks to queue
[2026-04-08T17:58:43.616+0000] {logging_mixin.py:188} INFO - [2026-04-08T17:58:43.615+0000] {dagbag.py:545} INFO - Filling up the DagBag from /opt/airflow/dags/maintenance_logs.py
[2026-04-08T17:58:43.659+0000] {processor.py:840} INFO - DAG(s) 'maintenance_cleanup_logs' retrieved from /opt/airflow/dags/maintenance_logs.py
[2026-04-08T17:58:43.751+0000] {logging_mixin.py:188} INFO - [2026-04-08T17:58:43.750+0000] {dag.py:3089} INFO - Sync 1 DAGs
[2026-04-08T17:58:43.834+0000] {logging_mixin.py:188} INFO - [2026-04-08T17:58:43.832+0000] {dag.py:3947} INFO - Setting next_dagrun for maintenance_cleanup_logs to 2026-04-08 00:00:00+00:00, run_after=2026-04-09 00:00:00+00:00
[2026-04-08T17:58:43.908+0000] {processor.py:183} INFO - Processing /opt/airflow/dags/maintenance_logs.py took 0.312 seconds
[2026-04-08T17:59:14.098+0000] {processor.py:161} INFO - Started process (PID=484) to work on /opt/airflow/dags/maintenance_logs.py
[2026-04-08T17:59:14.103+0000] {processor.py:830} INFO - Processing file /opt/airflow/dags/maintenance_logs.py for tasks to queue
[2026-04-08T17:59:14.109+0000] {logging_mixin.py:188} INFO - [2026-04-08T17:59:14.108+0000] {dagbag.py:545} INFO - Filling up the DagBag from /opt/airflow/dags/maintenance_logs.py
[2026-04-08T17:59:14.168+0000] {processor.py:840} INFO - DAG(s) 'maintenance_cleanup_logs' retrieved from /opt/airflow/dags/maintenance_logs.py
[2026-04-08T17:59:14.297+0000] {logging_mixin.py:188} INFO - [2026-04-08T17:59:14.296+0000] {dag.py:3089} INFO - Sync 1 DAGs
[2026-04-08T17:59:14.377+0000] {logging_mixin.py:188} INFO - [2026-04-08T17:59:14.376+0000] {dag.py:3947} INFO - Setting next_dagrun for maintenance_cleanup_logs to 2026-04-08 00:00:00+00:00, run_after=2026-04-09 00:00:00+00:00
[2026-04-08T17:59:14.509+0000] {processor.py:183} INFO - Processing /opt/airflow/dags/maintenance_logs.py took 0.430 seconds
[2026-04-08T17:59:45.201+0000] {processor.py:161} INFO - Started process (PID=499) to work on /opt/airflow/dags/maintenance_logs.py
[2026-04-08T17:59:45.203+0000] {processor.py:830} INFO - Processing file /opt/airflow/dags/maintenance_logs.py for tasks to queue
[2026-04-08T17:59:45.210+0000] {logging_mixin.py:188} INFO - [2026-04-08T17:59:45.209+0000] {dagbag.py:545} INFO - Filling up the DagBag from /opt/airflow/dags/maintenance_logs.py
[2026-04-08T17:59:45.295+0000] {processor.py:840} INFO - DAG(s) 'maintenance_cleanup_logs' retrieved from /opt/airflow/dags/maintenance_logs.py
[2026-04-08T17:59:45.428+0000] {logging_mixin.py:188} INFO - [2026-04-08T17:59:45.427+0000] {dag.py:3089} INFO - Sync 1 DAGs
[2026-04-08T17:59:45.479+0000] {logging_mixin.py:188} INFO - [2026-04-08T17:59:45.478+0000] {dag.py:3947} INFO - Setting next_dagrun for maintenance_cleanup_logs to 2026-04-08 00:00:00+00:00, run_after=2026-04-09 00:00:00+00:00
[2026-04-08T17:59:45.538+0000] {processor.py:183} INFO - Processing /opt/airflow/dags/maintenance_logs.py took 0.357 seconds
[2026-04-08T18:00:15.971+0000] {processor.py:161} INFO - Started process (PID=516) to work on /opt/airflow/dags/maintenance_logs.py
[2026-04-08T18:00:15.972+0000] {processor.py:830} INFO - Processing file /opt/airflow/dags/maintenance_logs.py for tasks to queue
[2026-04-08T18:00:15.975+0000] {logging_mixin.py:188} INFO - [2026-04-08T18:00:15.975+0000] {dagbag.py:545} INFO - Filling up the DagBag from /opt/airflow/dags/maintenance_logs.py
[2026-04-08T18:00:16.021+0000] {processor.py:840} INFO - DAG(s) 'maintenance_cleanup_logs' retrieved from /opt/airflow/dags/maintenance_logs.py
[2026-04-08T18:00:16.123+0000] {logging_mixin.py:188} INFO - [2026-04-08T18:00:16.122+0000] {dag.py:3089} INFO - Sync 1 DAGs
[2026-04-08T18:00:16.170+0000] {logging_mixin.py:188} INFO - [2026-04-08T18:00:16.170+0000] {dag.py:3947} INFO - Setting next_dagrun for maintenance_cleanup_logs to 2026-04-08 00:00:00+00:00, run_after=2026-04-09 00:00:00+00:00
[2026-04-08T18:00:16.232+0000] {processor.py:183} INFO - Processing /opt/airflow/dags/maintenance_logs.py took 0.272 seconds
[2026-04-08T18:00:46.726+0000] {processor.py:161} INFO - Started process (PID=529) to work on /opt/airflow/dags/maintenance_logs.py
[2026-04-08T18:00:46.729+0000] {processor.py:830} INFO - Processing file /opt/airflow/dags/maintenance_logs.py for tasks to queue
[2026-04-08T18:00:46.735+0000] {logging_mixin.py:188} INFO - [2026-04-08T18:00:46.734+0000] {dagbag.py:545} INFO - Filling up the DagBag from /opt/airflow/dags/maintenance_logs.py
[2026-04-08T18:00:46.806+0000] {processor.py:840} INFO - DAG(s) 'maintenance_cleanup_logs' retrieved from /opt/airflow/dags/maintenance_logs.py
[2026-04-08T18:00:46.939+0000] {logging_mixin.py:188} INFO - [2026-04-08T18:00:46.939+0000] {dag.py:3089} INFO - Sync 1 DAGs
[2026-04-08T18:00:47.006+0000] {logging_mixin.py:188} INFO - [2026-04-08T18:00:47.004+0000] {dag.py:3947} INFO - Setting next_dagrun for maintenance_cleanup_logs to 2026-04-08 00:00:00+00:00, run_after=2026-04-09 00:00:00+00:00
[2026-04-08T18:00:47.060+0000] {processor.py:183} INFO - Processing /opt/airflow/dags/maintenance_logs.py took 0.349 seconds
[2026-04-08T18:01:18.000+0000] {processor.py:161} INFO - Started process (PID=544) to work on /opt/airflow/dags/maintenance_logs.py
[2026-04-08T18:01:18.003+0000] {processor.py:830} INFO - Processing file /opt/airflow/dags/maintenance_logs.py for tasks to queue
[2026-04-08T18:01:18.011+0000] {logging_mixin.py:188} INFO - [2026-04-08T18:01:18.010+0000] {dagbag.py:545} INFO - Filling up the DagBag from /opt/airflow/dags/maintenance_logs.py
[2026-04-08T18:01:18.079+0000] {processor.py:840} INFO - DAG(s) 'maintenance_cleanup_logs' retrieved from /opt/airflow/dags/maintenance_logs.py
[2026-04-08T18:01:18.235+0000] {logging_mixin.py:188} INFO - [2026-04-08T18:01:18.235+0000] {dag.py:3089} INFO - Sync 1 DAGs
[2026-04-08T18:01:18.314+0000] {logging_mixin.py:188} INFO - [2026-04-08T18:01:18.314+0000] {dag.py:3947} INFO - Setting next_dagrun for maintenance_cleanup_logs to 2026-04-08 00:00:00+00:00, run_after=2026-04-09 00:00:00+00:00
[2026-04-08T18:01:18.361+0000] {processor.py:183} INFO - Processing /opt/airflow/dags/maintenance_logs.py took 0.375 seconds
[2026-04-08T18:01:48.927+0000] {processor.py:161} INFO - Started process (PID=559) to work on /opt/airflow/dags/maintenance_logs.py
[2026-04-08T18:01:48.930+0000] {processor.py:830} INFO - Processing file /opt/airflow/dags/maintenance_logs.py for tasks to queue
[2026-04-08T18:01:48.935+0000] {logging_mixin.py:188} INFO - [2026-04-08T18:01:48.934+0000] {dagbag.py:545} INFO - Filling up the DagBag from /opt/airflow/dags/maintenance_logs.py
[2026-04-08T18:01:48.996+0000] {processor.py:840} INFO - DAG(s) 'maintenance_cleanup_logs' retrieved from /opt/airflow/dags/maintenance_logs.py
[2026-04-08T18:01:49.113+0000] {logging_mixin.py:188} INFO - [2026-04-08T18:01:49.113+0000] {dag.py:3089} INFO - Sync 1 DAGs
[2026-04-08T18:01:49.173+0000] {logging_mixin.py:188} INFO - [2026-04-08T18:01:49.172+0000] {dag.py:3947} INFO - Setting next_dagrun for maintenance_cleanup_logs to 2026-04-08 00:00:00+00:00, run_after=2026-04-09 00:00:00+00:00
[2026-04-08T18:01:49.237+0000] {processor.py:183} INFO - Processing /opt/airflow/dags/maintenance_logs.py took 0.323 seconds
[2026-04-08T18:02:19.866+0000] {processor.py:161} INFO - Started process (PID=574) to work on /opt/airflow/dags/maintenance_logs.py
[2026-04-08T18:02:19.872+0000] {processor.py:830} INFO - Processing file /opt/airflow/dags/maintenance_logs.py for tasks to queue
[2026-04-08T18:02:19.881+0000] {logging_mixin.py:188} INFO - [2026-04-08T18:02:19.880+0000] {dagbag.py:545} INFO - Filling up the DagBag from /opt/airflow/dags/maintenance_logs.py
[2026-04-08T18:02:20.018+0000] {processor.py:840} INFO - DAG(s) 'maintenance_cleanup_logs' retrieved from /opt/airflow/dags/maintenance_logs.py
[2026-04-08T18:02:20.168+0000] {logging_mixin.py:188} INFO - [2026-04-08T18:02:20.167+0000] {dag.py:3089} INFO - Sync 1 DAGs
[2026-04-08T18:02:20.237+0000] {logging_mixin.py:188} INFO - [2026-04-08T18:02:20.237+0000] {dag.py:3947} INFO - Setting next_dagrun for maintenance_cleanup_logs to 2026-04-08 00:00:00+00:00, run_after=2026-04-09 00:00:00+00:00
[2026-04-08T18:02:20.295+0000] {processor.py:183} INFO - Processing /opt/airflow/dags/maintenance_logs.py took 0.472 seconds
[2026-04-08T18:02:50.597+0000] {processor.py:161} INFO - Started process (PID=589) to work on /opt/airflow/dags/maintenance_logs.py
[2026-04-08T18:02:50.601+0000] {processor.py:830} INFO - Processing file /opt/airflow/dags/maintenance_logs.py for tasks to queue
[2026-04-08T18:02:50.610+0000] {logging_mixin.py:188} INFO - [2026-04-08T18:02:50.608+0000] {dagbag.py:545} INFO - Filling up the DagBag from /opt/airflow/dags/maintenance_logs.py
[2026-04-08T18:02:50.777+0000] {processor.py:840} INFO - DAG(s) 'maintenance_cleanup_logs' retrieved from /opt/airflow/dags/maintenance_logs.py
[2026-04-08T18:02:50.911+0000] {logging_mixin.py:188} INFO - [2026-04-08T18:02:50.910+0000] {dag.py:3089} INFO - Sync 1 DAGs
[2026-04-08T18:02:50.971+0000] {logging_mixin.py:188} INFO - [2026-04-08T18:02:50.971+0000] {dag.py:3947} INFO - Setting next_dagrun for maintenance_cleanup_logs to 2026-04-08 00:00:00+00:00, run_after=2026-04-09 00:00:00+00:00
[2026-04-08T18:02:51.031+0000] {processor.py:183} INFO - Processing /opt/airflow/dags/maintenance_logs.py took 0.464 seconds
[2026-04-08T18:03:21.907+0000] {processor.py:161} INFO - Started process (PID=604) to work on /opt/airflow/dags/maintenance_logs.py
[2026-04-08T18:03:21.909+0000] {processor.py:830} INFO - Processing file /opt/airflow/dags/maintenance_logs.py for tasks to queue
[2026-04-08T18:03:21.913+0000] {logging_mixin.py:188} INFO - [2026-04-08T18:03:21.912+0000] {dagbag.py:545} INFO - Filling up the DagBag from /opt/airflow/dags/maintenance_logs.py
[2026-04-08T18:03:21.969+0000] {processor.py:840} INFO - DAG(s) 'maintenance_cleanup_logs' retrieved from /opt/airflow/dags/maintenance_logs.py
[2026-04-08T18:03:22.097+0000] {logging_mixin.py:188} INFO - [2026-04-08T18:03:22.096+0000] {dag.py:3089} INFO - Sync 1 DAGs
[2026-04-08T18:03:22.167+0000] {logging_mixin.py:188} INFO - [2026-04-08T18:03:22.167+0000] {dag.py:3947} INFO - Setting next_dagrun for maintenance_cleanup_logs to 2026-04-08 00:00:00+00:00, run_after=2026-04-09 00:00:00+00:00
[2026-04-08T18:03:22.224+0000] {processor.py:183} INFO - Processing /opt/airflow/dags/maintenance_logs.py took 0.333 seconds
[2026-04-08T18:03:52.933+0000] {processor.py:161} INFO - Started process (PID=619) to work on /opt/airflow/dags/maintenance_logs.py
[2026-04-08T18:03:52.939+0000] {processor.py:830} INFO - Processing file /opt/airflow/dags/maintenance_logs.py for tasks to queue
[2026-04-08T18:03:52.944+0000] {logging_mixin.py:188} INFO - [2026-04-08T18:03:52.943+0000] {dagbag.py:545} INFO - Filling up the DagBag from /opt/airflow/dags/maintenance_logs.py
[2026-04-08T18:03:53.056+0000] {processor.py:840} INFO - DAG(s) 'maintenance_cleanup_logs' retrieved from /opt/airflow/dags/maintenance_logs.py
[2026-04-08T18:03:53.181+0000] {logging_mixin.py:188} INFO - [2026-04-08T18:03:53.180+0000] {dag.py:3089} INFO - Sync 1 DAGs
[2026-04-08T18:03:53.234+0000] {logging_mixin.py:188} INFO - [2026-04-08T18:03:53.234+0000] {dag.py:3947} INFO - Setting next_dagrun for maintenance_cleanup_logs to 2026-04-08 00:00:00+00:00, run_after=2026-04-09 00:00:00+00:00
[2026-04-08T18:03:53.296+0000] {processor.py:183} INFO - Processing /opt/airflow/dags/maintenance_logs.py took 0.389 seconds
[2026-04-08T18:04:24.076+0000] {processor.py:161} INFO - Started process (PID=634) to work on /opt/airflow/dags/maintenance_logs.py
[2026-04-08T18:04:24.079+0000] {processor.py:830} INFO - Processing file /opt/airflow/dags/maintenance_logs.py for tasks to queue
[2026-04-08T18:04:24.086+0000] {logging_mixin.py:188} INFO - [2026-04-08T18:04:24.084+0000] {dagbag.py:545} INFO - Filling up the DagBag from /opt/airflow/dags/maintenance_logs.py
[2026-04-08T18:04:24.167+0000] {processor.py:840} INFO - DAG(s) 'maintenance_cleanup_logs' retrieved from /opt/airflow/dags/maintenance_logs.py
[2026-04-08T18:04:24.315+0000] {logging_mixin.py:188} INFO - [2026-04-08T18:04:24.314+0000] {dag.py:3089} INFO - Sync 1 DAGs
[2026-04-08T18:04:24.382+0000] {logging_mixin.py:188} INFO - [2026-04-08T18:04:24.381+0000] {dag.py:3947} INFO - Setting next_dagrun for maintenance_cleanup_logs to 2026-04-08 00:00:00+00:00, run_after=2026-04-09 00:00:00+00:00
[2026-04-08T18:04:24.476+0000] {processor.py:183} INFO - Processing /opt/airflow/dags/maintenance_logs.py took 0.428 seconds
[2026-04-08T18:04:55.074+0000] {processor.py:161} INFO - Started process (PID=649) to work on /opt/airflow/dags/maintenance_logs.py
[2026-04-08T18:04:55.076+0000] {processor.py:830} INFO - Processing file /opt/airflow/dags/maintenance_logs.py for tasks to queue
[2026-04-08T18:04:55.079+0000] {logging_mixin.py:188} INFO - [2026-04-08T18:04:55.078+0000] {dagbag.py:545} INFO - Filling up the DagBag from /opt/airflow/dags/maintenance_logs.py
[2026-04-08T18:04:55.139+0000] {processor.py:840} INFO - DAG(s) 'maintenance_cleanup_logs' retrieved from /opt/airflow/dags/maintenance_logs.py
[2026-04-08T18:04:55.263+0000] {logging_mixin.py:188} INFO - [2026-04-08T18:04:55.262+0000] {dag.py:3089} INFO - Sync 1 DAGs
[2026-04-08T18:04:55.319+0000] {logging_mixin.py:188} INFO - [2026-04-08T18:04:55.319+0000] {dag.py:3947} INFO - Setting next_dagrun for maintenance_cleanup_logs to 2026-04-08 00:00:00+00:00, run_after=2026-04-09 00:00:00+00:00
[2026-04-08T18:04:55.374+0000] {processor.py:183} INFO - Processing /opt/airflow/dags/maintenance_logs.py took 0.315 seconds
[2026-04-08T18:05:26.098+0000] {processor.py:161} INFO - Started process (PID=664) to work on /opt/airflow/dags/maintenance_logs.py
[2026-04-08T18:05:26.100+0000] {processor.py:830} INFO - Processing file /opt/airflow/dags/maintenance_logs.py for tasks to queue
[2026-04-08T18:05:26.104+0000] {logging_mixin.py:188} INFO - [2026-04-08T18:05:26.104+0000] {dagbag.py:545} INFO - Filling up the DagBag from /opt/airflow/dags/maintenance_logs.py
[2026-04-08T18:05:26.165+0000] {processor.py:840} INFO - DAG(s) 'maintenance_cleanup_logs' retrieved from /opt/airflow/dags/maintenance_logs.py
[2026-04-08T18:05:26.256+0000] {logging_mixin.py:188} INFO - [2026-04-08T18:05:26.256+0000] {dag.py:3089} INFO - Sync 1 DAGs
[2026-04-08T18:05:26.350+0000] {logging_mixin.py:188} INFO - [2026-04-08T18:05:26.350+0000] {dag.py:3947} INFO - Setting next_dagrun for maintenance_cleanup_logs to 2026-04-08 00:00:00+00:00, run_after=2026-04-09 00:00:00+00:00
[2026-04-08T18:05:26.417+0000] {processor.py:183} INFO - Processing /opt/airflow/dags/maintenance_logs.py took 0.339 seconds
[2026-04-08T18:05:57.260+0000] {processor.py:161} INFO - Started process (PID=679) to work on /opt/airflow/dags/maintenance_logs.py
[2026-04-08T18:05:57.262+0000] {processor.py:830} INFO - Processing file /opt/airflow/dags/maintenance_logs.py for tasks to queue
[2026-04-08T18:05:57.266+0000] {logging_mixin.py:188} INFO - [2026-04-08T18:05:57.265+0000] {dagbag.py:545} INFO - Filling up the DagBag from /opt/airflow/dags/maintenance_logs.py
[2026-04-08T18:05:57.308+0000] {processor.py:840} INFO - DAG(s) 'maintenance_cleanup_logs' retrieved from /opt/airflow/dags/maintenance_logs.py
[2026-04-08T18:05:57.430+0000] {logging_mixin.py:188} INFO - [2026-04-08T18:05:57.430+0000] {dag.py:3089} INFO - Sync 1 DAGs
[2026-04-08T18:05:57.486+0000] {logging_mixin.py:188} INFO - [2026-04-08T18:05:57.486+0000] {dag.py:3947} INFO - Setting next_dagrun for maintenance_cleanup_logs to 2026-04-08 00:00:00+00:00, run_after=2026-04-09 00:00:00+00:00
[2026-04-08T18:05:57.551+0000] {processor.py:183} INFO - Processing /opt/airflow/dags/maintenance_logs.py took 0.300 seconds
[2026-04-08T18:06:28.382+0000] {processor.py:161} INFO - Started process (PID=694) to work on /opt/airflow/dags/maintenance_logs.py
[2026-04-08T18:06:28.384+0000] {processor.py:830} INFO - Processing file /opt/airflow/dags/maintenance_logs.py for tasks to queue
[2026-04-08T18:06:28.392+0000] {logging_mixin.py:188} INFO - [2026-04-08T18:06:28.391+0000] {dagbag.py:545} INFO - Filling up the DagBag from /opt/airflow/dags/maintenance_logs.py
[2026-04-08T18:06:28.458+0000] {processor.py:840} INFO - DAG(s) 'maintenance_cleanup_logs' retrieved from /opt/airflow/dags/maintenance_logs.py
[2026-04-08T18:06:28.584+0000] {logging_mixin.py:188} INFO - [2026-04-08T18:06:28.583+0000] {dag.py:3089} INFO - Sync 1 DAGs
[2026-04-08T18:06:28.650+0000] {logging_mixin.py:188} INFO - [2026-04-08T18:06:28.649+0000] {dag.py:3947} INFO - Setting next_dagrun for maintenance_cleanup_logs to 2026-04-08 00:00:00+00:00, run_after=2026-04-09 00:00:00+00:00
[2026-04-08T18:06:28.724+0000] {processor.py:183} INFO - Processing /opt/airflow/dags/maintenance_logs.py took 0.360 seconds
[2026-04-08T18:06:59.365+0000] {processor.py:161} INFO - Started process (PID=709) to work on /opt/airflow/dags/maintenance_logs.py
[2026-04-08T18:06:59.367+0000] {processor.py:830} INFO - Processing file /opt/airflow/dags/maintenance_logs.py for tasks to queue
[2026-04-08T18:06:59.370+0000] {logging_mixin.py:188} INFO - [2026-04-08T18:06:59.370+0000] {dagbag.py:545} INFO - Filling up the DagBag from /opt/airflow/dags/maintenance_logs.py
[2026-04-08T18:06:59.432+0000] {processor.py:840} INFO - DAG(s) 'maintenance_cleanup_logs' retrieved from /opt/airflow/dags/maintenance_logs.py
[2026-04-08T18:06:59.538+0000] {logging_mixin.py:188} INFO - [2026-04-08T18:06:59.537+0000] {dag.py:3089} INFO - Sync 1 DAGs
[2026-04-08T18:06:59.592+0000] {logging_mixin.py:188} INFO - [2026-04-08T18:06:59.592+0000] {dag.py:3947} INFO - Setting next_dagrun for maintenance_cleanup_logs to 2026-04-08 00:00:00+00:00, run_after=2026-04-09 00:00:00+00:00
[2026-04-08T18:06:59.658+0000] {processor.py:183} INFO - Processing /opt/airflow/dags/maintenance_logs.py took 0.305 seconds
[2026-04-08T18:07:30.200+0000] {processor.py:161} INFO - Started process (PID=724) to work on /opt/airflow/dags/maintenance_logs.py
[2026-04-08T18:07:30.202+0000] {processor.py:830} INFO - Processing file /opt/airflow/dags/maintenance_logs.py for tasks to queue
[2026-04-08T18:07:30.207+0000] {logging_mixin.py:188} INFO - [2026-04-08T18:07:30.206+0000] {dagbag.py:545} INFO - Filling up the DagBag from /opt/airflow/dags/maintenance_logs.py
[2026-04-08T18:07:30.273+0000] {processor.py:840} INFO - DAG(s) 'maintenance_cleanup_logs' retrieved from /opt/airflow/dags/maintenance_logs.py
[2026-04-08T18:07:30.415+0000] {logging_mixin.py:188} INFO - [2026-04-08T18:07:30.415+0000] {dag.py:3089} INFO - Sync 1 DAGs
[2026-04-08T18:07:30.473+0000] {logging_mixin.py:188} INFO - [2026-04-08T18:07:30.472+0000] {dag.py:3947} INFO - Setting next_dagrun for maintenance_cleanup_logs to 2026-04-08 00:00:00+00:00, run_after=2026-04-09 00:00:00+00:00
[2026-04-08T18:07:30.540+0000] {processor.py:183} INFO - Processing /opt/airflow/dags/maintenance_logs.py took 0.357 seconds
[2026-04-08T18:08:01.027+0000] {processor.py:161} INFO - Started process (PID=739) to work on /opt/airflow/dags/maintenance_logs.py
[2026-04-08T18:08:01.028+0000] {processor.py:830} INFO - Processing file /opt/airflow/dags/maintenance_logs.py for tasks to queue
[2026-04-08T18:08:01.031+0000] {logging_mixin.py:188} INFO - [2026-04-08T18:08:01.031+0000] {dagbag.py:545} INFO - Filling up the DagBag from /opt/airflow/dags/maintenance_logs.py
[2026-04-08T18:08:01.093+0000] {processor.py:840} INFO - DAG(s) 'maintenance_cleanup_logs' retrieved from /opt/airflow/dags/maintenance_logs.py
[2026-04-08T18:08:01.205+0000] {logging_mixin.py:188} INFO - [2026-04-08T18:08:01.205+0000] {dag.py:3089} INFO - Sync 1 DAGs
[2026-04-08T18:08:01.260+0000] {logging_mixin.py:188} INFO - [2026-04-08T18:08:01.260+0000] {dag.py:3947} INFO - Setting next_dagrun for maintenance_cleanup_logs to 2026-04-08 00:00:00+00:00, run_after=2026-04-09 00:00:00+00:00
[2026-04-08T18:08:01.320+0000] {processor.py:183} INFO - Processing /opt/airflow/dags/maintenance_logs.py took 0.303 seconds
[2026-04-08T18:08:32.133+0000] {processor.py:161} INFO - Started process (PID=754) to work on /opt/airflow/dags/maintenance_logs.py
[2026-04-08T18:08:32.137+0000] {processor.py:830} INFO - Processing file /opt/airflow/dags/maintenance_logs.py for tasks to queue
[2026-04-08T18:08:32.142+0000] {logging_mixin.py:188} INFO - [2026-04-08T18:08:32.141+0000] {dagbag.py:545} INFO - Filling up the DagBag from /opt/airflow/dags/maintenance_logs.py
[2026-04-08T18:08:32.214+0000] {processor.py:840} INFO - DAG(s) 'maintenance_cleanup_logs' retrieved from /opt/airflow/dags/maintenance_logs.py
[2026-04-08T18:08:32.358+0000] {logging_mixin.py:188} INFO - [2026-04-08T18:08:32.357+0000] {dag.py:3089} INFO - Sync 1 DAGs
[2026-04-08T18:08:32.428+0000] {logging_mixin.py:188} INFO - [2026-04-08T18:08:32.427+0000] {dag.py:3947} INFO - Setting next_dagrun for maintenance_cleanup_logs to 2026-04-08 00:00:00+00:00, run_after=2026-04-09 00:00:00+00:00
[2026-04-08T18:08:32.496+0000] {processor.py:183} INFO - Processing /opt/airflow/dags/maintenance_logs.py took 0.376 seconds
[2026-04-08T18:09:03.495+0000] {processor.py:161} INFO - Started process (PID=769) to work on /opt/airflow/dags/maintenance_logs.py
[2026-04-08T18:09:03.497+0000] {processor.py:830} INFO - Processing file /opt/airflow/dags/maintenance_logs.py for tasks to queue
[2026-04-08T18:09:03.500+0000] {logging_mixin.py:188} INFO - [2026-04-08T18:09:03.499+0000] {dagbag.py:545} INFO - Filling up the DagBag from /opt/airflow/dags/maintenance_logs.py
[2026-04-08T18:09:03.542+0000] {processor.py:840} INFO - DAG(s) 'maintenance_cleanup_logs' retrieved from /opt/airflow/dags/maintenance_logs.py
[2026-04-08T18:09:03.697+0000] {logging_mixin.py:188} INFO - [2026-04-08T18:09:03.696+0000] {dag.py:3089} INFO - Sync 1 DAGs
[2026-04-08T18:09:03.769+0000] {logging_mixin.py:188} INFO - [2026-04-08T18:09:03.769+0000] {dag.py:3947} INFO - Setting next_dagrun for maintenance_cleanup_logs to 2026-04-08 00:00:00+00:00, run_after=2026-04-09 00:00:00+00:00
[2026-04-08T18:09:03.818+0000] {processor.py:183} INFO - Processing /opt/airflow/dags/maintenance_logs.py took 0.335 seconds
[2026-04-08T18:09:34.396+0000] {processor.py:161} INFO - Started process (PID=784) to work on /opt/airflow/dags/maintenance_logs.py
[2026-04-08T18:09:34.400+0000] {processor.py:830} INFO - Processing file /opt/airflow/dags/maintenance_logs.py for tasks to queue
[2026-04-08T18:09:34.404+0000] {logging_mixin.py:188} INFO - [2026-04-08T18:09:34.404+0000] {dagbag.py:545} INFO - Filling up the DagBag from /opt/airflow/dags/maintenance_logs.py
[2026-04-08T18:09:34.489+0000] {processor.py:840} INFO - DAG(s) 'maintenance_cleanup_logs' retrieved from /opt/airflow/dags/maintenance_logs.py
[2026-04-08T18:09:34.622+0000] {logging_mixin.py:188} INFO - [2026-04-08T18:09:34.622+0000] {dag.py:3089} INFO - Sync 1 DAGs
[2026-04-08T18:09:34.691+0000] {logging_mixin.py:188} INFO - [2026-04-08T18:09:34.690+0000] {dag.py:3947} INFO - Setting next_dagrun for maintenance_cleanup_logs to 2026-04-08 00:00:00+00:00, run_after=2026-04-09 00:00:00+00:00
[2026-04-08T18:09:34.763+0000] {processor.py:183} INFO - Processing /opt/airflow/dags/maintenance_logs.py took 0.384 seconds
[2026-04-08T18:10:05.073+0000] {processor.py:161} INFO - Started process (PID=799) to work on /opt/airflow/dags/maintenance_logs.py
[2026-04-08T18:10:05.075+0000] {processor.py:830} INFO - Processing file /opt/airflow/dags/maintenance_logs.py for tasks to queue
[2026-04-08T18:10:05.079+0000] {logging_mixin.py:188} INFO - [2026-04-08T18:10:05.078+0000] {dagbag.py:545} INFO - Filling up the DagBag from /opt/airflow/dags/maintenance_logs.py
[2026-04-08T18:10:05.144+0000] {processor.py:840} INFO - DAG(s) 'maintenance_cleanup_logs' retrieved from /opt/airflow/dags/maintenance_logs.py
[2026-04-08T18:10:05.283+0000] {logging_mixin.py:188} INFO - [2026-04-08T18:10:05.282+0000] {dag.py:3089} INFO - Sync 1 DAGs
[2026-04-08T18:10:05.336+0000] {logging_mixin.py:188} INFO - [2026-04-08T18:10:05.336+0000] {dag.py:3947} INFO - Setting next_dagrun for maintenance_cleanup_logs to 2026-04-08 00:00:00+00:00, run_after=2026-04-09 00:00:00+00:00
[2026-04-08T18:10:05.390+0000] {processor.py:183} INFO - Processing /opt/airflow/dags/maintenance_logs.py took 0.328 seconds
[2026-04-08T18:10:35.781+0000] {processor.py:161} INFO - Started process (PID=814) to work on /opt/airflow/dags/maintenance_logs.py
[2026-04-08T18:10:35.784+0000] {processor.py:830} INFO - Processing file /opt/airflow/dags/maintenance_logs.py for tasks to queue
[2026-04-08T18:10:35.790+0000] {logging_mixin.py:188} INFO - [2026-04-08T18:10:35.789+0000] {dagbag.py:545} INFO - Filling up the DagBag from /opt/airflow/dags/maintenance_logs.py
[2026-04-08T18:10:35.878+0000] {processor.py:840} INFO - DAG(s) 'maintenance_cleanup_logs' retrieved from /opt/airflow/dags/maintenance_logs.py
[2026-04-08T18:10:36.060+0000] {logging_mixin.py:188} INFO - [2026-04-08T18:10:36.060+0000] {dag.py:3089} INFO - Sync 1 DAGs
[2026-04-08T18:10:36.144+0000] {logging_mixin.py:188} INFO - [2026-04-08T18:10:36.144+0000] {dag.py:3947} INFO - Setting next_dagrun for maintenance_cleanup_logs to 2026-04-08 00:00:00+00:00, run_after=2026-04-09 00:00:00+00:00
[2026-04-08T18:10:36.201+0000] {processor.py:183} INFO - Processing /opt/airflow/dags/maintenance_logs.py took 0.451 seconds
[2026-04-08T18:11:06.686+0000] {processor.py:161} INFO - Started process (PID=829) to work on /opt/airflow/dags/maintenance_logs.py
[2026-04-08T18:11:06.688+0000] {processor.py:830} INFO - Processing file /opt/airflow/dags/maintenance_logs.py for tasks to queue
[2026-04-08T18:11:06.695+0000] {logging_mixin.py:188} INFO - [2026-04-08T18:11:06.694+0000] {dagbag.py:545} INFO - Filling up the DagBag from /opt/airflow/dags/maintenance_logs.py
[2026-04-08T18:11:06.765+0000] {processor.py:840} INFO - DAG(s) 'maintenance_cleanup_logs' retrieved from /opt/airflow/dags/maintenance_logs.py
[2026-04-08T18:11:06.912+0000] {logging_mixin.py:188} INFO - [2026-04-08T18:11:06.911+0000] {dag.py:3089} INFO - Sync 1 DAGs
[2026-04-08T18:11:06.961+0000] {logging_mixin.py:188} INFO - [2026-04-08T18:11:06.961+0000] {dag.py:3947} INFO - Setting next_dagrun for maintenance_cleanup_logs to 2026-04-08 00:00:00+00:00, run_after=2026-04-09 00:00:00+00:00
[2026-04-08T18:11:07.023+0000] {processor.py:183} INFO - Processing /opt/airflow/dags/maintenance_logs.py took 0.350 seconds
[2026-04-08T18:11:37.509+0000] {processor.py:161} INFO - Started process (PID=844) to work on /opt/airflow/dags/maintenance_logs.py
[2026-04-08T18:11:37.511+0000] {processor.py:830} INFO - Processing file /opt/airflow/dags/maintenance_logs.py for tasks to queue
[2026-04-08T18:11:37.523+0000] {logging_mixin.py:188} INFO - [2026-04-08T18:11:37.522+0000] {dagbag.py:545} INFO - Filling up the DagBag from /opt/airflow/dags/maintenance_logs.py
[2026-04-08T18:11:37.572+0000] {processor.py:840} INFO - DAG(s) 'maintenance_cleanup_logs' retrieved from /opt/airflow/dags/maintenance_logs.py
[2026-04-08T18:11:37.705+0000] {logging_mixin.py:188} INFO - [2026-04-08T18:11:37.704+0000] {dag.py:3089} INFO - Sync 1 DAGs
[2026-04-08T18:11:37.768+0000] {logging_mixin.py:188} INFO - [2026-04-08T18:11:37.767+0000] {dag.py:3947} INFO - Setting next_dagrun for maintenance_cleanup_logs to 2026-04-08 00:00:00+00:00, run_after=2026-04-09 00:00:00+00:00
[2026-04-08T18:11:37.831+0000] {processor.py:183} INFO - Processing /opt/airflow/dags/maintenance_logs.py took 0.351 seconds
[2026-04-08T18:12:08.511+0000] {processor.py:161} INFO - Started process (PID=859) to work on /opt/airflow/dags/maintenance_logs.py
[2026-04-08T18:12:08.512+0000] {processor.py:830} INFO - Processing file /opt/airflow/dags/maintenance_logs.py for tasks to queue
[2026-04-08T18:12:08.515+0000] {logging_mixin.py:188} INFO - [2026-04-08T18:12:08.515+0000] {dagbag.py:545} INFO - Filling up the DagBag from /opt/airflow/dags/maintenance_logs.py
[2026-04-08T18:12:08.561+0000] {processor.py:840} INFO - DAG(s) 'maintenance_cleanup_logs' retrieved from /opt/airflow/dags/maintenance_logs.py
[2026-04-08T18:12:08.693+0000] {logging_mixin.py:188} INFO - [2026-04-08T18:12:08.693+0000] {dag.py:3089} INFO - Sync 1 DAGs
[2026-04-08T18:12:08.749+0000] {logging_mixin.py:188} INFO - [2026-04-08T18:12:08.749+0000] {dag.py:3947} INFO - Setting next_dagrun for maintenance_cleanup_logs to 2026-04-08 00:00:00+00:00, run_after=2026-04-09 00:00:00+00:00
[2026-04-08T18:12:08.811+0000] {processor.py:183} INFO - Processing /opt/airflow/dags/maintenance_logs.py took 0.312 seconds
[2026-04-08T18:12:38.943+0000] {processor.py:161} INFO - Started process (PID=874) to work on /opt/airflow/dags/maintenance_logs.py
[2026-04-08T18:12:38.946+0000] {processor.py:830} INFO - Processing file /opt/airflow/dags/maintenance_logs.py for tasks to queue
[2026-04-08T18:12:38.950+0000] {logging_mixin.py:188} INFO - [2026-04-08T18:12:38.949+0000] {dagbag.py:545} INFO - Filling up the DagBag from /opt/airflow/dags/maintenance_logs.py
[2026-04-08T18:12:39.008+0000] {processor.py:840} INFO - DAG(s) 'maintenance_cleanup_logs' retrieved from /opt/airflow/dags/maintenance_logs.py
[2026-04-08T18:12:39.253+0000] {logging_mixin.py:188} INFO - [2026-04-08T18:12:39.252+0000] {dag.py:3089} INFO - Sync 1 DAGs
[2026-04-08T18:12:39.304+0000] {logging_mixin.py:188} INFO - [2026-04-08T18:12:39.304+0000] {dag.py:3947} INFO - Setting next_dagrun for maintenance_cleanup_logs to 2026-04-08 00:00:00+00:00, run_after=2026-04-09 00:00:00+00:00
[2026-04-08T18:12:39.364+0000] {processor.py:183} INFO - Processing /opt/airflow/dags/maintenance_logs.py took 0.438 seconds
[2026-04-08T18:13:10.002+0000] {processor.py:161} INFO - Started process (PID=889) to work on /opt/airflow/dags/maintenance_logs.py
[2026-04-08T18:13:10.004+0000] {processor.py:830} INFO - Processing file /opt/airflow/dags/maintenance_logs.py for tasks to queue
[2026-04-08T18:13:10.009+0000] {logging_mixin.py:188} INFO - [2026-04-08T18:13:10.008+0000] {dagbag.py:545} INFO - Filling up the DagBag from /opt/airflow/dags/maintenance_logs.py
[2026-04-08T18:13:10.069+0000] {processor.py:840} INFO - DAG(s) 'maintenance_cleanup_logs' retrieved from /opt/airflow/dags/maintenance_logs.py
[2026-04-08T18:13:10.279+0000] {logging_mixin.py:188} INFO - [2026-04-08T18:13:10.278+0000] {dag.py:3089} INFO - Sync 1 DAGs
[2026-04-08T18:13:10.332+0000] {logging_mixin.py:188} INFO - [2026-04-08T18:13:10.332+0000] {dag.py:3947} INFO - Setting next_dagrun for maintenance_cleanup_logs to 2026-04-08 00:00:00+00:00, run_after=2026-04-09 00:00:00+00:00
[2026-04-08T18:13:10.394+0000] {processor.py:183} INFO - Processing /opt/airflow/dags/maintenance_logs.py took 0.409 seconds
[2026-04-08T18:13:41.087+0000] {processor.py:161} INFO - Started process (PID=904) to work on /opt/airflow/dags/maintenance_logs.py
[2026-04-08T18:13:41.090+0000] {processor.py:830} INFO - Processing file /opt/airflow/dags/maintenance_logs.py for tasks to queue
[2026-04-08T18:13:41.094+0000] {logging_mixin.py:188} INFO - [2026-04-08T18:13:41.093+0000] {dagbag.py:545} INFO - Filling up the DagBag from /opt/airflow/dags/maintenance_logs.py
[2026-04-08T18:13:41.148+0000] {processor.py:840} INFO - DAG(s) 'maintenance_cleanup_logs' retrieved from /opt/airflow/dags/maintenance_logs.py
[2026-04-08T18:13:41.294+0000] {logging_mixin.py:188} INFO - [2026-04-08T18:13:41.293+0000] {dag.py:3089} INFO - Sync 1 DAGs
[2026-04-08T18:13:41.369+0000] {logging_mixin.py:188} INFO - [2026-04-08T18:13:41.369+0000] {dag.py:3947} INFO - Setting next_dagrun for maintenance_cleanup_logs to 2026-04-08 00:00:00+00:00, run_after=2026-04-09 00:00:00+00:00
[2026-04-08T18:13:41.441+0000] {processor.py:183} INFO - Processing /opt/airflow/dags/maintenance_logs.py took 0.371 seconds
[2026-04-08T18:14:11.597+0000] {processor.py:161} INFO - Started process (PID=919) to work on /opt/airflow/dags/maintenance_logs.py
[2026-04-08T18:14:11.599+0000] {processor.py:830} INFO - Processing file /opt/airflow/dags/maintenance_logs.py for tasks to queue
[2026-04-08T18:14:11.603+0000] {logging_mixin.py:188} INFO - [2026-04-08T18:14:11.603+0000] {dagbag.py:545} INFO - Filling up the DagBag from /opt/airflow/dags/maintenance_logs.py
[2026-04-08T18:14:11.657+0000] {processor.py:840} INFO - DAG(s) 'maintenance_cleanup_logs' retrieved from /opt/airflow/dags/maintenance_logs.py
[2026-04-08T18:14:11.874+0000] {logging_mixin.py:188} INFO - [2026-04-08T18:14:11.873+0000] {dag.py:3089} INFO - Sync 1 DAGs
[2026-04-08T18:14:11.920+0000] {logging_mixin.py:188} INFO - [2026-04-08T18:14:11.920+0000] {dag.py:3947} INFO - Setting next_dagrun for maintenance_cleanup_logs to 2026-04-08 00:00:00+00:00, run_after=2026-04-09 00:00:00+00:00
[2026-04-08T18:14:11.981+0000] {processor.py:183} INFO - Processing /opt/airflow/dags/maintenance_logs.py took 0.394 seconds
[2026-04-08T18:14:43.022+0000] {processor.py:161} INFO - Started process (PID=934) to work on /opt/airflow/dags/maintenance_logs.py
[2026-04-08T18:14:43.028+0000] {processor.py:830} INFO - Processing file /opt/airflow/dags/maintenance_logs.py for tasks to queue
[2026-04-08T18:14:43.048+0000] {logging_mixin.py:188} INFO - [2026-04-08T18:14:43.047+0000] {dagbag.py:545} INFO - Filling up the DagBag from /opt/airflow/dags/maintenance_logs.py
[2026-04-08T18:14:43.245+0000] {processor.py:840} INFO - DAG(s) 'maintenance_cleanup_logs' retrieved from /opt/airflow/dags/maintenance_logs.py
[2026-04-08T18:14:43.698+0000] {logging_mixin.py:188} INFO - [2026-04-08T18:14:43.698+0000] {dag.py:3089} INFO - Sync 1 DAGs
[2026-04-08T18:14:43.828+0000] {logging_mixin.py:188} INFO - [2026-04-08T18:14:43.827+0000] {dag.py:3947} INFO - Setting next_dagrun for maintenance_cleanup_logs to 2026-04-08 00:00:00+00:00, run_after=2026-04-09 00:00:00+00:00
[2026-04-08T18:14:43.990+0000] {processor.py:183} INFO - Processing /opt/airflow/dags/maintenance_logs.py took 1.023 seconds
[2026-04-08T18:15:14.515+0000] {processor.py:161} INFO - Started process (PID=949) to work on /opt/airflow/dags/maintenance_logs.py
[2026-04-08T18:15:14.517+0000] {processor.py:830} INFO - Processing file /opt/airflow/dags/maintenance_logs.py for tasks to queue
[2026-04-08T18:15:14.521+0000] {logging_mixin.py:188} INFO - [2026-04-08T18:15:14.520+0000] {dagbag.py:545} INFO - Filling up the DagBag from /opt/airflow/dags/maintenance_logs.py
[2026-04-08T18:15:14.584+0000] {processor.py:840} INFO - DAG(s) 'maintenance_cleanup_logs' retrieved from /opt/airflow/dags/maintenance_logs.py
[2026-04-08T18:15:14.707+0000] {logging_mixin.py:188} INFO - [2026-04-08T18:15:14.707+0000] {dag.py:3089} INFO - Sync 1 DAGs
[2026-04-08T18:15:14.774+0000] {logging_mixin.py:188} INFO - [2026-04-08T18:15:14.773+0000] {dag.py:3947} INFO - Setting next_dagrun for maintenance_cleanup_logs to 2026-04-08 00:00:00+00:00, run_after=2026-04-09 00:00:00+00:00
[2026-04-08T18:15:14.841+0000] {processor.py:183} INFO - Processing /opt/airflow/dags/maintenance_logs.py took 0.343 seconds
[2026-04-08T18:35:50.923+0000] {processor.py:161} INFO - Started process (PID=184) to work on /opt/airflow/dags/maintenance_logs.py
[2026-04-08T18:35:50.974+0000] {processor.py:830} INFO - Processing file /opt/airflow/dags/maintenance_logs.py for tasks to queue
[2026-04-08T18:35:51.054+0000] {logging_mixin.py:188} INFO - [2026-04-08T18:35:51.053+0000] {dagbag.py:545} INFO - Filling up the DagBag from /opt/airflow/dags/maintenance_logs.py
[2026-04-08T18:35:51.335+0000] {processor.py:840} INFO - DAG(s) 'maintenance_cleanup_logs' retrieved from /opt/airflow/dags/maintenance_logs.py
[2026-04-08T18:35:51.578+0000] {logging_mixin.py:188} INFO - [2026-04-08T18:35:51.578+0000] {dag.py:3089} INFO - Sync 1 DAGs
[2026-04-08T18:35:51.729+0000] {logging_mixin.py:188} INFO - [2026-04-08T18:35:51.728+0000] {dag.py:3947} INFO - Setting next_dagrun for maintenance_cleanup_logs to 2026-04-08 00:00:00+00:00, run_after=2026-04-09 00:00:00+00:00
[2026-04-08T18:35:51.826+0000] {processor.py:183} INFO - Processing /opt/airflow/dags/maintenance_logs.py took 1.126 seconds
[2026-04-08T18:36:22.226+0000] {processor.py:161} INFO - Started process (PID=199) to work on /opt/airflow/dags/maintenance_logs.py
[2026-04-08T18:36:22.242+0000] {processor.py:830} INFO - Processing file /opt/airflow/dags/maintenance_logs.py for tasks to queue
[2026-04-08T18:36:22.252+0000] {logging_mixin.py:188} INFO - [2026-04-08T18:36:22.251+0000] {dagbag.py:545} INFO - Filling up the DagBag from /opt/airflow/dags/maintenance_logs.py
[2026-04-08T18:36:22.467+0000] {processor.py:840} INFO - DAG(s) 'maintenance_cleanup_logs' retrieved from /opt/airflow/dags/maintenance_logs.py
[2026-04-08T18:36:27.168+0000] {logging_mixin.py:188} INFO - [2026-04-08T18:36:27.167+0000] {dag.py:3089} INFO - Sync 1 DAGs
[2026-04-08T18:36:27.250+0000] {logging_mixin.py:188} INFO - [2026-04-08T18:36:27.249+0000] {dag.py:3947} INFO - Setting next_dagrun for maintenance_cleanup_logs to 2026-04-08 00:00:00+00:00, run_after=2026-04-09 00:00:00+00:00
[2026-04-08T18:36:27.338+0000] {processor.py:183} INFO - Processing /opt/airflow/dags/maintenance_logs.py took 5.165 seconds
[2026-04-08T18:36:58.434+0000] {processor.py:161} INFO - Started process (PID=214) to work on /opt/airflow/dags/maintenance_logs.py
[2026-04-08T18:36:58.442+0000] {processor.py:830} INFO - Processing file /opt/airflow/dags/maintenance_logs.py for tasks to queue
[2026-04-08T18:36:58.484+0000] {logging_mixin.py:188} INFO - [2026-04-08T18:36:58.469+0000] {dagbag.py:545} INFO - Filling up the DagBag from /opt/airflow/dags/maintenance_logs.py
[2026-04-08T18:36:58.814+0000] {processor.py:840} INFO - DAG(s) 'maintenance_cleanup_logs' retrieved from /opt/airflow/dags/maintenance_logs.py
[2026-04-08T18:36:59.878+0000] {logging_mixin.py:188} INFO - [2026-04-08T18:36:59.874+0000] {dag.py:3089} INFO - Sync 1 DAGs
[2026-04-08T18:37:14.059+0000] {logging_mixin.py:188} INFO - [2026-04-08T18:37:14.047+0000] {dag.py:3947} INFO - Setting next_dagrun for maintenance_cleanup_logs to 2026-04-08 00:00:00+00:00, run_after=2026-04-09 00:00:00+00:00
[2026-04-08T18:37:14.364+0000] {processor.py:183} INFO - Processing /opt/airflow/dags/maintenance_logs.py took 16.151 seconds
[2026-04-08T18:37:44.936+0000] {processor.py:161} INFO - Started process (PID=229) to work on /opt/airflow/dags/maintenance_logs.py
[2026-04-08T18:37:44.954+0000] {processor.py:830} INFO - Processing file /opt/airflow/dags/maintenance_logs.py for tasks to queue
[2026-04-08T18:37:44.996+0000] {logging_mixin.py:188} INFO - [2026-04-08T18:37:44.995+0000] {dagbag.py:545} INFO - Filling up the DagBag from /opt/airflow/dags/maintenance_logs.py
[2026-04-08T18:37:45.268+0000] {processor.py:840} INFO - DAG(s) 'maintenance_cleanup_logs' retrieved from /opt/airflow/dags/maintenance_logs.py
[2026-04-08T18:37:47.186+0000] {logging_mixin.py:188} INFO - [2026-04-08T18:37:47.185+0000] {dag.py:3089} INFO - Sync 1 DAGs
[2026-04-08T18:37:47.273+0000] {logging_mixin.py:188} INFO - [2026-04-08T18:37:47.272+0000] {dag.py:3947} INFO - Setting next_dagrun for maintenance_cleanup_logs to 2026-04-08 00:00:00+00:00, run_after=2026-04-09 00:00:00+00:00
[2026-04-08T18:37:47.385+0000] {processor.py:183} INFO - Processing /opt/airflow/dags/maintenance_logs.py took 2.559 seconds
[2026-04-08T18:38:19.408+0000] {processor.py:161} INFO - Started process (PID=248) to work on /opt/airflow/dags/maintenance_logs.py
[2026-04-08T18:38:19.425+0000] {processor.py:830} INFO - Processing file /opt/airflow/dags/maintenance_logs.py for tasks to queue
[2026-04-08T18:38:19.453+0000] {logging_mixin.py:188} INFO - [2026-04-08T18:38:19.430+0000] {dagbag.py:545} INFO - Filling up the DagBag from /opt/airflow/dags/maintenance_logs.py
[2026-04-08T18:38:19.596+0000] {processor.py:840} INFO - DAG(s) 'maintenance_cleanup_logs' retrieved from /opt/airflow/dags/maintenance_logs.py
[2026-04-08T18:38:19.761+0000] {logging_mixin.py:188} INFO - [2026-04-08T18:38:19.761+0000] {dag.py:3089} INFO - Sync 1 DAGs
[2026-04-08T18:38:19.835+0000] {logging_mixin.py:188} INFO - [2026-04-08T18:38:19.835+0000] {dag.py:3947} INFO - Setting next_dagrun for maintenance_cleanup_logs to 2026-04-08 00:00:00+00:00, run_after=2026-04-09 00:00:00+00:00
[2026-04-08T18:38:19.914+0000] {processor.py:183} INFO - Processing /opt/airflow/dags/maintenance_logs.py took 2.145 seconds
[2026-04-08T18:38:50.624+0000] {processor.py:161} INFO - Started process (PID=263) to work on /opt/airflow/dags/maintenance_logs.py
[2026-04-08T18:38:50.627+0000] {processor.py:830} INFO - Processing file /opt/airflow/dags/maintenance_logs.py for tasks to queue
[2026-04-08T18:38:50.632+0000] {logging_mixin.py:188} INFO - [2026-04-08T18:38:50.631+0000] {dagbag.py:545} INFO - Filling up the DagBag from /opt/airflow/dags/maintenance_logs.py
[2026-04-08T18:38:50.747+0000] {processor.py:840} INFO - DAG(s) 'maintenance_cleanup_logs' retrieved from /opt/airflow/dags/maintenance_logs.py
[2026-04-08T18:38:50.936+0000] {logging_mixin.py:188} INFO - [2026-04-08T18:38:50.936+0000] {dag.py:3089} INFO - Sync 1 DAGs
[2026-04-08T18:38:51.011+0000] {logging_mixin.py:188} INFO - [2026-04-08T18:38:51.010+0000] {dag.py:3947} INFO - Setting next_dagrun for maintenance_cleanup_logs to 2026-04-08 00:00:00+00:00, run_after=2026-04-09 00:00:00+00:00
[2026-04-08T18:38:51.096+0000] {processor.py:183} INFO - Processing /opt/airflow/dags/maintenance_logs.py took 0.496 seconds
[2026-04-08T18:39:21.813+0000] {processor.py:161} INFO - Started process (PID=278) to work on /opt/airflow/dags/maintenance_logs.py
[2026-04-08T18:39:21.815+0000] {processor.py:830} INFO - Processing file /opt/airflow/dags/maintenance_logs.py for tasks to queue
[2026-04-08T18:39:21.818+0000] {logging_mixin.py:188} INFO - [2026-04-08T18:39:21.818+0000] {dagbag.py:545} INFO - Filling up the DagBag from /opt/airflow/dags/maintenance_logs.py
[2026-04-08T18:39:21.862+0000] {processor.py:840} INFO - DAG(s) 'maintenance_cleanup_logs' retrieved from /opt/airflow/dags/maintenance_logs.py
[2026-04-08T18:39:22.069+0000] {logging_mixin.py:188} INFO - [2026-04-08T18:39:22.069+0000] {dag.py:3089} INFO - Sync 1 DAGs
[2026-04-08T18:39:22.133+0000] {logging_mixin.py:188} INFO - [2026-04-08T18:39:22.133+0000] {dag.py:3947} INFO - Setting next_dagrun for maintenance_cleanup_logs to 2026-04-08 00:00:00+00:00, run_after=2026-04-09 00:00:00+00:00
[2026-04-08T18:39:22.199+0000] {processor.py:183} INFO - Processing /opt/airflow/dags/maintenance_logs.py took 0.397 seconds
[2026-04-08T18:39:52.975+0000] {processor.py:161} INFO - Started process (PID=293) to work on /opt/airflow/dags/maintenance_logs.py
[2026-04-08T18:39:52.977+0000] {processor.py:830} INFO - Processing file /opt/airflow/dags/maintenance_logs.py for tasks to queue
[2026-04-08T18:39:52.981+0000] {logging_mixin.py:188} INFO - [2026-04-08T18:39:52.980+0000] {dagbag.py:545} INFO - Filling up the DagBag from /opt/airflow/dags/maintenance_logs.py
[2026-04-08T18:39:53.047+0000] {processor.py:840} INFO - DAG(s) 'maintenance_cleanup_logs' retrieved from /opt/airflow/dags/maintenance_logs.py
[2026-04-08T18:39:53.224+0000] {logging_mixin.py:188} INFO - [2026-04-08T18:39:53.223+0000] {dag.py:3089} INFO - Sync 1 DAGs
[2026-04-08T18:39:53.341+0000] {logging_mixin.py:188} INFO - [2026-04-08T18:39:53.340+0000] {dag.py:3947} INFO - Setting next_dagrun for maintenance_cleanup_logs to 2026-04-08 00:00:00+00:00, run_after=2026-04-09 00:00:00+00:00
[2026-04-08T18:39:53.400+0000] {processor.py:183} INFO - Processing /opt/airflow/dags/maintenance_logs.py took 0.440 seconds
[2026-04-08T18:40:24.114+0000] {processor.py:161} INFO - Started process (PID=308) to work on /opt/airflow/dags/maintenance_logs.py
[2026-04-08T18:40:24.115+0000] {processor.py:830} INFO - Processing file /opt/airflow/dags/maintenance_logs.py for tasks to queue
[2026-04-08T18:40:24.121+0000] {logging_mixin.py:188} INFO - [2026-04-08T18:40:24.120+0000] {dagbag.py:545} INFO - Filling up the DagBag from /opt/airflow/dags/maintenance_logs.py
[2026-04-08T18:40:24.182+0000] {processor.py:840} INFO - DAG(s) 'maintenance_cleanup_logs' retrieved from /opt/airflow/dags/maintenance_logs.py
[2026-04-08T18:40:24.299+0000] {logging_mixin.py:188} INFO - [2026-04-08T18:40:24.299+0000] {dag.py:3089} INFO - Sync 1 DAGs
[2026-04-08T18:40:24.375+0000] {logging_mixin.py:188} INFO - [2026-04-08T18:40:24.374+0000] {dag.py:3947} INFO - Setting next_dagrun for maintenance_cleanup_logs to 2026-04-08 00:00:00+00:00, run_after=2026-04-09 00:00:00+00:00
[2026-04-08T18:40:24.452+0000] {processor.py:183} INFO - Processing /opt/airflow/dags/maintenance_logs.py took 0.349 seconds
[2026-04-08T18:40:55.149+0000] {processor.py:161} INFO - Started process (PID=323) to work on /opt/airflow/dags/maintenance_logs.py
[2026-04-08T18:40:55.151+0000] {processor.py:830} INFO - Processing file /opt/airflow/dags/maintenance_logs.py for tasks to queue
[2026-04-08T18:40:55.157+0000] {logging_mixin.py:188} INFO - [2026-04-08T18:40:55.156+0000] {dagbag.py:545} INFO - Filling up the DagBag from /opt/airflow/dags/maintenance_logs.py
[2026-04-08T18:40:55.202+0000] {processor.py:840} INFO - DAG(s) 'maintenance_cleanup_logs' retrieved from /opt/airflow/dags/maintenance_logs.py
[2026-04-08T18:40:55.301+0000] {logging_mixin.py:188} INFO - [2026-04-08T18:40:55.301+0000] {dag.py:3089} INFO - Sync 1 DAGs
[2026-04-08T18:40:55.345+0000] {logging_mixin.py:188} INFO - [2026-04-08T18:40:55.345+0000] {dag.py:3947} INFO - Setting next_dagrun for maintenance_cleanup_logs to 2026-04-08 00:00:00+00:00, run_after=2026-04-09 00:00:00+00:00
[2026-04-08T18:40:55.417+0000] {processor.py:183} INFO - Processing /opt/airflow/dags/maintenance_logs.py took 0.290 seconds
[2026-04-08T18:41:25.934+0000] {processor.py:161} INFO - Started process (PID=338) to work on /opt/airflow/dags/maintenance_logs.py
[2026-04-08T18:41:25.936+0000] {processor.py:830} INFO - Processing file /opt/airflow/dags/maintenance_logs.py for tasks to queue
[2026-04-08T18:41:25.943+0000] {logging_mixin.py:188} INFO - [2026-04-08T18:41:25.942+0000] {dagbag.py:545} INFO - Filling up the DagBag from /opt/airflow/dags/maintenance_logs.py
[2026-04-08T18:41:26.006+0000] {processor.py:840} INFO - DAG(s) 'maintenance_cleanup_logs' retrieved from /opt/airflow/dags/maintenance_logs.py
[2026-04-08T18:41:26.119+0000] {logging_mixin.py:188} INFO - [2026-04-08T18:41:26.119+0000] {dag.py:3089} INFO - Sync 1 DAGs
[2026-04-08T18:41:26.180+0000] {logging_mixin.py:188} INFO - [2026-04-08T18:41:26.179+0000] {dag.py:3947} INFO - Setting next_dagrun for maintenance_cleanup_logs to 2026-04-08 00:00:00+00:00, run_after=2026-04-09 00:00:00+00:00
[2026-04-08T18:41:26.253+0000] {processor.py:183} INFO - Processing /opt/airflow/dags/maintenance_logs.py took 0.339 seconds
[2026-04-08T18:41:57.072+0000] {processor.py:161} INFO - Started process (PID=353) to work on /opt/airflow/dags/maintenance_logs.py
[2026-04-08T18:41:57.074+0000] {processor.py:830} INFO - Processing file /opt/airflow/dags/maintenance_logs.py for tasks to queue
[2026-04-08T18:41:57.078+0000] {logging_mixin.py:188} INFO - [2026-04-08T18:41:57.077+0000] {dagbag.py:545} INFO - Filling up the DagBag from /opt/airflow/dags/maintenance_logs.py
[2026-04-08T18:41:57.144+0000] {processor.py:840} INFO - DAG(s) 'maintenance_cleanup_logs' retrieved from /opt/airflow/dags/maintenance_logs.py
[2026-04-08T18:41:57.303+0000] {logging_mixin.py:188} INFO - [2026-04-08T18:41:57.303+0000] {dag.py:3089} INFO - Sync 1 DAGs
[2026-04-08T18:41:57.375+0000] {logging_mixin.py:188} INFO - [2026-04-08T18:41:57.374+0000] {dag.py:3947} INFO - Setting next_dagrun for maintenance_cleanup_logs to 2026-04-08 00:00:00+00:00, run_after=2026-04-09 00:00:00+00:00
[2026-04-08T18:41:57.439+0000] {processor.py:183} INFO - Processing /opt/airflow/dags/maintenance_logs.py took 0.381 seconds
[2026-04-08T18:42:28.188+0000] {processor.py:161} INFO - Started process (PID=368) to work on /opt/airflow/dags/maintenance_logs.py
[2026-04-08T18:42:28.190+0000] {processor.py:830} INFO - Processing file /opt/airflow/dags/maintenance_logs.py for tasks to queue
[2026-04-08T18:42:28.194+0000] {logging_mixin.py:188} INFO - [2026-04-08T18:42:28.194+0000] {dagbag.py:545} INFO - Filling up the DagBag from /opt/airflow/dags/maintenance_logs.py
[2026-04-08T18:42:28.242+0000] {processor.py:840} INFO - DAG(s) 'maintenance_cleanup_logs' retrieved from /opt/airflow/dags/maintenance_logs.py
[2026-04-08T18:42:28.483+0000] {logging_mixin.py:188} INFO - [2026-04-08T18:42:28.483+0000] {dag.py:3089} INFO - Sync 1 DAGs
[2026-04-08T18:42:28.533+0000] {logging_mixin.py:188} INFO - [2026-04-08T18:42:28.533+0000] {dag.py:3947} INFO - Setting next_dagrun for maintenance_cleanup_logs to 2026-04-08 00:00:00+00:00, run_after=2026-04-09 00:00:00+00:00
[2026-04-08T18:42:28.590+0000] {processor.py:183} INFO - Processing /opt/airflow/dags/maintenance_logs.py took 0.415 seconds
[2026-04-08T18:42:58.979+0000] {processor.py:161} INFO - Started process (PID=383) to work on /opt/airflow/dags/maintenance_logs.py
[2026-04-08T18:42:58.981+0000] {processor.py:830} INFO - Processing file /opt/airflow/dags/maintenance_logs.py for tasks to queue
[2026-04-08T18:42:58.986+0000] {logging_mixin.py:188} INFO - [2026-04-08T18:42:58.985+0000] {dagbag.py:545} INFO - Filling up the DagBag from /opt/airflow/dags/maintenance_logs.py
[2026-04-08T18:42:59.053+0000] {processor.py:840} INFO - DAG(s) 'maintenance_cleanup_logs' retrieved from /opt/airflow/dags/maintenance_logs.py
[2026-04-08T18:42:59.173+0000] {logging_mixin.py:188} INFO - [2026-04-08T18:42:59.172+0000] {dag.py:3089} INFO - Sync 1 DAGs
[2026-04-08T18:42:59.226+0000] {logging_mixin.py:188} INFO - [2026-04-08T18:42:59.225+0000] {dag.py:3947} INFO - Setting next_dagrun for maintenance_cleanup_logs to 2026-04-08 00:00:00+00:00, run_after=2026-04-09 00:00:00+00:00
[2026-04-08T18:42:59.279+0000] {processor.py:183} INFO - Processing /opt/airflow/dags/maintenance_logs.py took 0.324 seconds
[2026-04-08T18:43:30.298+0000] {processor.py:161} INFO - Started process (PID=398) to work on /opt/airflow/dags/maintenance_logs.py
[2026-04-08T18:43:30.302+0000] {processor.py:830} INFO - Processing file /opt/airflow/dags/maintenance_logs.py for tasks to queue
[2026-04-08T18:43:30.307+0000] {logging_mixin.py:188} INFO - [2026-04-08T18:43:30.306+0000] {dagbag.py:545} INFO - Filling up the DagBag from /opt/airflow/dags/maintenance_logs.py
[2026-04-08T18:43:30.386+0000] {processor.py:840} INFO - DAG(s) 'maintenance_cleanup_logs' retrieved from /opt/airflow/dags/maintenance_logs.py
[2026-04-08T18:43:30.508+0000] {logging_mixin.py:188} INFO - [2026-04-08T18:43:30.508+0000] {dag.py:3089} INFO - Sync 1 DAGs
[2026-04-08T18:43:30.563+0000] {logging_mixin.py:188} INFO - [2026-04-08T18:43:30.562+0000] {dag.py:3947} INFO - Setting next_dagrun for maintenance_cleanup_logs to 2026-04-08 00:00:00+00:00, run_after=2026-04-09 00:00:00+00:00
[2026-04-08T18:43:30.626+0000] {processor.py:183} INFO - Processing /opt/airflow/dags/maintenance_logs.py took 0.350 seconds
[2026-04-08T18:44:01.263+0000] {processor.py:161} INFO - Started process (PID=413) to work on /opt/airflow/dags/maintenance_logs.py
[2026-04-08T18:44:01.270+0000] {processor.py:830} INFO - Processing file /opt/airflow/dags/maintenance_logs.py for tasks to queue
[2026-04-08T18:44:01.285+0000] {logging_mixin.py:188} INFO - [2026-04-08T18:44:01.283+0000] {dagbag.py:545} INFO - Filling up the DagBag from /opt/airflow/dags/maintenance_logs.py
[2026-04-08T18:44:01.425+0000] {processor.py:840} INFO - DAG(s) 'maintenance_cleanup_logs' retrieved from /opt/airflow/dags/maintenance_logs.py
[2026-04-08T18:44:01.560+0000] {logging_mixin.py:188} INFO - [2026-04-08T18:44:01.559+0000] {dag.py:3089} INFO - Sync 1 DAGs
[2026-04-08T18:44:01.626+0000] {logging_mixin.py:188} INFO - [2026-04-08T18:44:01.621+0000] {dag.py:3947} INFO - Setting next_dagrun for maintenance_cleanup_logs to 2026-04-08 00:00:00+00:00, run_after=2026-04-09 00:00:00+00:00
[2026-04-08T18:44:01.725+0000] {processor.py:183} INFO - Processing /opt/airflow/dags/maintenance_logs.py took 0.486 seconds
[2026-04-08T18:44:32.475+0000] {processor.py:161} INFO - Started process (PID=428) to work on /opt/airflow/dags/maintenance_logs.py
[2026-04-08T18:44:32.478+0000] {processor.py:830} INFO - Processing file /opt/airflow/dags/maintenance_logs.py for tasks to queue
[2026-04-08T18:44:32.482+0000] {logging_mixin.py:188} INFO - [2026-04-08T18:44:32.481+0000] {dagbag.py:545} INFO - Filling up the DagBag from /opt/airflow/dags/maintenance_logs.py
[2026-04-08T18:44:32.547+0000] {processor.py:840} INFO - DAG(s) 'maintenance_cleanup_logs' retrieved from /opt/airflow/dags/maintenance_logs.py
[2026-04-08T18:44:32.673+0000] {logging_mixin.py:188} INFO - [2026-04-08T18:44:32.672+0000] {dag.py:3089} INFO - Sync 1 DAGs
[2026-04-08T18:44:32.734+0000] {logging_mixin.py:188} INFO - [2026-04-08T18:44:32.734+0000] {dag.py:3947} INFO - Setting next_dagrun for maintenance_cleanup_logs to 2026-04-08 00:00:00+00:00, run_after=2026-04-09 00:00:00+00:00
[2026-04-08T18:44:32.798+0000] {processor.py:183} INFO - Processing /opt/airflow/dags/maintenance_logs.py took 0.339 seconds
[2026-04-08T18:45:02.998+0000] {processor.py:161} INFO - Started process (PID=443) to work on /opt/airflow/dags/maintenance_logs.py
[2026-04-08T18:45:03.007+0000] {processor.py:830} INFO - Processing file /opt/airflow/dags/maintenance_logs.py for tasks to queue
[2026-04-08T18:45:03.079+0000] {logging_mixin.py:188} INFO - [2026-04-08T18:45:03.075+0000] {dagbag.py:545} INFO - Filling up the DagBag from /opt/airflow/dags/maintenance_logs.py
[2026-04-08T18:45:03.246+0000] {processor.py:840} INFO - DAG(s) 'maintenance_cleanup_logs' retrieved from /opt/airflow/dags/maintenance_logs.py
[2026-04-08T18:45:03.550+0000] {logging_mixin.py:188} INFO - [2026-04-08T18:45:03.550+0000] {dag.py:3089} INFO - Sync 1 DAGs
[2026-04-08T18:45:03.619+0000] {logging_mixin.py:188} INFO - [2026-04-08T18:45:03.618+0000] {dag.py:3947} INFO - Setting next_dagrun for maintenance_cleanup_logs to 2026-04-08 00:00:00+00:00, run_after=2026-04-09 00:00:00+00:00
[2026-04-08T18:45:03.688+0000] {processor.py:183} INFO - Processing /opt/airflow/dags/maintenance_logs.py took 0.761 seconds
[2026-04-08T18:45:34.363+0000] {processor.py:161} INFO - Started process (PID=458) to work on /opt/airflow/dags/maintenance_logs.py
[2026-04-08T18:45:34.365+0000] {processor.py:830} INFO - Processing file /opt/airflow/dags/maintenance_logs.py for tasks to queue
[2026-04-08T18:45:34.370+0000] {logging_mixin.py:188} INFO - [2026-04-08T18:45:34.369+0000] {dagbag.py:545} INFO - Filling up the DagBag from /opt/airflow/dags/maintenance_logs.py
[2026-04-08T18:45:34.436+0000] {processor.py:840} INFO - DAG(s) 'maintenance_cleanup_logs' retrieved from /opt/airflow/dags/maintenance_logs.py
[2026-04-08T18:45:34.573+0000] {logging_mixin.py:188} INFO - [2026-04-08T18:45:34.573+0000] {dag.py:3089} INFO - Sync 1 DAGs
[2026-04-08T18:45:34.619+0000] {logging_mixin.py:188} INFO - [2026-04-08T18:45:34.619+0000] {dag.py:3947} INFO - Setting next_dagrun for maintenance_cleanup_logs to 2026-04-08 00:00:00+00:00, run_after=2026-04-09 00:00:00+00:00
[2026-04-08T18:45:34.674+0000] {processor.py:183} INFO - Processing /opt/airflow/dags/maintenance_logs.py took 0.338 seconds
[2026-04-08T18:46:05.339+0000] {processor.py:161} INFO - Started process (PID=473) to work on /opt/airflow/dags/maintenance_logs.py
[2026-04-08T18:46:05.341+0000] {processor.py:830} INFO - Processing file /opt/airflow/dags/maintenance_logs.py for tasks to queue
[2026-04-08T18:46:05.346+0000] {logging_mixin.py:188} INFO - [2026-04-08T18:46:05.345+0000] {dagbag.py:545} INFO - Filling up the DagBag from /opt/airflow/dags/maintenance_logs.py
[2026-04-08T18:46:05.410+0000] {processor.py:840} INFO - DAG(s) 'maintenance_cleanup_logs' retrieved from /opt/airflow/dags/maintenance_logs.py
[2026-04-08T18:46:05.541+0000] {logging_mixin.py:188} INFO - [2026-04-08T18:46:05.540+0000] {dag.py:3089} INFO - Sync 1 DAGs
[2026-04-08T18:46:05.592+0000] {logging_mixin.py:188} INFO - [2026-04-08T18:46:05.592+0000] {dag.py:3947} INFO - Setting next_dagrun for maintenance_cleanup_logs to 2026-04-08 00:00:00+00:00, run_after=2026-04-09 00:00:00+00:00
[2026-04-08T18:46:05.648+0000] {processor.py:183} INFO - Processing /opt/airflow/dags/maintenance_logs.py took 0.321 seconds
[2026-04-08T18:46:36.282+0000] {processor.py:161} INFO - Started process (PID=488) to work on /opt/airflow/dags/maintenance_logs.py
[2026-04-08T18:46:36.287+0000] {processor.py:830} INFO - Processing file /opt/airflow/dags/maintenance_logs.py for tasks to queue
[2026-04-08T18:46:36.297+0000] {logging_mixin.py:188} INFO - [2026-04-08T18:46:36.296+0000] {dagbag.py:545} INFO - Filling up the DagBag from /opt/airflow/dags/maintenance_logs.py
[2026-04-08T18:46:36.432+0000] {processor.py:840} INFO - DAG(s) 'maintenance_cleanup_logs' retrieved from /opt/airflow/dags/maintenance_logs.py
[2026-04-08T18:46:37.160+0000] {logging_mixin.py:188} INFO - [2026-04-08T18:46:37.157+0000] {dag.py:3089} INFO - Sync 1 DAGs
[2026-04-08T18:46:37.320+0000] {logging_mixin.py:188} INFO - [2026-04-08T18:46:37.311+0000] {dag.py:3947} INFO - Setting next_dagrun for maintenance_cleanup_logs to 2026-04-08 00:00:00+00:00, run_after=2026-04-09 00:00:00+00:00
[2026-04-08T18:46:37.439+0000] {processor.py:183} INFO - Processing /opt/airflow/dags/maintenance_logs.py took 1.198 seconds
[2026-04-08T18:47:08.042+0000] {processor.py:161} INFO - Started process (PID=503) to work on /opt/airflow/dags/maintenance_logs.py
[2026-04-08T18:47:08.046+0000] {processor.py:830} INFO - Processing file /opt/airflow/dags/maintenance_logs.py for tasks to queue
[2026-04-08T18:47:08.063+0000] {logging_mixin.py:188} INFO - [2026-04-08T18:47:08.062+0000] {dagbag.py:545} INFO - Filling up the DagBag from /opt/airflow/dags/maintenance_logs.py
[2026-04-08T18:47:08.150+0000] {processor.py:840} INFO - DAG(s) 'maintenance_cleanup_logs' retrieved from /opt/airflow/dags/maintenance_logs.py
[2026-04-08T18:47:08.481+0000] {logging_mixin.py:188} INFO - [2026-04-08T18:47:08.480+0000] {dag.py:3089} INFO - Sync 1 DAGs
[2026-04-08T18:47:08.689+0000] {logging_mixin.py:188} INFO - [2026-04-08T18:47:08.689+0000] {dag.py:3947} INFO - Setting next_dagrun for maintenance_cleanup_logs to 2026-04-08 00:00:00+00:00, run_after=2026-04-09 00:00:00+00:00
[2026-04-08T18:47:08.806+0000] {processor.py:183} INFO - Processing /opt/airflow/dags/maintenance_logs.py took 0.787 seconds
[2026-04-08T18:47:38.946+0000] {processor.py:161} INFO - Started process (PID=520) to work on /opt/airflow/dags/maintenance_logs.py
[2026-04-08T18:47:38.949+0000] {processor.py:830} INFO - Processing file /opt/airflow/dags/maintenance_logs.py for tasks to queue
[2026-04-08T18:47:38.952+0000] {logging_mixin.py:188} INFO - [2026-04-08T18:47:38.952+0000] {dagbag.py:545} INFO - Filling up the DagBag from /opt/airflow/dags/maintenance_logs.py
[2026-04-08T18:47:39.005+0000] {processor.py:840} INFO - DAG(s) 'maintenance_cleanup_logs' retrieved from /opt/airflow/dags/maintenance_logs.py
[2026-04-08T18:47:39.359+0000] {logging_mixin.py:188} INFO - [2026-04-08T18:47:39.359+0000] {dag.py:3089} INFO - Sync 1 DAGs
[2026-04-08T18:47:39.515+0000] {logging_mixin.py:188} INFO - [2026-04-08T18:47:39.514+0000] {dag.py:3947} INFO - Setting next_dagrun for maintenance_cleanup_logs to 2026-04-08 00:00:00+00:00, run_after=2026-04-09 00:00:00+00:00
[2026-04-08T18:47:39.603+0000] {processor.py:183} INFO - Processing /opt/airflow/dags/maintenance_logs.py took 0.673 seconds
[2026-04-08T18:56:56.492+0000] {processor.py:161} INFO - Started process (PID=184) to work on /opt/airflow/dags/maintenance_logs.py
[2026-04-08T18:56:56.504+0000] {processor.py:830} INFO - Processing file /opt/airflow/dags/maintenance_logs.py for tasks to queue
[2026-04-08T18:56:56.613+0000] {logging_mixin.py:188} INFO - [2026-04-08T18:56:56.611+0000] {dagbag.py:545} INFO - Filling up the DagBag from /opt/airflow/dags/maintenance_logs.py
[2026-04-08T18:56:56.904+0000] {processor.py:840} INFO - DAG(s) 'maintenance_cleanup_logs' retrieved from /opt/airflow/dags/maintenance_logs.py
[2026-04-08T18:56:58.760+0000] {logging_mixin.py:188} INFO - [2026-04-08T18:56:58.757+0000] {dag.py:3089} INFO - Sync 1 DAGs
[2026-04-08T18:56:59.083+0000] {logging_mixin.py:188} INFO - [2026-04-08T18:56:59.083+0000] {dag.py:3947} INFO - Setting next_dagrun for maintenance_cleanup_logs to 2026-04-08 00:00:00+00:00, run_after=2026-04-09 00:00:00+00:00
[2026-04-08T18:56:59.310+0000] {processor.py:183} INFO - Processing /opt/airflow/dags/maintenance_logs.py took 2.908 seconds
[2026-04-08T18:57:30.930+0000] {processor.py:161} INFO - Started process (PID=199) to work on /opt/airflow/dags/maintenance_logs.py
[2026-04-08T18:57:31.045+0000] {processor.py:830} INFO - Processing file /opt/airflow/dags/maintenance_logs.py for tasks to queue
[2026-04-08T18:57:31.092+0000] {logging_mixin.py:188} INFO - [2026-04-08T18:57:31.089+0000] {dagbag.py:545} INFO - Filling up the DagBag from /opt/airflow/dags/maintenance_logs.py
[2026-04-08T18:57:32.083+0000] {processor.py:840} INFO - DAG(s) 'maintenance_cleanup_logs' retrieved from /opt/airflow/dags/maintenance_logs.py
[2026-04-08T18:57:48.711+0000] {logging_mixin.py:188} INFO - [2026-04-08T18:57:48.710+0000] {dag.py:3089} INFO - Sync 1 DAGs
[2026-04-08T18:57:49.230+0000] {logging_mixin.py:188} INFO - [2026-04-08T18:57:49.229+0000] {dag.py:3947} INFO - Setting next_dagrun for maintenance_cleanup_logs to 2026-04-08 00:00:00+00:00, run_after=2026-04-09 00:00:00+00:00
[2026-04-08T18:57:50.073+0000] {processor.py:183} INFO - Processing /opt/airflow/dags/maintenance_logs.py took 19.387 seconds
[2026-04-08T18:58:20.627+0000] {processor.py:161} INFO - Started process (PID=211) to work on /opt/airflow/dags/maintenance_logs.py
[2026-04-08T18:58:20.637+0000] {processor.py:830} INFO - Processing file /opt/airflow/dags/maintenance_logs.py for tasks to queue
[2026-04-08T18:58:20.652+0000] {logging_mixin.py:188} INFO - [2026-04-08T18:58:20.650+0000] {dagbag.py:545} INFO - Filling up the DagBag from /opt/airflow/dags/maintenance_logs.py
[2026-04-08T19:01:33.079+0000] {processor.py:161} INFO - Started process (PID=184) to work on /opt/airflow/dags/maintenance_logs.py
[2026-04-08T19:01:33.089+0000] {processor.py:830} INFO - Processing file /opt/airflow/dags/maintenance_logs.py for tasks to queue
[2026-04-08T19:01:33.113+0000] {logging_mixin.py:188} INFO - [2026-04-08T19:01:33.112+0000] {dagbag.py:545} INFO - Filling up the DagBag from /opt/airflow/dags/maintenance_logs.py
[2026-04-08T19:01:33.236+0000] {processor.py:840} INFO - DAG(s) 'maintenance_cleanup_logs' retrieved from /opt/airflow/dags/maintenance_logs.py
[2026-04-08T19:01:33.399+0000] {logging_mixin.py:188} INFO - [2026-04-08T19:01:33.399+0000] {dag.py:3089} INFO - Sync 1 DAGs
[2026-04-08T19:01:33.551+0000] {logging_mixin.py:188} INFO - [2026-04-08T19:01:33.550+0000] {dag.py:3947} INFO - Setting next_dagrun for maintenance_cleanup_logs to 2026-04-08 00:00:00+00:00, run_after=2026-04-09 00:00:00+00:00
[2026-04-08T19:01:33.656+0000] {processor.py:183} INFO - Processing /opt/airflow/dags/maintenance_logs.py took 0.642 seconds
[2026-04-08T19:02:04.039+0000] {processor.py:161} INFO - Started process (PID=199) to work on /opt/airflow/dags/maintenance_logs.py
[2026-04-08T19:02:04.045+0000] {processor.py:830} INFO - Processing file /opt/airflow/dags/maintenance_logs.py for tasks to queue
[2026-04-08T19:02:04.058+0000] {logging_mixin.py:188} INFO - [2026-04-08T19:02:04.056+0000] {dagbag.py:545} INFO - Filling up the DagBag from /opt/airflow/dags/maintenance_logs.py
[2026-04-08T19:02:04.194+0000] {processor.py:840} INFO - DAG(s) 'maintenance_cleanup_logs' retrieved from /opt/airflow/dags/maintenance_logs.py
[2026-04-08T19:02:16.566+0000] {processor.py:161} INFO - Started process (PID=208) to work on /opt/airflow/dags/maintenance_logs.py
[2026-04-08T19:02:16.570+0000] {processor.py:830} INFO - Processing file /opt/airflow/dags/maintenance_logs.py for tasks to queue
[2026-04-08T19:02:16.575+0000] {logging_mixin.py:188} INFO - [2026-04-08T19:02:16.575+0000] {dagbag.py:545} INFO - Filling up the DagBag from /opt/airflow/dags/maintenance_logs.py
[2026-04-08T19:02:16.635+0000] {processor.py:840} INFO - DAG(s) 'maintenance_cleanup_logs' retrieved from /opt/airflow/dags/maintenance_logs.py
[2026-04-08T22:12:51.300+0000] {processor.py:186} INFO - Started process (PID=187) to work on /opt/airflow/dags/maintenance_logs.py
[2026-04-08T22:12:51.319+0000] {processor.py:914} INFO - Processing file /opt/airflow/dags/maintenance_logs.py for tasks to queue
[2026-04-08T22:12:51.347+0000] {logging_mixin.py:190} INFO - [2026-04-08T22:12:51.345+0000] {dagbag.py:588} INFO - Filling up the DagBag from /opt/airflow/dags/maintenance_logs.py
[2026-04-08T22:12:51.527+0000] {processor.py:925} INFO - DAG(s) 'maintenance_cleanup_logs' retrieved from /opt/airflow/dags/maintenance_logs.py
[2026-04-08T22:12:51.760+0000] {logging_mixin.py:190} INFO - [2026-04-08T22:12:51.759+0000] {dag.py:3239} INFO - Sync 1 DAGs
[2026-04-08T22:12:52.153+0000] {logging_mixin.py:190} INFO - [2026-04-08T22:12:52.152+0000] {dag.py:4180} INFO - Setting next_dagrun for maintenance_cleanup_logs to 2026-04-08 00:00:00+00:00, run_after=2026-04-09 00:00:00+00:00
[2026-04-08T22:12:52.511+0000] {processor.py:208} INFO - Processing /opt/airflow/dags/maintenance_logs.py took 1.279 seconds
[2026-04-08T22:13:23.397+0000] {processor.py:186} INFO - Started process (PID=202) to work on /opt/airflow/dags/maintenance_logs.py
[2026-04-08T22:13:23.405+0000] {processor.py:914} INFO - Processing file /opt/airflow/dags/maintenance_logs.py for tasks to queue
[2026-04-08T22:13:23.469+0000] {logging_mixin.py:190} INFO - [2026-04-08T22:13:23.457+0000] {dagbag.py:588} INFO - Filling up the DagBag from /opt/airflow/dags/maintenance_logs.py
[2026-04-08T22:13:23.579+0000] {processor.py:925} INFO - DAG(s) 'maintenance_cleanup_logs' retrieved from /opt/airflow/dags/maintenance_logs.py
[2026-04-08T22:13:24.934+0000] {logging_mixin.py:190} INFO - [2026-04-08T22:13:24.934+0000] {dag.py:3239} INFO - Sync 1 DAGs
[2026-04-08T22:13:25.071+0000] {logging_mixin.py:190} INFO - [2026-04-08T22:13:25.070+0000] {dag.py:4180} INFO - Setting next_dagrun for maintenance_cleanup_logs to 2026-04-08 00:00:00+00:00, run_after=2026-04-09 00:00:00+00:00
[2026-04-08T22:13:25.166+0000] {processor.py:208} INFO - Processing /opt/airflow/dags/maintenance_logs.py took 1.794 seconds
[2026-04-08T22:13:55.593+0000] {processor.py:186} INFO - Started process (PID=217) to work on /opt/airflow/dags/maintenance_logs.py
[2026-04-08T22:13:55.600+0000] {processor.py:914} INFO - Processing file /opt/airflow/dags/maintenance_logs.py for tasks to queue
[2026-04-08T22:13:55.645+0000] {logging_mixin.py:190} INFO - [2026-04-08T22:13:55.632+0000] {dagbag.py:588} INFO - Filling up the DagBag from /opt/airflow/dags/maintenance_logs.py
[2026-04-08T22:13:55.778+0000] {processor.py:925} INFO - DAG(s) 'maintenance_cleanup_logs' retrieved from /opt/airflow/dags/maintenance_logs.py
[2026-04-08T22:13:56.140+0000] {logging_mixin.py:190} INFO - [2026-04-08T22:13:56.140+0000] {dag.py:3239} INFO - Sync 1 DAGs
[2026-04-08T22:13:56.272+0000] {logging_mixin.py:190} INFO - [2026-04-08T22:13:56.271+0000] {dag.py:4180} INFO - Setting next_dagrun for maintenance_cleanup_logs to 2026-04-08 00:00:00+00:00, run_after=2026-04-09 00:00:00+00:00
[2026-04-08T22:13:56.337+0000] {processor.py:208} INFO - Processing /opt/airflow/dags/maintenance_logs.py took 0.792 seconds
[2026-04-08T22:22:02.765+0000] {processor.py:186} INFO - Started process (PID=188) to work on /opt/airflow/dags/maintenance_logs.py
[2026-04-08T22:22:02.776+0000] {processor.py:914} INFO - Processing file /opt/airflow/dags/maintenance_logs.py for tasks to queue
[2026-04-08T22:22:02.804+0000] {logging_mixin.py:190} INFO - [2026-04-08T22:22:02.802+0000] {dagbag.py:588} INFO - Filling up the DagBag from /opt/airflow/dags/maintenance_logs.py
[2026-04-08T22:22:03.002+0000] {processor.py:925} INFO - DAG(s) 'maintenance_cleanup_logs' retrieved from /opt/airflow/dags/maintenance_logs.py
[2026-04-08T22:22:03.390+0000] {logging_mixin.py:190} INFO - [2026-04-08T22:22:03.389+0000] {dag.py:3239} INFO - Sync 1 DAGs
[2026-04-08T22:22:03.509+0000] {logging_mixin.py:190} INFO - [2026-04-08T22:22:03.509+0000] {dag.py:4180} INFO - Setting next_dagrun for maintenance_cleanup_logs to 2026-04-08 00:00:00+00:00, run_after=2026-04-09 00:00:00+00:00
[2026-04-08T22:22:03.603+0000] {processor.py:208} INFO - Processing /opt/airflow/dags/maintenance_logs.py took 0.908 seconds
[2026-04-08T22:22:33.942+0000] {processor.py:186} INFO - Started process (PID=202) to work on /opt/airflow/dags/maintenance_logs.py
[2026-04-08T22:22:33.947+0000] {processor.py:914} INFO - Processing file /opt/airflow/dags/maintenance_logs.py for tasks to queue
[2026-04-08T22:22:33.957+0000] {logging_mixin.py:190} INFO - [2026-04-08T22:22:33.956+0000] {dagbag.py:588} INFO - Filling up the DagBag from /opt/airflow/dags/maintenance_logs.py
[2026-04-08T22:22:34.052+0000] {processor.py:925} INFO - DAG(s) 'maintenance_cleanup_logs' retrieved from /opt/airflow/dags/maintenance_logs.py
[2026-04-08T22:22:34.206+0000] {logging_mixin.py:190} INFO - [2026-04-08T22:22:34.205+0000] {dag.py:3239} INFO - Sync 1 DAGs
[2026-04-08T22:22:34.292+0000] {logging_mixin.py:190} INFO - [2026-04-08T22:22:34.292+0000] {dag.py:4180} INFO - Setting next_dagrun for maintenance_cleanup_logs to 2026-04-08 00:00:00+00:00, run_after=2026-04-09 00:00:00+00:00
[2026-04-08T22:22:34.391+0000] {processor.py:208} INFO - Processing /opt/airflow/dags/maintenance_logs.py took 0.481 seconds
[2026-04-08T22:24:50.002+0000] {processor.py:186} INFO - Started process (PID=223) to work on /opt/airflow/dags/maintenance_logs.py
[2026-04-08T22:24:50.005+0000] {processor.py:914} INFO - Processing file /opt/airflow/dags/maintenance_logs.py for tasks to queue
[2026-04-08T22:24:50.010+0000] {logging_mixin.py:190} INFO - [2026-04-08T22:24:50.009+0000] {dagbag.py:588} INFO - Filling up the DagBag from /opt/airflow/dags/maintenance_logs.py
[2026-04-08T22:24:50.119+0000] {processor.py:925} INFO - DAG(s) 'maintenance_cleanup_logs' retrieved from /opt/airflow/dags/maintenance_logs.py
[2026-04-08T22:24:50.353+0000] {logging_mixin.py:190} INFO - [2026-04-08T22:24:50.352+0000] {dag.py:3239} INFO - Sync 1 DAGs
[2026-04-08T22:24:50.465+0000] {logging_mixin.py:190} INFO - [2026-04-08T22:24:50.463+0000] {dag.py:4180} INFO - Setting next_dagrun for maintenance_cleanup_logs to 2026-04-08 00:00:00+00:00, run_after=2026-04-09 00:00:00+00:00
[2026-04-08T22:24:50.571+0000] {processor.py:208} INFO - Processing /opt/airflow/dags/maintenance_logs.py took 0.607 seconds
[2026-04-08T22:32:13.147+0000] {processor.py:186} INFO - Started process (PID=187) to work on /opt/airflow/dags/maintenance_logs.py
[2026-04-08T22:32:13.152+0000] {processor.py:914} INFO - Processing file /opt/airflow/dags/maintenance_logs.py for tasks to queue
[2026-04-08T22:32:13.162+0000] {logging_mixin.py:190} INFO - [2026-04-08T22:32:13.160+0000] {dagbag.py:588} INFO - Filling up the DagBag from /opt/airflow/dags/maintenance_logs.py
[2026-04-08T22:32:13.250+0000] {processor.py:925} INFO - DAG(s) 'maintenance_cleanup_logs' retrieved from /opt/airflow/dags/maintenance_logs.py
[2026-04-08T22:32:13.403+0000] {logging_mixin.py:190} INFO - [2026-04-08T22:32:13.402+0000] {dag.py:3239} INFO - Sync 1 DAGs
[2026-04-08T22:32:13.546+0000] {logging_mixin.py:190} INFO - [2026-04-08T22:32:13.545+0000] {dag.py:4180} INFO - Setting next_dagrun for maintenance_cleanup_logs to 2026-04-08 00:00:00+00:00, run_after=2026-04-09 00:00:00+00:00
[2026-04-08T22:32:13.622+0000] {processor.py:208} INFO - Processing /opt/airflow/dags/maintenance_logs.py took 0.498 seconds
[2026-04-08T22:32:44.574+0000] {processor.py:186} INFO - Started process (PID=202) to work on /opt/airflow/dags/maintenance_logs.py
[2026-04-08T22:32:44.584+0000] {processor.py:914} INFO - Processing file /opt/airflow/dags/maintenance_logs.py for tasks to queue
[2026-04-08T22:32:44.627+0000] {logging_mixin.py:190} INFO - [2026-04-08T22:32:44.623+0000] {dagbag.py:588} INFO - Filling up the DagBag from /opt/airflow/dags/maintenance_logs.py
[2026-04-08T22:32:44.851+0000] {processor.py:925} INFO - DAG(s) 'maintenance_cleanup_logs' retrieved from /opt/airflow/dags/maintenance_logs.py
[2026-04-08T22:32:45.137+0000] {logging_mixin.py:190} INFO - [2026-04-08T22:32:45.136+0000] {dag.py:3239} INFO - Sync 1 DAGs
[2026-04-08T22:32:45.482+0000] {logging_mixin.py:190} INFO - [2026-04-08T22:32:45.481+0000] {dag.py:4180} INFO - Setting next_dagrun for maintenance_cleanup_logs to 2026-04-08 00:00:00+00:00, run_after=2026-04-09 00:00:00+00:00
[2026-04-08T22:32:45.576+0000] {processor.py:208} INFO - Processing /opt/airflow/dags/maintenance_logs.py took 1.066 seconds
[2026-04-08T22:33:16.398+0000] {processor.py:186} INFO - Started process (PID=217) to work on /opt/airflow/dags/maintenance_logs.py
[2026-04-08T22:33:16.411+0000] {processor.py:914} INFO - Processing file /opt/airflow/dags/maintenance_logs.py for tasks to queue
[2026-04-08T22:33:16.431+0000] {logging_mixin.py:190} INFO - [2026-04-08T22:33:16.430+0000] {dagbag.py:588} INFO - Filling up the DagBag from /opt/airflow/dags/maintenance_logs.py
[2026-04-08T22:33:16.560+0000] {processor.py:925} INFO - DAG(s) 'maintenance_cleanup_logs' retrieved from /opt/airflow/dags/maintenance_logs.py
[2026-04-08T22:33:16.915+0000] {logging_mixin.py:190} INFO - [2026-04-08T22:33:16.914+0000] {dag.py:3239} INFO - Sync 1 DAGs
[2026-04-08T22:33:17.635+0000] {logging_mixin.py:190} INFO - [2026-04-08T22:33:17.633+0000] {dag.py:4180} INFO - Setting next_dagrun for maintenance_cleanup_logs to 2026-04-08 00:00:00+00:00, run_after=2026-04-09 00:00:00+00:00
[2026-04-08T22:33:18.052+0000] {processor.py:208} INFO - Processing /opt/airflow/dags/maintenance_logs.py took 1.774 seconds
[2026-04-08T22:33:49.012+0000] {processor.py:186} INFO - Started process (PID=235) to work on /opt/airflow/dags/maintenance_logs.py
[2026-04-08T22:33:49.016+0000] {processor.py:914} INFO - Processing file /opt/airflow/dags/maintenance_logs.py for tasks to queue
[2026-04-08T22:33:49.022+0000] {logging_mixin.py:190} INFO - [2026-04-08T22:33:49.021+0000] {dagbag.py:588} INFO - Filling up the DagBag from /opt/airflow/dags/maintenance_logs.py
[2026-04-08T22:33:49.120+0000] {processor.py:925} INFO - DAG(s) 'maintenance_cleanup_logs' retrieved from /opt/airflow/dags/maintenance_logs.py
[2026-04-08T22:33:49.347+0000] {logging_mixin.py:190} INFO - [2026-04-08T22:33:49.347+0000] {dag.py:3239} INFO - Sync 1 DAGs
[2026-04-08T22:33:49.431+0000] {logging_mixin.py:190} INFO - [2026-04-08T22:33:49.430+0000] {dag.py:4180} INFO - Setting next_dagrun for maintenance_cleanup_logs to 2026-04-08 00:00:00+00:00, run_after=2026-04-09 00:00:00+00:00
[2026-04-08T22:33:49.518+0000] {processor.py:208} INFO - Processing /opt/airflow/dags/maintenance_logs.py took 0.534 seconds
[2026-04-08T22:34:19.699+0000] {processor.py:186} INFO - Started process (PID=253) to work on /opt/airflow/dags/maintenance_logs.py
[2026-04-08T22:34:19.702+0000] {processor.py:914} INFO - Processing file /opt/airflow/dags/maintenance_logs.py for tasks to queue
[2026-04-08T22:34:19.709+0000] {logging_mixin.py:190} INFO - [2026-04-08T22:34:19.708+0000] {dagbag.py:588} INFO - Filling up the DagBag from /opt/airflow/dags/maintenance_logs.py
[2026-04-08T22:34:19.840+0000] {processor.py:925} INFO - DAG(s) 'maintenance_cleanup_logs' retrieved from /opt/airflow/dags/maintenance_logs.py
[2026-04-08T22:34:19.990+0000] {logging_mixin.py:190} INFO - [2026-04-08T22:34:19.989+0000] {dag.py:3239} INFO - Sync 1 DAGs
[2026-04-08T22:34:20.055+0000] {logging_mixin.py:190} INFO - [2026-04-08T22:34:20.055+0000] {dag.py:4180} INFO - Setting next_dagrun for maintenance_cleanup_logs to 2026-04-08 00:00:00+00:00, run_after=2026-04-09 00:00:00+00:00
[2026-04-08T22:34:20.114+0000] {processor.py:208} INFO - Processing /opt/airflow/dags/maintenance_logs.py took 0.427 seconds
[2026-04-08T22:34:53.359+0000] {processor.py:186} INFO - Started process (PID=268) to work on /opt/airflow/dags/maintenance_logs.py
[2026-04-08T22:34:53.381+0000] {processor.py:914} INFO - Processing file /opt/airflow/dags/maintenance_logs.py for tasks to queue
[2026-04-08T22:34:53.401+0000] {logging_mixin.py:190} INFO - [2026-04-08T22:34:53.400+0000] {dagbag.py:588} INFO - Filling up the DagBag from /opt/airflow/dags/maintenance_logs.py
[2026-04-08T22:34:53.559+0000] {processor.py:925} INFO - DAG(s) 'maintenance_cleanup_logs' retrieved from /opt/airflow/dags/maintenance_logs.py
[2026-04-08T22:34:53.875+0000] {logging_mixin.py:190} INFO - [2026-04-08T22:34:53.874+0000] {dag.py:3239} INFO - Sync 1 DAGs
[2026-04-08T22:34:54.116+0000] {logging_mixin.py:190} INFO - [2026-04-08T22:34:54.115+0000] {dag.py:4180} INFO - Setting next_dagrun for maintenance_cleanup_logs to 2026-04-08 00:00:00+00:00, run_after=2026-04-09 00:00:00+00:00
[2026-04-08T22:34:54.210+0000] {processor.py:208} INFO - Processing /opt/airflow/dags/maintenance_logs.py took 0.888 seconds
[2026-04-08T22:35:24.573+0000] {processor.py:186} INFO - Started process (PID=280) to work on /opt/airflow/dags/maintenance_logs.py
[2026-04-08T22:35:24.578+0000] {processor.py:914} INFO - Processing file /opt/airflow/dags/maintenance_logs.py for tasks to queue
[2026-04-08T22:35:24.602+0000] {logging_mixin.py:190} INFO - [2026-04-08T22:35:24.601+0000] {dagbag.py:588} INFO - Filling up the DagBag from /opt/airflow/dags/maintenance_logs.py
[2026-04-08T22:35:24.780+0000] {processor.py:925} INFO - DAG(s) 'maintenance_cleanup_logs' retrieved from /opt/airflow/dags/maintenance_logs.py
[2026-04-08T22:35:24.989+0000] {logging_mixin.py:190} INFO - [2026-04-08T22:35:24.988+0000] {dag.py:3239} INFO - Sync 1 DAGs
[2026-04-08T22:35:25.083+0000] {logging_mixin.py:190} INFO - [2026-04-08T22:35:25.083+0000] {dag.py:4180} INFO - Setting next_dagrun for maintenance_cleanup_logs to 2026-04-08 00:00:00+00:00, run_after=2026-04-09 00:00:00+00:00
[2026-04-08T22:35:25.155+0000] {processor.py:208} INFO - Processing /opt/airflow/dags/maintenance_logs.py took 0.606 seconds
[2026-04-08T22:35:55.274+0000] {processor.py:186} INFO - Started process (PID=293) to work on /opt/airflow/dags/maintenance_logs.py
[2026-04-08T22:35:55.276+0000] {processor.py:914} INFO - Processing file /opt/airflow/dags/maintenance_logs.py for tasks to queue
[2026-04-08T22:35:55.283+0000] {logging_mixin.py:190} INFO - [2026-04-08T22:35:55.283+0000] {dagbag.py:588} INFO - Filling up the DagBag from /opt/airflow/dags/maintenance_logs.py
[2026-04-08T22:35:55.338+0000] {processor.py:925} INFO - DAG(s) 'maintenance_cleanup_logs' retrieved from /opt/airflow/dags/maintenance_logs.py
[2026-04-08T22:35:55.453+0000] {logging_mixin.py:190} INFO - [2026-04-08T22:35:55.453+0000] {dag.py:3239} INFO - Sync 1 DAGs
[2026-04-08T22:35:55.506+0000] {logging_mixin.py:190} INFO - [2026-04-08T22:35:55.506+0000] {dag.py:4180} INFO - Setting next_dagrun for maintenance_cleanup_logs to 2026-04-08 00:00:00+00:00, run_after=2026-04-09 00:00:00+00:00
[2026-04-08T22:35:55.553+0000] {processor.py:208} INFO - Processing /opt/airflow/dags/maintenance_logs.py took 0.297 seconds
[2026-04-08T22:36:25.888+0000] {processor.py:186} INFO - Started process (PID=310) to work on /opt/airflow/dags/maintenance_logs.py
[2026-04-08T22:36:25.890+0000] {processor.py:914} INFO - Processing file /opt/airflow/dags/maintenance_logs.py for tasks to queue
[2026-04-08T22:36:25.919+0000] {logging_mixin.py:190} INFO - [2026-04-08T22:36:25.918+0000] {dagbag.py:588} INFO - Filling up the DagBag from /opt/airflow/dags/maintenance_logs.py
[2026-04-08T22:36:26.026+0000] {processor.py:925} INFO - DAG(s) 'maintenance_cleanup_logs' retrieved from /opt/airflow/dags/maintenance_logs.py
[2026-04-08T22:36:26.141+0000] {logging_mixin.py:190} INFO - [2026-04-08T22:36:26.141+0000] {dag.py:3239} INFO - Sync 1 DAGs
[2026-04-08T22:36:26.219+0000] {logging_mixin.py:190} INFO - [2026-04-08T22:36:26.218+0000] {dag.py:4180} INFO - Setting next_dagrun for maintenance_cleanup_logs to 2026-04-08 00:00:00+00:00, run_after=2026-04-09 00:00:00+00:00
[2026-04-08T22:36:26.264+0000] {processor.py:208} INFO - Processing /opt/airflow/dags/maintenance_logs.py took 0.392 seconds
[2026-04-08T22:36:57.355+0000] {processor.py:186} INFO - Started process (PID=325) to work on /opt/airflow/dags/maintenance_logs.py
[2026-04-08T22:36:57.357+0000] {processor.py:914} INFO - Processing file /opt/airflow/dags/maintenance_logs.py for tasks to queue
[2026-04-08T22:36:57.371+0000] {logging_mixin.py:190} INFO - [2026-04-08T22:36:57.369+0000] {dagbag.py:588} INFO - Filling up the DagBag from /opt/airflow/dags/maintenance_logs.py
[2026-04-08T22:36:57.451+0000] {processor.py:925} INFO - DAG(s) 'maintenance_cleanup_logs' retrieved from /opt/airflow/dags/maintenance_logs.py
[2026-04-08T22:36:57.586+0000] {logging_mixin.py:190} INFO - [2026-04-08T22:36:57.586+0000] {dag.py:3239} INFO - Sync 1 DAGs
[2026-04-08T22:36:57.638+0000] {logging_mixin.py:190} INFO - [2026-04-08T22:36:57.638+0000] {dag.py:4180} INFO - Setting next_dagrun for maintenance_cleanup_logs to 2026-04-08 00:00:00+00:00, run_after=2026-04-09 00:00:00+00:00
[2026-04-08T22:36:57.685+0000] {processor.py:208} INFO - Processing /opt/airflow/dags/maintenance_logs.py took 0.355 seconds
[2026-04-08T22:37:28.013+0000] {processor.py:186} INFO - Started process (PID=340) to work on /opt/airflow/dags/maintenance_logs.py
[2026-04-08T22:37:28.015+0000] {processor.py:914} INFO - Processing file /opt/airflow/dags/maintenance_logs.py for tasks to queue
[2026-04-08T22:37:28.021+0000] {logging_mixin.py:190} INFO - [2026-04-08T22:37:28.020+0000] {dagbag.py:588} INFO - Filling up the DagBag from /opt/airflow/dags/maintenance_logs.py
[2026-04-08T22:37:28.069+0000] {processor.py:925} INFO - DAG(s) 'maintenance_cleanup_logs' retrieved from /opt/airflow/dags/maintenance_logs.py
[2026-04-08T22:37:28.165+0000] {logging_mixin.py:190} INFO - [2026-04-08T22:37:28.165+0000] {dag.py:3239} INFO - Sync 1 DAGs
[2026-04-08T22:37:28.220+0000] {logging_mixin.py:190} INFO - [2026-04-08T22:37:28.219+0000] {dag.py:4180} INFO - Setting next_dagrun for maintenance_cleanup_logs to 2026-04-08 00:00:00+00:00, run_after=2026-04-09 00:00:00+00:00
[2026-04-08T22:37:28.264+0000] {processor.py:208} INFO - Processing /opt/airflow/dags/maintenance_logs.py took 0.264 seconds
[2026-04-08T22:37:59.041+0000] {processor.py:186} INFO - Started process (PID=355) to work on /opt/airflow/dags/maintenance_logs.py
[2026-04-08T22:37:59.043+0000] {processor.py:914} INFO - Processing file /opt/airflow/dags/maintenance_logs.py for tasks to queue
[2026-04-08T22:37:59.048+0000] {logging_mixin.py:190} INFO - [2026-04-08T22:37:59.047+0000] {dagbag.py:588} INFO - Filling up the DagBag from /opt/airflow/dags/maintenance_logs.py
[2026-04-08T22:37:59.090+0000] {processor.py:925} INFO - DAG(s) 'maintenance_cleanup_logs' retrieved from /opt/airflow/dags/maintenance_logs.py
[2026-04-08T22:37:59.210+0000] {logging_mixin.py:190} INFO - [2026-04-08T22:37:59.209+0000] {dag.py:3239} INFO - Sync 1 DAGs
[2026-04-08T22:37:59.286+0000] {logging_mixin.py:190} INFO - [2026-04-08T22:37:59.286+0000] {dag.py:4180} INFO - Setting next_dagrun for maintenance_cleanup_logs to 2026-04-08 00:00:00+00:00, run_after=2026-04-09 00:00:00+00:00
[2026-04-08T22:37:59.349+0000] {processor.py:208} INFO - Processing /opt/airflow/dags/maintenance_logs.py took 0.319 seconds
[2026-04-08T22:38:29.618+0000] {processor.py:186} INFO - Started process (PID=370) to work on /opt/airflow/dags/maintenance_logs.py
[2026-04-08T22:38:29.619+0000] {processor.py:914} INFO - Processing file /opt/airflow/dags/maintenance_logs.py for tasks to queue
[2026-04-08T22:38:29.624+0000] {logging_mixin.py:190} INFO - [2026-04-08T22:38:29.623+0000] {dagbag.py:588} INFO - Filling up the DagBag from /opt/airflow/dags/maintenance_logs.py
[2026-04-08T22:38:29.660+0000] {processor.py:925} INFO - DAG(s) 'maintenance_cleanup_logs' retrieved from /opt/airflow/dags/maintenance_logs.py
[2026-04-08T22:38:29.892+0000] {logging_mixin.py:190} INFO - [2026-04-08T22:38:29.892+0000] {dag.py:3239} INFO - Sync 1 DAGs
[2026-04-08T22:38:29.988+0000] {logging_mixin.py:190} INFO - [2026-04-08T22:38:29.988+0000] {dag.py:4180} INFO - Setting next_dagrun for maintenance_cleanup_logs to 2026-04-08 00:00:00+00:00, run_after=2026-04-09 00:00:00+00:00
[2026-04-08T22:38:30.053+0000] {processor.py:208} INFO - Processing /opt/airflow/dags/maintenance_logs.py took 0.445 seconds
[2026-04-08T22:39:00.509+0000] {processor.py:186} INFO - Started process (PID=383) to work on /opt/airflow/dags/maintenance_logs.py
[2026-04-08T22:39:00.513+0000] {processor.py:914} INFO - Processing file /opt/airflow/dags/maintenance_logs.py for tasks to queue
[2026-04-08T22:39:00.524+0000] {logging_mixin.py:190} INFO - [2026-04-08T22:39:00.524+0000] {dagbag.py:588} INFO - Filling up the DagBag from /opt/airflow/dags/maintenance_logs.py
[2026-04-08T22:39:00.591+0000] {processor.py:925} INFO - DAG(s) 'maintenance_cleanup_logs' retrieved from /opt/airflow/dags/maintenance_logs.py
[2026-04-08T22:39:00.744+0000] {logging_mixin.py:190} INFO - [2026-04-08T22:39:00.744+0000] {dag.py:3239} INFO - Sync 1 DAGs
[2026-04-08T22:39:00.806+0000] {logging_mixin.py:190} INFO - [2026-04-08T22:39:00.805+0000] {dag.py:4180} INFO - Setting next_dagrun for maintenance_cleanup_logs to 2026-04-08 00:00:00+00:00, run_after=2026-04-09 00:00:00+00:00
[2026-04-08T22:39:00.861+0000] {processor.py:208} INFO - Processing /opt/airflow/dags/maintenance_logs.py took 0.382 seconds
[2026-04-08T22:39:31.186+0000] {processor.py:186} INFO - Started process (PID=398) to work on /opt/airflow/dags/maintenance_logs.py
[2026-04-08T22:39:31.188+0000] {processor.py:914} INFO - Processing file /opt/airflow/dags/maintenance_logs.py for tasks to queue
[2026-04-08T22:39:31.195+0000] {logging_mixin.py:190} INFO - [2026-04-08T22:39:31.194+0000] {dagbag.py:588} INFO - Filling up the DagBag from /opt/airflow/dags/maintenance_logs.py
[2026-04-08T22:39:31.260+0000] {processor.py:925} INFO - DAG(s) 'maintenance_cleanup_logs' retrieved from /opt/airflow/dags/maintenance_logs.py
[2026-04-08T22:39:31.363+0000] {logging_mixin.py:190} INFO - [2026-04-08T22:39:31.362+0000] {dag.py:3239} INFO - Sync 1 DAGs
[2026-04-08T22:39:31.446+0000] {logging_mixin.py:190} INFO - [2026-04-08T22:39:31.446+0000] {dag.py:4180} INFO - Setting next_dagrun for maintenance_cleanup_logs to 2026-04-08 00:00:00+00:00, run_after=2026-04-09 00:00:00+00:00
[2026-04-08T22:39:31.527+0000] {processor.py:208} INFO - Processing /opt/airflow/dags/maintenance_logs.py took 0.358 seconds
[2026-04-08T22:40:02.089+0000] {processor.py:186} INFO - Started process (PID=413) to work on /opt/airflow/dags/maintenance_logs.py
[2026-04-08T22:40:02.091+0000] {processor.py:914} INFO - Processing file /opt/airflow/dags/maintenance_logs.py for tasks to queue
[2026-04-08T22:40:02.095+0000] {logging_mixin.py:190} INFO - [2026-04-08T22:40:02.095+0000] {dagbag.py:588} INFO - Filling up the DagBag from /opt/airflow/dags/maintenance_logs.py
[2026-04-08T22:40:02.155+0000] {processor.py:925} INFO - DAG(s) 'maintenance_cleanup_logs' retrieved from /opt/airflow/dags/maintenance_logs.py
[2026-04-08T22:40:02.272+0000] {logging_mixin.py:190} INFO - [2026-04-08T22:40:02.272+0000] {dag.py:3239} INFO - Sync 1 DAGs
[2026-04-08T22:40:02.349+0000] {logging_mixin.py:190} INFO - [2026-04-08T22:40:02.347+0000] {dag.py:4180} INFO - Setting next_dagrun for maintenance_cleanup_logs to 2026-04-08 00:00:00+00:00, run_after=2026-04-09 00:00:00+00:00
[2026-04-08T22:40:02.419+0000] {processor.py:208} INFO - Processing /opt/airflow/dags/maintenance_logs.py took 0.345 seconds
[2026-04-08T22:40:32.698+0000] {processor.py:186} INFO - Started process (PID=428) to work on /opt/airflow/dags/maintenance_logs.py
[2026-04-08T22:40:32.703+0000] {processor.py:914} INFO - Processing file /opt/airflow/dags/maintenance_logs.py for tasks to queue
[2026-04-08T22:40:32.711+0000] {logging_mixin.py:190} INFO - [2026-04-08T22:40:32.711+0000] {dagbag.py:588} INFO - Filling up the DagBag from /opt/airflow/dags/maintenance_logs.py
[2026-04-08T22:40:32.776+0000] {processor.py:925} INFO - DAG(s) 'maintenance_cleanup_logs' retrieved from /opt/airflow/dags/maintenance_logs.py
[2026-04-08T22:40:32.875+0000] {logging_mixin.py:190} INFO - [2026-04-08T22:40:32.875+0000] {dag.py:3239} INFO - Sync 1 DAGs
[2026-04-08T22:40:32.927+0000] {logging_mixin.py:190} INFO - [2026-04-08T22:40:32.927+0000] {dag.py:4180} INFO - Setting next_dagrun for maintenance_cleanup_logs to 2026-04-08 00:00:00+00:00, run_after=2026-04-09 00:00:00+00:00
[2026-04-08T22:40:32.967+0000] {processor.py:208} INFO - Processing /opt/airflow/dags/maintenance_logs.py took 0.291 seconds
[2026-04-08T22:41:03.189+0000] {processor.py:186} INFO - Started process (PID=443) to work on /opt/airflow/dags/maintenance_logs.py
[2026-04-08T22:41:03.191+0000] {processor.py:914} INFO - Processing file /opt/airflow/dags/maintenance_logs.py for tasks to queue
[2026-04-08T22:41:03.197+0000] {logging_mixin.py:190} INFO - [2026-04-08T22:41:03.196+0000] {dagbag.py:588} INFO - Filling up the DagBag from /opt/airflow/dags/maintenance_logs.py
[2026-04-08T22:41:03.255+0000] {processor.py:925} INFO - DAG(s) 'maintenance_cleanup_logs' retrieved from /opt/airflow/dags/maintenance_logs.py
[2026-04-08T22:41:03.613+0000] {logging_mixin.py:190} INFO - [2026-04-08T22:41:03.612+0000] {dag.py:3239} INFO - Sync 1 DAGs
[2026-04-08T22:41:03.764+0000] {logging_mixin.py:190} INFO - [2026-04-08T22:41:03.763+0000] {dag.py:4180} INFO - Setting next_dagrun for maintenance_cleanup_logs to 2026-04-08 00:00:00+00:00, run_after=2026-04-09 00:00:00+00:00
[2026-04-08T22:41:03.895+0000] {processor.py:208} INFO - Processing /opt/airflow/dags/maintenance_logs.py took 0.719 seconds
[2026-04-08T22:41:34.230+0000] {processor.py:186} INFO - Started process (PID=460) to work on /opt/airflow/dags/maintenance_logs.py
[2026-04-08T22:41:34.232+0000] {processor.py:914} INFO - Processing file /opt/airflow/dags/maintenance_logs.py for tasks to queue
[2026-04-08T22:41:34.236+0000] {logging_mixin.py:190} INFO - [2026-04-08T22:41:34.236+0000] {dagbag.py:588} INFO - Filling up the DagBag from /opt/airflow/dags/maintenance_logs.py
[2026-04-08T22:41:34.289+0000] {processor.py:925} INFO - DAG(s) 'maintenance_cleanup_logs' retrieved from /opt/airflow/dags/maintenance_logs.py
[2026-04-08T22:41:34.392+0000] {logging_mixin.py:190} INFO - [2026-04-08T22:41:34.391+0000] {dag.py:3239} INFO - Sync 1 DAGs
[2026-04-08T22:41:34.450+0000] {logging_mixin.py:190} INFO - [2026-04-08T22:41:34.450+0000] {dag.py:4180} INFO - Setting next_dagrun for maintenance_cleanup_logs to 2026-04-08 00:00:00+00:00, run_after=2026-04-09 00:00:00+00:00
[2026-04-08T22:41:34.503+0000] {processor.py:208} INFO - Processing /opt/airflow/dags/maintenance_logs.py took 0.283 seconds
[2026-04-08T22:42:04.607+0000] {processor.py:186} INFO - Started process (PID=473) to work on /opt/airflow/dags/maintenance_logs.py
[2026-04-08T22:42:04.609+0000] {processor.py:914} INFO - Processing file /opt/airflow/dags/maintenance_logs.py for tasks to queue
[2026-04-08T22:42:04.614+0000] {logging_mixin.py:190} INFO - [2026-04-08T22:42:04.613+0000] {dagbag.py:588} INFO - Filling up the DagBag from /opt/airflow/dags/maintenance_logs.py
[2026-04-08T22:42:04.669+0000] {processor.py:925} INFO - DAG(s) 'maintenance_cleanup_logs' retrieved from /opt/airflow/dags/maintenance_logs.py
[2026-04-08T22:42:04.764+0000] {logging_mixin.py:190} INFO - [2026-04-08T22:42:04.764+0000] {dag.py:3239} INFO - Sync 1 DAGs
[2026-04-08T22:42:04.815+0000] {logging_mixin.py:190} INFO - [2026-04-08T22:42:04.815+0000] {dag.py:4180} INFO - Setting next_dagrun for maintenance_cleanup_logs to 2026-04-08 00:00:00+00:00, run_after=2026-04-09 00:00:00+00:00
[2026-04-08T22:42:04.861+0000] {processor.py:208} INFO - Processing /opt/airflow/dags/maintenance_logs.py took 0.267 seconds
[2026-04-08T22:42:35.294+0000] {processor.py:186} INFO - Started process (PID=491) to work on /opt/airflow/dags/maintenance_logs.py
[2026-04-08T22:42:35.297+0000] {processor.py:914} INFO - Processing file /opt/airflow/dags/maintenance_logs.py for tasks to queue
[2026-04-08T22:42:35.305+0000] {logging_mixin.py:190} INFO - [2026-04-08T22:42:35.304+0000] {dagbag.py:588} INFO - Filling up the DagBag from /opt/airflow/dags/maintenance_logs.py
[2026-04-08T22:42:35.370+0000] {processor.py:925} INFO - DAG(s) 'maintenance_cleanup_logs' retrieved from /opt/airflow/dags/maintenance_logs.py
[2026-04-08T22:42:35.502+0000] {logging_mixin.py:190} INFO - [2026-04-08T22:42:35.501+0000] {dag.py:3239} INFO - Sync 1 DAGs
[2026-04-08T22:42:35.572+0000] {logging_mixin.py:190} INFO - [2026-04-08T22:42:35.572+0000] {dag.py:4180} INFO - Setting next_dagrun for maintenance_cleanup_logs to 2026-04-08 00:00:00+00:00, run_after=2026-04-09 00:00:00+00:00
[2026-04-08T22:42:35.634+0000] {processor.py:208} INFO - Processing /opt/airflow/dags/maintenance_logs.py took 0.355 seconds
[2026-04-08T22:43:05.881+0000] {processor.py:186} INFO - Started process (PID=506) to work on /opt/airflow/dags/maintenance_logs.py
[2026-04-08T22:43:05.885+0000] {processor.py:914} INFO - Processing file /opt/airflow/dags/maintenance_logs.py for tasks to queue
[2026-04-08T22:43:05.890+0000] {logging_mixin.py:190} INFO - [2026-04-08T22:43:05.890+0000] {dagbag.py:588} INFO - Filling up the DagBag from /opt/airflow/dags/maintenance_logs.py
[2026-04-08T22:43:05.948+0000] {processor.py:925} INFO - DAG(s) 'maintenance_cleanup_logs' retrieved from /opt/airflow/dags/maintenance_logs.py
[2026-04-08T22:43:06.076+0000] {logging_mixin.py:190} INFO - [2026-04-08T22:43:06.076+0000] {dag.py:3239} INFO - Sync 1 DAGs
[2026-04-08T22:43:06.134+0000] {logging_mixin.py:190} INFO - [2026-04-08T22:43:06.134+0000] {dag.py:4180} INFO - Setting next_dagrun for maintenance_cleanup_logs to 2026-04-08 00:00:00+00:00, run_after=2026-04-09 00:00:00+00:00
[2026-04-08T22:43:06.185+0000] {processor.py:208} INFO - Processing /opt/airflow/dags/maintenance_logs.py took 0.319 seconds
[2026-04-08T22:43:36.577+0000] {processor.py:186} INFO - Started process (PID=521) to work on /opt/airflow/dags/maintenance_logs.py
[2026-04-08T22:43:36.579+0000] {processor.py:914} INFO - Processing file /opt/airflow/dags/maintenance_logs.py for tasks to queue
[2026-04-08T22:43:36.584+0000] {logging_mixin.py:190} INFO - [2026-04-08T22:43:36.584+0000] {dagbag.py:588} INFO - Filling up the DagBag from /opt/airflow/dags/maintenance_logs.py
[2026-04-08T22:43:36.654+0000] {processor.py:925} INFO - DAG(s) 'maintenance_cleanup_logs' retrieved from /opt/airflow/dags/maintenance_logs.py
[2026-04-08T22:43:36.799+0000] {logging_mixin.py:190} INFO - [2026-04-08T22:43:36.799+0000] {dag.py:3239} INFO - Sync 1 DAGs
[2026-04-08T22:43:36.878+0000] {logging_mixin.py:190} INFO - [2026-04-08T22:43:36.877+0000] {dag.py:4180} INFO - Setting next_dagrun for maintenance_cleanup_logs to 2026-04-08 00:00:00+00:00, run_after=2026-04-09 00:00:00+00:00
[2026-04-08T22:43:36.936+0000] {processor.py:208} INFO - Processing /opt/airflow/dags/maintenance_logs.py took 0.371 seconds
[2026-04-08T22:44:07.065+0000] {processor.py:186} INFO - Started process (PID=531) to work on /opt/airflow/dags/maintenance_logs.py
[2026-04-08T22:44:07.069+0000] {processor.py:914} INFO - Processing file /opt/airflow/dags/maintenance_logs.py for tasks to queue
[2026-04-08T22:44:07.074+0000] {logging_mixin.py:190} INFO - [2026-04-08T22:44:07.073+0000] {dagbag.py:588} INFO - Filling up the DagBag from /opt/airflow/dags/maintenance_logs.py
[2026-04-08T22:44:07.121+0000] {processor.py:925} INFO - DAG(s) 'maintenance_cleanup_logs' retrieved from /opt/airflow/dags/maintenance_logs.py
[2026-04-08T22:44:07.223+0000] {logging_mixin.py:190} INFO - [2026-04-08T22:44:07.223+0000] {dag.py:3239} INFO - Sync 1 DAGs
[2026-04-08T22:44:07.308+0000] {logging_mixin.py:190} INFO - [2026-04-08T22:44:07.308+0000] {dag.py:4180} INFO - Setting next_dagrun for maintenance_cleanup_logs to 2026-04-08 00:00:00+00:00, run_after=2026-04-09 00:00:00+00:00
[2026-04-08T22:44:07.391+0000] {processor.py:208} INFO - Processing /opt/airflow/dags/maintenance_logs.py took 0.361 seconds
[2026-04-08T22:44:38.208+0000] {processor.py:186} INFO - Started process (PID=549) to work on /opt/airflow/dags/maintenance_logs.py
[2026-04-08T22:44:38.218+0000] {processor.py:914} INFO - Processing file /opt/airflow/dags/maintenance_logs.py for tasks to queue
[2026-04-08T22:44:38.235+0000] {logging_mixin.py:190} INFO - [2026-04-08T22:44:38.234+0000] {dagbag.py:588} INFO - Filling up the DagBag from /opt/airflow/dags/maintenance_logs.py
[2026-04-08T22:44:38.831+0000] {processor.py:925} INFO - DAG(s) 'maintenance_cleanup_logs' retrieved from /opt/airflow/dags/maintenance_logs.py
[2026-04-08T22:44:39.273+0000] {logging_mixin.py:190} INFO - [2026-04-08T22:44:39.272+0000] {dag.py:3239} INFO - Sync 1 DAGs
[2026-04-08T22:44:39.450+0000] {logging_mixin.py:190} INFO - [2026-04-08T22:44:39.449+0000] {dag.py:4180} INFO - Setting next_dagrun for maintenance_cleanup_logs to 2026-04-08 00:00:00+00:00, run_after=2026-04-09 00:00:00+00:00
[2026-04-08T22:44:39.545+0000] {processor.py:208} INFO - Processing /opt/airflow/dags/maintenance_logs.py took 1.366 seconds
[2026-04-08T22:45:09.661+0000] {processor.py:186} INFO - Started process (PID=564) to work on /opt/airflow/dags/maintenance_logs.py
[2026-04-08T22:45:09.663+0000] {processor.py:914} INFO - Processing file /opt/airflow/dags/maintenance_logs.py for tasks to queue
[2026-04-08T22:45:09.668+0000] {logging_mixin.py:190} INFO - [2026-04-08T22:45:09.667+0000] {dagbag.py:588} INFO - Filling up the DagBag from /opt/airflow/dags/maintenance_logs.py
[2026-04-08T22:45:09.718+0000] {processor.py:925} INFO - DAG(s) 'maintenance_cleanup_logs' retrieved from /opt/airflow/dags/maintenance_logs.py
[2026-04-08T22:45:09.831+0000] {logging_mixin.py:190} INFO - [2026-04-08T22:45:09.831+0000] {dag.py:3239} INFO - Sync 1 DAGs
[2026-04-08T22:45:09.914+0000] {logging_mixin.py:190} INFO - [2026-04-08T22:45:09.914+0000] {dag.py:4180} INFO - Setting next_dagrun for maintenance_cleanup_logs to 2026-04-08 00:00:00+00:00, run_after=2026-04-09 00:00:00+00:00
[2026-04-08T22:45:09.978+0000] {processor.py:208} INFO - Processing /opt/airflow/dags/maintenance_logs.py took 0.335 seconds
[2026-04-08T22:45:40.309+0000] {processor.py:186} INFO - Started process (PID=582) to work on /opt/airflow/dags/maintenance_logs.py
[2026-04-08T22:45:40.311+0000] {processor.py:914} INFO - Processing file /opt/airflow/dags/maintenance_logs.py for tasks to queue
[2026-04-08T22:45:40.318+0000] {logging_mixin.py:190} INFO - [2026-04-08T22:45:40.317+0000] {dagbag.py:588} INFO - Filling up the DagBag from /opt/airflow/dags/maintenance_logs.py
[2026-04-08T22:45:40.388+0000] {processor.py:925} INFO - DAG(s) 'maintenance_cleanup_logs' retrieved from /opt/airflow/dags/maintenance_logs.py
[2026-04-08T22:45:40.538+0000] {logging_mixin.py:190} INFO - [2026-04-08T22:45:40.538+0000] {dag.py:3239} INFO - Sync 1 DAGs
[2026-04-08T22:45:40.629+0000] {logging_mixin.py:190} INFO - [2026-04-08T22:45:40.628+0000] {dag.py:4180} INFO - Setting next_dagrun for maintenance_cleanup_logs to 2026-04-08 00:00:00+00:00, run_after=2026-04-09 00:00:00+00:00
[2026-04-08T22:45:40.707+0000] {processor.py:208} INFO - Processing /opt/airflow/dags/maintenance_logs.py took 0.417 seconds
[2026-04-08T22:46:10.904+0000] {processor.py:186} INFO - Started process (PID=597) to work on /opt/airflow/dags/maintenance_logs.py
[2026-04-08T22:46:10.906+0000] {processor.py:914} INFO - Processing file /opt/airflow/dags/maintenance_logs.py for tasks to queue
[2026-04-08T22:46:10.910+0000] {logging_mixin.py:190} INFO - [2026-04-08T22:46:10.910+0000] {dagbag.py:588} INFO - Filling up the DagBag from /opt/airflow/dags/maintenance_logs.py
[2026-04-08T22:46:10.955+0000] {processor.py:925} INFO - DAG(s) 'maintenance_cleanup_logs' retrieved from /opt/airflow/dags/maintenance_logs.py
[2026-04-08T22:46:11.051+0000] {logging_mixin.py:190} INFO - [2026-04-08T22:46:11.051+0000] {dag.py:3239} INFO - Sync 1 DAGs
[2026-04-08T22:46:11.106+0000] {logging_mixin.py:190} INFO - [2026-04-08T22:46:11.106+0000] {dag.py:4180} INFO - Setting next_dagrun for maintenance_cleanup_logs to 2026-04-08 00:00:00+00:00, run_after=2026-04-09 00:00:00+00:00
[2026-04-08T22:46:11.162+0000] {processor.py:208} INFO - Processing /opt/airflow/dags/maintenance_logs.py took 0.270 seconds
[2026-04-08T22:46:41.564+0000] {processor.py:186} INFO - Started process (PID=614) to work on /opt/airflow/dags/maintenance_logs.py
[2026-04-08T22:46:41.566+0000] {processor.py:914} INFO - Processing file /opt/airflow/dags/maintenance_logs.py for tasks to queue
[2026-04-08T22:46:41.571+0000] {logging_mixin.py:190} INFO - [2026-04-08T22:46:41.570+0000] {dagbag.py:588} INFO - Filling up the DagBag from /opt/airflow/dags/maintenance_logs.py
[2026-04-08T22:46:41.629+0000] {processor.py:925} INFO - DAG(s) 'maintenance_cleanup_logs' retrieved from /opt/airflow/dags/maintenance_logs.py
[2026-04-08T22:46:41.745+0000] {logging_mixin.py:190} INFO - [2026-04-08T22:46:41.744+0000] {dag.py:3239} INFO - Sync 1 DAGs
[2026-04-08T22:46:41.792+0000] {logging_mixin.py:190} INFO - [2026-04-08T22:46:41.791+0000] {dag.py:4180} INFO - Setting next_dagrun for maintenance_cleanup_logs to 2026-04-08 00:00:00+00:00, run_after=2026-04-09 00:00:00+00:00
[2026-04-08T22:46:41.844+0000] {processor.py:208} INFO - Processing /opt/airflow/dags/maintenance_logs.py took 0.292 seconds
[2026-04-08T22:47:12.172+0000] {processor.py:186} INFO - Started process (PID=629) to work on /opt/airflow/dags/maintenance_logs.py
[2026-04-08T22:47:12.174+0000] {processor.py:914} INFO - Processing file /opt/airflow/dags/maintenance_logs.py for tasks to queue
[2026-04-08T22:47:12.178+0000] {logging_mixin.py:190} INFO - [2026-04-08T22:47:12.178+0000] {dagbag.py:588} INFO - Filling up the DagBag from /opt/airflow/dags/maintenance_logs.py
[2026-04-08T22:47:12.222+0000] {processor.py:925} INFO - DAG(s) 'maintenance_cleanup_logs' retrieved from /opt/airflow/dags/maintenance_logs.py
[2026-04-08T22:47:12.338+0000] {logging_mixin.py:190} INFO - [2026-04-08T22:47:12.338+0000] {dag.py:3239} INFO - Sync 1 DAGs
[2026-04-08T22:47:12.410+0000] {logging_mixin.py:190} INFO - [2026-04-08T22:47:12.409+0000] {dag.py:4180} INFO - Setting next_dagrun for maintenance_cleanup_logs to 2026-04-08 00:00:00+00:00, run_after=2026-04-09 00:00:00+00:00
[2026-04-08T22:47:12.471+0000] {processor.py:208} INFO - Processing /opt/airflow/dags/maintenance_logs.py took 0.310 seconds
[2026-04-08T22:47:42.679+0000] {processor.py:186} INFO - Started process (PID=642) to work on /opt/airflow/dags/maintenance_logs.py
[2026-04-08T22:47:42.681+0000] {processor.py:914} INFO - Processing file /opt/airflow/dags/maintenance_logs.py for tasks to queue
[2026-04-08T22:47:42.688+0000] {logging_mixin.py:190} INFO - [2026-04-08T22:47:42.687+0000] {dagbag.py:588} INFO - Filling up the DagBag from /opt/airflow/dags/maintenance_logs.py
[2026-04-08T22:47:42.737+0000] {processor.py:925} INFO - DAG(s) 'maintenance_cleanup_logs' retrieved from /opt/airflow/dags/maintenance_logs.py
[2026-04-08T22:47:42.861+0000] {logging_mixin.py:190} INFO - [2026-04-08T22:47:42.860+0000] {dag.py:3239} INFO - Sync 1 DAGs
[2026-04-08T22:47:42.964+0000] {logging_mixin.py:190} INFO - [2026-04-08T22:47:42.963+0000] {dag.py:4180} INFO - Setting next_dagrun for maintenance_cleanup_logs to 2026-04-08 00:00:00+00:00, run_after=2026-04-09 00:00:00+00:00
[2026-04-08T22:47:43.071+0000] {processor.py:208} INFO - Processing /opt/airflow/dags/maintenance_logs.py took 0.408 seconds
[2026-04-08T22:48:13.781+0000] {processor.py:186} INFO - Started process (PID=657) to work on /opt/airflow/dags/maintenance_logs.py
[2026-04-08T22:48:13.783+0000] {processor.py:914} INFO - Processing file /opt/airflow/dags/maintenance_logs.py for tasks to queue
[2026-04-08T22:48:13.787+0000] {logging_mixin.py:190} INFO - [2026-04-08T22:48:13.787+0000] {dagbag.py:588} INFO - Filling up the DagBag from /opt/airflow/dags/maintenance_logs.py
[2026-04-08T22:48:13.828+0000] {processor.py:925} INFO - DAG(s) 'maintenance_cleanup_logs' retrieved from /opt/airflow/dags/maintenance_logs.py
[2026-04-08T22:48:13.926+0000] {logging_mixin.py:190} INFO - [2026-04-08T22:48:13.925+0000] {dag.py:3239} INFO - Sync 1 DAGs
[2026-04-08T22:48:13.979+0000] {logging_mixin.py:190} INFO - [2026-04-08T22:48:13.978+0000] {dag.py:4180} INFO - Setting next_dagrun for maintenance_cleanup_logs to 2026-04-08 00:00:00+00:00, run_after=2026-04-09 00:00:00+00:00
[2026-04-08T22:48:14.033+0000] {processor.py:208} INFO - Processing /opt/airflow/dags/maintenance_logs.py took 0.262 seconds
[2026-04-08T22:48:44.997+0000] {processor.py:186} INFO - Started process (PID=672) to work on /opt/airflow/dags/maintenance_logs.py
[2026-04-08T22:48:45.000+0000] {processor.py:914} INFO - Processing file /opt/airflow/dags/maintenance_logs.py for tasks to queue
[2026-04-08T22:48:45.009+0000] {logging_mixin.py:190} INFO - [2026-04-08T22:48:45.008+0000] {dagbag.py:588} INFO - Filling up the DagBag from /opt/airflow/dags/maintenance_logs.py
[2026-04-08T22:48:45.095+0000] {processor.py:925} INFO - DAG(s) 'maintenance_cleanup_logs' retrieved from /opt/airflow/dags/maintenance_logs.py
[2026-04-08T22:48:45.294+0000] {logging_mixin.py:190} INFO - [2026-04-08T22:48:45.293+0000] {dag.py:3239} INFO - Sync 1 DAGs
[2026-04-08T22:48:45.413+0000] {logging_mixin.py:190} INFO - [2026-04-08T22:48:45.412+0000] {dag.py:4180} INFO - Setting next_dagrun for maintenance_cleanup_logs to 2026-04-08 00:00:00+00:00, run_after=2026-04-09 00:00:00+00:00
[2026-04-08T22:48:45.606+0000] {processor.py:208} INFO - Processing /opt/airflow/dags/maintenance_logs.py took 0.631 seconds
[2026-04-08T22:49:15.880+0000] {processor.py:186} INFO - Started process (PID=693) to work on /opt/airflow/dags/maintenance_logs.py
[2026-04-08T22:49:15.883+0000] {processor.py:914} INFO - Processing file /opt/airflow/dags/maintenance_logs.py for tasks to queue
[2026-04-08T22:49:15.889+0000] {logging_mixin.py:190} INFO - [2026-04-08T22:49:15.889+0000] {dagbag.py:588} INFO - Filling up the DagBag from /opt/airflow/dags/maintenance_logs.py
[2026-04-08T22:49:15.949+0000] {processor.py:925} INFO - DAG(s) 'maintenance_cleanup_logs' retrieved from /opt/airflow/dags/maintenance_logs.py
[2026-04-08T22:49:16.105+0000] {logging_mixin.py:190} INFO - [2026-04-08T22:49:16.104+0000] {dag.py:3239} INFO - Sync 1 DAGs
[2026-04-08T22:49:16.205+0000] {logging_mixin.py:190} INFO - [2026-04-08T22:49:16.205+0000] {dag.py:4180} INFO - Setting next_dagrun for maintenance_cleanup_logs to 2026-04-08 00:00:00+00:00, run_after=2026-04-09 00:00:00+00:00
[2026-04-08T22:49:16.293+0000] {processor.py:208} INFO - Processing /opt/airflow/dags/maintenance_logs.py took 0.436 seconds
[2026-04-08T22:49:46.984+0000] {processor.py:186} INFO - Started process (PID=711) to work on /opt/airflow/dags/maintenance_logs.py
[2026-04-08T22:49:46.987+0000] {processor.py:914} INFO - Processing file /opt/airflow/dags/maintenance_logs.py for tasks to queue
[2026-04-08T22:49:47.002+0000] {logging_mixin.py:190} INFO - [2026-04-08T22:49:46.999+0000] {dagbag.py:588} INFO - Filling up the DagBag from /opt/airflow/dags/maintenance_logs.py
[2026-04-08T22:49:47.074+0000] {processor.py:925} INFO - DAG(s) 'maintenance_cleanup_logs' retrieved from /opt/airflow/dags/maintenance_logs.py
[2026-04-08T22:49:47.330+0000] {logging_mixin.py:190} INFO - [2026-04-08T22:49:47.329+0000] {dag.py:3239} INFO - Sync 1 DAGs
[2026-04-08T22:49:47.431+0000] {logging_mixin.py:190} INFO - [2026-04-08T22:49:47.431+0000] {dag.py:4180} INFO - Setting next_dagrun for maintenance_cleanup_logs to 2026-04-08 00:00:00+00:00, run_after=2026-04-09 00:00:00+00:00
[2026-04-08T22:49:47.517+0000] {processor.py:208} INFO - Processing /opt/airflow/dags/maintenance_logs.py took 0.559 seconds
[2026-04-08T22:50:17.900+0000] {processor.py:186} INFO - Started process (PID=726) to work on /opt/airflow/dags/maintenance_logs.py
[2026-04-08T22:50:17.902+0000] {processor.py:914} INFO - Processing file /opt/airflow/dags/maintenance_logs.py for tasks to queue
[2026-04-08T22:50:17.908+0000] {logging_mixin.py:190} INFO - [2026-04-08T22:50:17.907+0000] {dagbag.py:588} INFO - Filling up the DagBag from /opt/airflow/dags/maintenance_logs.py
[2026-04-08T22:50:17.968+0000] {processor.py:925} INFO - DAG(s) 'maintenance_cleanup_logs' retrieved from /opt/airflow/dags/maintenance_logs.py
[2026-04-08T22:50:18.083+0000] {logging_mixin.py:190} INFO - [2026-04-08T22:50:18.082+0000] {dag.py:3239} INFO - Sync 1 DAGs
[2026-04-08T22:50:18.171+0000] {logging_mixin.py:190} INFO - [2026-04-08T22:50:18.170+0000] {dag.py:4180} INFO - Setting next_dagrun for maintenance_cleanup_logs to 2026-04-08 00:00:00+00:00, run_after=2026-04-09 00:00:00+00:00
[2026-04-08T22:50:18.243+0000] {processor.py:208} INFO - Processing /opt/airflow/dags/maintenance_logs.py took 0.361 seconds
[2026-04-08T22:50:48.790+0000] {processor.py:186} INFO - Started process (PID=741) to work on /opt/airflow/dags/maintenance_logs.py
[2026-04-08T22:50:48.792+0000] {processor.py:914} INFO - Processing file /opt/airflow/dags/maintenance_logs.py for tasks to queue
[2026-04-08T22:50:48.796+0000] {logging_mixin.py:190} INFO - [2026-04-08T22:50:48.796+0000] {dagbag.py:588} INFO - Filling up the DagBag from /opt/airflow/dags/maintenance_logs.py
[2026-04-08T22:50:48.850+0000] {processor.py:925} INFO - DAG(s) 'maintenance_cleanup_logs' retrieved from /opt/airflow/dags/maintenance_logs.py
[2026-04-08T22:50:48.973+0000] {logging_mixin.py:190} INFO - [2026-04-08T22:50:48.973+0000] {dag.py:3239} INFO - Sync 1 DAGs
[2026-04-08T22:50:49.067+0000] {logging_mixin.py:190} INFO - [2026-04-08T22:50:49.066+0000] {dag.py:4180} INFO - Setting next_dagrun for maintenance_cleanup_logs to 2026-04-08 00:00:00+00:00, run_after=2026-04-09 00:00:00+00:00
[2026-04-08T22:50:49.146+0000] {processor.py:208} INFO - Processing /opt/airflow/dags/maintenance_logs.py took 0.366 seconds
[2026-04-08T22:51:19.857+0000] {processor.py:186} INFO - Started process (PID=756) to work on /opt/airflow/dags/maintenance_logs.py
[2026-04-08T22:51:19.861+0000] {processor.py:914} INFO - Processing file /opt/airflow/dags/maintenance_logs.py for tasks to queue
[2026-04-08T22:51:19.868+0000] {logging_mixin.py:190} INFO - [2026-04-08T22:51:19.867+0000] {dagbag.py:588} INFO - Filling up the DagBag from /opt/airflow/dags/maintenance_logs.py
[2026-04-08T22:51:19.938+0000] {processor.py:925} INFO - DAG(s) 'maintenance_cleanup_logs' retrieved from /opt/airflow/dags/maintenance_logs.py
[2026-04-08T22:51:20.096+0000] {logging_mixin.py:190} INFO - [2026-04-08T22:51:20.094+0000] {dag.py:3239} INFO - Sync 1 DAGs
[2026-04-08T22:51:20.223+0000] {logging_mixin.py:190} INFO - [2026-04-08T22:51:20.222+0000] {dag.py:4180} INFO - Setting next_dagrun for maintenance_cleanup_logs to 2026-04-08 00:00:00+00:00, run_after=2026-04-09 00:00:00+00:00
[2026-04-08T22:51:20.310+0000] {processor.py:208} INFO - Processing /opt/airflow/dags/maintenance_logs.py took 0.486 seconds
[2026-04-08T22:51:50.637+0000] {processor.py:186} INFO - Started process (PID=771) to work on /opt/airflow/dags/maintenance_logs.py
[2026-04-08T22:51:50.639+0000] {processor.py:914} INFO - Processing file /opt/airflow/dags/maintenance_logs.py for tasks to queue
[2026-04-08T22:51:50.643+0000] {logging_mixin.py:190} INFO - [2026-04-08T22:51:50.642+0000] {dagbag.py:588} INFO - Filling up the DagBag from /opt/airflow/dags/maintenance_logs.py
[2026-04-08T22:51:50.689+0000] {processor.py:925} INFO - DAG(s) 'maintenance_cleanup_logs' retrieved from /opt/airflow/dags/maintenance_logs.py
[2026-04-08T22:51:50.805+0000] {logging_mixin.py:190} INFO - [2026-04-08T22:51:50.804+0000] {dag.py:3239} INFO - Sync 1 DAGs
[2026-04-08T22:51:50.870+0000] {logging_mixin.py:190} INFO - [2026-04-08T22:51:50.870+0000] {dag.py:4180} INFO - Setting next_dagrun for maintenance_cleanup_logs to 2026-04-08 00:00:00+00:00, run_after=2026-04-09 00:00:00+00:00
[2026-04-08T22:51:50.931+0000] {processor.py:208} INFO - Processing /opt/airflow/dags/maintenance_logs.py took 0.306 seconds
[2026-04-08T22:52:21.345+0000] {processor.py:186} INFO - Started process (PID=786) to work on /opt/airflow/dags/maintenance_logs.py
[2026-04-08T22:52:21.347+0000] {processor.py:914} INFO - Processing file /opt/airflow/dags/maintenance_logs.py for tasks to queue
[2026-04-08T22:52:21.352+0000] {logging_mixin.py:190} INFO - [2026-04-08T22:52:21.351+0000] {dagbag.py:588} INFO - Filling up the DagBag from /opt/airflow/dags/maintenance_logs.py
[2026-04-08T22:52:21.414+0000] {processor.py:925} INFO - DAG(s) 'maintenance_cleanup_logs' retrieved from /opt/airflow/dags/maintenance_logs.py
[2026-04-08T22:52:21.533+0000] {logging_mixin.py:190} INFO - [2026-04-08T22:52:21.532+0000] {dag.py:3239} INFO - Sync 1 DAGs
[2026-04-08T22:52:21.599+0000] {logging_mixin.py:190} INFO - [2026-04-08T22:52:21.598+0000] {dag.py:4180} INFO - Setting next_dagrun for maintenance_cleanup_logs to 2026-04-08 00:00:00+00:00, run_after=2026-04-09 00:00:00+00:00
[2026-04-08T22:52:21.659+0000] {processor.py:208} INFO - Processing /opt/airflow/dags/maintenance_logs.py took 0.327 seconds
[2026-04-08T22:52:52.335+0000] {processor.py:186} INFO - Started process (PID=801) to work on /opt/airflow/dags/maintenance_logs.py
[2026-04-08T22:52:52.338+0000] {processor.py:914} INFO - Processing file /opt/airflow/dags/maintenance_logs.py for tasks to queue
[2026-04-08T22:52:52.347+0000] {logging_mixin.py:190} INFO - [2026-04-08T22:52:52.346+0000] {dagbag.py:588} INFO - Filling up the DagBag from /opt/airflow/dags/maintenance_logs.py
[2026-04-08T22:52:52.403+0000] {processor.py:925} INFO - DAG(s) 'maintenance_cleanup_logs' retrieved from /opt/airflow/dags/maintenance_logs.py
[2026-04-08T22:52:52.523+0000] {logging_mixin.py:190} INFO - [2026-04-08T22:52:52.522+0000] {dag.py:3239} INFO - Sync 1 DAGs
[2026-04-08T22:52:52.591+0000] {logging_mixin.py:190} INFO - [2026-04-08T22:52:52.590+0000] {dag.py:4180} INFO - Setting next_dagrun for maintenance_cleanup_logs to 2026-04-08 00:00:00+00:00, run_after=2026-04-09 00:00:00+00:00
[2026-04-08T22:52:52.647+0000] {processor.py:208} INFO - Processing /opt/airflow/dags/maintenance_logs.py took 0.327 seconds
[2026-04-08T22:53:23.795+0000] {processor.py:186} INFO - Started process (PID=831) to work on /opt/airflow/dags/maintenance_logs.py
[2026-04-08T22:53:23.798+0000] {processor.py:914} INFO - Processing file /opt/airflow/dags/maintenance_logs.py for tasks to queue
[2026-04-08T22:53:23.806+0000] {logging_mixin.py:190} INFO - [2026-04-08T22:53:23.805+0000] {dagbag.py:588} INFO - Filling up the DagBag from /opt/airflow/dags/maintenance_logs.py
[2026-04-08T22:53:23.865+0000] {processor.py:925} INFO - DAG(s) 'maintenance_cleanup_logs' retrieved from /opt/airflow/dags/maintenance_logs.py
[2026-04-08T22:53:23.991+0000] {logging_mixin.py:190} INFO - [2026-04-08T22:53:23.991+0000] {dag.py:3239} INFO - Sync 1 DAGs
[2026-04-08T22:53:24.066+0000] {logging_mixin.py:190} INFO - [2026-04-08T22:53:24.066+0000] {dag.py:4180} INFO - Setting next_dagrun for maintenance_cleanup_logs to 2026-04-08 00:00:00+00:00, run_after=2026-04-09 00:00:00+00:00
[2026-04-08T22:53:24.122+0000] {processor.py:208} INFO - Processing /opt/airflow/dags/maintenance_logs.py took 0.351 seconds
[2026-04-08T22:53:54.343+0000] {processor.py:186} INFO - Started process (PID=841) to work on /opt/airflow/dags/maintenance_logs.py
[2026-04-08T22:53:54.345+0000] {processor.py:914} INFO - Processing file /opt/airflow/dags/maintenance_logs.py for tasks to queue
[2026-04-08T22:53:54.350+0000] {logging_mixin.py:190} INFO - [2026-04-08T22:53:54.350+0000] {dagbag.py:588} INFO - Filling up the DagBag from /opt/airflow/dags/maintenance_logs.py
[2026-04-08T22:53:54.398+0000] {processor.py:925} INFO - DAG(s) 'maintenance_cleanup_logs' retrieved from /opt/airflow/dags/maintenance_logs.py
[2026-04-08T22:53:54.503+0000] {logging_mixin.py:190} INFO - [2026-04-08T22:53:54.503+0000] {dag.py:3239} INFO - Sync 1 DAGs
[2026-04-08T22:53:54.571+0000] {logging_mixin.py:190} INFO - [2026-04-08T22:53:54.570+0000] {dag.py:4180} INFO - Setting next_dagrun for maintenance_cleanup_logs to 2026-04-08 00:00:00+00:00, run_after=2026-04-09 00:00:00+00:00
[2026-04-08T22:53:54.636+0000] {processor.py:208} INFO - Processing /opt/airflow/dags/maintenance_logs.py took 0.305 seconds
[2026-04-08T22:54:25.110+0000] {processor.py:186} INFO - Started process (PID=856) to work on /opt/airflow/dags/maintenance_logs.py
[2026-04-08T22:54:25.112+0000] {processor.py:914} INFO - Processing file /opt/airflow/dags/maintenance_logs.py for tasks to queue
[2026-04-08T22:54:25.118+0000] {logging_mixin.py:190} INFO - [2026-04-08T22:54:25.117+0000] {dagbag.py:588} INFO - Filling up the DagBag from /opt/airflow/dags/maintenance_logs.py
[2026-04-08T22:54:25.161+0000] {processor.py:925} INFO - DAG(s) 'maintenance_cleanup_logs' retrieved from /opt/airflow/dags/maintenance_logs.py
[2026-04-08T22:54:25.304+0000] {logging_mixin.py:190} INFO - [2026-04-08T22:54:25.302+0000] {dag.py:3239} INFO - Sync 1 DAGs
[2026-04-08T22:54:25.422+0000] {logging_mixin.py:190} INFO - [2026-04-08T22:54:25.421+0000] {dag.py:4180} INFO - Setting next_dagrun for maintenance_cleanup_logs to 2026-04-08 00:00:00+00:00, run_after=2026-04-09 00:00:00+00:00
[2026-04-08T22:54:25.488+0000] {processor.py:208} INFO - Processing /opt/airflow/dags/maintenance_logs.py took 0.390 seconds
[2026-04-08T22:54:55.590+0000] {processor.py:186} INFO - Started process (PID=868) to work on /opt/airflow/dags/maintenance_logs.py
[2026-04-08T22:54:55.592+0000] {processor.py:914} INFO - Processing file /opt/airflow/dags/maintenance_logs.py for tasks to queue
[2026-04-08T22:54:55.596+0000] {logging_mixin.py:190} INFO - [2026-04-08T22:54:55.595+0000] {dagbag.py:588} INFO - Filling up the DagBag from /opt/airflow/dags/maintenance_logs.py
[2026-04-08T22:54:55.631+0000] {processor.py:925} INFO - DAG(s) 'maintenance_cleanup_logs' retrieved from /opt/airflow/dags/maintenance_logs.py
[2026-04-08T22:54:55.779+0000] {logging_mixin.py:190} INFO - [2026-04-08T22:54:55.778+0000] {dag.py:3239} INFO - Sync 1 DAGs
[2026-04-08T22:54:55.869+0000] {logging_mixin.py:190} INFO - [2026-04-08T22:54:55.869+0000] {dag.py:4180} INFO - Setting next_dagrun for maintenance_cleanup_logs to 2026-04-08 00:00:00+00:00, run_after=2026-04-09 00:00:00+00:00
[2026-04-08T22:54:55.936+0000] {processor.py:208} INFO - Processing /opt/airflow/dags/maintenance_logs.py took 0.359 seconds
[2026-04-08T22:57:58.845+0000] {processor.py:186} INFO - Started process (PID=187) to work on /opt/airflow/dags/maintenance_logs.py
[2026-04-08T22:57:58.853+0000] {processor.py:914} INFO - Processing file /opt/airflow/dags/maintenance_logs.py for tasks to queue
[2026-04-08T22:57:58.901+0000] {logging_mixin.py:190} INFO - [2026-04-08T22:57:58.894+0000] {dagbag.py:588} INFO - Filling up the DagBag from /opt/airflow/dags/maintenance_logs.py
[2026-04-08T22:57:59.332+0000] {processor.py:925} INFO - DAG(s) 'maintenance_cleanup_logs' retrieved from /opt/airflow/dags/maintenance_logs.py
[2026-04-08T22:57:59.890+0000] {logging_mixin.py:190} INFO - [2026-04-08T22:57:59.889+0000] {dag.py:3239} INFO - Sync 1 DAGs
[2026-04-08T22:58:00.182+0000] {logging_mixin.py:190} INFO - [2026-04-08T22:58:00.181+0000] {dag.py:4180} INFO - Setting next_dagrun for maintenance_cleanup_logs to 2026-04-08 00:00:00+00:00, run_after=2026-04-09 00:00:00+00:00
[2026-04-08T22:58:00.625+0000] {processor.py:208} INFO - Processing /opt/airflow/dags/maintenance_logs.py took 1.877 seconds
[2026-04-08T22:58:31.291+0000] {processor.py:186} INFO - Started process (PID=202) to work on /opt/airflow/dags/maintenance_logs.py
[2026-04-08T22:58:31.296+0000] {processor.py:914} INFO - Processing file /opt/airflow/dags/maintenance_logs.py for tasks to queue
[2026-04-08T22:58:31.308+0000] {logging_mixin.py:190} INFO - [2026-04-08T22:58:31.306+0000] {dagbag.py:588} INFO - Filling up the DagBag from /opt/airflow/dags/maintenance_logs.py
[2026-04-08T22:58:31.386+0000] {processor.py:925} INFO - DAG(s) 'maintenance_cleanup_logs' retrieved from /opt/airflow/dags/maintenance_logs.py
[2026-04-08T22:58:31.565+0000] {logging_mixin.py:190} INFO - [2026-04-08T22:58:31.564+0000] {dag.py:3239} INFO - Sync 1 DAGs
[2026-04-08T22:58:31.694+0000] {logging_mixin.py:190} INFO - [2026-04-08T22:58:31.694+0000] {dag.py:4180} INFO - Setting next_dagrun for maintenance_cleanup_logs to 2026-04-08 00:00:00+00:00, run_after=2026-04-09 00:00:00+00:00
[2026-04-08T22:58:31.785+0000] {processor.py:208} INFO - Processing /opt/airflow/dags/maintenance_logs.py took 0.523 seconds
[2026-04-08T22:59:02.332+0000] {processor.py:186} INFO - Started process (PID=217) to work on /opt/airflow/dags/maintenance_logs.py
[2026-04-08T22:59:02.342+0000] {processor.py:914} INFO - Processing file /opt/airflow/dags/maintenance_logs.py for tasks to queue
[2026-04-08T22:59:02.370+0000] {logging_mixin.py:190} INFO - [2026-04-08T22:59:02.367+0000] {dagbag.py:588} INFO - Filling up the DagBag from /opt/airflow/dags/maintenance_logs.py
[2026-04-08T22:59:02.464+0000] {processor.py:925} INFO - DAG(s) 'maintenance_cleanup_logs' retrieved from /opt/airflow/dags/maintenance_logs.py
[2026-04-08T22:59:02.599+0000] {logging_mixin.py:190} INFO - [2026-04-08T22:59:02.599+0000] {dag.py:3239} INFO - Sync 1 DAGs
[2026-04-08T22:59:02.685+0000] {logging_mixin.py:190} INFO - [2026-04-08T22:59:02.685+0000] {dag.py:4180} INFO - Setting next_dagrun for maintenance_cleanup_logs to 2026-04-08 00:00:00+00:00, run_after=2026-04-09 00:00:00+00:00
[2026-04-08T22:59:02.761+0000] {processor.py:208} INFO - Processing /opt/airflow/dags/maintenance_logs.py took 0.479 seconds
[2026-04-08T23:01:19.633+0000] {processor.py:186} INFO - Started process (PID=187) to work on /opt/airflow/dags/maintenance_logs.py
[2026-04-08T23:01:19.636+0000] {processor.py:914} INFO - Processing file /opt/airflow/dags/maintenance_logs.py for tasks to queue
[2026-04-08T23:01:19.655+0000] {logging_mixin.py:190} INFO - [2026-04-08T23:01:19.654+0000] {dagbag.py:588} INFO - Filling up the DagBag from /opt/airflow/dags/maintenance_logs.py
[2026-04-08T23:01:19.750+0000] {processor.py:925} INFO - DAG(s) 'maintenance_cleanup_logs' retrieved from /opt/airflow/dags/maintenance_logs.py
[2026-04-08T23:01:19.918+0000] {logging_mixin.py:190} INFO - [2026-04-08T23:01:19.917+0000] {dag.py:3239} INFO - Sync 1 DAGs
[2026-04-08T23:01:20.033+0000] {logging_mixin.py:190} INFO - [2026-04-08T23:01:20.032+0000] {dag.py:4180} INFO - Setting next_dagrun for maintenance_cleanup_logs to 2026-04-08 00:00:00+00:00, run_after=2026-04-09 00:00:00+00:00
[2026-04-08T23:01:20.255+0000] {processor.py:208} INFO - Processing /opt/airflow/dags/maintenance_logs.py took 0.730 seconds
[2026-04-08T23:01:50.975+0000] {processor.py:186} INFO - Started process (PID=202) to work on /opt/airflow/dags/maintenance_logs.py
[2026-04-08T23:01:50.982+0000] {processor.py:914} INFO - Processing file /opt/airflow/dags/maintenance_logs.py for tasks to queue
[2026-04-08T23:01:51.009+0000] {logging_mixin.py:190} INFO - [2026-04-08T23:01:51.006+0000] {dagbag.py:588} INFO - Filling up the DagBag from /opt/airflow/dags/maintenance_logs.py
[2026-04-08T23:01:51.154+0000] {processor.py:925} INFO - DAG(s) 'maintenance_cleanup_logs' retrieved from /opt/airflow/dags/maintenance_logs.py
[2026-04-08T23:01:51.363+0000] {logging_mixin.py:190} INFO - [2026-04-08T23:01:51.363+0000] {dag.py:3239} INFO - Sync 1 DAGs
[2026-04-08T23:01:51.550+0000] {logging_mixin.py:190} INFO - [2026-04-08T23:01:51.550+0000] {dag.py:4180} INFO - Setting next_dagrun for maintenance_cleanup_logs to 2026-04-08 00:00:00+00:00, run_after=2026-04-09 00:00:00+00:00
[2026-04-08T23:01:51.621+0000] {processor.py:208} INFO - Processing /opt/airflow/dags/maintenance_logs.py took 0.723 seconds
[2026-04-08T23:02:22.053+0000] {processor.py:186} INFO - Started process (PID=217) to work on /opt/airflow/dags/maintenance_logs.py
[2026-04-08T23:02:22.057+0000] {processor.py:914} INFO - Processing file /opt/airflow/dags/maintenance_logs.py for tasks to queue
[2026-04-08T23:02:22.062+0000] {logging_mixin.py:190} INFO - [2026-04-08T23:02:22.062+0000] {dagbag.py:588} INFO - Filling up the DagBag from /opt/airflow/dags/maintenance_logs.py
[2026-04-08T23:02:22.149+0000] {processor.py:925} INFO - DAG(s) 'maintenance_cleanup_logs' retrieved from /opt/airflow/dags/maintenance_logs.py
[2026-04-08T23:02:22.335+0000] {logging_mixin.py:190} INFO - [2026-04-08T23:02:22.335+0000] {dag.py:3239} INFO - Sync 1 DAGs
[2026-04-08T23:02:22.604+0000] {logging_mixin.py:190} INFO - [2026-04-08T23:02:22.604+0000] {dag.py:4180} INFO - Setting next_dagrun for maintenance_cleanup_logs to 2026-04-08 00:00:00+00:00, run_after=2026-04-09 00:00:00+00:00
[2026-04-08T23:02:22.872+0000] {processor.py:208} INFO - Processing /opt/airflow/dags/maintenance_logs.py took 0.863 seconds
[2026-04-08T23:05:28.626+0000] {processor.py:186} INFO - Started process (PID=187) to work on /opt/airflow/dags/maintenance_logs.py
[2026-04-08T23:05:28.647+0000] {processor.py:914} INFO - Processing file /opt/airflow/dags/maintenance_logs.py for tasks to queue
[2026-04-08T23:05:28.667+0000] {logging_mixin.py:190} INFO - [2026-04-08T23:05:28.665+0000] {dagbag.py:588} INFO - Filling up the DagBag from /opt/airflow/dags/maintenance_logs.py
[2026-04-08T23:05:28.805+0000] {processor.py:925} INFO - DAG(s) 'maintenance_cleanup_logs' retrieved from /opt/airflow/dags/maintenance_logs.py
[2026-04-08T23:05:28.973+0000] {logging_mixin.py:190} INFO - [2026-04-08T23:05:28.972+0000] {dag.py:3239} INFO - Sync 1 DAGs
[2026-04-08T23:05:29.102+0000] {logging_mixin.py:190} INFO - [2026-04-08T23:05:29.102+0000] {dag.py:4180} INFO - Setting next_dagrun for maintenance_cleanup_logs to 2026-04-08 00:00:00+00:00, run_after=2026-04-09 00:00:00+00:00
[2026-04-08T23:05:29.208+0000] {processor.py:208} INFO - Processing /opt/airflow/dags/maintenance_logs.py took 0.645 seconds
[2026-04-08T23:06:00.686+0000] {processor.py:186} INFO - Started process (PID=201) to work on /opt/airflow/dags/maintenance_logs.py
[2026-04-08T23:06:00.691+0000] {processor.py:914} INFO - Processing file /opt/airflow/dags/maintenance_logs.py for tasks to queue
[2026-04-08T23:06:00.767+0000] {logging_mixin.py:190} INFO - [2026-04-08T23:06:00.753+0000] {dagbag.py:588} INFO - Filling up the DagBag from /opt/airflow/dags/maintenance_logs.py
[2026-04-08T23:06:00.975+0000] {processor.py:925} INFO - DAG(s) 'maintenance_cleanup_logs' retrieved from /opt/airflow/dags/maintenance_logs.py
[2026-04-08T23:06:01.336+0000] {logging_mixin.py:190} INFO - [2026-04-08T23:06:01.336+0000] {dag.py:3239} INFO - Sync 1 DAGs
[2026-04-08T23:06:01.938+0000] {logging_mixin.py:190} INFO - [2026-04-08T23:06:01.937+0000] {dag.py:4180} INFO - Setting next_dagrun for maintenance_cleanup_logs to 2026-04-08 00:00:00+00:00, run_after=2026-04-09 00:00:00+00:00
[2026-04-08T23:06:02.272+0000] {processor.py:208} INFO - Processing /opt/airflow/dags/maintenance_logs.py took 1.865 seconds
[2026-04-08T23:06:32.853+0000] {processor.py:186} INFO - Started process (PID=217) to work on /opt/airflow/dags/maintenance_logs.py
[2026-04-08T23:06:32.859+0000] {processor.py:914} INFO - Processing file /opt/airflow/dags/maintenance_logs.py for tasks to queue
[2026-04-08T23:06:32.883+0000] {logging_mixin.py:190} INFO - [2026-04-08T23:06:32.881+0000] {dagbag.py:588} INFO - Filling up the DagBag from /opt/airflow/dags/maintenance_logs.py
[2026-04-08T23:06:32.982+0000] {processor.py:925} INFO - DAG(s) 'maintenance_cleanup_logs' retrieved from /opt/airflow/dags/maintenance_logs.py
[2026-04-08T23:06:34.358+0000] {logging_mixin.py:190} INFO - [2026-04-08T23:06:34.357+0000] {dag.py:3239} INFO - Sync 1 DAGs
[2026-04-08T23:06:34.489+0000] {logging_mixin.py:190} INFO - [2026-04-08T23:06:34.488+0000] {dag.py:4180} INFO - Setting next_dagrun for maintenance_cleanup_logs to 2026-04-08 00:00:00+00:00, run_after=2026-04-09 00:00:00+00:00
[2026-04-08T23:06:34.610+0000] {processor.py:208} INFO - Processing /opt/airflow/dags/maintenance_logs.py took 1.784 seconds
[2026-04-08T23:07:05.427+0000] {processor.py:186} INFO - Started process (PID=232) to work on /opt/airflow/dags/maintenance_logs.py
[2026-04-08T23:07:05.437+0000] {processor.py:914} INFO - Processing file /opt/airflow/dags/maintenance_logs.py for tasks to queue
[2026-04-08T23:07:05.454+0000] {logging_mixin.py:190} INFO - [2026-04-08T23:07:05.453+0000] {dagbag.py:588} INFO - Filling up the DagBag from /opt/airflow/dags/maintenance_logs.py
[2026-04-08T23:07:05.856+0000] {processor.py:925} INFO - DAG(s) 'maintenance_cleanup_logs' retrieved from /opt/airflow/dags/maintenance_logs.py
[2026-04-08T23:07:06.471+0000] {logging_mixin.py:190} INFO - [2026-04-08T23:07:06.471+0000] {dag.py:3239} INFO - Sync 1 DAGs
[2026-04-08T23:07:06.993+0000] {logging_mixin.py:190} INFO - [2026-04-08T23:07:06.992+0000] {dag.py:4180} INFO - Setting next_dagrun for maintenance_cleanup_logs to 2026-04-08 00:00:00+00:00, run_after=2026-04-09 00:00:00+00:00
[2026-04-08T23:07:07.311+0000] {processor.py:208} INFO - Processing /opt/airflow/dags/maintenance_logs.py took 1.948 seconds
[2026-04-08T23:10:14.543+0000] {processor.py:186} INFO - Started process (PID=187) to work on /opt/airflow/dags/maintenance_logs.py
[2026-04-08T23:10:14.545+0000] {processor.py:914} INFO - Processing file /opt/airflow/dags/maintenance_logs.py for tasks to queue
[2026-04-08T23:10:14.554+0000] {logging_mixin.py:190} INFO - [2026-04-08T23:10:14.552+0000] {dagbag.py:588} INFO - Filling up the DagBag from /opt/airflow/dags/maintenance_logs.py
[2026-04-08T23:10:14.619+0000] {processor.py:925} INFO - DAG(s) 'maintenance_cleanup_logs' retrieved from /opt/airflow/dags/maintenance_logs.py
[2026-04-08T23:10:14.784+0000] {logging_mixin.py:190} INFO - [2026-04-08T23:10:14.784+0000] {dag.py:3239} INFO - Sync 1 DAGs
[2026-04-08T23:10:14.882+0000] {logging_mixin.py:190} INFO - [2026-04-08T23:10:14.881+0000] {dag.py:4180} INFO - Setting next_dagrun for maintenance_cleanup_logs to 2026-04-08 00:00:00+00:00, run_after=2026-04-09 00:00:00+00:00
[2026-04-08T23:10:14.965+0000] {processor.py:208} INFO - Processing /opt/airflow/dags/maintenance_logs.py took 0.437 seconds
[2026-04-08T23:10:45.598+0000] {processor.py:186} INFO - Started process (PID=202) to work on /opt/airflow/dags/maintenance_logs.py
[2026-04-08T23:10:45.656+0000] {processor.py:914} INFO - Processing file /opt/airflow/dags/maintenance_logs.py for tasks to queue
[2026-04-08T23:10:45.672+0000] {logging_mixin.py:190} INFO - [2026-04-08T23:10:45.668+0000] {dagbag.py:588} INFO - Filling up the DagBag from /opt/airflow/dags/maintenance_logs.py
[2026-04-08T23:10:45.862+0000] {processor.py:925} INFO - DAG(s) 'maintenance_cleanup_logs' retrieved from /opt/airflow/dags/maintenance_logs.py
[2026-04-08T23:10:46.191+0000] {logging_mixin.py:190} INFO - [2026-04-08T23:10:46.191+0000] {dag.py:3239} INFO - Sync 1 DAGs
[2026-04-08T23:10:46.423+0000] {logging_mixin.py:190} INFO - [2026-04-08T23:10:46.423+0000] {dag.py:4180} INFO - Setting next_dagrun for maintenance_cleanup_logs to 2026-04-08 00:00:00+00:00, run_after=2026-04-09 00:00:00+00:00
[2026-04-08T23:10:46.508+0000] {processor.py:208} INFO - Processing /opt/airflow/dags/maintenance_logs.py took 0.928 seconds
[2026-04-08T23:15:12.655+0000] {processor.py:186} INFO - Started process (PID=186) to work on /opt/airflow/dags/maintenance_logs.py
[2026-04-08T23:15:12.658+0000] {processor.py:914} INFO - Processing file /opt/airflow/dags/maintenance_logs.py for tasks to queue
[2026-04-08T23:15:12.673+0000] {logging_mixin.py:190} INFO - [2026-04-08T23:15:12.671+0000] {dagbag.py:588} INFO - Filling up the DagBag from /opt/airflow/dags/maintenance_logs.py
[2026-04-08T23:15:12.856+0000] {processor.py:925} INFO - DAG(s) 'maintenance_cleanup_logs' retrieved from /opt/airflow/dags/maintenance_logs.py
[2026-04-08T23:15:13.050+0000] {logging_mixin.py:190} INFO - [2026-04-08T23:15:13.050+0000] {dag.py:3239} INFO - Sync 1 DAGs
[2026-04-08T23:15:13.153+0000] {logging_mixin.py:190} INFO - [2026-04-08T23:15:13.152+0000] {dag.py:4180} INFO - Setting next_dagrun for maintenance_cleanup_logs to 2026-04-08 00:00:00+00:00, run_after=2026-04-09 00:00:00+00:00
[2026-04-08T23:15:13.271+0000] {processor.py:208} INFO - Processing /opt/airflow/dags/maintenance_logs.py took 0.677 seconds
[2026-04-08T23:19:31.796+0000] {processor.py:186} INFO - Started process (PID=187) to work on /opt/airflow/dags/maintenance_logs.py
[2026-04-08T23:19:31.813+0000] {processor.py:914} INFO - Processing file /opt/airflow/dags/maintenance_logs.py for tasks to queue
[2026-04-08T23:19:31.834+0000] {logging_mixin.py:190} INFO - [2026-04-08T23:19:31.832+0000] {dagbag.py:588} INFO - Filling up the DagBag from /opt/airflow/dags/maintenance_logs.py
[2026-04-08T23:19:32.016+0000] {processor.py:925} INFO - DAG(s) 'maintenance_cleanup_logs' retrieved from /opt/airflow/dags/maintenance_logs.py
[2026-04-08T23:19:32.300+0000] {logging_mixin.py:190} INFO - [2026-04-08T23:19:32.299+0000] {dag.py:3239} INFO - Sync 1 DAGs
[2026-04-08T23:19:32.503+0000] {logging_mixin.py:190} INFO - [2026-04-08T23:19:32.503+0000] {dag.py:4180} INFO - Setting next_dagrun for maintenance_cleanup_logs to 2026-04-08 00:00:00+00:00, run_after=2026-04-09 00:00:00+00:00
[2026-04-08T23:19:32.736+0000] {processor.py:208} INFO - Processing /opt/airflow/dags/maintenance_logs.py took 1.043 seconds
[2026-04-08T23:20:03.652+0000] {processor.py:186} INFO - Started process (PID=202) to work on /opt/airflow/dags/maintenance_logs.py
[2026-04-08T23:20:03.677+0000] {processor.py:914} INFO - Processing file /opt/airflow/dags/maintenance_logs.py for tasks to queue
[2026-04-08T23:20:03.729+0000] {logging_mixin.py:190} INFO - [2026-04-08T23:20:03.726+0000] {dagbag.py:588} INFO - Filling up the DagBag from /opt/airflow/dags/maintenance_logs.py
[2026-04-08T23:20:03.943+0000] {processor.py:925} INFO - DAG(s) 'maintenance_cleanup_logs' retrieved from /opt/airflow/dags/maintenance_logs.py
[2026-04-08T23:20:04.597+0000] {logging_mixin.py:190} INFO - [2026-04-08T23:20:04.596+0000] {dag.py:3239} INFO - Sync 1 DAGs
[2026-04-08T23:20:04.983+0000] {logging_mixin.py:190} INFO - [2026-04-08T23:20:04.982+0000] {dag.py:4180} INFO - Setting next_dagrun for maintenance_cleanup_logs to 2026-04-08 00:00:00+00:00, run_after=2026-04-09 00:00:00+00:00
[2026-04-08T23:20:05.145+0000] {processor.py:208} INFO - Processing /opt/airflow/dags/maintenance_logs.py took 1.588 seconds
[2026-04-08T23:20:35.830+0000] {processor.py:186} INFO - Started process (PID=217) to work on /opt/airflow/dags/maintenance_logs.py
[2026-04-08T23:20:35.845+0000] {processor.py:914} INFO - Processing file /opt/airflow/dags/maintenance_logs.py for tasks to queue
[2026-04-08T23:20:35.869+0000] {logging_mixin.py:190} INFO - [2026-04-08T23:20:35.868+0000] {dagbag.py:588} INFO - Filling up the DagBag from /opt/airflow/dags/maintenance_logs.py
[2026-04-08T23:20:36.093+0000] {processor.py:925} INFO - DAG(s) 'maintenance_cleanup_logs' retrieved from /opt/airflow/dags/maintenance_logs.py
[2026-04-08T23:20:36.728+0000] {logging_mixin.py:190} INFO - [2026-04-08T23:20:36.728+0000] {dag.py:3239} INFO - Sync 1 DAGs
[2026-04-08T23:20:37.255+0000] {logging_mixin.py:190} INFO - [2026-04-08T23:20:37.251+0000] {dag.py:4180} INFO - Setting next_dagrun for maintenance_cleanup_logs to 2026-04-08 00:00:00+00:00, run_after=2026-04-09 00:00:00+00:00
[2026-04-08T23:20:37.369+0000] {processor.py:208} INFO - Processing /opt/airflow/dags/maintenance_logs.py took 1.601 seconds
[2026-04-08T23:23:58.482+0000] {processor.py:186} INFO - Started process (PID=170) to work on /opt/airflow/dags/maintenance_logs.py
[2026-04-08T23:23:58.486+0000] {processor.py:914} INFO - Processing file /opt/airflow/dags/maintenance_logs.py for tasks to queue
[2026-04-08T23:23:58.492+0000] {logging_mixin.py:190} INFO - [2026-04-08T23:23:58.491+0000] {dagbag.py:588} INFO - Filling up the DagBag from /opt/airflow/dags/maintenance_logs.py
[2026-04-08T23:23:58.561+0000] {processor.py:925} INFO - DAG(s) 'maintenance_cleanup_logs' retrieved from /opt/airflow/dags/maintenance_logs.py
[2026-04-08T23:23:58.776+0000] {logging_mixin.py:190} INFO - [2026-04-08T23:23:58.775+0000] {dag.py:3239} INFO - Sync 1 DAGs
[2026-04-08T23:23:58.853+0000] {logging_mixin.py:190} INFO - [2026-04-08T23:23:58.852+0000] {dag.py:4180} INFO - Setting next_dagrun for maintenance_cleanup_logs to 2026-04-08 00:00:00+00:00, run_after=2026-04-09 00:00:00+00:00
[2026-04-08T23:23:58.926+0000] {processor.py:208} INFO - Processing /opt/airflow/dags/maintenance_logs.py took 0.460 seconds
[2026-04-08T23:24:29.129+0000] {processor.py:186} INFO - Started process (PID=248) to work on /opt/airflow/dags/maintenance_logs.py
[2026-04-08T23:24:29.131+0000] {processor.py:914} INFO - Processing file /opt/airflow/dags/maintenance_logs.py for tasks to queue
[2026-04-08T23:24:29.137+0000] {logging_mixin.py:190} INFO - [2026-04-08T23:24:29.137+0000] {dagbag.py:588} INFO - Filling up the DagBag from /opt/airflow/dags/maintenance_logs.py
[2026-04-08T23:24:29.195+0000] {processor.py:925} INFO - DAG(s) 'maintenance_cleanup_logs' retrieved from /opt/airflow/dags/maintenance_logs.py
[2026-04-08T23:24:29.868+0000] {logging_mixin.py:190} INFO - [2026-04-08T23:24:29.868+0000] {process_utils.py:266} INFO - Waiting up to 5 seconds for processes to exit...
[2026-04-08T23:25:33.386+0000] {processor.py:186} INFO - Started process (PID=170) to work on /opt/airflow/dags/maintenance_logs.py
[2026-04-08T23:25:33.389+0000] {processor.py:914} INFO - Processing file /opt/airflow/dags/maintenance_logs.py for tasks to queue
[2026-04-08T23:25:33.404+0000] {logging_mixin.py:190} INFO - [2026-04-08T23:25:33.402+0000] {dagbag.py:588} INFO - Filling up the DagBag from /opt/airflow/dags/maintenance_logs.py
[2026-04-08T23:25:33.502+0000] {processor.py:925} INFO - DAG(s) 'maintenance_cleanup_logs' retrieved from /opt/airflow/dags/maintenance_logs.py
[2026-04-08T23:25:33.716+0000] {logging_mixin.py:190} INFO - [2026-04-08T23:25:33.715+0000] {dag.py:3239} INFO - Sync 1 DAGs
[2026-04-08T23:25:33.831+0000] {logging_mixin.py:190} INFO - [2026-04-08T23:25:33.830+0000] {dag.py:4180} INFO - Setting next_dagrun for maintenance_cleanup_logs to 2026-04-08 00:00:00+00:00, run_after=2026-04-09 00:00:00+00:00
[2026-04-08T23:25:33.893+0000] {processor.py:208} INFO - Processing /opt/airflow/dags/maintenance_logs.py took 0.530 seconds
[2026-04-08T23:27:39.858+0000] {processor.py:186} INFO - Started process (PID=170) to work on /opt/airflow/dags/maintenance_logs.py
[2026-04-08T23:27:39.860+0000] {processor.py:914} INFO - Processing file /opt/airflow/dags/maintenance_logs.py for tasks to queue
[2026-04-08T23:27:39.864+0000] {logging_mixin.py:190} INFO - [2026-04-08T23:27:39.864+0000] {dagbag.py:588} INFO - Filling up the DagBag from /opt/airflow/dags/maintenance_logs.py
[2026-04-08T23:27:39.924+0000] {processor.py:925} INFO - DAG(s) 'maintenance_cleanup_logs' retrieved from /opt/airflow/dags/maintenance_logs.py
[2026-04-08T23:27:40.010+0000] {logging_mixin.py:190} INFO - [2026-04-08T23:27:40.010+0000] {dag.py:3239} INFO - Sync 1 DAGs
[2026-04-08T23:27:40.054+0000] {logging_mixin.py:190} INFO - [2026-04-08T23:27:40.054+0000] {dag.py:4180} INFO - Setting next_dagrun for maintenance_cleanup_logs to 2026-04-08 00:00:00+00:00, run_after=2026-04-09 00:00:00+00:00
[2026-04-08T23:27:40.100+0000] {processor.py:208} INFO - Processing /opt/airflow/dags/maintenance_logs.py took 0.251 seconds
[2026-04-08T23:28:10.784+0000] {processor.py:186} INFO - Started process (PID=186) to work on /opt/airflow/dags/maintenance_logs.py
[2026-04-08T23:28:10.792+0000] {processor.py:914} INFO - Processing file /opt/airflow/dags/maintenance_logs.py for tasks to queue
[2026-04-08T23:28:10.801+0000] {logging_mixin.py:190} INFO - [2026-04-08T23:28:10.800+0000] {dagbag.py:588} INFO - Filling up the DagBag from /opt/airflow/dags/maintenance_logs.py
[2026-04-08T23:28:10.863+0000] {processor.py:925} INFO - DAG(s) 'maintenance_cleanup_logs' retrieved from /opt/airflow/dags/maintenance_logs.py
[2026-04-08T23:28:10.981+0000] {logging_mixin.py:190} INFO - [2026-04-08T23:28:10.981+0000] {dag.py:3239} INFO - Sync 1 DAGs
[2026-04-08T23:28:11.052+0000] {logging_mixin.py:190} INFO - [2026-04-08T23:28:11.051+0000] {dag.py:4180} INFO - Setting next_dagrun for maintenance_cleanup_logs to 2026-04-08 00:00:00+00:00, run_after=2026-04-09 00:00:00+00:00
[2026-04-08T23:28:11.123+0000] {processor.py:208} INFO - Processing /opt/airflow/dags/maintenance_logs.py took 0.360 seconds
[2026-04-08T23:28:41.283+0000] {processor.py:186} INFO - Started process (PID=205) to work on /opt/airflow/dags/maintenance_logs.py
[2026-04-08T23:28:41.287+0000] {processor.py:914} INFO - Processing file /opt/airflow/dags/maintenance_logs.py for tasks to queue
[2026-04-08T23:28:41.294+0000] {logging_mixin.py:190} INFO - [2026-04-08T23:28:41.293+0000] {dagbag.py:588} INFO - Filling up the DagBag from /opt/airflow/dags/maintenance_logs.py
[2026-04-08T23:28:41.366+0000] {processor.py:925} INFO - DAG(s) 'maintenance_cleanup_logs' retrieved from /opt/airflow/dags/maintenance_logs.py
[2026-04-08T23:28:41.622+0000] {logging_mixin.py:190} INFO - [2026-04-08T23:28:41.621+0000] {dag.py:3239} INFO - Sync 1 DAGs
[2026-04-08T23:28:41.809+0000] {logging_mixin.py:190} INFO - [2026-04-08T23:28:41.807+0000] {dag.py:4180} INFO - Setting next_dagrun for maintenance_cleanup_logs to 2026-04-08 00:00:00+00:00, run_after=2026-04-09 00:00:00+00:00
[2026-04-08T23:28:41.929+0000] {processor.py:208} INFO - Processing /opt/airflow/dags/maintenance_logs.py took 0.662 seconds
[2026-04-08T23:29:12.359+0000] {processor.py:186} INFO - Started process (PID=223) to work on /opt/airflow/dags/maintenance_logs.py
[2026-04-08T23:29:12.361+0000] {processor.py:914} INFO - Processing file /opt/airflow/dags/maintenance_logs.py for tasks to queue
[2026-04-08T23:29:12.367+0000] {logging_mixin.py:190} INFO - [2026-04-08T23:29:12.366+0000] {dagbag.py:588} INFO - Filling up the DagBag from /opt/airflow/dags/maintenance_logs.py
[2026-04-08T23:29:12.420+0000] {processor.py:925} INFO - DAG(s) 'maintenance_cleanup_logs' retrieved from /opt/airflow/dags/maintenance_logs.py
[2026-04-08T23:29:12.576+0000] {logging_mixin.py:190} INFO - [2026-04-08T23:29:12.575+0000] {dag.py:3239} INFO - Sync 1 DAGs
[2026-04-08T23:29:12.674+0000] {logging_mixin.py:190} INFO - [2026-04-08T23:29:12.674+0000] {dag.py:4180} INFO - Setting next_dagrun for maintenance_cleanup_logs to 2026-04-08 00:00:00+00:00, run_after=2026-04-09 00:00:00+00:00
[2026-04-08T23:29:12.753+0000] {processor.py:208} INFO - Processing /opt/airflow/dags/maintenance_logs.py took 0.407 seconds
[2026-04-08T23:29:42.867+0000] {processor.py:186} INFO - Started process (PID=239) to work on /opt/airflow/dags/maintenance_logs.py
[2026-04-08T23:29:42.870+0000] {processor.py:914} INFO - Processing file /opt/airflow/dags/maintenance_logs.py for tasks to queue
[2026-04-08T23:29:42.875+0000] {logging_mixin.py:190} INFO - [2026-04-08T23:29:42.875+0000] {dagbag.py:588} INFO - Filling up the DagBag from /opt/airflow/dags/maintenance_logs.py
[2026-04-08T23:29:42.916+0000] {processor.py:925} INFO - DAG(s) 'maintenance_cleanup_logs' retrieved from /opt/airflow/dags/maintenance_logs.py
[2026-04-08T23:29:43.011+0000] {logging_mixin.py:190} INFO - [2026-04-08T23:29:43.011+0000] {dag.py:3239} INFO - Sync 1 DAGs
[2026-04-08T23:29:43.063+0000] {logging_mixin.py:190} INFO - [2026-04-08T23:29:43.063+0000] {dag.py:4180} INFO - Setting next_dagrun for maintenance_cleanup_logs to 2026-04-08 00:00:00+00:00, run_after=2026-04-09 00:00:00+00:00
[2026-04-08T23:29:43.105+0000] {processor.py:208} INFO - Processing /opt/airflow/dags/maintenance_logs.py took 0.251 seconds
[2026-04-08T23:30:13.814+0000] {processor.py:186} INFO - Started process (PID=253) to work on /opt/airflow/dags/maintenance_logs.py
[2026-04-08T23:30:13.833+0000] {processor.py:914} INFO - Processing file /opt/airflow/dags/maintenance_logs.py for tasks to queue
[2026-04-08T23:30:13.891+0000] {logging_mixin.py:190} INFO - [2026-04-08T23:30:13.886+0000] {dagbag.py:588} INFO - Filling up the DagBag from /opt/airflow/dags/maintenance_logs.py
[2026-04-08T23:30:14.035+0000] {processor.py:925} INFO - DAG(s) 'maintenance_cleanup_logs' retrieved from /opt/airflow/dags/maintenance_logs.py
[2026-04-08T23:30:14.254+0000] {logging_mixin.py:190} INFO - [2026-04-08T23:30:14.253+0000] {dag.py:3239} INFO - Sync 1 DAGs
[2026-04-08T23:30:14.359+0000] {logging_mixin.py:190} INFO - [2026-04-08T23:30:14.357+0000] {dag.py:4180} INFO - Setting next_dagrun for maintenance_cleanup_logs to 2026-04-08 00:00:00+00:00, run_after=2026-04-09 00:00:00+00:00
[2026-04-08T23:30:14.509+0000] {processor.py:208} INFO - Processing /opt/airflow/dags/maintenance_logs.py took 0.742 seconds
[2026-04-08T23:30:44.824+0000] {processor.py:186} INFO - Started process (PID=269) to work on /opt/airflow/dags/maintenance_logs.py
[2026-04-08T23:30:44.829+0000] {processor.py:914} INFO - Processing file /opt/airflow/dags/maintenance_logs.py for tasks to queue
[2026-04-08T23:30:44.848+0000] {logging_mixin.py:190} INFO - [2026-04-08T23:30:44.847+0000] {dagbag.py:588} INFO - Filling up the DagBag from /opt/airflow/dags/maintenance_logs.py
[2026-04-08T23:30:44.977+0000] {processor.py:925} INFO - DAG(s) 'maintenance_cleanup_logs' retrieved from /opt/airflow/dags/maintenance_logs.py
[2026-04-08T23:30:45.097+0000] {logging_mixin.py:190} INFO - [2026-04-08T23:30:45.096+0000] {dag.py:3239} INFO - Sync 1 DAGs
[2026-04-08T23:30:45.162+0000] {logging_mixin.py:190} INFO - [2026-04-08T23:30:45.162+0000] {dag.py:4180} INFO - Setting next_dagrun for maintenance_cleanup_logs to 2026-04-08 00:00:00+00:00, run_after=2026-04-09 00:00:00+00:00
[2026-04-08T23:30:45.219+0000] {processor.py:208} INFO - Processing /opt/airflow/dags/maintenance_logs.py took 0.445 seconds
[2026-04-08T23:31:16.069+0000] {processor.py:186} INFO - Started process (PID=285) to work on /opt/airflow/dags/maintenance_logs.py
[2026-04-08T23:31:16.071+0000] {processor.py:914} INFO - Processing file /opt/airflow/dags/maintenance_logs.py for tasks to queue
[2026-04-08T23:31:16.078+0000] {logging_mixin.py:190} INFO - [2026-04-08T23:31:16.077+0000] {dagbag.py:588} INFO - Filling up the DagBag from /opt/airflow/dags/maintenance_logs.py
[2026-04-08T23:31:16.142+0000] {processor.py:925} INFO - DAG(s) 'maintenance_cleanup_logs' retrieved from /opt/airflow/dags/maintenance_logs.py
[2026-04-08T23:31:16.415+0000] {logging_mixin.py:190} INFO - [2026-04-08T23:31:16.415+0000] {dag.py:3239} INFO - Sync 1 DAGs
[2026-04-08T23:31:16.460+0000] {logging_mixin.py:190} INFO - [2026-04-08T23:31:16.460+0000] {dag.py:4180} INFO - Setting next_dagrun for maintenance_cleanup_logs to 2026-04-08 00:00:00+00:00, run_after=2026-04-09 00:00:00+00:00
[2026-04-08T23:31:16.501+0000] {processor.py:208} INFO - Processing /opt/airflow/dags/maintenance_logs.py took 0.453 seconds
