[2026-04-08T08:27:54.882+0000] {processor.py:161} INFO - Started process (PID=166) to work on /opt/airflow/dags/pipeline.py
[2026-04-08T08:27:54.891+0000] {processor.py:830} INFO - Processing file /opt/airflow/dags/pipeline.py for tasks to queue
[2026-04-08T08:27:54.928+0000] {logging_mixin.py:188} INFO - [2026-04-08T08:27:54.926+0000] {dagbag.py:545} INFO - Filling up the DagBag from /opt/airflow/dags/pipeline.py
[2026-04-08T08:28:03.156+0000] {processor.py:840} INFO - DAG(s) 'pipeline' retrieved from /opt/airflow/dags/pipeline.py
[2026-04-08T08:28:03.274+0000] {logging_mixin.py:188} INFO - [2026-04-08T08:28:03.274+0000] {dag.py:3089} INFO - Sync 1 DAGs
[2026-04-08T08:28:03.341+0000] {logging_mixin.py:188} INFO - [2026-04-08T08:28:03.340+0000] {dag.py:3947} INFO - Setting next_dagrun for pipeline to 2026-04-08 00:00:00+00:00, run_after=2026-04-09 00:00:00+00:00
[2026-04-08T08:28:03.393+0000] {processor.py:183} INFO - Processing /opt/airflow/dags/pipeline.py took 8.602 seconds
[2026-04-08T08:28:34.283+0000] {processor.py:161} INFO - Started process (PID=185) to work on /opt/airflow/dags/pipeline.py
[2026-04-08T08:28:34.289+0000] {processor.py:830} INFO - Processing file /opt/airflow/dags/pipeline.py for tasks to queue
[2026-04-08T08:28:34.296+0000] {logging_mixin.py:188} INFO - [2026-04-08T08:28:34.295+0000] {dagbag.py:545} INFO - Filling up the DagBag from /opt/airflow/dags/pipeline.py
[2026-04-08T08:28:38.574+0000] {processor.py:840} INFO - DAG(s) 'pipeline' retrieved from /opt/airflow/dags/pipeline.py
[2026-04-08T08:28:38.925+0000] {logging_mixin.py:188} INFO - [2026-04-08T08:28:38.924+0000] {dag.py:3089} INFO - Sync 1 DAGs
[2026-04-08T08:28:38.992+0000] {logging_mixin.py:188} INFO - [2026-04-08T08:28:38.992+0000] {dag.py:3947} INFO - Setting next_dagrun for pipeline to 2026-04-08 00:00:00+00:00, run_after=2026-04-09 00:00:00+00:00
[2026-04-08T08:28:39.081+0000] {processor.py:183} INFO - Processing /opt/airflow/dags/pipeline.py took 4.867 seconds
[2026-04-08T08:29:09.723+0000] {processor.py:161} INFO - Started process (PID=196) to work on /opt/airflow/dags/pipeline.py
[2026-04-08T08:29:09.728+0000] {processor.py:830} INFO - Processing file /opt/airflow/dags/pipeline.py for tasks to queue
[2026-04-08T08:29:09.731+0000] {logging_mixin.py:188} INFO - [2026-04-08T08:29:09.730+0000] {dagbag.py:545} INFO - Filling up the DagBag from /opt/airflow/dags/pipeline.py
[2026-04-08T08:29:11.827+0000] {processor.py:840} INFO - DAG(s) 'pipeline' retrieved from /opt/airflow/dags/pipeline.py
[2026-04-08T08:29:11.929+0000] {logging_mixin.py:188} INFO - [2026-04-08T08:29:11.929+0000] {dag.py:3089} INFO - Sync 1 DAGs
[2026-04-08T08:29:11.976+0000] {logging_mixin.py:188} INFO - [2026-04-08T08:29:11.975+0000] {dag.py:3947} INFO - Setting next_dagrun for pipeline to 2026-04-08 00:00:00+00:00, run_after=2026-04-09 00:00:00+00:00
[2026-04-08T08:29:12.033+0000] {processor.py:183} INFO - Processing /opt/airflow/dags/pipeline.py took 2.319 seconds
[2026-04-08T08:29:42.549+0000] {processor.py:161} INFO - Started process (PID=207) to work on /opt/airflow/dags/pipeline.py
[2026-04-08T08:29:42.556+0000] {processor.py:830} INFO - Processing file /opt/airflow/dags/pipeline.py for tasks to queue
[2026-04-08T08:29:42.563+0000] {logging_mixin.py:188} INFO - [2026-04-08T08:29:42.562+0000] {dagbag.py:545} INFO - Filling up the DagBag from /opt/airflow/dags/pipeline.py
[2026-04-08T08:29:44.219+0000] {processor.py:840} INFO - DAG(s) 'pipeline' retrieved from /opt/airflow/dags/pipeline.py
[2026-04-08T08:29:44.312+0000] {logging_mixin.py:188} INFO - [2026-04-08T08:29:44.312+0000] {dag.py:3089} INFO - Sync 1 DAGs
[2026-04-08T08:29:44.352+0000] {logging_mixin.py:188} INFO - [2026-04-08T08:29:44.352+0000] {dag.py:3947} INFO - Setting next_dagrun for pipeline to 2026-04-08 00:00:00+00:00, run_after=2026-04-09 00:00:00+00:00
[2026-04-08T08:29:44.392+0000] {processor.py:183} INFO - Processing /opt/airflow/dags/pipeline.py took 1.921 seconds
[2026-04-08T08:30:15.062+0000] {processor.py:161} INFO - Started process (PID=219) to work on /opt/airflow/dags/pipeline.py
[2026-04-08T08:30:15.063+0000] {processor.py:830} INFO - Processing file /opt/airflow/dags/pipeline.py for tasks to queue
[2026-04-08T08:30:15.068+0000] {logging_mixin.py:188} INFO - [2026-04-08T08:30:15.067+0000] {dagbag.py:545} INFO - Filling up the DagBag from /opt/airflow/dags/pipeline.py
[2026-04-08T08:30:16.928+0000] {processor.py:840} INFO - DAG(s) 'pipeline' retrieved from /opt/airflow/dags/pipeline.py
[2026-04-08T08:30:17.025+0000] {logging_mixin.py:188} INFO - [2026-04-08T08:30:17.025+0000] {dag.py:3089} INFO - Sync 1 DAGs
[2026-04-08T08:30:17.064+0000] {logging_mixin.py:188} INFO - [2026-04-08T08:30:17.064+0000] {dag.py:3947} INFO - Setting next_dagrun for pipeline to 2026-04-08 00:00:00+00:00, run_after=2026-04-09 00:00:00+00:00
[2026-04-08T08:30:17.104+0000] {processor.py:183} INFO - Processing /opt/airflow/dags/pipeline.py took 2.053 seconds
[2026-04-08T08:30:47.860+0000] {processor.py:161} INFO - Started process (PID=230) to work on /opt/airflow/dags/pipeline.py
[2026-04-08T08:30:47.865+0000] {processor.py:830} INFO - Processing file /opt/airflow/dags/pipeline.py for tasks to queue
[2026-04-08T08:30:47.874+0000] {logging_mixin.py:188} INFO - [2026-04-08T08:30:47.871+0000] {dagbag.py:545} INFO - Filling up the DagBag from /opt/airflow/dags/pipeline.py
[2026-04-08T08:30:53.490+0000] {processor.py:840} INFO - DAG(s) 'pipeline' retrieved from /opt/airflow/dags/pipeline.py
[2026-04-08T08:30:53.753+0000] {logging_mixin.py:188} INFO - [2026-04-08T08:30:53.747+0000] {dag.py:3089} INFO - Sync 1 DAGs
[2026-04-08T08:30:53.867+0000] {logging_mixin.py:188} INFO - [2026-04-08T08:30:53.867+0000] {dag.py:3947} INFO - Setting next_dagrun for pipeline to 2026-04-08 00:00:00+00:00, run_after=2026-04-09 00:00:00+00:00
[2026-04-08T08:30:53.989+0000] {processor.py:183} INFO - Processing /opt/airflow/dags/pipeline.py took 6.157 seconds
[2026-04-08T08:31:24.265+0000] {processor.py:161} INFO - Started process (PID=241) to work on /opt/airflow/dags/pipeline.py
[2026-04-08T08:31:24.268+0000] {processor.py:830} INFO - Processing file /opt/airflow/dags/pipeline.py for tasks to queue
[2026-04-08T08:31:24.272+0000] {logging_mixin.py:188} INFO - [2026-04-08T08:31:24.271+0000] {dagbag.py:545} INFO - Filling up the DagBag from /opt/airflow/dags/pipeline.py
[2026-04-08T08:31:26.153+0000] {processor.py:840} INFO - DAG(s) 'pipeline' retrieved from /opt/airflow/dags/pipeline.py
[2026-04-08T08:31:26.293+0000] {logging_mixin.py:188} INFO - [2026-04-08T08:31:26.292+0000] {dag.py:3089} INFO - Sync 1 DAGs
[2026-04-08T08:31:26.367+0000] {logging_mixin.py:188} INFO - [2026-04-08T08:31:26.366+0000] {dag.py:3947} INFO - Setting next_dagrun for pipeline to 2026-04-08 00:00:00+00:00, run_after=2026-04-09 00:00:00+00:00
[2026-04-08T08:31:26.493+0000] {processor.py:183} INFO - Processing /opt/airflow/dags/pipeline.py took 2.344 seconds
[2026-04-08T08:31:57.020+0000] {processor.py:161} INFO - Started process (PID=252) to work on /opt/airflow/dags/pipeline.py
[2026-04-08T08:31:57.021+0000] {processor.py:830} INFO - Processing file /opt/airflow/dags/pipeline.py for tasks to queue
[2026-04-08T08:31:57.025+0000] {logging_mixin.py:188} INFO - [2026-04-08T08:31:57.024+0000] {dagbag.py:545} INFO - Filling up the DagBag from /opt/airflow/dags/pipeline.py
[2026-04-08T08:31:58.882+0000] {processor.py:840} INFO - DAG(s) 'pipeline' retrieved from /opt/airflow/dags/pipeline.py
[2026-04-08T08:31:59.031+0000] {logging_mixin.py:188} INFO - [2026-04-08T08:31:59.030+0000] {dag.py:3089} INFO - Sync 1 DAGs
[2026-04-08T08:31:59.086+0000] {logging_mixin.py:188} INFO - [2026-04-08T08:31:59.086+0000] {dag.py:3947} INFO - Setting next_dagrun for pipeline to 2026-04-08 00:00:00+00:00, run_after=2026-04-09 00:00:00+00:00
[2026-04-08T08:31:59.151+0000] {processor.py:183} INFO - Processing /opt/airflow/dags/pipeline.py took 2.143 seconds
[2026-04-08T08:32:30.255+0000] {processor.py:161} INFO - Started process (PID=272) to work on /opt/airflow/dags/pipeline.py
[2026-04-08T08:32:30.268+0000] {processor.py:830} INFO - Processing file /opt/airflow/dags/pipeline.py for tasks to queue
[2026-04-08T08:32:30.297+0000] {logging_mixin.py:188} INFO - [2026-04-08T08:32:30.293+0000] {dagbag.py:545} INFO - Filling up the DagBag from /opt/airflow/dags/pipeline.py
[2026-04-08T08:32:39.219+0000] {processor.py:840} INFO - DAG(s) 'pipeline' retrieved from /opt/airflow/dags/pipeline.py
[2026-04-08T08:32:39.357+0000] {logging_mixin.py:188} INFO - [2026-04-08T08:32:39.357+0000] {dag.py:3089} INFO - Sync 1 DAGs
[2026-04-08T08:32:39.407+0000] {logging_mixin.py:188} INFO - [2026-04-08T08:32:39.407+0000] {dag.py:3947} INFO - Setting next_dagrun for pipeline to 2026-04-08 00:00:00+00:00, run_after=2026-04-09 00:00:00+00:00
[2026-04-08T08:32:39.483+0000] {processor.py:183} INFO - Processing /opt/airflow/dags/pipeline.py took 9.308 seconds
[2026-04-08T08:33:09.635+0000] {processor.py:161} INFO - Started process (PID=288) to work on /opt/airflow/dags/pipeline.py
[2026-04-08T08:33:09.636+0000] {processor.py:830} INFO - Processing file /opt/airflow/dags/pipeline.py for tasks to queue
[2026-04-08T08:33:09.639+0000] {logging_mixin.py:188} INFO - [2026-04-08T08:33:09.639+0000] {dagbag.py:545} INFO - Filling up the DagBag from /opt/airflow/dags/pipeline.py
[2026-04-08T08:33:11.230+0000] {processor.py:840} INFO - DAG(s) 'pipeline' retrieved from /opt/airflow/dags/pipeline.py
[2026-04-08T08:33:11.425+0000] {logging_mixin.py:188} INFO - [2026-04-08T08:33:11.425+0000] {dag.py:3089} INFO - Sync 1 DAGs
[2026-04-08T08:33:11.478+0000] {logging_mixin.py:188} INFO - [2026-04-08T08:33:11.478+0000] {dag.py:3947} INFO - Setting next_dagrun for pipeline to 2026-04-08 00:00:00+00:00, run_after=2026-04-09 00:00:00+00:00
[2026-04-08T08:33:11.520+0000] {processor.py:183} INFO - Processing /opt/airflow/dags/pipeline.py took 1.895 seconds
[2026-04-08T08:33:41.689+0000] {processor.py:161} INFO - Started process (PID=299) to work on /opt/airflow/dags/pipeline.py
[2026-04-08T08:33:41.691+0000] {processor.py:830} INFO - Processing file /opt/airflow/dags/pipeline.py for tasks to queue
[2026-04-08T08:33:41.694+0000] {logging_mixin.py:188} INFO - [2026-04-08T08:33:41.694+0000] {dagbag.py:545} INFO - Filling up the DagBag from /opt/airflow/dags/pipeline.py
[2026-04-08T08:33:43.140+0000] {processor.py:840} INFO - DAG(s) 'pipeline' retrieved from /opt/airflow/dags/pipeline.py
[2026-04-08T08:33:43.231+0000] {logging_mixin.py:188} INFO - [2026-04-08T08:33:43.231+0000] {dag.py:3089} INFO - Sync 1 DAGs
[2026-04-08T08:33:43.267+0000] {logging_mixin.py:188} INFO - [2026-04-08T08:33:43.267+0000] {dag.py:3947} INFO - Setting next_dagrun for pipeline to 2026-04-08 00:00:00+00:00, run_after=2026-04-09 00:00:00+00:00
[2026-04-08T08:33:43.317+0000] {processor.py:183} INFO - Processing /opt/airflow/dags/pipeline.py took 1.640 seconds
[2026-04-08T08:34:14.061+0000] {processor.py:161} INFO - Started process (PID=310) to work on /opt/airflow/dags/pipeline.py
[2026-04-08T08:34:14.066+0000] {processor.py:830} INFO - Processing file /opt/airflow/dags/pipeline.py for tasks to queue
[2026-04-08T08:34:14.076+0000] {logging_mixin.py:188} INFO - [2026-04-08T08:34:14.075+0000] {dagbag.py:545} INFO - Filling up the DagBag from /opt/airflow/dags/pipeline.py
[2026-04-08T08:34:15.292+0000] {processor.py:840} INFO - DAG(s) 'pipeline' retrieved from /opt/airflow/dags/pipeline.py
[2026-04-08T08:34:15.381+0000] {logging_mixin.py:188} INFO - [2026-04-08T08:34:15.381+0000] {dag.py:3089} INFO - Sync 1 DAGs
[2026-04-08T08:34:15.417+0000] {logging_mixin.py:188} INFO - [2026-04-08T08:34:15.417+0000] {dag.py:3947} INFO - Setting next_dagrun for pipeline to 2026-04-08 00:00:00+00:00, run_after=2026-04-09 00:00:00+00:00
[2026-04-08T08:34:15.465+0000] {processor.py:183} INFO - Processing /opt/airflow/dags/pipeline.py took 1.427 seconds
[2026-04-08T08:34:45.763+0000] {processor.py:161} INFO - Started process (PID=321) to work on /opt/airflow/dags/pipeline.py
[2026-04-08T08:34:45.764+0000] {processor.py:830} INFO - Processing file /opt/airflow/dags/pipeline.py for tasks to queue
[2026-04-08T08:34:45.767+0000] {logging_mixin.py:188} INFO - [2026-04-08T08:34:45.766+0000] {dagbag.py:545} INFO - Filling up the DagBag from /opt/airflow/dags/pipeline.py
[2026-04-08T08:34:47.050+0000] {processor.py:840} INFO - DAG(s) 'pipeline' retrieved from /opt/airflow/dags/pipeline.py
[2026-04-08T08:34:47.143+0000] {logging_mixin.py:188} INFO - [2026-04-08T08:34:47.143+0000] {dag.py:3089} INFO - Sync 1 DAGs
[2026-04-08T08:34:47.181+0000] {logging_mixin.py:188} INFO - [2026-04-08T08:34:47.181+0000] {dag.py:3947} INFO - Setting next_dagrun for pipeline to 2026-04-08 00:00:00+00:00, run_after=2026-04-09 00:00:00+00:00
[2026-04-08T08:34:47.222+0000] {processor.py:183} INFO - Processing /opt/airflow/dags/pipeline.py took 1.467 seconds
[2026-04-08T08:35:18.042+0000] {processor.py:161} INFO - Started process (PID=332) to work on /opt/airflow/dags/pipeline.py
[2026-04-08T08:35:18.045+0000] {processor.py:830} INFO - Processing file /opt/airflow/dags/pipeline.py for tasks to queue
[2026-04-08T08:35:18.049+0000] {logging_mixin.py:188} INFO - [2026-04-08T08:35:18.048+0000] {dagbag.py:545} INFO - Filling up the DagBag from /opt/airflow/dags/pipeline.py
[2026-04-08T08:35:19.139+0000] {processor.py:840} INFO - DAG(s) 'pipeline' retrieved from /opt/airflow/dags/pipeline.py
[2026-04-08T08:35:19.220+0000] {logging_mixin.py:188} INFO - [2026-04-08T08:35:19.220+0000] {dag.py:3089} INFO - Sync 1 DAGs
[2026-04-08T08:35:19.254+0000] {logging_mixin.py:188} INFO - [2026-04-08T08:35:19.254+0000] {dag.py:3947} INFO - Setting next_dagrun for pipeline to 2026-04-08 00:00:00+00:00, run_after=2026-04-09 00:00:00+00:00
[2026-04-08T08:35:19.315+0000] {processor.py:183} INFO - Processing /opt/airflow/dags/pipeline.py took 1.290 seconds
[2026-04-08T08:35:50.182+0000] {processor.py:161} INFO - Started process (PID=343) to work on /opt/airflow/dags/pipeline.py
[2026-04-08T08:35:50.186+0000] {processor.py:830} INFO - Processing file /opt/airflow/dags/pipeline.py for tasks to queue
[2026-04-08T08:35:50.194+0000] {logging_mixin.py:188} INFO - [2026-04-08T08:35:50.193+0000] {dagbag.py:545} INFO - Filling up the DagBag from /opt/airflow/dags/pipeline.py
[2026-04-08T08:35:51.521+0000] {processor.py:840} INFO - DAG(s) 'pipeline' retrieved from /opt/airflow/dags/pipeline.py
[2026-04-08T08:35:51.621+0000] {logging_mixin.py:188} INFO - [2026-04-08T08:35:51.621+0000] {dag.py:3089} INFO - Sync 1 DAGs
[2026-04-08T08:35:51.670+0000] {logging_mixin.py:188} INFO - [2026-04-08T08:35:51.670+0000] {dag.py:3947} INFO - Setting next_dagrun for pipeline to 2026-04-08 00:00:00+00:00, run_after=2026-04-09 00:00:00+00:00
[2026-04-08T08:35:51.709+0000] {processor.py:183} INFO - Processing /opt/airflow/dags/pipeline.py took 1.554 seconds
[2026-04-08T08:36:22.181+0000] {processor.py:161} INFO - Started process (PID=354) to work on /opt/airflow/dags/pipeline.py
[2026-04-08T08:36:22.186+0000] {processor.py:830} INFO - Processing file /opt/airflow/dags/pipeline.py for tasks to queue
[2026-04-08T08:36:22.197+0000] {logging_mixin.py:188} INFO - [2026-04-08T08:36:22.196+0000] {dagbag.py:545} INFO - Filling up the DagBag from /opt/airflow/dags/pipeline.py
[2026-04-08T08:36:23.459+0000] {processor.py:840} INFO - DAG(s) 'pipeline' retrieved from /opt/airflow/dags/pipeline.py
[2026-04-08T08:36:23.541+0000] {logging_mixin.py:188} INFO - [2026-04-08T08:36:23.540+0000] {dag.py:3089} INFO - Sync 1 DAGs
[2026-04-08T08:36:23.577+0000] {logging_mixin.py:188} INFO - [2026-04-08T08:36:23.577+0000] {dag.py:3947} INFO - Setting next_dagrun for pipeline to 2026-04-08 00:00:00+00:00, run_after=2026-04-09 00:00:00+00:00
[2026-04-08T08:36:23.625+0000] {processor.py:183} INFO - Processing /opt/airflow/dags/pipeline.py took 1.471 seconds
[2026-04-08T08:36:54.353+0000] {processor.py:161} INFO - Started process (PID=365) to work on /opt/airflow/dags/pipeline.py
[2026-04-08T08:36:54.355+0000] {processor.py:830} INFO - Processing file /opt/airflow/dags/pipeline.py for tasks to queue
[2026-04-08T08:36:54.358+0000] {logging_mixin.py:188} INFO - [2026-04-08T08:36:54.357+0000] {dagbag.py:545} INFO - Filling up the DagBag from /opt/airflow/dags/pipeline.py
[2026-04-08T08:36:55.605+0000] {processor.py:840} INFO - DAG(s) 'pipeline' retrieved from /opt/airflow/dags/pipeline.py
[2026-04-08T08:36:55.692+0000] {logging_mixin.py:188} INFO - [2026-04-08T08:36:55.692+0000] {dag.py:3089} INFO - Sync 1 DAGs
[2026-04-08T08:36:55.733+0000] {logging_mixin.py:188} INFO - [2026-04-08T08:36:55.733+0000] {dag.py:3947} INFO - Setting next_dagrun for pipeline to 2026-04-08 00:00:00+00:00, run_after=2026-04-09 00:00:00+00:00
[2026-04-08T08:36:55.790+0000] {processor.py:183} INFO - Processing /opt/airflow/dags/pipeline.py took 1.446 seconds
[2026-04-08T08:37:26.189+0000] {processor.py:161} INFO - Started process (PID=376) to work on /opt/airflow/dags/pipeline.py
[2026-04-08T08:37:26.193+0000] {processor.py:830} INFO - Processing file /opt/airflow/dags/pipeline.py for tasks to queue
[2026-04-08T08:37:26.199+0000] {logging_mixin.py:188} INFO - [2026-04-08T08:37:26.198+0000] {dagbag.py:545} INFO - Filling up the DagBag from /opt/airflow/dags/pipeline.py
[2026-04-08T08:37:27.311+0000] {processor.py:840} INFO - DAG(s) 'pipeline' retrieved from /opt/airflow/dags/pipeline.py
[2026-04-08T08:37:27.415+0000] {logging_mixin.py:188} INFO - [2026-04-08T08:37:27.415+0000] {dag.py:3089} INFO - Sync 1 DAGs
[2026-04-08T08:37:27.451+0000] {logging_mixin.py:188} INFO - [2026-04-08T08:37:27.450+0000] {dag.py:3947} INFO - Setting next_dagrun for pipeline to 2026-04-08 00:00:00+00:00, run_after=2026-04-09 00:00:00+00:00
[2026-04-08T08:37:27.490+0000] {processor.py:183} INFO - Processing /opt/airflow/dags/pipeline.py took 1.323 seconds
[2026-04-08T08:37:58.405+0000] {processor.py:161} INFO - Started process (PID=387) to work on /opt/airflow/dags/pipeline.py
[2026-04-08T08:37:58.407+0000] {processor.py:830} INFO - Processing file /opt/airflow/dags/pipeline.py for tasks to queue
[2026-04-08T08:37:58.411+0000] {logging_mixin.py:188} INFO - [2026-04-08T08:37:58.411+0000] {dagbag.py:545} INFO - Filling up the DagBag from /opt/airflow/dags/pipeline.py
[2026-04-08T08:37:59.534+0000] {processor.py:840} INFO - DAG(s) 'pipeline' retrieved from /opt/airflow/dags/pipeline.py
[2026-04-08T08:37:59.643+0000] {logging_mixin.py:188} INFO - [2026-04-08T08:37:59.643+0000] {dag.py:3089} INFO - Sync 1 DAGs
[2026-04-08T08:37:59.690+0000] {logging_mixin.py:188} INFO - [2026-04-08T08:37:59.689+0000] {dag.py:3947} INFO - Setting next_dagrun for pipeline to 2026-04-08 00:00:00+00:00, run_after=2026-04-09 00:00:00+00:00
[2026-04-08T08:37:59.761+0000] {processor.py:183} INFO - Processing /opt/airflow/dags/pipeline.py took 1.368 seconds
[2026-04-08T08:38:30.117+0000] {processor.py:161} INFO - Started process (PID=398) to work on /opt/airflow/dags/pipeline.py
[2026-04-08T08:38:30.118+0000] {processor.py:830} INFO - Processing file /opt/airflow/dags/pipeline.py for tasks to queue
[2026-04-08T08:38:30.121+0000] {logging_mixin.py:188} INFO - [2026-04-08T08:38:30.120+0000] {dagbag.py:545} INFO - Filling up the DagBag from /opt/airflow/dags/pipeline.py
[2026-04-08T08:38:31.216+0000] {processor.py:840} INFO - DAG(s) 'pipeline' retrieved from /opt/airflow/dags/pipeline.py
[2026-04-08T08:38:31.401+0000] {logging_mixin.py:188} INFO - [2026-04-08T08:38:31.401+0000] {dag.py:3089} INFO - Sync 1 DAGs
[2026-04-08T08:38:31.436+0000] {logging_mixin.py:188} INFO - [2026-04-08T08:38:31.436+0000] {dag.py:3947} INFO - Setting next_dagrun for pipeline to 2026-04-08 00:00:00+00:00, run_after=2026-04-09 00:00:00+00:00
[2026-04-08T08:38:31.492+0000] {processor.py:183} INFO - Processing /opt/airflow/dags/pipeline.py took 1.384 seconds
[2026-04-08T08:39:02.165+0000] {processor.py:161} INFO - Started process (PID=409) to work on /opt/airflow/dags/pipeline.py
[2026-04-08T08:39:02.168+0000] {processor.py:830} INFO - Processing file /opt/airflow/dags/pipeline.py for tasks to queue
[2026-04-08T08:39:02.172+0000] {logging_mixin.py:188} INFO - [2026-04-08T08:39:02.171+0000] {dagbag.py:545} INFO - Filling up the DagBag from /opt/airflow/dags/pipeline.py
[2026-04-08T08:39:04.613+0000] {processor.py:840} INFO - DAG(s) 'pipeline' retrieved from /opt/airflow/dags/pipeline.py
[2026-04-08T08:39:04.748+0000] {logging_mixin.py:188} INFO - [2026-04-08T08:39:04.747+0000] {dag.py:3089} INFO - Sync 1 DAGs
[2026-04-08T08:39:04.799+0000] {logging_mixin.py:188} INFO - [2026-04-08T08:39:04.799+0000] {dag.py:3947} INFO - Setting next_dagrun for pipeline to 2026-04-08 00:00:00+00:00, run_after=2026-04-09 00:00:00+00:00
[2026-04-08T08:39:04.878+0000] {processor.py:183} INFO - Processing /opt/airflow/dags/pipeline.py took 2.729 seconds
[2026-04-08T08:39:35.597+0000] {processor.py:161} INFO - Started process (PID=420) to work on /opt/airflow/dags/pipeline.py
[2026-04-08T08:39:35.603+0000] {processor.py:830} INFO - Processing file /opt/airflow/dags/pipeline.py for tasks to queue
[2026-04-08T08:39:35.612+0000] {logging_mixin.py:188} INFO - [2026-04-08T08:39:35.610+0000] {dagbag.py:545} INFO - Filling up the DagBag from /opt/airflow/dags/pipeline.py
[2026-04-08T08:39:36.846+0000] {processor.py:840} INFO - DAG(s) 'pipeline' retrieved from /opt/airflow/dags/pipeline.py
[2026-04-08T08:39:37.163+0000] {logging_mixin.py:188} INFO - [2026-04-08T08:39:37.162+0000] {dag.py:3089} INFO - Sync 1 DAGs
[2026-04-08T08:39:37.214+0000] {logging_mixin.py:188} INFO - [2026-04-08T08:39:37.214+0000] {dag.py:3947} INFO - Setting next_dagrun for pipeline to 2026-04-08 00:00:00+00:00, run_after=2026-04-09 00:00:00+00:00
[2026-04-08T08:39:37.273+0000] {processor.py:183} INFO - Processing /opt/airflow/dags/pipeline.py took 1.711 seconds
[2026-04-08T08:40:08.285+0000] {processor.py:161} INFO - Started process (PID=431) to work on /opt/airflow/dags/pipeline.py
[2026-04-08T08:40:08.286+0000] {processor.py:830} INFO - Processing file /opt/airflow/dags/pipeline.py for tasks to queue
[2026-04-08T08:40:08.290+0000] {logging_mixin.py:188} INFO - [2026-04-08T08:40:08.290+0000] {dagbag.py:545} INFO - Filling up the DagBag from /opt/airflow/dags/pipeline.py
[2026-04-08T08:40:09.533+0000] {processor.py:840} INFO - DAG(s) 'pipeline' retrieved from /opt/airflow/dags/pipeline.py
[2026-04-08T08:40:09.659+0000] {logging_mixin.py:188} INFO - [2026-04-08T08:40:09.659+0000] {dag.py:3089} INFO - Sync 1 DAGs
[2026-04-08T08:40:09.710+0000] {logging_mixin.py:188} INFO - [2026-04-08T08:40:09.709+0000] {dag.py:3947} INFO - Setting next_dagrun for pipeline to 2026-04-08 00:00:00+00:00, run_after=2026-04-09 00:00:00+00:00
[2026-04-08T08:40:09.760+0000] {processor.py:183} INFO - Processing /opt/airflow/dags/pipeline.py took 1.484 seconds
[2026-04-08T08:40:39.899+0000] {processor.py:161} INFO - Started process (PID=442) to work on /opt/airflow/dags/pipeline.py
[2026-04-08T08:40:39.901+0000] {processor.py:830} INFO - Processing file /opt/airflow/dags/pipeline.py for tasks to queue
[2026-04-08T08:40:39.905+0000] {logging_mixin.py:188} INFO - [2026-04-08T08:40:39.904+0000] {dagbag.py:545} INFO - Filling up the DagBag from /opt/airflow/dags/pipeline.py
[2026-04-08T08:40:41.126+0000] {processor.py:840} INFO - DAG(s) 'pipeline' retrieved from /opt/airflow/dags/pipeline.py
[2026-04-08T08:40:41.231+0000] {logging_mixin.py:188} INFO - [2026-04-08T08:40:41.230+0000] {dag.py:3089} INFO - Sync 1 DAGs
[2026-04-08T08:40:41.271+0000] {logging_mixin.py:188} INFO - [2026-04-08T08:40:41.270+0000] {dag.py:3947} INFO - Setting next_dagrun for pipeline to 2026-04-08 00:00:00+00:00, run_after=2026-04-09 00:00:00+00:00
[2026-04-08T08:40:41.314+0000] {processor.py:183} INFO - Processing /opt/airflow/dags/pipeline.py took 1.426 seconds
[2026-04-08T08:41:11.664+0000] {processor.py:161} INFO - Started process (PID=453) to work on /opt/airflow/dags/pipeline.py
[2026-04-08T08:41:11.668+0000] {processor.py:830} INFO - Processing file /opt/airflow/dags/pipeline.py for tasks to queue
[2026-04-08T08:41:11.677+0000] {logging_mixin.py:188} INFO - [2026-04-08T08:41:11.676+0000] {dagbag.py:545} INFO - Filling up the DagBag from /opt/airflow/dags/pipeline.py
[2026-04-08T08:41:12.898+0000] {processor.py:840} INFO - DAG(s) 'pipeline' retrieved from /opt/airflow/dags/pipeline.py
[2026-04-08T08:41:13.001+0000] {logging_mixin.py:188} INFO - [2026-04-08T08:41:13.001+0000] {dag.py:3089} INFO - Sync 1 DAGs
[2026-04-08T08:41:13.040+0000] {logging_mixin.py:188} INFO - [2026-04-08T08:41:13.040+0000] {dag.py:3947} INFO - Setting next_dagrun for pipeline to 2026-04-08 00:00:00+00:00, run_after=2026-04-09 00:00:00+00:00
[2026-04-08T08:41:13.092+0000] {processor.py:183} INFO - Processing /opt/airflow/dags/pipeline.py took 1.458 seconds
[2026-04-08T08:41:43.839+0000] {processor.py:161} INFO - Started process (PID=464) to work on /opt/airflow/dags/pipeline.py
[2026-04-08T08:41:43.840+0000] {processor.py:830} INFO - Processing file /opt/airflow/dags/pipeline.py for tasks to queue
[2026-04-08T08:41:43.843+0000] {logging_mixin.py:188} INFO - [2026-04-08T08:41:43.843+0000] {dagbag.py:545} INFO - Filling up the DagBag from /opt/airflow/dags/pipeline.py
[2026-04-08T08:41:45.083+0000] {processor.py:840} INFO - DAG(s) 'pipeline' retrieved from /opt/airflow/dags/pipeline.py
[2026-04-08T08:41:45.356+0000] {logging_mixin.py:188} INFO - [2026-04-08T08:41:45.356+0000] {dag.py:3089} INFO - Sync 1 DAGs
[2026-04-08T08:41:45.434+0000] {logging_mixin.py:188} INFO - [2026-04-08T08:41:45.434+0000] {dag.py:3947} INFO - Setting next_dagrun for pipeline to 2026-04-08 00:00:00+00:00, run_after=2026-04-09 00:00:00+00:00
[2026-04-08T08:41:45.479+0000] {processor.py:183} INFO - Processing /opt/airflow/dags/pipeline.py took 1.649 seconds
[2026-04-08T08:42:15.714+0000] {processor.py:161} INFO - Started process (PID=475) to work on /opt/airflow/dags/pipeline.py
[2026-04-08T08:42:15.716+0000] {processor.py:830} INFO - Processing file /opt/airflow/dags/pipeline.py for tasks to queue
[2026-04-08T08:42:15.720+0000] {logging_mixin.py:188} INFO - [2026-04-08T08:42:15.720+0000] {dagbag.py:545} INFO - Filling up the DagBag from /opt/airflow/dags/pipeline.py
[2026-04-08T08:42:16.933+0000] {processor.py:840} INFO - DAG(s) 'pipeline' retrieved from /opt/airflow/dags/pipeline.py
[2026-04-08T08:42:17.074+0000] {logging_mixin.py:188} INFO - [2026-04-08T08:42:17.073+0000] {dag.py:3089} INFO - Sync 1 DAGs
[2026-04-08T08:42:17.153+0000] {logging_mixin.py:188} INFO - [2026-04-08T08:42:17.153+0000] {dag.py:3947} INFO - Setting next_dagrun for pipeline to 2026-04-08 00:00:00+00:00, run_after=2026-04-09 00:00:00+00:00
[2026-04-08T08:42:17.208+0000] {processor.py:183} INFO - Processing /opt/airflow/dags/pipeline.py took 1.508 seconds
[2026-04-08T08:42:48.010+0000] {processor.py:161} INFO - Started process (PID=486) to work on /opt/airflow/dags/pipeline.py
[2026-04-08T08:42:48.012+0000] {processor.py:830} INFO - Processing file /opt/airflow/dags/pipeline.py for tasks to queue
[2026-04-08T08:42:48.016+0000] {logging_mixin.py:188} INFO - [2026-04-08T08:42:48.015+0000] {dagbag.py:545} INFO - Filling up the DagBag from /opt/airflow/dags/pipeline.py
[2026-04-08T08:42:49.357+0000] {processor.py:840} INFO - DAG(s) 'pipeline' retrieved from /opt/airflow/dags/pipeline.py
[2026-04-08T08:42:49.454+0000] {logging_mixin.py:188} INFO - [2026-04-08T08:42:49.453+0000] {dag.py:3089} INFO - Sync 1 DAGs
[2026-04-08T08:42:49.492+0000] {logging_mixin.py:188} INFO - [2026-04-08T08:42:49.492+0000] {dag.py:3947} INFO - Setting next_dagrun for pipeline to 2026-04-08 00:00:00+00:00, run_after=2026-04-09 00:00:00+00:00
[2026-04-08T08:42:49.547+0000] {processor.py:183} INFO - Processing /opt/airflow/dags/pipeline.py took 1.560 seconds
[2026-04-08T08:43:19.681+0000] {processor.py:161} INFO - Started process (PID=497) to work on /opt/airflow/dags/pipeline.py
[2026-04-08T08:43:19.685+0000] {processor.py:830} INFO - Processing file /opt/airflow/dags/pipeline.py for tasks to queue
[2026-04-08T08:43:19.690+0000] {logging_mixin.py:188} INFO - [2026-04-08T08:43:19.689+0000] {dagbag.py:545} INFO - Filling up the DagBag from /opt/airflow/dags/pipeline.py
[2026-04-08T08:43:20.963+0000] {processor.py:840} INFO - DAG(s) 'pipeline' retrieved from /opt/airflow/dags/pipeline.py
[2026-04-08T08:43:21.096+0000] {logging_mixin.py:188} INFO - [2026-04-08T08:43:21.096+0000] {dag.py:3089} INFO - Sync 1 DAGs
[2026-04-08T08:43:21.141+0000] {logging_mixin.py:188} INFO - [2026-04-08T08:43:21.140+0000] {dag.py:3947} INFO - Setting next_dagrun for pipeline to 2026-04-08 00:00:00+00:00, run_after=2026-04-09 00:00:00+00:00
[2026-04-08T08:43:21.202+0000] {processor.py:183} INFO - Processing /opt/airflow/dags/pipeline.py took 1.534 seconds
[2026-04-08T08:43:51.285+0000] {processor.py:161} INFO - Started process (PID=508) to work on /opt/airflow/dags/pipeline.py
[2026-04-08T08:43:51.286+0000] {processor.py:830} INFO - Processing file /opt/airflow/dags/pipeline.py for tasks to queue
[2026-04-08T08:43:51.290+0000] {logging_mixin.py:188} INFO - [2026-04-08T08:43:51.289+0000] {dagbag.py:545} INFO - Filling up the DagBag from /opt/airflow/dags/pipeline.py
[2026-04-08T08:43:52.557+0000] {processor.py:840} INFO - DAG(s) 'pipeline' retrieved from /opt/airflow/dags/pipeline.py
[2026-04-08T08:43:52.640+0000] {logging_mixin.py:188} INFO - [2026-04-08T08:43:52.640+0000] {dag.py:3089} INFO - Sync 1 DAGs
[2026-04-08T08:43:52.681+0000] {logging_mixin.py:188} INFO - [2026-04-08T08:43:52.681+0000] {dag.py:3947} INFO - Setting next_dagrun for pipeline to 2026-04-08 00:00:00+00:00, run_after=2026-04-09 00:00:00+00:00
[2026-04-08T08:43:52.740+0000] {processor.py:183} INFO - Processing /opt/airflow/dags/pipeline.py took 1.464 seconds
[2026-04-08T08:44:23.079+0000] {processor.py:161} INFO - Started process (PID=519) to work on /opt/airflow/dags/pipeline.py
[2026-04-08T08:44:23.089+0000] {processor.py:830} INFO - Processing file /opt/airflow/dags/pipeline.py for tasks to queue
[2026-04-08T08:44:23.095+0000] {logging_mixin.py:188} INFO - [2026-04-08T08:44:23.094+0000] {dagbag.py:545} INFO - Filling up the DagBag from /opt/airflow/dags/pipeline.py
[2026-04-08T08:44:24.552+0000] {processor.py:840} INFO - DAG(s) 'pipeline' retrieved from /opt/airflow/dags/pipeline.py
[2026-04-08T08:44:24.677+0000] {logging_mixin.py:188} INFO - [2026-04-08T08:44:24.676+0000] {dag.py:3089} INFO - Sync 1 DAGs
[2026-04-08T08:44:24.724+0000] {logging_mixin.py:188} INFO - [2026-04-08T08:44:24.723+0000] {dag.py:3947} INFO - Setting next_dagrun for pipeline to 2026-04-08 00:00:00+00:00, run_after=2026-04-09 00:00:00+00:00
[2026-04-08T08:44:24.780+0000] {processor.py:183} INFO - Processing /opt/airflow/dags/pipeline.py took 1.728 seconds
[2026-04-08T08:44:55.585+0000] {processor.py:161} INFO - Started process (PID=530) to work on /opt/airflow/dags/pipeline.py
[2026-04-08T08:44:55.587+0000] {processor.py:830} INFO - Processing file /opt/airflow/dags/pipeline.py for tasks to queue
[2026-04-08T08:44:55.591+0000] {logging_mixin.py:188} INFO - [2026-04-08T08:44:55.590+0000] {dagbag.py:545} INFO - Filling up the DagBag from /opt/airflow/dags/pipeline.py
[2026-04-08T08:44:56.836+0000] {processor.py:840} INFO - DAG(s) 'pipeline' retrieved from /opt/airflow/dags/pipeline.py
[2026-04-08T08:44:56.971+0000] {logging_mixin.py:188} INFO - [2026-04-08T08:44:56.971+0000] {dag.py:3089} INFO - Sync 1 DAGs
[2026-04-08T08:44:57.015+0000] {logging_mixin.py:188} INFO - [2026-04-08T08:44:57.015+0000] {dag.py:3947} INFO - Setting next_dagrun for pipeline to 2026-04-08 00:00:00+00:00, run_after=2026-04-09 00:00:00+00:00
[2026-04-08T08:44:57.078+0000] {processor.py:183} INFO - Processing /opt/airflow/dags/pipeline.py took 1.505 seconds
[2026-04-08T08:45:27.335+0000] {processor.py:161} INFO - Started process (PID=541) to work on /opt/airflow/dags/pipeline.py
[2026-04-08T08:45:27.337+0000] {processor.py:830} INFO - Processing file /opt/airflow/dags/pipeline.py for tasks to queue
[2026-04-08T08:45:27.341+0000] {logging_mixin.py:188} INFO - [2026-04-08T08:45:27.340+0000] {dagbag.py:545} INFO - Filling up the DagBag from /opt/airflow/dags/pipeline.py
[2026-04-08T08:45:28.644+0000] {processor.py:840} INFO - DAG(s) 'pipeline' retrieved from /opt/airflow/dags/pipeline.py
[2026-04-08T08:45:28.730+0000] {logging_mixin.py:188} INFO - [2026-04-08T08:45:28.730+0000] {dag.py:3089} INFO - Sync 1 DAGs
[2026-04-08T08:45:28.767+0000] {logging_mixin.py:188} INFO - [2026-04-08T08:45:28.766+0000] {dag.py:3947} INFO - Setting next_dagrun for pipeline to 2026-04-08 00:00:00+00:00, run_after=2026-04-09 00:00:00+00:00
[2026-04-08T08:45:28.824+0000] {processor.py:183} INFO - Processing /opt/airflow/dags/pipeline.py took 1.501 seconds
[2026-04-08T08:45:59.646+0000] {processor.py:161} INFO - Started process (PID=555) to work on /opt/airflow/dags/pipeline.py
[2026-04-08T08:45:59.649+0000] {processor.py:830} INFO - Processing file /opt/airflow/dags/pipeline.py for tasks to queue
[2026-04-08T08:45:59.654+0000] {logging_mixin.py:188} INFO - [2026-04-08T08:45:59.654+0000] {dagbag.py:545} INFO - Filling up the DagBag from /opt/airflow/dags/pipeline.py
[2026-04-08T08:46:01.082+0000] {processor.py:840} INFO - DAG(s) 'pipeline' retrieved from /opt/airflow/dags/pipeline.py
[2026-04-08T08:46:01.184+0000] {logging_mixin.py:188} INFO - [2026-04-08T08:46:01.184+0000] {dag.py:3089} INFO - Sync 1 DAGs
[2026-04-08T08:46:01.223+0000] {logging_mixin.py:188} INFO - [2026-04-08T08:46:01.222+0000] {dag.py:3947} INFO - Setting next_dagrun for pipeline to 2026-04-08 00:00:00+00:00, run_after=2026-04-09 00:00:00+00:00
[2026-04-08T08:46:01.267+0000] {processor.py:183} INFO - Processing /opt/airflow/dags/pipeline.py took 1.635 seconds
[2026-04-08T08:46:31.916+0000] {processor.py:161} INFO - Started process (PID=568) to work on /opt/airflow/dags/pipeline.py
[2026-04-08T08:46:31.917+0000] {processor.py:830} INFO - Processing file /opt/airflow/dags/pipeline.py for tasks to queue
[2026-04-08T08:46:31.921+0000] {logging_mixin.py:188} INFO - [2026-04-08T08:46:31.920+0000] {dagbag.py:545} INFO - Filling up the DagBag from /opt/airflow/dags/pipeline.py
[2026-04-08T08:46:33.159+0000] {processor.py:840} INFO - DAG(s) 'pipeline' retrieved from /opt/airflow/dags/pipeline.py
[2026-04-08T08:46:33.255+0000] {logging_mixin.py:188} INFO - [2026-04-08T08:46:33.255+0000] {dag.py:3089} INFO - Sync 1 DAGs
[2026-04-08T08:46:33.296+0000] {logging_mixin.py:188} INFO - [2026-04-08T08:46:33.296+0000] {dag.py:3947} INFO - Setting next_dagrun for pipeline to 2026-04-08 00:00:00+00:00, run_after=2026-04-09 00:00:00+00:00
[2026-04-08T08:46:33.348+0000] {processor.py:183} INFO - Processing /opt/airflow/dags/pipeline.py took 1.443 seconds
[2026-04-08T08:47:04.173+0000] {processor.py:161} INFO - Started process (PID=579) to work on /opt/airflow/dags/pipeline.py
[2026-04-08T08:47:04.178+0000] {processor.py:830} INFO - Processing file /opt/airflow/dags/pipeline.py for tasks to queue
[2026-04-08T08:47:04.187+0000] {logging_mixin.py:188} INFO - [2026-04-08T08:47:04.185+0000] {dagbag.py:545} INFO - Filling up the DagBag from /opt/airflow/dags/pipeline.py
[2026-04-08T08:47:05.582+0000] {processor.py:840} INFO - DAG(s) 'pipeline' retrieved from /opt/airflow/dags/pipeline.py
[2026-04-08T08:47:05.697+0000] {logging_mixin.py:188} INFO - [2026-04-08T08:47:05.697+0000] {dag.py:3089} INFO - Sync 1 DAGs
[2026-04-08T08:47:05.742+0000] {logging_mixin.py:188} INFO - [2026-04-08T08:47:05.741+0000] {dag.py:3947} INFO - Setting next_dagrun for pipeline to 2026-04-08 00:00:00+00:00, run_after=2026-04-09 00:00:00+00:00
[2026-04-08T08:47:05.822+0000] {processor.py:183} INFO - Processing /opt/airflow/dags/pipeline.py took 1.685 seconds
[2026-04-08T08:47:36.663+0000] {processor.py:161} INFO - Started process (PID=590) to work on /opt/airflow/dags/pipeline.py
[2026-04-08T08:47:36.668+0000] {processor.py:830} INFO - Processing file /opt/airflow/dags/pipeline.py for tasks to queue
[2026-04-08T08:47:36.676+0000] {logging_mixin.py:188} INFO - [2026-04-08T08:47:36.675+0000] {dagbag.py:545} INFO - Filling up the DagBag from /opt/airflow/dags/pipeline.py
[2026-04-08T08:47:38.079+0000] {processor.py:840} INFO - DAG(s) 'pipeline' retrieved from /opt/airflow/dags/pipeline.py
[2026-04-08T08:47:38.194+0000] {logging_mixin.py:188} INFO - [2026-04-08T08:47:38.194+0000] {dag.py:3089} INFO - Sync 1 DAGs
[2026-04-08T08:47:38.242+0000] {logging_mixin.py:188} INFO - [2026-04-08T08:47:38.242+0000] {dag.py:3947} INFO - Setting next_dagrun for pipeline to 2026-04-08 00:00:00+00:00, run_after=2026-04-09 00:00:00+00:00
[2026-04-08T08:47:38.302+0000] {processor.py:183} INFO - Processing /opt/airflow/dags/pipeline.py took 1.668 seconds
[2026-04-08T08:48:08.646+0000] {processor.py:161} INFO - Started process (PID=601) to work on /opt/airflow/dags/pipeline.py
[2026-04-08T08:48:08.652+0000] {processor.py:830} INFO - Processing file /opt/airflow/dags/pipeline.py for tasks to queue
[2026-04-08T08:48:08.663+0000] {logging_mixin.py:188} INFO - [2026-04-08T08:48:08.661+0000] {dagbag.py:545} INFO - Filling up the DagBag from /opt/airflow/dags/pipeline.py
[2026-04-08T08:48:10.151+0000] {processor.py:840} INFO - DAG(s) 'pipeline' retrieved from /opt/airflow/dags/pipeline.py
[2026-04-08T08:48:10.280+0000] {logging_mixin.py:188} INFO - [2026-04-08T08:48:10.280+0000] {dag.py:3089} INFO - Sync 1 DAGs
[2026-04-08T08:48:10.344+0000] {logging_mixin.py:188} INFO - [2026-04-08T08:48:10.343+0000] {dag.py:3947} INFO - Setting next_dagrun for pipeline to 2026-04-08 00:00:00+00:00, run_after=2026-04-09 00:00:00+00:00
[2026-04-08T08:48:10.397+0000] {processor.py:183} INFO - Processing /opt/airflow/dags/pipeline.py took 1.799 seconds
[2026-04-08T08:48:40.797+0000] {processor.py:161} INFO - Started process (PID=612) to work on /opt/airflow/dags/pipeline.py
[2026-04-08T08:48:40.802+0000] {processor.py:830} INFO - Processing file /opt/airflow/dags/pipeline.py for tasks to queue
[2026-04-08T08:48:40.813+0000] {logging_mixin.py:188} INFO - [2026-04-08T08:48:40.812+0000] {dagbag.py:545} INFO - Filling up the DagBag from /opt/airflow/dags/pipeline.py
[2026-04-08T08:48:42.385+0000] {processor.py:840} INFO - DAG(s) 'pipeline' retrieved from /opt/airflow/dags/pipeline.py
[2026-04-08T08:48:42.555+0000] {logging_mixin.py:188} INFO - [2026-04-08T08:48:42.555+0000] {dag.py:3089} INFO - Sync 1 DAGs
[2026-04-08T08:48:42.603+0000] {logging_mixin.py:188} INFO - [2026-04-08T08:48:42.603+0000] {dag.py:3947} INFO - Setting next_dagrun for pipeline to 2026-04-08 00:00:00+00:00, run_after=2026-04-09 00:00:00+00:00
[2026-04-08T08:48:42.695+0000] {processor.py:183} INFO - Processing /opt/airflow/dags/pipeline.py took 1.918 seconds
[2026-04-08T08:49:13.555+0000] {processor.py:161} INFO - Started process (PID=623) to work on /opt/airflow/dags/pipeline.py
[2026-04-08T08:49:13.560+0000] {processor.py:830} INFO - Processing file /opt/airflow/dags/pipeline.py for tasks to queue
[2026-04-08T08:49:13.571+0000] {logging_mixin.py:188} INFO - [2026-04-08T08:49:13.567+0000] {dagbag.py:545} INFO - Filling up the DagBag from /opt/airflow/dags/pipeline.py
[2026-04-08T08:49:14.894+0000] {processor.py:840} INFO - DAG(s) 'pipeline' retrieved from /opt/airflow/dags/pipeline.py
[2026-04-08T08:49:15.003+0000] {logging_mixin.py:188} INFO - [2026-04-08T08:49:15.003+0000] {dag.py:3089} INFO - Sync 1 DAGs
[2026-04-08T08:49:15.041+0000] {logging_mixin.py:188} INFO - [2026-04-08T08:49:15.041+0000] {dag.py:3947} INFO - Setting next_dagrun for pipeline to 2026-04-08 00:00:00+00:00, run_after=2026-04-09 00:00:00+00:00
[2026-04-08T08:49:15.101+0000] {processor.py:183} INFO - Processing /opt/airflow/dags/pipeline.py took 1.576 seconds
[2026-04-08T08:49:45.263+0000] {processor.py:161} INFO - Started process (PID=634) to work on /opt/airflow/dags/pipeline.py
[2026-04-08T08:49:45.265+0000] {processor.py:830} INFO - Processing file /opt/airflow/dags/pipeline.py for tasks to queue
[2026-04-08T08:49:45.268+0000] {logging_mixin.py:188} INFO - [2026-04-08T08:49:45.267+0000] {dagbag.py:545} INFO - Filling up the DagBag from /opt/airflow/dags/pipeline.py
[2026-04-08T08:49:46.426+0000] {processor.py:840} INFO - DAG(s) 'pipeline' retrieved from /opt/airflow/dags/pipeline.py
[2026-04-08T08:49:46.526+0000] {logging_mixin.py:188} INFO - [2026-04-08T08:49:46.525+0000] {dag.py:3089} INFO - Sync 1 DAGs
[2026-04-08T08:49:46.567+0000] {logging_mixin.py:188} INFO - [2026-04-08T08:49:46.566+0000] {dag.py:3947} INFO - Setting next_dagrun for pipeline to 2026-04-08 00:00:00+00:00, run_after=2026-04-09 00:00:00+00:00
[2026-04-08T08:49:46.626+0000] {processor.py:183} INFO - Processing /opt/airflow/dags/pipeline.py took 1.374 seconds
[2026-04-08T08:50:16.814+0000] {processor.py:161} INFO - Started process (PID=645) to work on /opt/airflow/dags/pipeline.py
[2026-04-08T08:50:16.817+0000] {processor.py:830} INFO - Processing file /opt/airflow/dags/pipeline.py for tasks to queue
[2026-04-08T08:50:16.822+0000] {logging_mixin.py:188} INFO - [2026-04-08T08:50:16.821+0000] {dagbag.py:545} INFO - Filling up the DagBag from /opt/airflow/dags/pipeline.py
[2026-04-08T08:50:18.998+0000] {processor.py:840} INFO - DAG(s) 'pipeline' retrieved from /opt/airflow/dags/pipeline.py
[2026-04-08T08:50:19.132+0000] {logging_mixin.py:188} INFO - [2026-04-08T08:50:19.131+0000] {dag.py:3089} INFO - Sync 1 DAGs
[2026-04-08T08:50:19.188+0000] {logging_mixin.py:188} INFO - [2026-04-08T08:50:19.188+0000] {dag.py:3947} INFO - Setting next_dagrun for pipeline to 2026-04-08 00:00:00+00:00, run_after=2026-04-09 00:00:00+00:00
[2026-04-08T08:50:19.249+0000] {processor.py:183} INFO - Processing /opt/airflow/dags/pipeline.py took 2.450 seconds
[2026-04-08T08:50:49.918+0000] {processor.py:161} INFO - Started process (PID=656) to work on /opt/airflow/dags/pipeline.py
[2026-04-08T08:50:49.925+0000] {processor.py:830} INFO - Processing file /opt/airflow/dags/pipeline.py for tasks to queue
[2026-04-08T08:50:49.930+0000] {logging_mixin.py:188} INFO - [2026-04-08T08:50:49.929+0000] {dagbag.py:545} INFO - Filling up the DagBag from /opt/airflow/dags/pipeline.py
[2026-04-08T08:50:51.978+0000] {processor.py:840} INFO - DAG(s) 'pipeline' retrieved from /opt/airflow/dags/pipeline.py
[2026-04-08T08:50:52.056+0000] {logging_mixin.py:188} INFO - [2026-04-08T08:50:52.056+0000] {dag.py:3089} INFO - Sync 1 DAGs
[2026-04-08T08:50:52.091+0000] {logging_mixin.py:188} INFO - [2026-04-08T08:50:52.090+0000] {dag.py:3947} INFO - Setting next_dagrun for pipeline to 2026-04-08 00:00:00+00:00, run_after=2026-04-09 00:00:00+00:00
[2026-04-08T08:50:52.130+0000] {processor.py:183} INFO - Processing /opt/airflow/dags/pipeline.py took 2.230 seconds
[2026-04-08T08:51:22.383+0000] {processor.py:161} INFO - Started process (PID=667) to work on /opt/airflow/dags/pipeline.py
[2026-04-08T08:51:22.387+0000] {processor.py:830} INFO - Processing file /opt/airflow/dags/pipeline.py for tasks to queue
[2026-04-08T08:51:22.396+0000] {logging_mixin.py:188} INFO - [2026-04-08T08:51:22.396+0000] {dagbag.py:545} INFO - Filling up the DagBag from /opt/airflow/dags/pipeline.py
[2026-04-08T08:51:23.950+0000] {processor.py:840} INFO - DAG(s) 'pipeline' retrieved from /opt/airflow/dags/pipeline.py
[2026-04-08T08:51:24.036+0000] {logging_mixin.py:188} INFO - [2026-04-08T08:51:24.036+0000] {dag.py:3089} INFO - Sync 1 DAGs
[2026-04-08T08:51:24.073+0000] {logging_mixin.py:188} INFO - [2026-04-08T08:51:24.072+0000] {dag.py:3947} INFO - Setting next_dagrun for pipeline to 2026-04-08 00:00:00+00:00, run_after=2026-04-09 00:00:00+00:00
[2026-04-08T08:51:24.115+0000] {processor.py:183} INFO - Processing /opt/airflow/dags/pipeline.py took 1.770 seconds
[2026-04-08T08:51:54.836+0000] {processor.py:161} INFO - Started process (PID=678) to work on /opt/airflow/dags/pipeline.py
[2026-04-08T08:51:54.837+0000] {processor.py:830} INFO - Processing file /opt/airflow/dags/pipeline.py for tasks to queue
[2026-04-08T08:51:54.841+0000] {logging_mixin.py:188} INFO - [2026-04-08T08:51:54.840+0000] {dagbag.py:545} INFO - Filling up the DagBag from /opt/airflow/dags/pipeline.py
[2026-04-08T08:51:56.007+0000] {processor.py:840} INFO - DAG(s) 'pipeline' retrieved from /opt/airflow/dags/pipeline.py
[2026-04-08T08:51:56.108+0000] {logging_mixin.py:188} INFO - [2026-04-08T08:51:56.108+0000] {dag.py:3089} INFO - Sync 1 DAGs
[2026-04-08T08:51:56.153+0000] {logging_mixin.py:188} INFO - [2026-04-08T08:51:56.152+0000] {dag.py:3947} INFO - Setting next_dagrun for pipeline to 2026-04-08 00:00:00+00:00, run_after=2026-04-09 00:00:00+00:00
[2026-04-08T08:51:56.227+0000] {processor.py:183} INFO - Processing /opt/airflow/dags/pipeline.py took 1.403 seconds
[2026-04-08T08:52:27.027+0000] {processor.py:161} INFO - Started process (PID=689) to work on /opt/airflow/dags/pipeline.py
[2026-04-08T08:52:27.029+0000] {processor.py:830} INFO - Processing file /opt/airflow/dags/pipeline.py for tasks to queue
[2026-04-08T08:52:27.034+0000] {logging_mixin.py:188} INFO - [2026-04-08T08:52:27.033+0000] {dagbag.py:545} INFO - Filling up the DagBag from /opt/airflow/dags/pipeline.py
[2026-04-08T08:52:28.402+0000] {processor.py:840} INFO - DAG(s) 'pipeline' retrieved from /opt/airflow/dags/pipeline.py
[2026-04-08T08:52:28.497+0000] {logging_mixin.py:188} INFO - [2026-04-08T08:52:28.497+0000] {dag.py:3089} INFO - Sync 1 DAGs
[2026-04-08T08:52:28.532+0000] {logging_mixin.py:188} INFO - [2026-04-08T08:52:28.531+0000] {dag.py:3947} INFO - Setting next_dagrun for pipeline to 2026-04-08 00:00:00+00:00, run_after=2026-04-09 00:00:00+00:00
[2026-04-08T08:52:28.583+0000] {processor.py:183} INFO - Processing /opt/airflow/dags/pipeline.py took 1.573 seconds
[2026-04-08T08:52:59.465+0000] {processor.py:161} INFO - Started process (PID=700) to work on /opt/airflow/dags/pipeline.py
[2026-04-08T08:52:59.467+0000] {processor.py:830} INFO - Processing file /opt/airflow/dags/pipeline.py for tasks to queue
[2026-04-08T08:52:59.472+0000] {logging_mixin.py:188} INFO - [2026-04-08T08:52:59.471+0000] {dagbag.py:545} INFO - Filling up the DagBag from /opt/airflow/dags/pipeline.py
[2026-04-08T08:53:00.901+0000] {processor.py:840} INFO - DAG(s) 'pipeline' retrieved from /opt/airflow/dags/pipeline.py
[2026-04-08T08:53:01.005+0000] {logging_mixin.py:188} INFO - [2026-04-08T08:53:01.005+0000] {dag.py:3089} INFO - Sync 1 DAGs
[2026-04-08T08:53:01.050+0000] {logging_mixin.py:188} INFO - [2026-04-08T08:53:01.050+0000] {dag.py:3947} INFO - Setting next_dagrun for pipeline to 2026-04-08 00:00:00+00:00, run_after=2026-04-09 00:00:00+00:00
[2026-04-08T08:53:01.106+0000] {processor.py:183} INFO - Processing /opt/airflow/dags/pipeline.py took 1.650 seconds
[2026-04-08T08:53:31.271+0000] {processor.py:161} INFO - Started process (PID=713) to work on /opt/airflow/dags/pipeline.py
[2026-04-08T08:53:31.273+0000] {processor.py:830} INFO - Processing file /opt/airflow/dags/pipeline.py for tasks to queue
[2026-04-08T08:53:31.279+0000] {logging_mixin.py:188} INFO - [2026-04-08T08:53:31.278+0000] {dagbag.py:545} INFO - Filling up the DagBag from /opt/airflow/dags/pipeline.py
[2026-04-08T08:53:32.976+0000] {processor.py:840} INFO - DAG(s) 'pipeline' retrieved from /opt/airflow/dags/pipeline.py
[2026-04-08T08:53:33.078+0000] {logging_mixin.py:188} INFO - [2026-04-08T08:53:33.078+0000] {dag.py:3089} INFO - Sync 1 DAGs
[2026-04-08T08:53:33.128+0000] {logging_mixin.py:188} INFO - [2026-04-08T08:53:33.128+0000] {dag.py:3947} INFO - Setting next_dagrun for pipeline to 2026-04-08 00:00:00+00:00, run_after=2026-04-09 00:00:00+00:00
[2026-04-08T08:53:33.197+0000] {processor.py:183} INFO - Processing /opt/airflow/dags/pipeline.py took 1.937 seconds
[2026-04-08T08:54:03.796+0000] {processor.py:161} INFO - Started process (PID=724) to work on /opt/airflow/dags/pipeline.py
[2026-04-08T08:54:03.797+0000] {processor.py:830} INFO - Processing file /opt/airflow/dags/pipeline.py for tasks to queue
[2026-04-08T08:54:03.801+0000] {logging_mixin.py:188} INFO - [2026-04-08T08:54:03.800+0000] {dagbag.py:545} INFO - Filling up the DagBag from /opt/airflow/dags/pipeline.py
[2026-04-08T08:54:04.960+0000] {processor.py:840} INFO - DAG(s) 'pipeline' retrieved from /opt/airflow/dags/pipeline.py
[2026-04-08T08:54:05.058+0000] {logging_mixin.py:188} INFO - [2026-04-08T08:54:05.058+0000] {dag.py:3089} INFO - Sync 1 DAGs
[2026-04-08T08:54:05.103+0000] {logging_mixin.py:188} INFO - [2026-04-08T08:54:05.103+0000] {dag.py:3947} INFO - Setting next_dagrun for pipeline to 2026-04-08 00:00:00+00:00, run_after=2026-04-09 00:00:00+00:00
[2026-04-08T08:54:05.154+0000] {processor.py:183} INFO - Processing /opt/airflow/dags/pipeline.py took 1.371 seconds
[2026-04-08T08:54:36.014+0000] {processor.py:161} INFO - Started process (PID=735) to work on /opt/airflow/dags/pipeline.py
[2026-04-08T08:54:36.016+0000] {processor.py:830} INFO - Processing file /opt/airflow/dags/pipeline.py for tasks to queue
[2026-04-08T08:54:36.021+0000] {logging_mixin.py:188} INFO - [2026-04-08T08:54:36.020+0000] {dagbag.py:545} INFO - Filling up the DagBag from /opt/airflow/dags/pipeline.py
[2026-04-08T08:54:37.348+0000] {processor.py:840} INFO - DAG(s) 'pipeline' retrieved from /opt/airflow/dags/pipeline.py
[2026-04-08T08:54:37.458+0000] {logging_mixin.py:188} INFO - [2026-04-08T08:54:37.458+0000] {dag.py:3089} INFO - Sync 1 DAGs
[2026-04-08T08:54:37.502+0000] {logging_mixin.py:188} INFO - [2026-04-08T08:54:37.502+0000] {dag.py:3947} INFO - Setting next_dagrun for pipeline to 2026-04-08 00:00:00+00:00, run_after=2026-04-09 00:00:00+00:00
[2026-04-08T08:54:37.549+0000] {processor.py:183} INFO - Processing /opt/airflow/dags/pipeline.py took 1.566 seconds
[2026-04-08T08:55:07.789+0000] {processor.py:161} INFO - Started process (PID=746) to work on /opt/airflow/dags/pipeline.py
[2026-04-08T08:55:07.790+0000] {processor.py:830} INFO - Processing file /opt/airflow/dags/pipeline.py for tasks to queue
[2026-04-08T08:55:07.794+0000] {logging_mixin.py:188} INFO - [2026-04-08T08:55:07.793+0000] {dagbag.py:545} INFO - Filling up the DagBag from /opt/airflow/dags/pipeline.py
[2026-04-08T08:55:08.921+0000] {processor.py:840} INFO - DAG(s) 'pipeline' retrieved from /opt/airflow/dags/pipeline.py
[2026-04-08T08:55:09.017+0000] {logging_mixin.py:188} INFO - [2026-04-08T08:55:09.016+0000] {dag.py:3089} INFO - Sync 1 DAGs
[2026-04-08T08:55:09.060+0000] {logging_mixin.py:188} INFO - [2026-04-08T08:55:09.060+0000] {dag.py:3947} INFO - Setting next_dagrun for pipeline to 2026-04-08 00:00:00+00:00, run_after=2026-04-09 00:00:00+00:00
[2026-04-08T08:55:09.106+0000] {processor.py:183} INFO - Processing /opt/airflow/dags/pipeline.py took 1.326 seconds
[2026-04-08T08:55:39.819+0000] {processor.py:161} INFO - Started process (PID=757) to work on /opt/airflow/dags/pipeline.py
[2026-04-08T08:55:39.824+0000] {processor.py:830} INFO - Processing file /opt/airflow/dags/pipeline.py for tasks to queue
[2026-04-08T08:55:39.831+0000] {logging_mixin.py:188} INFO - [2026-04-08T08:55:39.830+0000] {dagbag.py:545} INFO - Filling up the DagBag from /opt/airflow/dags/pipeline.py
[2026-04-08T08:55:41.180+0000] {processor.py:840} INFO - DAG(s) 'pipeline' retrieved from /opt/airflow/dags/pipeline.py
[2026-04-08T08:55:41.280+0000] {logging_mixin.py:188} INFO - [2026-04-08T08:55:41.279+0000] {dag.py:3089} INFO - Sync 1 DAGs
[2026-04-08T08:55:41.317+0000] {logging_mixin.py:188} INFO - [2026-04-08T08:55:41.317+0000] {dag.py:3947} INFO - Setting next_dagrun for pipeline to 2026-04-08 00:00:00+00:00, run_after=2026-04-09 00:00:00+00:00
[2026-04-08T08:55:41.359+0000] {processor.py:183} INFO - Processing /opt/airflow/dags/pipeline.py took 1.562 seconds
[2026-04-08T08:56:12.173+0000] {processor.py:161} INFO - Started process (PID=768) to work on /opt/airflow/dags/pipeline.py
[2026-04-08T08:56:12.175+0000] {processor.py:830} INFO - Processing file /opt/airflow/dags/pipeline.py for tasks to queue
[2026-04-08T08:56:12.179+0000] {logging_mixin.py:188} INFO - [2026-04-08T08:56:12.178+0000] {dagbag.py:545} INFO - Filling up the DagBag from /opt/airflow/dags/pipeline.py
[2026-04-08T08:56:13.612+0000] {processor.py:840} INFO - DAG(s) 'pipeline' retrieved from /opt/airflow/dags/pipeline.py
[2026-04-08T08:56:13.753+0000] {logging_mixin.py:188} INFO - [2026-04-08T08:56:13.753+0000] {dag.py:3089} INFO - Sync 1 DAGs
[2026-04-08T08:56:13.798+0000] {logging_mixin.py:188} INFO - [2026-04-08T08:56:13.798+0000] {dag.py:3947} INFO - Setting next_dagrun for pipeline to 2026-04-08 00:00:00+00:00, run_after=2026-04-09 00:00:00+00:00
[2026-04-08T08:56:13.847+0000] {processor.py:183} INFO - Processing /opt/airflow/dags/pipeline.py took 1.685 seconds
[2026-04-08T08:56:43.933+0000] {processor.py:161} INFO - Started process (PID=779) to work on /opt/airflow/dags/pipeline.py
[2026-04-08T08:56:43.935+0000] {processor.py:830} INFO - Processing file /opt/airflow/dags/pipeline.py for tasks to queue
[2026-04-08T08:56:43.937+0000] {logging_mixin.py:188} INFO - [2026-04-08T08:56:43.937+0000] {dagbag.py:545} INFO - Filling up the DagBag from /opt/airflow/dags/pipeline.py
[2026-04-08T08:56:45.253+0000] {processor.py:840} INFO - DAG(s) 'pipeline' retrieved from /opt/airflow/dags/pipeline.py
[2026-04-08T08:56:45.444+0000] {logging_mixin.py:188} INFO - [2026-04-08T08:56:45.443+0000] {dag.py:3089} INFO - Sync 1 DAGs
[2026-04-08T08:56:45.482+0000] {logging_mixin.py:188} INFO - [2026-04-08T08:56:45.482+0000] {dag.py:3947} INFO - Setting next_dagrun for pipeline to 2026-04-08 00:00:00+00:00, run_after=2026-04-09 00:00:00+00:00
[2026-04-08T08:56:45.545+0000] {processor.py:183} INFO - Processing /opt/airflow/dags/pipeline.py took 1.621 seconds
[2026-04-08T08:57:16.479+0000] {processor.py:161} INFO - Started process (PID=790) to work on /opt/airflow/dags/pipeline.py
[2026-04-08T08:57:16.480+0000] {processor.py:830} INFO - Processing file /opt/airflow/dags/pipeline.py for tasks to queue
[2026-04-08T08:57:16.483+0000] {logging_mixin.py:188} INFO - [2026-04-08T08:57:16.483+0000] {dagbag.py:545} INFO - Filling up the DagBag from /opt/airflow/dags/pipeline.py
[2026-04-08T08:57:17.971+0000] {processor.py:840} INFO - DAG(s) 'pipeline' retrieved from /opt/airflow/dags/pipeline.py
[2026-04-08T08:57:18.063+0000] {logging_mixin.py:188} INFO - [2026-04-08T08:57:18.063+0000] {dag.py:3089} INFO - Sync 1 DAGs
[2026-04-08T08:57:18.104+0000] {logging_mixin.py:188} INFO - [2026-04-08T08:57:18.104+0000] {dag.py:3947} INFO - Setting next_dagrun for pipeline to 2026-04-08 00:00:00+00:00, run_after=2026-04-09 00:00:00+00:00
[2026-04-08T08:57:18.165+0000] {processor.py:183} INFO - Processing /opt/airflow/dags/pipeline.py took 1.694 seconds
[2026-04-08T08:57:48.387+0000] {processor.py:161} INFO - Started process (PID=801) to work on /opt/airflow/dags/pipeline.py
[2026-04-08T08:57:48.389+0000] {processor.py:830} INFO - Processing file /opt/airflow/dags/pipeline.py for tasks to queue
[2026-04-08T08:57:48.400+0000] {logging_mixin.py:188} INFO - [2026-04-08T08:57:48.398+0000] {dagbag.py:545} INFO - Filling up the DagBag from /opt/airflow/dags/pipeline.py
[2026-04-08T08:57:49.674+0000] {processor.py:840} INFO - DAG(s) 'pipeline' retrieved from /opt/airflow/dags/pipeline.py
[2026-04-08T08:57:49.768+0000] {logging_mixin.py:188} INFO - [2026-04-08T08:57:49.768+0000] {dag.py:3089} INFO - Sync 1 DAGs
[2026-04-08T08:57:49.815+0000] {logging_mixin.py:188} INFO - [2026-04-08T08:57:49.815+0000] {dag.py:3947} INFO - Setting next_dagrun for pipeline to 2026-04-08 00:00:00+00:00, run_after=2026-04-09 00:00:00+00:00
[2026-04-08T08:57:49.866+0000] {processor.py:183} INFO - Processing /opt/airflow/dags/pipeline.py took 1.512 seconds
[2026-04-08T08:58:20.055+0000] {processor.py:161} INFO - Started process (PID=817) to work on /opt/airflow/dags/pipeline.py
[2026-04-08T08:58:20.057+0000] {processor.py:830} INFO - Processing file /opt/airflow/dags/pipeline.py for tasks to queue
[2026-04-08T08:58:20.060+0000] {logging_mixin.py:188} INFO - [2026-04-08T08:58:20.059+0000] {dagbag.py:545} INFO - Filling up the DagBag from /opt/airflow/dags/pipeline.py
[2026-04-08T08:58:21.300+0000] {processor.py:840} INFO - DAG(s) 'pipeline' retrieved from /opt/airflow/dags/pipeline.py
[2026-04-08T08:58:21.390+0000] {logging_mixin.py:188} INFO - [2026-04-08T08:58:21.390+0000] {dag.py:3089} INFO - Sync 1 DAGs
[2026-04-08T08:58:21.427+0000] {logging_mixin.py:188} INFO - [2026-04-08T08:58:21.427+0000] {dag.py:3947} INFO - Setting next_dagrun for pipeline to 2026-04-08 00:00:00+00:00, run_after=2026-04-09 00:00:00+00:00
[2026-04-08T08:58:21.486+0000] {processor.py:183} INFO - Processing /opt/airflow/dags/pipeline.py took 1.442 seconds
[2026-04-08T08:58:52.178+0000] {processor.py:161} INFO - Started process (PID=828) to work on /opt/airflow/dags/pipeline.py
[2026-04-08T08:58:52.180+0000] {processor.py:830} INFO - Processing file /opt/airflow/dags/pipeline.py for tasks to queue
[2026-04-08T08:58:52.183+0000] {logging_mixin.py:188} INFO - [2026-04-08T08:58:52.182+0000] {dagbag.py:545} INFO - Filling up the DagBag from /opt/airflow/dags/pipeline.py
[2026-04-08T08:58:53.258+0000] {processor.py:840} INFO - DAG(s) 'pipeline' retrieved from /opt/airflow/dags/pipeline.py
[2026-04-08T08:58:53.366+0000] {logging_mixin.py:188} INFO - [2026-04-08T08:58:53.365+0000] {dag.py:3089} INFO - Sync 1 DAGs
[2026-04-08T08:58:53.405+0000] {logging_mixin.py:188} INFO - [2026-04-08T08:58:53.405+0000] {dag.py:3947} INFO - Setting next_dagrun for pipeline to 2026-04-08 00:00:00+00:00, run_after=2026-04-09 00:00:00+00:00
[2026-04-08T08:58:53.454+0000] {processor.py:183} INFO - Processing /opt/airflow/dags/pipeline.py took 1.286 seconds
[2026-04-08T08:59:24.214+0000] {processor.py:161} INFO - Started process (PID=839) to work on /opt/airflow/dags/pipeline.py
[2026-04-08T08:59:24.220+0000] {processor.py:830} INFO - Processing file /opt/airflow/dags/pipeline.py for tasks to queue
[2026-04-08T08:59:24.237+0000] {logging_mixin.py:188} INFO - [2026-04-08T08:59:24.235+0000] {dagbag.py:545} INFO - Filling up the DagBag from /opt/airflow/dags/pipeline.py
[2026-04-08T08:59:25.481+0000] {processor.py:840} INFO - DAG(s) 'pipeline' retrieved from /opt/airflow/dags/pipeline.py
[2026-04-08T08:59:25.560+0000] {logging_mixin.py:188} INFO - [2026-04-08T08:59:25.559+0000] {dag.py:3089} INFO - Sync 1 DAGs
[2026-04-08T08:59:25.596+0000] {logging_mixin.py:188} INFO - [2026-04-08T08:59:25.596+0000] {dag.py:3947} INFO - Setting next_dagrun for pipeline to 2026-04-08 00:00:00+00:00, run_after=2026-04-09 00:00:00+00:00
[2026-04-08T08:59:25.646+0000] {processor.py:183} INFO - Processing /opt/airflow/dags/pipeline.py took 1.464 seconds
[2026-04-08T08:59:55.883+0000] {processor.py:161} INFO - Started process (PID=850) to work on /opt/airflow/dags/pipeline.py
[2026-04-08T08:59:55.886+0000] {processor.py:830} INFO - Processing file /opt/airflow/dags/pipeline.py for tasks to queue
[2026-04-08T08:59:55.889+0000] {logging_mixin.py:188} INFO - [2026-04-08T08:59:55.889+0000] {dagbag.py:545} INFO - Filling up the DagBag from /opt/airflow/dags/pipeline.py
[2026-04-08T08:59:57.136+0000] {processor.py:840} INFO - DAG(s) 'pipeline' retrieved from /opt/airflow/dags/pipeline.py
[2026-04-08T08:59:57.250+0000] {logging_mixin.py:188} INFO - [2026-04-08T08:59:57.250+0000] {dag.py:3089} INFO - Sync 1 DAGs
[2026-04-08T08:59:57.293+0000] {logging_mixin.py:188} INFO - [2026-04-08T08:59:57.293+0000] {dag.py:3947} INFO - Setting next_dagrun for pipeline to 2026-04-08 00:00:00+00:00, run_after=2026-04-09 00:00:00+00:00
[2026-04-08T08:59:57.344+0000] {processor.py:183} INFO - Processing /opt/airflow/dags/pipeline.py took 1.474 seconds
[2026-04-08T09:00:27.621+0000] {processor.py:161} INFO - Started process (PID=861) to work on /opt/airflow/dags/pipeline.py
[2026-04-08T09:00:27.624+0000] {processor.py:830} INFO - Processing file /opt/airflow/dags/pipeline.py for tasks to queue
[2026-04-08T09:00:27.631+0000] {logging_mixin.py:188} INFO - [2026-04-08T09:00:27.630+0000] {dagbag.py:545} INFO - Filling up the DagBag from /opt/airflow/dags/pipeline.py
[2026-04-08T09:00:28.857+0000] {processor.py:840} INFO - DAG(s) 'pipeline' retrieved from /opt/airflow/dags/pipeline.py
[2026-04-08T09:00:28.936+0000] {logging_mixin.py:188} INFO - [2026-04-08T09:00:28.936+0000] {dag.py:3089} INFO - Sync 1 DAGs
[2026-04-08T09:00:28.971+0000] {logging_mixin.py:188} INFO - [2026-04-08T09:00:28.971+0000] {dag.py:3947} INFO - Setting next_dagrun for pipeline to 2026-04-08 00:00:00+00:00, run_after=2026-04-09 00:00:00+00:00
[2026-04-08T09:00:29.023+0000] {processor.py:183} INFO - Processing /opt/airflow/dags/pipeline.py took 1.430 seconds
[2026-04-08T09:00:59.204+0000] {processor.py:161} INFO - Started process (PID=872) to work on /opt/airflow/dags/pipeline.py
[2026-04-08T09:00:59.206+0000] {processor.py:830} INFO - Processing file /opt/airflow/dags/pipeline.py for tasks to queue
[2026-04-08T09:00:59.210+0000] {logging_mixin.py:188} INFO - [2026-04-08T09:00:59.210+0000] {dagbag.py:545} INFO - Filling up the DagBag from /opt/airflow/dags/pipeline.py
[2026-04-08T09:01:00.416+0000] {processor.py:840} INFO - DAG(s) 'pipeline' retrieved from /opt/airflow/dags/pipeline.py
[2026-04-08T09:01:00.618+0000] {logging_mixin.py:188} INFO - [2026-04-08T09:01:00.618+0000] {dag.py:3089} INFO - Sync 1 DAGs
[2026-04-08T09:01:00.659+0000] {logging_mixin.py:188} INFO - [2026-04-08T09:01:00.658+0000] {dag.py:3947} INFO - Setting next_dagrun for pipeline to 2026-04-08 00:00:00+00:00, run_after=2026-04-09 00:00:00+00:00
[2026-04-08T09:01:00.721+0000] {processor.py:183} INFO - Processing /opt/airflow/dags/pipeline.py took 1.533 seconds
[2026-04-08T09:01:30.870+0000] {processor.py:161} INFO - Started process (PID=883) to work on /opt/airflow/dags/pipeline.py
[2026-04-08T09:01:30.872+0000] {processor.py:830} INFO - Processing file /opt/airflow/dags/pipeline.py for tasks to queue
[2026-04-08T09:01:30.876+0000] {logging_mixin.py:188} INFO - [2026-04-08T09:01:30.876+0000] {dagbag.py:545} INFO - Filling up the DagBag from /opt/airflow/dags/pipeline.py
[2026-04-08T09:01:32.162+0000] {processor.py:840} INFO - DAG(s) 'pipeline' retrieved from /opt/airflow/dags/pipeline.py
[2026-04-08T09:01:32.245+0000] {logging_mixin.py:188} INFO - [2026-04-08T09:01:32.244+0000] {dag.py:3089} INFO - Sync 1 DAGs
[2026-04-08T09:01:32.280+0000] {logging_mixin.py:188} INFO - [2026-04-08T09:01:32.280+0000] {dag.py:3947} INFO - Setting next_dagrun for pipeline to 2026-04-08 00:00:00+00:00, run_after=2026-04-09 00:00:00+00:00
[2026-04-08T09:01:32.331+0000] {processor.py:183} INFO - Processing /opt/airflow/dags/pipeline.py took 1.473 seconds
[2026-04-08T09:02:02.563+0000] {processor.py:161} INFO - Started process (PID=894) to work on /opt/airflow/dags/pipeline.py
[2026-04-08T09:02:02.569+0000] {processor.py:830} INFO - Processing file /opt/airflow/dags/pipeline.py for tasks to queue
[2026-04-08T09:02:02.577+0000] {logging_mixin.py:188} INFO - [2026-04-08T09:02:02.575+0000] {dagbag.py:545} INFO - Filling up the DagBag from /opt/airflow/dags/pipeline.py
[2026-04-08T09:02:03.970+0000] {processor.py:840} INFO - DAG(s) 'pipeline' retrieved from /opt/airflow/dags/pipeline.py
[2026-04-08T09:02:04.061+0000] {logging_mixin.py:188} INFO - [2026-04-08T09:02:04.061+0000] {dag.py:3089} INFO - Sync 1 DAGs
[2026-04-08T09:02:04.102+0000] {logging_mixin.py:188} INFO - [2026-04-08T09:02:04.101+0000] {dag.py:3947} INFO - Setting next_dagrun for pipeline to 2026-04-08 00:00:00+00:00, run_after=2026-04-09 00:00:00+00:00
[2026-04-08T09:02:04.152+0000] {processor.py:183} INFO - Processing /opt/airflow/dags/pipeline.py took 1.619 seconds
[2026-04-08T09:02:35.051+0000] {processor.py:161} INFO - Started process (PID=905) to work on /opt/airflow/dags/pipeline.py
[2026-04-08T09:02:35.053+0000] {processor.py:830} INFO - Processing file /opt/airflow/dags/pipeline.py for tasks to queue
[2026-04-08T09:02:35.057+0000] {logging_mixin.py:188} INFO - [2026-04-08T09:02:35.056+0000] {dagbag.py:545} INFO - Filling up the DagBag from /opt/airflow/dags/pipeline.py
[2026-04-08T09:02:36.937+0000] {processor.py:840} INFO - DAG(s) 'pipeline' retrieved from /opt/airflow/dags/pipeline.py
[2026-04-08T09:02:37.019+0000] {logging_mixin.py:188} INFO - [2026-04-08T09:02:37.019+0000] {dag.py:3089} INFO - Sync 1 DAGs
[2026-04-08T09:02:37.058+0000] {logging_mixin.py:188} INFO - [2026-04-08T09:02:37.058+0000] {dag.py:3947} INFO - Setting next_dagrun for pipeline to 2026-04-08 00:00:00+00:00, run_after=2026-04-09 00:00:00+00:00
[2026-04-08T09:02:37.104+0000] {processor.py:183} INFO - Processing /opt/airflow/dags/pipeline.py took 2.070 seconds
[2026-04-08T09:03:07.867+0000] {processor.py:161} INFO - Started process (PID=916) to work on /opt/airflow/dags/pipeline.py
[2026-04-08T09:03:07.871+0000] {processor.py:830} INFO - Processing file /opt/airflow/dags/pipeline.py for tasks to queue
[2026-04-08T09:03:07.878+0000] {logging_mixin.py:188} INFO - [2026-04-08T09:03:07.877+0000] {dagbag.py:545} INFO - Filling up the DagBag from /opt/airflow/dags/pipeline.py
[2026-04-08T09:03:09.094+0000] {processor.py:840} INFO - DAG(s) 'pipeline' retrieved from /opt/airflow/dags/pipeline.py
[2026-04-08T09:03:09.181+0000] {logging_mixin.py:188} INFO - [2026-04-08T09:03:09.181+0000] {dag.py:3089} INFO - Sync 1 DAGs
[2026-04-08T09:03:09.216+0000] {logging_mixin.py:188} INFO - [2026-04-08T09:03:09.215+0000] {dag.py:3947} INFO - Setting next_dagrun for pipeline to 2026-04-08 00:00:00+00:00, run_after=2026-04-09 00:00:00+00:00
[2026-04-08T09:03:09.264+0000] {processor.py:183} INFO - Processing /opt/airflow/dags/pipeline.py took 1.422 seconds
[2026-04-08T09:03:39.521+0000] {processor.py:161} INFO - Started process (PID=927) to work on /opt/airflow/dags/pipeline.py
[2026-04-08T09:03:39.523+0000] {processor.py:830} INFO - Processing file /opt/airflow/dags/pipeline.py for tasks to queue
[2026-04-08T09:03:39.527+0000] {logging_mixin.py:188} INFO - [2026-04-08T09:03:39.527+0000] {dagbag.py:545} INFO - Filling up the DagBag from /opt/airflow/dags/pipeline.py
[2026-04-08T09:03:41.171+0000] {processor.py:840} INFO - DAG(s) 'pipeline' retrieved from /opt/airflow/dags/pipeline.py
[2026-04-08T09:03:41.313+0000] {logging_mixin.py:188} INFO - [2026-04-08T09:03:41.312+0000] {dag.py:3089} INFO - Sync 1 DAGs
[2026-04-08T09:03:41.367+0000] {logging_mixin.py:188} INFO - [2026-04-08T09:03:41.366+0000] {dag.py:3947} INFO - Setting next_dagrun for pipeline to 2026-04-08 00:00:00+00:00, run_after=2026-04-09 00:00:00+00:00
[2026-04-08T09:03:41.419+0000] {processor.py:183} INFO - Processing /opt/airflow/dags/pipeline.py took 1.911 seconds
[2026-04-08T09:04:11.532+0000] {processor.py:161} INFO - Started process (PID=941) to work on /opt/airflow/dags/pipeline.py
[2026-04-08T09:04:11.534+0000] {processor.py:830} INFO - Processing file /opt/airflow/dags/pipeline.py for tasks to queue
[2026-04-08T09:04:11.538+0000] {logging_mixin.py:188} INFO - [2026-04-08T09:04:11.538+0000] {dagbag.py:545} INFO - Filling up the DagBag from /opt/airflow/dags/pipeline.py
[2026-04-08T09:04:12.944+0000] {processor.py:840} INFO - DAG(s) 'pipeline' retrieved from /opt/airflow/dags/pipeline.py
[2026-04-08T09:04:13.047+0000] {logging_mixin.py:188} INFO - [2026-04-08T09:04:13.047+0000] {dag.py:3089} INFO - Sync 1 DAGs
[2026-04-08T09:04:13.089+0000] {logging_mixin.py:188} INFO - [2026-04-08T09:04:13.089+0000] {dag.py:3947} INFO - Setting next_dagrun for pipeline to 2026-04-08 00:00:00+00:00, run_after=2026-04-09 00:00:00+00:00
[2026-04-08T09:04:13.143+0000] {processor.py:183} INFO - Processing /opt/airflow/dags/pipeline.py took 1.623 seconds
[2026-04-08T09:04:43.634+0000] {processor.py:161} INFO - Started process (PID=952) to work on /opt/airflow/dags/pipeline.py
[2026-04-08T09:04:43.637+0000] {processor.py:830} INFO - Processing file /opt/airflow/dags/pipeline.py for tasks to queue
[2026-04-08T09:04:43.644+0000] {logging_mixin.py:188} INFO - [2026-04-08T09:04:43.643+0000] {dagbag.py:545} INFO - Filling up the DagBag from /opt/airflow/dags/pipeline.py
[2026-04-08T09:04:45.594+0000] {processor.py:840} INFO - DAG(s) 'pipeline' retrieved from /opt/airflow/dags/pipeline.py
[2026-04-08T09:04:45.717+0000] {logging_mixin.py:188} INFO - [2026-04-08T09:04:45.716+0000] {dag.py:3089} INFO - Sync 1 DAGs
[2026-04-08T09:04:45.761+0000] {logging_mixin.py:188} INFO - [2026-04-08T09:04:45.761+0000] {dag.py:3947} INFO - Setting next_dagrun for pipeline to 2026-04-08 00:00:00+00:00, run_after=2026-04-09 00:00:00+00:00
[2026-04-08T09:04:45.806+0000] {processor.py:183} INFO - Processing /opt/airflow/dags/pipeline.py took 2.193 seconds
[2026-04-08T09:05:16.205+0000] {processor.py:161} INFO - Started process (PID=963) to work on /opt/airflow/dags/pipeline.py
[2026-04-08T09:05:16.207+0000] {processor.py:830} INFO - Processing file /opt/airflow/dags/pipeline.py for tasks to queue
[2026-04-08T09:05:16.211+0000] {logging_mixin.py:188} INFO - [2026-04-08T09:05:16.210+0000] {dagbag.py:545} INFO - Filling up the DagBag from /opt/airflow/dags/pipeline.py
[2026-04-08T09:05:17.905+0000] {processor.py:840} INFO - DAG(s) 'pipeline' retrieved from /opt/airflow/dags/pipeline.py
[2026-04-08T09:05:18.018+0000] {logging_mixin.py:188} INFO - [2026-04-08T09:05:18.018+0000] {dag.py:3089} INFO - Sync 1 DAGs
[2026-04-08T09:05:18.096+0000] {logging_mixin.py:188} INFO - [2026-04-08T09:05:18.095+0000] {dag.py:3947} INFO - Setting next_dagrun for pipeline to 2026-04-08 00:00:00+00:00, run_after=2026-04-09 00:00:00+00:00
[2026-04-08T09:05:18.170+0000] {processor.py:183} INFO - Processing /opt/airflow/dags/pipeline.py took 1.976 seconds
[2026-04-08T09:05:48.278+0000] {processor.py:161} INFO - Started process (PID=975) to work on /opt/airflow/dags/pipeline.py
[2026-04-08T09:05:48.280+0000] {processor.py:830} INFO - Processing file /opt/airflow/dags/pipeline.py for tasks to queue
[2026-04-08T09:05:48.284+0000] {logging_mixin.py:188} INFO - [2026-04-08T09:05:48.284+0000] {dagbag.py:545} INFO - Filling up the DagBag from /opt/airflow/dags/pipeline.py
[2026-04-08T09:05:50.460+0000] {processor.py:840} INFO - DAG(s) 'pipeline' retrieved from /opt/airflow/dags/pipeline.py
[2026-04-08T09:05:50.596+0000] {logging_mixin.py:188} INFO - [2026-04-08T09:05:50.596+0000] {dag.py:3089} INFO - Sync 1 DAGs
[2026-04-08T09:05:50.701+0000] {logging_mixin.py:188} INFO - [2026-04-08T09:05:50.701+0000] {dag.py:3947} INFO - Setting next_dagrun for pipeline to 2026-04-08 00:00:00+00:00, run_after=2026-04-09 00:00:00+00:00
[2026-04-08T09:05:50.812+0000] {processor.py:183} INFO - Processing /opt/airflow/dags/pipeline.py took 2.547 seconds
[2026-04-08T09:06:21.375+0000] {processor.py:161} INFO - Started process (PID=986) to work on /opt/airflow/dags/pipeline.py
[2026-04-08T09:06:21.378+0000] {processor.py:830} INFO - Processing file /opt/airflow/dags/pipeline.py for tasks to queue
[2026-04-08T09:06:21.400+0000] {logging_mixin.py:188} INFO - [2026-04-08T09:06:21.399+0000] {dagbag.py:545} INFO - Filling up the DagBag from /opt/airflow/dags/pipeline.py
[2026-04-08T09:06:25.278+0000] {processor.py:840} INFO - DAG(s) 'pipeline' retrieved from /opt/airflow/dags/pipeline.py
[2026-04-08T09:06:25.533+0000] {logging_mixin.py:188} INFO - [2026-04-08T09:06:25.532+0000] {dag.py:3089} INFO - Sync 1 DAGs
[2026-04-08T09:06:25.656+0000] {logging_mixin.py:188} INFO - [2026-04-08T09:06:25.655+0000] {dag.py:3947} INFO - Setting next_dagrun for pipeline to 2026-04-08 00:00:00+00:00, run_after=2026-04-09 00:00:00+00:00
[2026-04-08T09:06:25.816+0000] {processor.py:183} INFO - Processing /opt/airflow/dags/pipeline.py took 4.467 seconds
[2026-04-08T09:06:55.995+0000] {processor.py:161} INFO - Started process (PID=997) to work on /opt/airflow/dags/pipeline.py
[2026-04-08T09:06:55.997+0000] {processor.py:830} INFO - Processing file /opt/airflow/dags/pipeline.py for tasks to queue
[2026-04-08T09:06:56.001+0000] {logging_mixin.py:188} INFO - [2026-04-08T09:06:56.000+0000] {dagbag.py:545} INFO - Filling up the DagBag from /opt/airflow/dags/pipeline.py
[2026-04-08T09:06:57.967+0000] {processor.py:840} INFO - DAG(s) 'pipeline' retrieved from /opt/airflow/dags/pipeline.py
[2026-04-08T09:06:58.226+0000] {logging_mixin.py:188} INFO - [2026-04-08T09:06:58.226+0000] {dag.py:3089} INFO - Sync 1 DAGs
[2026-04-08T09:06:58.289+0000] {logging_mixin.py:188} INFO - [2026-04-08T09:06:58.289+0000] {dag.py:3947} INFO - Setting next_dagrun for pipeline to 2026-04-08 00:00:00+00:00, run_after=2026-04-09 00:00:00+00:00
[2026-04-08T09:06:58.352+0000] {processor.py:183} INFO - Processing /opt/airflow/dags/pipeline.py took 2.367 seconds
[2026-04-08T09:07:28.654+0000] {processor.py:161} INFO - Started process (PID=1008) to work on /opt/airflow/dags/pipeline.py
[2026-04-08T09:07:28.656+0000] {processor.py:830} INFO - Processing file /opt/airflow/dags/pipeline.py for tasks to queue
[2026-04-08T09:07:28.659+0000] {logging_mixin.py:188} INFO - [2026-04-08T09:07:28.659+0000] {dagbag.py:545} INFO - Filling up the DagBag from /opt/airflow/dags/pipeline.py
[2026-04-08T09:07:30.618+0000] {processor.py:840} INFO - DAG(s) 'pipeline' retrieved from /opt/airflow/dags/pipeline.py
[2026-04-08T09:07:30.826+0000] {logging_mixin.py:188} INFO - [2026-04-08T09:07:30.825+0000] {dag.py:3089} INFO - Sync 1 DAGs
[2026-04-08T09:07:30.958+0000] {logging_mixin.py:188} INFO - [2026-04-08T09:07:30.957+0000] {dag.py:3947} INFO - Setting next_dagrun for pipeline to 2026-04-08 00:00:00+00:00, run_after=2026-04-09 00:00:00+00:00
[2026-04-08T09:07:31.104+0000] {processor.py:183} INFO - Processing /opt/airflow/dags/pipeline.py took 2.461 seconds
[2026-04-08T09:08:01.402+0000] {processor.py:161} INFO - Started process (PID=1019) to work on /opt/airflow/dags/pipeline.py
[2026-04-08T09:08:01.403+0000] {processor.py:830} INFO - Processing file /opt/airflow/dags/pipeline.py for tasks to queue
[2026-04-08T09:08:01.407+0000] {logging_mixin.py:188} INFO - [2026-04-08T09:08:01.406+0000] {dagbag.py:545} INFO - Filling up the DagBag from /opt/airflow/dags/pipeline.py
[2026-04-08T09:08:03.254+0000] {processor.py:840} INFO - DAG(s) 'pipeline' retrieved from /opt/airflow/dags/pipeline.py
[2026-04-08T09:08:03.387+0000] {logging_mixin.py:188} INFO - [2026-04-08T09:08:03.387+0000] {dag.py:3089} INFO - Sync 1 DAGs
[2026-04-08T09:08:03.430+0000] {logging_mixin.py:188} INFO - [2026-04-08T09:08:03.430+0000] {dag.py:3947} INFO - Setting next_dagrun for pipeline to 2026-04-08 00:00:00+00:00, run_after=2026-04-09 00:00:00+00:00
[2026-04-08T09:08:03.483+0000] {processor.py:183} INFO - Processing /opt/airflow/dags/pipeline.py took 2.090 seconds
[2026-04-08T09:08:35.425+0000] {processor.py:161} INFO - Started process (PID=1039) to work on /opt/airflow/dags/pipeline.py
[2026-04-08T09:08:35.455+0000] {processor.py:830} INFO - Processing file /opt/airflow/dags/pipeline.py for tasks to queue
[2026-04-08T09:08:36.014+0000] {logging_mixin.py:188} INFO - [2026-04-08T09:08:36.006+0000] {dagbag.py:545} INFO - Filling up the DagBag from /opt/airflow/dags/pipeline.py
[2026-04-08T09:08:44.172+0000] {processor.py:840} INFO - DAG(s) 'pipeline' retrieved from /opt/airflow/dags/pipeline.py
[2026-04-08T09:08:44.283+0000] {logging_mixin.py:188} INFO - [2026-04-08T09:08:44.282+0000] {dag.py:3089} INFO - Sync 1 DAGs
[2026-04-08T09:08:44.348+0000] {logging_mixin.py:188} INFO - [2026-04-08T09:08:44.348+0000] {dag.py:3947} INFO - Setting next_dagrun for pipeline to 2026-04-08 00:00:00+00:00, run_after=2026-04-09 00:00:00+00:00
[2026-04-08T09:08:44.423+0000] {processor.py:183} INFO - Processing /opt/airflow/dags/pipeline.py took 9.792 seconds
[2026-04-08T09:09:15.032+0000] {processor.py:161} INFO - Started process (PID=1055) to work on /opt/airflow/dags/pipeline.py
[2026-04-08T09:09:15.034+0000] {processor.py:830} INFO - Processing file /opt/airflow/dags/pipeline.py for tasks to queue
[2026-04-08T09:09:15.038+0000] {logging_mixin.py:188} INFO - [2026-04-08T09:09:15.037+0000] {dagbag.py:545} INFO - Filling up the DagBag from /opt/airflow/dags/pipeline.py
[2026-04-08T09:09:16.620+0000] {processor.py:840} INFO - DAG(s) 'pipeline' retrieved from /opt/airflow/dags/pipeline.py
[2026-04-08T09:09:16.722+0000] {logging_mixin.py:188} INFO - [2026-04-08T09:09:16.721+0000] {dag.py:3089} INFO - Sync 1 DAGs
[2026-04-08T09:09:16.765+0000] {logging_mixin.py:188} INFO - [2026-04-08T09:09:16.765+0000] {dag.py:3947} INFO - Setting next_dagrun for pipeline to 2026-04-08 00:00:00+00:00, run_after=2026-04-09 00:00:00+00:00
[2026-04-08T09:09:16.835+0000] {processor.py:183} INFO - Processing /opt/airflow/dags/pipeline.py took 1.814 seconds
[2026-04-08T09:09:47.581+0000] {processor.py:161} INFO - Started process (PID=1066) to work on /opt/airflow/dags/pipeline.py
[2026-04-08T09:09:47.584+0000] {processor.py:830} INFO - Processing file /opt/airflow/dags/pipeline.py for tasks to queue
[2026-04-08T09:09:47.590+0000] {logging_mixin.py:188} INFO - [2026-04-08T09:09:47.589+0000] {dagbag.py:545} INFO - Filling up the DagBag from /opt/airflow/dags/pipeline.py
[2026-04-08T09:09:49.551+0000] {processor.py:840} INFO - DAG(s) 'pipeline' retrieved from /opt/airflow/dags/pipeline.py
[2026-04-08T09:09:49.813+0000] {logging_mixin.py:188} INFO - [2026-04-08T09:09:49.813+0000] {dag.py:3089} INFO - Sync 1 DAGs
[2026-04-08T09:09:49.879+0000] {logging_mixin.py:188} INFO - [2026-04-08T09:09:49.879+0000] {dag.py:3947} INFO - Setting next_dagrun for pipeline to 2026-04-08 00:00:00+00:00, run_after=2026-04-09 00:00:00+00:00
[2026-04-08T09:09:49.949+0000] {processor.py:183} INFO - Processing /opt/airflow/dags/pipeline.py took 2.388 seconds
[2026-04-08T09:10:20.464+0000] {processor.py:161} INFO - Started process (PID=1077) to work on /opt/airflow/dags/pipeline.py
[2026-04-08T09:10:20.476+0000] {processor.py:830} INFO - Processing file /opt/airflow/dags/pipeline.py for tasks to queue
[2026-04-08T09:10:20.492+0000] {logging_mixin.py:188} INFO - [2026-04-08T09:10:20.490+0000] {dagbag.py:545} INFO - Filling up the DagBag from /opt/airflow/dags/pipeline.py
[2026-04-08T09:10:24.958+0000] {processor.py:840} INFO - DAG(s) 'pipeline' retrieved from /opt/airflow/dags/pipeline.py
[2026-04-08T09:10:25.192+0000] {logging_mixin.py:188} INFO - [2026-04-08T09:10:25.191+0000] {dag.py:3089} INFO - Sync 1 DAGs
[2026-04-08T09:10:25.291+0000] {logging_mixin.py:188} INFO - [2026-04-08T09:10:25.291+0000] {dag.py:3947} INFO - Setting next_dagrun for pipeline to 2026-04-08 00:00:00+00:00, run_after=2026-04-09 00:00:00+00:00
[2026-04-08T09:10:25.369+0000] {processor.py:183} INFO - Processing /opt/airflow/dags/pipeline.py took 4.945 seconds
[2026-04-08T09:10:56.479+0000] {processor.py:161} INFO - Started process (PID=1088) to work on /opt/airflow/dags/pipeline.py
[2026-04-08T09:10:56.481+0000] {processor.py:830} INFO - Processing file /opt/airflow/dags/pipeline.py for tasks to queue
[2026-04-08T09:10:56.484+0000] {logging_mixin.py:188} INFO - [2026-04-08T09:10:56.484+0000] {dagbag.py:545} INFO - Filling up the DagBag from /opt/airflow/dags/pipeline.py
[2026-04-08T09:10:58.297+0000] {processor.py:840} INFO - DAG(s) 'pipeline' retrieved from /opt/airflow/dags/pipeline.py
[2026-04-08T09:10:58.495+0000] {logging_mixin.py:188} INFO - [2026-04-08T09:10:58.494+0000] {dag.py:3089} INFO - Sync 1 DAGs
[2026-04-08T09:10:58.553+0000] {logging_mixin.py:188} INFO - [2026-04-08T09:10:58.552+0000] {dag.py:3947} INFO - Setting next_dagrun for pipeline to 2026-04-08 00:00:00+00:00, run_after=2026-04-09 00:00:00+00:00
[2026-04-08T09:10:58.621+0000] {processor.py:183} INFO - Processing /opt/airflow/dags/pipeline.py took 2.154 seconds
[2026-04-08T09:11:29.359+0000] {processor.py:161} INFO - Started process (PID=1099) to work on /opt/airflow/dags/pipeline.py
[2026-04-08T09:11:29.362+0000] {processor.py:830} INFO - Processing file /opt/airflow/dags/pipeline.py for tasks to queue
[2026-04-08T09:11:29.371+0000] {logging_mixin.py:188} INFO - [2026-04-08T09:11:29.370+0000] {dagbag.py:545} INFO - Filling up the DagBag from /opt/airflow/dags/pipeline.py
[2026-04-08T09:11:30.548+0000] {processor.py:840} INFO - DAG(s) 'pipeline' retrieved from /opt/airflow/dags/pipeline.py
[2026-04-08T09:11:30.652+0000] {logging_mixin.py:188} INFO - [2026-04-08T09:11:30.652+0000] {dag.py:3089} INFO - Sync 1 DAGs
[2026-04-08T09:11:30.692+0000] {logging_mixin.py:188} INFO - [2026-04-08T09:11:30.692+0000] {dag.py:3947} INFO - Setting next_dagrun for pipeline to 2026-04-08 00:00:00+00:00, run_after=2026-04-09 00:00:00+00:00
[2026-04-08T09:11:30.743+0000] {processor.py:183} INFO - Processing /opt/airflow/dags/pipeline.py took 1.401 seconds
[2026-04-08T09:12:00.902+0000] {processor.py:161} INFO - Started process (PID=1110) to work on /opt/airflow/dags/pipeline.py
[2026-04-08T09:12:00.905+0000] {processor.py:830} INFO - Processing file /opt/airflow/dags/pipeline.py for tasks to queue
[2026-04-08T09:12:00.911+0000] {logging_mixin.py:188} INFO - [2026-04-08T09:12:00.910+0000] {dagbag.py:545} INFO - Filling up the DagBag from /opt/airflow/dags/pipeline.py
[2026-04-08T09:12:02.375+0000] {processor.py:840} INFO - DAG(s) 'pipeline' retrieved from /opt/airflow/dags/pipeline.py
[2026-04-08T09:12:02.471+0000] {logging_mixin.py:188} INFO - [2026-04-08T09:12:02.471+0000] {dag.py:3089} INFO - Sync 1 DAGs
[2026-04-08T09:12:02.515+0000] {logging_mixin.py:188} INFO - [2026-04-08T09:12:02.515+0000] {dag.py:3947} INFO - Setting next_dagrun for pipeline to 2026-04-08 00:00:00+00:00, run_after=2026-04-09 00:00:00+00:00
[2026-04-08T09:12:02.564+0000] {processor.py:183} INFO - Processing /opt/airflow/dags/pipeline.py took 1.678 seconds
[2026-04-08T09:12:32.791+0000] {processor.py:161} INFO - Started process (PID=1121) to work on /opt/airflow/dags/pipeline.py
[2026-04-08T09:12:32.793+0000] {processor.py:830} INFO - Processing file /opt/airflow/dags/pipeline.py for tasks to queue
[2026-04-08T09:12:32.797+0000] {logging_mixin.py:188} INFO - [2026-04-08T09:12:32.796+0000] {dagbag.py:545} INFO - Filling up the DagBag from /opt/airflow/dags/pipeline.py
[2026-04-08T09:12:34.053+0000] {processor.py:840} INFO - DAG(s) 'pipeline' retrieved from /opt/airflow/dags/pipeline.py
[2026-04-08T09:12:34.165+0000] {logging_mixin.py:188} INFO - [2026-04-08T09:12:34.165+0000] {dag.py:3089} INFO - Sync 1 DAGs
[2026-04-08T09:12:34.210+0000] {logging_mixin.py:188} INFO - [2026-04-08T09:12:34.210+0000] {dag.py:3947} INFO - Setting next_dagrun for pipeline to 2026-04-08 00:00:00+00:00, run_after=2026-04-09 00:00:00+00:00
[2026-04-08T09:12:34.264+0000] {processor.py:183} INFO - Processing /opt/airflow/dags/pipeline.py took 1.484 seconds
[2026-04-08T09:13:05.080+0000] {processor.py:161} INFO - Started process (PID=1132) to work on /opt/airflow/dags/pipeline.py
[2026-04-08T09:13:05.083+0000] {processor.py:830} INFO - Processing file /opt/airflow/dags/pipeline.py for tasks to queue
[2026-04-08T09:13:05.089+0000] {logging_mixin.py:188} INFO - [2026-04-08T09:13:05.088+0000] {dagbag.py:545} INFO - Filling up the DagBag from /opt/airflow/dags/pipeline.py
[2026-04-08T09:13:06.367+0000] {processor.py:840} INFO - DAG(s) 'pipeline' retrieved from /opt/airflow/dags/pipeline.py
[2026-04-08T09:13:06.455+0000] {logging_mixin.py:188} INFO - [2026-04-08T09:13:06.455+0000] {dag.py:3089} INFO - Sync 1 DAGs
[2026-04-08T09:13:06.503+0000] {logging_mixin.py:188} INFO - [2026-04-08T09:13:06.503+0000] {dag.py:3947} INFO - Setting next_dagrun for pipeline to 2026-04-08 00:00:00+00:00, run_after=2026-04-09 00:00:00+00:00
[2026-04-08T09:13:06.562+0000] {processor.py:183} INFO - Processing /opt/airflow/dags/pipeline.py took 1.501 seconds
[2026-04-08T09:13:36.841+0000] {processor.py:161} INFO - Started process (PID=1143) to work on /opt/airflow/dags/pipeline.py
[2026-04-08T09:13:36.845+0000] {processor.py:830} INFO - Processing file /opt/airflow/dags/pipeline.py for tasks to queue
[2026-04-08T09:13:36.855+0000] {logging_mixin.py:188} INFO - [2026-04-08T09:13:36.854+0000] {dagbag.py:545} INFO - Filling up the DagBag from /opt/airflow/dags/pipeline.py
[2026-04-08T09:13:38.191+0000] {processor.py:840} INFO - DAG(s) 'pipeline' retrieved from /opt/airflow/dags/pipeline.py
[2026-04-08T09:13:38.288+0000] {logging_mixin.py:188} INFO - [2026-04-08T09:13:38.288+0000] {dag.py:3089} INFO - Sync 1 DAGs
[2026-04-08T09:13:38.329+0000] {logging_mixin.py:188} INFO - [2026-04-08T09:13:38.329+0000] {dag.py:3947} INFO - Setting next_dagrun for pipeline to 2026-04-08 00:00:00+00:00, run_after=2026-04-09 00:00:00+00:00
[2026-04-08T09:13:38.399+0000] {processor.py:183} INFO - Processing /opt/airflow/dags/pipeline.py took 1.590 seconds
[2026-04-08T09:14:09.107+0000] {processor.py:161} INFO - Started process (PID=1154) to work on /opt/airflow/dags/pipeline.py
[2026-04-08T09:14:09.109+0000] {processor.py:830} INFO - Processing file /opt/airflow/dags/pipeline.py for tasks to queue
[2026-04-08T09:14:09.115+0000] {logging_mixin.py:188} INFO - [2026-04-08T09:14:09.114+0000] {dagbag.py:545} INFO - Filling up the DagBag from /opt/airflow/dags/pipeline.py
[2026-04-08T09:14:10.905+0000] {processor.py:840} INFO - DAG(s) 'pipeline' retrieved from /opt/airflow/dags/pipeline.py
[2026-04-08T09:14:11.075+0000] {logging_mixin.py:188} INFO - [2026-04-08T09:14:11.074+0000] {dag.py:3089} INFO - Sync 1 DAGs
[2026-04-08T09:14:11.208+0000] {logging_mixin.py:188} INFO - [2026-04-08T09:14:11.207+0000] {dag.py:3947} INFO - Setting next_dagrun for pipeline to 2026-04-08 00:00:00+00:00, run_after=2026-04-09 00:00:00+00:00
[2026-04-08T09:14:11.399+0000] {processor.py:183} INFO - Processing /opt/airflow/dags/pipeline.py took 2.318 seconds
[2026-04-08T09:14:42.032+0000] {processor.py:161} INFO - Started process (PID=1165) to work on /opt/airflow/dags/pipeline.py
[2026-04-08T09:14:42.037+0000] {processor.py:830} INFO - Processing file /opt/airflow/dags/pipeline.py for tasks to queue
[2026-04-08T09:14:42.046+0000] {logging_mixin.py:188} INFO - [2026-04-08T09:14:42.045+0000] {dagbag.py:545} INFO - Filling up the DagBag from /opt/airflow/dags/pipeline.py
[2026-04-08T09:14:43.748+0000] {processor.py:840} INFO - DAG(s) 'pipeline' retrieved from /opt/airflow/dags/pipeline.py
[2026-04-08T09:14:43.855+0000] {logging_mixin.py:188} INFO - [2026-04-08T09:14:43.855+0000] {dag.py:3089} INFO - Sync 1 DAGs
[2026-04-08T09:14:43.903+0000] {logging_mixin.py:188} INFO - [2026-04-08T09:14:43.903+0000] {dag.py:3947} INFO - Setting next_dagrun for pipeline to 2026-04-08 00:00:00+00:00, run_after=2026-04-09 00:00:00+00:00
[2026-04-08T09:14:43.959+0000] {processor.py:183} INFO - Processing /opt/airflow/dags/pipeline.py took 2.007 seconds
[2026-04-08T09:15:14.636+0000] {processor.py:161} INFO - Started process (PID=1176) to work on /opt/airflow/dags/pipeline.py
[2026-04-08T09:15:14.639+0000] {processor.py:830} INFO - Processing file /opt/airflow/dags/pipeline.py for tasks to queue
[2026-04-08T09:15:14.646+0000] {logging_mixin.py:188} INFO - [2026-04-08T09:15:14.645+0000] {dagbag.py:545} INFO - Filling up the DagBag from /opt/airflow/dags/pipeline.py
[2026-04-08T09:15:16.265+0000] {processor.py:840} INFO - DAG(s) 'pipeline' retrieved from /opt/airflow/dags/pipeline.py
[2026-04-08T09:15:16.395+0000] {logging_mixin.py:188} INFO - [2026-04-08T09:15:16.395+0000] {dag.py:3089} INFO - Sync 1 DAGs
[2026-04-08T09:15:16.436+0000] {logging_mixin.py:188} INFO - [2026-04-08T09:15:16.436+0000] {dag.py:3947} INFO - Setting next_dagrun for pipeline to 2026-04-08 00:00:00+00:00, run_after=2026-04-09 00:00:00+00:00
[2026-04-08T09:15:16.493+0000] {processor.py:183} INFO - Processing /opt/airflow/dags/pipeline.py took 1.888 seconds
[2026-04-08T09:15:46.581+0000] {processor.py:161} INFO - Started process (PID=1187) to work on /opt/airflow/dags/pipeline.py
[2026-04-08T09:15:46.584+0000] {processor.py:830} INFO - Processing file /opt/airflow/dags/pipeline.py for tasks to queue
[2026-04-08T09:15:46.590+0000] {logging_mixin.py:188} INFO - [2026-04-08T09:15:46.589+0000] {dagbag.py:545} INFO - Filling up the DagBag from /opt/airflow/dags/pipeline.py
[2026-04-08T09:15:47.937+0000] {processor.py:840} INFO - DAG(s) 'pipeline' retrieved from /opt/airflow/dags/pipeline.py
[2026-04-08T09:15:48.030+0000] {logging_mixin.py:188} INFO - [2026-04-08T09:15:48.030+0000] {dag.py:3089} INFO - Sync 1 DAGs
[2026-04-08T09:15:48.072+0000] {logging_mixin.py:188} INFO - [2026-04-08T09:15:48.072+0000] {dag.py:3947} INFO - Setting next_dagrun for pipeline to 2026-04-08 00:00:00+00:00, run_after=2026-04-09 00:00:00+00:00
[2026-04-08T09:15:48.127+0000] {processor.py:183} INFO - Processing /opt/airflow/dags/pipeline.py took 1.562 seconds
[2026-04-08T09:16:18.340+0000] {processor.py:161} INFO - Started process (PID=1198) to work on /opt/airflow/dags/pipeline.py
[2026-04-08T09:16:18.343+0000] {processor.py:830} INFO - Processing file /opt/airflow/dags/pipeline.py for tasks to queue
[2026-04-08T09:16:18.349+0000] {logging_mixin.py:188} INFO - [2026-04-08T09:16:18.348+0000] {dagbag.py:545} INFO - Filling up the DagBag from /opt/airflow/dags/pipeline.py
[2026-04-08T09:16:19.605+0000] {processor.py:840} INFO - DAG(s) 'pipeline' retrieved from /opt/airflow/dags/pipeline.py
[2026-04-08T09:16:19.686+0000] {logging_mixin.py:188} INFO - [2026-04-08T09:16:19.686+0000] {dag.py:3089} INFO - Sync 1 DAGs
[2026-04-08T09:16:19.725+0000] {logging_mixin.py:188} INFO - [2026-04-08T09:16:19.725+0000] {dag.py:3947} INFO - Setting next_dagrun for pipeline to 2026-04-08 00:00:00+00:00, run_after=2026-04-09 00:00:00+00:00
[2026-04-08T09:16:19.767+0000] {processor.py:183} INFO - Processing /opt/airflow/dags/pipeline.py took 1.445 seconds
[2026-04-08T09:16:50.502+0000] {processor.py:161} INFO - Started process (PID=1209) to work on /opt/airflow/dags/pipeline.py
[2026-04-08T09:16:50.504+0000] {processor.py:830} INFO - Processing file /opt/airflow/dags/pipeline.py for tasks to queue
[2026-04-08T09:16:50.509+0000] {logging_mixin.py:188} INFO - [2026-04-08T09:16:50.508+0000] {dagbag.py:545} INFO - Filling up the DagBag from /opt/airflow/dags/pipeline.py
[2026-04-08T09:16:51.770+0000] {processor.py:840} INFO - DAG(s) 'pipeline' retrieved from /opt/airflow/dags/pipeline.py
[2026-04-08T09:16:51.903+0000] {logging_mixin.py:188} INFO - [2026-04-08T09:16:51.902+0000] {dag.py:3089} INFO - Sync 1 DAGs
[2026-04-08T09:16:51.959+0000] {logging_mixin.py:188} INFO - [2026-04-08T09:16:51.959+0000] {dag.py:3947} INFO - Setting next_dagrun for pipeline to 2026-04-08 00:00:00+00:00, run_after=2026-04-09 00:00:00+00:00
[2026-04-08T09:16:52.010+0000] {processor.py:183} INFO - Processing /opt/airflow/dags/pipeline.py took 1.519 seconds
[2026-04-08T09:17:22.498+0000] {processor.py:161} INFO - Started process (PID=1223) to work on /opt/airflow/dags/pipeline.py
[2026-04-08T09:17:22.500+0000] {processor.py:830} INFO - Processing file /opt/airflow/dags/pipeline.py for tasks to queue
[2026-04-08T09:17:22.505+0000] {logging_mixin.py:188} INFO - [2026-04-08T09:17:22.504+0000] {dagbag.py:545} INFO - Filling up the DagBag from /opt/airflow/dags/pipeline.py
[2026-04-08T09:17:25.477+0000] {processor.py:840} INFO - DAG(s) 'pipeline' retrieved from /opt/airflow/dags/pipeline.py
[2026-04-08T09:17:25.684+0000] {logging_mixin.py:188} INFO - [2026-04-08T09:17:25.684+0000] {dag.py:3089} INFO - Sync 1 DAGs
[2026-04-08T09:17:25.752+0000] {logging_mixin.py:188} INFO - [2026-04-08T09:17:25.752+0000] {dag.py:3947} INFO - Setting next_dagrun for pipeline to 2026-04-08 00:00:00+00:00, run_after=2026-04-09 00:00:00+00:00
[2026-04-08T09:17:25.823+0000] {processor.py:183} INFO - Processing /opt/airflow/dags/pipeline.py took 3.342 seconds
[2026-04-08T09:17:56.466+0000] {processor.py:161} INFO - Started process (PID=1236) to work on /opt/airflow/dags/pipeline.py
[2026-04-08T09:17:56.474+0000] {processor.py:830} INFO - Processing file /opt/airflow/dags/pipeline.py for tasks to queue
[2026-04-08T09:17:56.483+0000] {logging_mixin.py:188} INFO - [2026-04-08T09:17:56.481+0000] {dagbag.py:545} INFO - Filling up the DagBag from /opt/airflow/dags/pipeline.py
[2026-04-08T09:17:58.470+0000] {processor.py:840} INFO - DAG(s) 'pipeline' retrieved from /opt/airflow/dags/pipeline.py
[2026-04-08T09:17:58.564+0000] {logging_mixin.py:188} INFO - [2026-04-08T09:17:58.564+0000] {dag.py:3089} INFO - Sync 1 DAGs
[2026-04-08T09:17:58.604+0000] {logging_mixin.py:188} INFO - [2026-04-08T09:17:58.604+0000] {dag.py:3947} INFO - Setting next_dagrun for pipeline to 2026-04-08 00:00:00+00:00, run_after=2026-04-09 00:00:00+00:00
[2026-04-08T09:17:58.659+0000] {processor.py:183} INFO - Processing /opt/airflow/dags/pipeline.py took 2.228 seconds
[2026-04-08T09:18:29.037+0000] {processor.py:161} INFO - Started process (PID=1252) to work on /opt/airflow/dags/pipeline.py
[2026-04-08T09:18:29.038+0000] {processor.py:830} INFO - Processing file /opt/airflow/dags/pipeline.py for tasks to queue
[2026-04-08T09:18:29.041+0000] {logging_mixin.py:188} INFO - [2026-04-08T09:18:29.040+0000] {dagbag.py:545} INFO - Filling up the DagBag from /opt/airflow/dags/pipeline.py
[2026-04-08T09:18:30.364+0000] {processor.py:840} INFO - DAG(s) 'pipeline' retrieved from /opt/airflow/dags/pipeline.py
[2026-04-08T09:18:30.452+0000] {logging_mixin.py:188} INFO - [2026-04-08T09:18:30.451+0000] {dag.py:3089} INFO - Sync 1 DAGs
[2026-04-08T09:18:30.490+0000] {logging_mixin.py:188} INFO - [2026-04-08T09:18:30.490+0000] {dag.py:3947} INFO - Setting next_dagrun for pipeline to 2026-04-08 00:00:00+00:00, run_after=2026-04-09 00:00:00+00:00
[2026-04-08T09:18:30.549+0000] {processor.py:183} INFO - Processing /opt/airflow/dags/pipeline.py took 1.521 seconds
[2026-04-08T09:19:00.991+0000] {processor.py:161} INFO - Started process (PID=1264) to work on /opt/airflow/dags/pipeline.py
[2026-04-08T09:19:00.994+0000] {processor.py:830} INFO - Processing file /opt/airflow/dags/pipeline.py for tasks to queue
[2026-04-08T09:19:01.001+0000] {logging_mixin.py:188} INFO - [2026-04-08T09:19:01.000+0000] {dagbag.py:545} INFO - Filling up the DagBag from /opt/airflow/dags/pipeline.py
[2026-04-08T09:19:02.621+0000] {processor.py:840} INFO - DAG(s) 'pipeline' retrieved from /opt/airflow/dags/pipeline.py
[2026-04-08T09:19:02.716+0000] {logging_mixin.py:188} INFO - [2026-04-08T09:19:02.716+0000] {dag.py:3089} INFO - Sync 1 DAGs
[2026-04-08T09:19:02.760+0000] {logging_mixin.py:188} INFO - [2026-04-08T09:19:02.759+0000] {dag.py:3947} INFO - Setting next_dagrun for pipeline to 2026-04-08 00:00:00+00:00, run_after=2026-04-09 00:00:00+00:00
[2026-04-08T09:19:02.819+0000] {processor.py:183} INFO - Processing /opt/airflow/dags/pipeline.py took 1.848 seconds
[2026-04-08T09:19:33.229+0000] {processor.py:161} INFO - Started process (PID=1275) to work on /opt/airflow/dags/pipeline.py
[2026-04-08T09:19:33.231+0000] {processor.py:830} INFO - Processing file /opt/airflow/dags/pipeline.py for tasks to queue
[2026-04-08T09:19:33.235+0000] {logging_mixin.py:188} INFO - [2026-04-08T09:19:33.235+0000] {dagbag.py:545} INFO - Filling up the DagBag from /opt/airflow/dags/pipeline.py
[2026-04-08T09:19:35.055+0000] {processor.py:840} INFO - DAG(s) 'pipeline' retrieved from /opt/airflow/dags/pipeline.py
[2026-04-08T09:19:35.275+0000] {logging_mixin.py:188} INFO - [2026-04-08T09:19:35.274+0000] {dag.py:3089} INFO - Sync 1 DAGs
[2026-04-08T09:19:35.351+0000] {logging_mixin.py:188} INFO - [2026-04-08T09:19:35.351+0000] {dag.py:3947} INFO - Setting next_dagrun for pipeline to 2026-04-08 00:00:00+00:00, run_after=2026-04-09 00:00:00+00:00
[2026-04-08T09:19:35.411+0000] {processor.py:183} INFO - Processing /opt/airflow/dags/pipeline.py took 2.198 seconds
[2026-04-08T09:20:05.920+0000] {processor.py:161} INFO - Started process (PID=1286) to work on /opt/airflow/dags/pipeline.py
[2026-04-08T09:20:05.923+0000] {processor.py:830} INFO - Processing file /opt/airflow/dags/pipeline.py for tasks to queue
[2026-04-08T09:20:05.930+0000] {logging_mixin.py:188} INFO - [2026-04-08T09:20:05.929+0000] {dagbag.py:545} INFO - Filling up the DagBag from /opt/airflow/dags/pipeline.py
[2026-04-08T09:20:07.492+0000] {processor.py:840} INFO - DAG(s) 'pipeline' retrieved from /opt/airflow/dags/pipeline.py
[2026-04-08T09:20:07.621+0000] {logging_mixin.py:188} INFO - [2026-04-08T09:20:07.620+0000] {dag.py:3089} INFO - Sync 1 DAGs
[2026-04-08T09:20:07.666+0000] {logging_mixin.py:188} INFO - [2026-04-08T09:20:07.666+0000] {dag.py:3947} INFO - Setting next_dagrun for pipeline to 2026-04-08 00:00:00+00:00, run_after=2026-04-09 00:00:00+00:00
[2026-04-08T09:20:07.716+0000] {processor.py:183} INFO - Processing /opt/airflow/dags/pipeline.py took 1.815 seconds
[2026-04-08T09:20:38.044+0000] {processor.py:161} INFO - Started process (PID=1297) to work on /opt/airflow/dags/pipeline.py
[2026-04-08T09:20:38.047+0000] {processor.py:830} INFO - Processing file /opt/airflow/dags/pipeline.py for tasks to queue
[2026-04-08T09:20:38.052+0000] {logging_mixin.py:188} INFO - [2026-04-08T09:20:38.051+0000] {dagbag.py:545} INFO - Filling up the DagBag from /opt/airflow/dags/pipeline.py
[2026-04-08T09:20:39.459+0000] {processor.py:840} INFO - DAG(s) 'pipeline' retrieved from /opt/airflow/dags/pipeline.py
[2026-04-08T09:20:39.538+0000] {logging_mixin.py:188} INFO - [2026-04-08T09:20:39.538+0000] {dag.py:3089} INFO - Sync 1 DAGs
[2026-04-08T09:20:39.573+0000] {logging_mixin.py:188} INFO - [2026-04-08T09:20:39.573+0000] {dag.py:3947} INFO - Setting next_dagrun for pipeline to 2026-04-08 00:00:00+00:00, run_after=2026-04-09 00:00:00+00:00
[2026-04-08T09:20:39.616+0000] {processor.py:183} INFO - Processing /opt/airflow/dags/pipeline.py took 1.592 seconds
[2026-04-08T09:21:10.853+0000] {processor.py:161} INFO - Started process (PID=1317) to work on /opt/airflow/dags/pipeline.py
[2026-04-08T09:21:10.857+0000] {processor.py:830} INFO - Processing file /opt/airflow/dags/pipeline.py for tasks to queue
[2026-04-08T09:21:10.897+0000] {logging_mixin.py:188} INFO - [2026-04-08T09:21:10.890+0000] {dagbag.py:545} INFO - Filling up the DagBag from /opt/airflow/dags/pipeline.py
[2026-04-08T09:21:22.037+0000] {processor.py:840} INFO - DAG(s) 'pipeline' retrieved from /opt/airflow/dags/pipeline.py
[2026-04-08T09:21:23.057+0000] {logging_mixin.py:188} INFO - [2026-04-08T09:21:23.057+0000] {dag.py:3089} INFO - Sync 1 DAGs
[2026-04-08T09:21:23.256+0000] {logging_mixin.py:188} INFO - [2026-04-08T09:21:23.253+0000] {dag.py:3947} INFO - Setting next_dagrun for pipeline to 2026-04-08 00:00:00+00:00, run_after=2026-04-09 00:00:00+00:00
[2026-04-08T09:21:23.703+0000] {processor.py:183} INFO - Processing /opt/airflow/dags/pipeline.py took 12.960 seconds
[2026-04-08T09:21:54.626+0000] {processor.py:161} INFO - Started process (PID=1328) to work on /opt/airflow/dags/pipeline.py
[2026-04-08T09:21:54.631+0000] {processor.py:830} INFO - Processing file /opt/airflow/dags/pipeline.py for tasks to queue
[2026-04-08T09:21:54.644+0000] {logging_mixin.py:188} INFO - [2026-04-08T09:21:54.642+0000] {dagbag.py:545} INFO - Filling up the DagBag from /opt/airflow/dags/pipeline.py
[2026-04-08T09:21:56.315+0000] {processor.py:840} INFO - DAG(s) 'pipeline' retrieved from /opt/airflow/dags/pipeline.py
[2026-04-08T09:21:56.416+0000] {logging_mixin.py:188} INFO - [2026-04-08T09:21:56.416+0000] {dag.py:3089} INFO - Sync 1 DAGs
[2026-04-08T09:21:56.462+0000] {logging_mixin.py:188} INFO - [2026-04-08T09:21:56.462+0000] {dag.py:3947} INFO - Setting next_dagrun for pipeline to 2026-04-08 00:00:00+00:00, run_after=2026-04-09 00:00:00+00:00
[2026-04-08T09:21:56.516+0000] {processor.py:183} INFO - Processing /opt/airflow/dags/pipeline.py took 1.956 seconds
[2026-04-08T09:22:27.205+0000] {processor.py:161} INFO - Started process (PID=1339) to work on /opt/airflow/dags/pipeline.py
[2026-04-08T09:22:27.208+0000] {processor.py:830} INFO - Processing file /opt/airflow/dags/pipeline.py for tasks to queue
[2026-04-08T09:22:27.212+0000] {logging_mixin.py:188} INFO - [2026-04-08T09:22:27.212+0000] {dagbag.py:545} INFO - Filling up the DagBag from /opt/airflow/dags/pipeline.py
[2026-04-08T09:22:29.270+0000] {processor.py:840} INFO - DAG(s) 'pipeline' retrieved from /opt/airflow/dags/pipeline.py
[2026-04-08T09:22:29.389+0000] {logging_mixin.py:188} INFO - [2026-04-08T09:22:29.388+0000] {dag.py:3089} INFO - Sync 1 DAGs
[2026-04-08T09:22:29.444+0000] {logging_mixin.py:188} INFO - [2026-04-08T09:22:29.444+0000] {dag.py:3947} INFO - Setting next_dagrun for pipeline to 2026-04-08 00:00:00+00:00, run_after=2026-04-09 00:00:00+00:00
[2026-04-08T09:22:29.512+0000] {processor.py:183} INFO - Processing /opt/airflow/dags/pipeline.py took 2.331 seconds
[2026-04-08T09:22:59.766+0000] {processor.py:161} INFO - Started process (PID=1350) to work on /opt/airflow/dags/pipeline.py
[2026-04-08T09:22:59.770+0000] {processor.py:830} INFO - Processing file /opt/airflow/dags/pipeline.py for tasks to queue
[2026-04-08T09:22:59.780+0000] {logging_mixin.py:188} INFO - [2026-04-08T09:22:59.778+0000] {dagbag.py:545} INFO - Filling up the DagBag from /opt/airflow/dags/pipeline.py
[2026-04-08T09:23:01.068+0000] {processor.py:840} INFO - DAG(s) 'pipeline' retrieved from /opt/airflow/dags/pipeline.py
[2026-04-08T09:23:01.187+0000] {logging_mixin.py:188} INFO - [2026-04-08T09:23:01.187+0000] {dag.py:3089} INFO - Sync 1 DAGs
[2026-04-08T09:23:01.289+0000] {logging_mixin.py:188} INFO - [2026-04-08T09:23:01.288+0000] {dag.py:3947} INFO - Setting next_dagrun for pipeline to 2026-04-08 00:00:00+00:00, run_after=2026-04-09 00:00:00+00:00
[2026-04-08T09:23:01.358+0000] {processor.py:183} INFO - Processing /opt/airflow/dags/pipeline.py took 1.626 seconds
[2026-04-08T09:23:31.599+0000] {processor.py:161} INFO - Started process (PID=1361) to work on /opt/airflow/dags/pipeline.py
[2026-04-08T09:23:31.601+0000] {processor.py:830} INFO - Processing file /opt/airflow/dags/pipeline.py for tasks to queue
[2026-04-08T09:23:31.607+0000] {logging_mixin.py:188} INFO - [2026-04-08T09:23:31.605+0000] {dagbag.py:545} INFO - Filling up the DagBag from /opt/airflow/dags/pipeline.py
[2026-04-08T09:23:32.748+0000] {processor.py:840} INFO - DAG(s) 'pipeline' retrieved from /opt/airflow/dags/pipeline.py
[2026-04-08T09:23:32.826+0000] {logging_mixin.py:188} INFO - [2026-04-08T09:23:32.825+0000] {dag.py:3089} INFO - Sync 1 DAGs
[2026-04-08T09:23:32.859+0000] {logging_mixin.py:188} INFO - [2026-04-08T09:23:32.859+0000] {dag.py:3947} INFO - Setting next_dagrun for pipeline to 2026-04-08 00:00:00+00:00, run_after=2026-04-09 00:00:00+00:00
[2026-04-08T09:23:32.898+0000] {processor.py:183} INFO - Processing /opt/airflow/dags/pipeline.py took 1.322 seconds
[2026-04-08T09:24:03.194+0000] {processor.py:161} INFO - Started process (PID=1372) to work on /opt/airflow/dags/pipeline.py
[2026-04-08T09:24:03.202+0000] {processor.py:830} INFO - Processing file /opt/airflow/dags/pipeline.py for tasks to queue
[2026-04-08T09:24:03.209+0000] {logging_mixin.py:188} INFO - [2026-04-08T09:24:03.208+0000] {dagbag.py:545} INFO - Filling up the DagBag from /opt/airflow/dags/pipeline.py
[2026-04-08T09:24:09.037+0000] {processor.py:840} INFO - DAG(s) 'pipeline' retrieved from /opt/airflow/dags/pipeline.py
[2026-04-08T09:24:09.267+0000] {logging_mixin.py:188} INFO - [2026-04-08T09:24:09.266+0000] {dag.py:3089} INFO - Sync 1 DAGs
[2026-04-08T09:24:09.345+0000] {logging_mixin.py:188} INFO - [2026-04-08T09:24:09.344+0000] {dag.py:3947} INFO - Setting next_dagrun for pipeline to 2026-04-08 00:00:00+00:00, run_after=2026-04-09 00:00:00+00:00
[2026-04-08T09:24:09.427+0000] {processor.py:183} INFO - Processing /opt/airflow/dags/pipeline.py took 6.275 seconds
[2026-04-08T09:24:40.055+0000] {processor.py:161} INFO - Started process (PID=1388) to work on /opt/airflow/dags/pipeline.py
[2026-04-08T09:24:40.056+0000] {processor.py:830} INFO - Processing file /opt/airflow/dags/pipeline.py for tasks to queue
[2026-04-08T09:24:40.060+0000] {logging_mixin.py:188} INFO - [2026-04-08T09:24:40.059+0000] {dagbag.py:545} INFO - Filling up the DagBag from /opt/airflow/dags/pipeline.py
[2026-04-08T09:24:41.588+0000] {processor.py:840} INFO - DAG(s) 'pipeline' retrieved from /opt/airflow/dags/pipeline.py
[2026-04-08T09:24:41.713+0000] {logging_mixin.py:188} INFO - [2026-04-08T09:24:41.712+0000] {dag.py:3089} INFO - Sync 1 DAGs
[2026-04-08T09:24:41.754+0000] {logging_mixin.py:188} INFO - [2026-04-08T09:24:41.754+0000] {dag.py:3947} INFO - Setting next_dagrun for pipeline to 2026-04-08 00:00:00+00:00, run_after=2026-04-09 00:00:00+00:00
[2026-04-08T09:24:41.800+0000] {processor.py:183} INFO - Processing /opt/airflow/dags/pipeline.py took 1.757 seconds
[2026-04-08T09:25:12.187+0000] {processor.py:161} INFO - Started process (PID=1399) to work on /opt/airflow/dags/pipeline.py
[2026-04-08T09:25:12.188+0000] {processor.py:830} INFO - Processing file /opt/airflow/dags/pipeline.py for tasks to queue
[2026-04-08T09:25:12.191+0000] {logging_mixin.py:188} INFO - [2026-04-08T09:25:12.191+0000] {dagbag.py:545} INFO - Filling up the DagBag from /opt/airflow/dags/pipeline.py
[2026-04-08T09:25:13.262+0000] {processor.py:840} INFO - DAG(s) 'pipeline' retrieved from /opt/airflow/dags/pipeline.py
[2026-04-08T09:25:13.369+0000] {logging_mixin.py:188} INFO - [2026-04-08T09:25:13.368+0000] {dag.py:3089} INFO - Sync 1 DAGs
[2026-04-08T09:25:13.415+0000] {logging_mixin.py:188} INFO - [2026-04-08T09:25:13.415+0000] {dag.py:3947} INFO - Setting next_dagrun for pipeline to 2026-04-08 00:00:00+00:00, run_after=2026-04-09 00:00:00+00:00
[2026-04-08T09:25:13.458+0000] {processor.py:183} INFO - Processing /opt/airflow/dags/pipeline.py took 1.280 seconds
[2026-04-08T09:25:43.773+0000] {processor.py:161} INFO - Started process (PID=1410) to work on /opt/airflow/dags/pipeline.py
[2026-04-08T09:25:43.778+0000] {processor.py:830} INFO - Processing file /opt/airflow/dags/pipeline.py for tasks to queue
[2026-04-08T09:25:43.790+0000] {logging_mixin.py:188} INFO - [2026-04-08T09:25:43.789+0000] {dagbag.py:545} INFO - Filling up the DagBag from /opt/airflow/dags/pipeline.py
[2026-04-08T09:25:45.422+0000] {processor.py:840} INFO - DAG(s) 'pipeline' retrieved from /opt/airflow/dags/pipeline.py
[2026-04-08T09:25:45.517+0000] {logging_mixin.py:188} INFO - [2026-04-08T09:25:45.517+0000] {dag.py:3089} INFO - Sync 1 DAGs
[2026-04-08T09:25:45.556+0000] {logging_mixin.py:188} INFO - [2026-04-08T09:25:45.556+0000] {dag.py:3947} INFO - Setting next_dagrun for pipeline to 2026-04-08 00:00:00+00:00, run_after=2026-04-09 00:00:00+00:00
[2026-04-08T09:25:45.608+0000] {processor.py:183} INFO - Processing /opt/airflow/dags/pipeline.py took 1.869 seconds
[2026-04-08T09:26:15.836+0000] {processor.py:161} INFO - Started process (PID=1421) to work on /opt/airflow/dags/pipeline.py
[2026-04-08T09:26:15.840+0000] {processor.py:830} INFO - Processing file /opt/airflow/dags/pipeline.py for tasks to queue
[2026-04-08T09:26:15.848+0000] {logging_mixin.py:188} INFO - [2026-04-08T09:26:15.847+0000] {dagbag.py:545} INFO - Filling up the DagBag from /opt/airflow/dags/pipeline.py
[2026-04-08T09:26:17.131+0000] {processor.py:840} INFO - DAG(s) 'pipeline' retrieved from /opt/airflow/dags/pipeline.py
[2026-04-08T09:26:17.213+0000] {logging_mixin.py:188} INFO - [2026-04-08T09:26:17.213+0000] {dag.py:3089} INFO - Sync 1 DAGs
[2026-04-08T09:26:17.249+0000] {logging_mixin.py:188} INFO - [2026-04-08T09:26:17.249+0000] {dag.py:3947} INFO - Setting next_dagrun for pipeline to 2026-04-08 00:00:00+00:00, run_after=2026-04-09 00:00:00+00:00
[2026-04-08T09:26:17.301+0000] {processor.py:183} INFO - Processing /opt/airflow/dags/pipeline.py took 1.492 seconds
[2026-04-08T09:26:47.832+0000] {processor.py:161} INFO - Started process (PID=1432) to work on /opt/airflow/dags/pipeline.py
[2026-04-08T09:26:47.834+0000] {processor.py:830} INFO - Processing file /opt/airflow/dags/pipeline.py for tasks to queue
[2026-04-08T09:26:47.838+0000] {logging_mixin.py:188} INFO - [2026-04-08T09:26:47.837+0000] {dagbag.py:545} INFO - Filling up the DagBag from /opt/airflow/dags/pipeline.py
[2026-04-08T09:26:49.440+0000] {processor.py:840} INFO - DAG(s) 'pipeline' retrieved from /opt/airflow/dags/pipeline.py
[2026-04-08T09:26:49.545+0000] {logging_mixin.py:188} INFO - [2026-04-08T09:26:49.545+0000] {dag.py:3089} INFO - Sync 1 DAGs
[2026-04-08T09:26:49.581+0000] {logging_mixin.py:188} INFO - [2026-04-08T09:26:49.581+0000] {dag.py:3947} INFO - Setting next_dagrun for pipeline to 2026-04-08 00:00:00+00:00, run_after=2026-04-09 00:00:00+00:00
[2026-04-08T09:26:49.654+0000] {processor.py:183} INFO - Processing /opt/airflow/dags/pipeline.py took 1.830 seconds
[2026-04-08T09:27:19.822+0000] {processor.py:161} INFO - Started process (PID=1443) to work on /opt/airflow/dags/pipeline.py
[2026-04-08T09:27:19.824+0000] {processor.py:830} INFO - Processing file /opt/airflow/dags/pipeline.py for tasks to queue
[2026-04-08T09:27:19.828+0000] {logging_mixin.py:188} INFO - [2026-04-08T09:27:19.827+0000] {dagbag.py:545} INFO - Filling up the DagBag from /opt/airflow/dags/pipeline.py
[2026-04-08T09:27:21.521+0000] {processor.py:840} INFO - DAG(s) 'pipeline' retrieved from /opt/airflow/dags/pipeline.py
[2026-04-08T09:27:21.766+0000] {logging_mixin.py:188} INFO - [2026-04-08T09:27:21.765+0000] {dag.py:3089} INFO - Sync 1 DAGs
[2026-04-08T09:27:21.866+0000] {logging_mixin.py:188} INFO - [2026-04-08T09:27:21.866+0000] {dag.py:3947} INFO - Setting next_dagrun for pipeline to 2026-04-08 00:00:00+00:00, run_after=2026-04-09 00:00:00+00:00
[2026-04-08T09:27:21.998+0000] {processor.py:183} INFO - Processing /opt/airflow/dags/pipeline.py took 2.189 seconds
[2026-04-08T09:27:52.566+0000] {processor.py:161} INFO - Started process (PID=1454) to work on /opt/airflow/dags/pipeline.py
[2026-04-08T09:27:52.569+0000] {processor.py:830} INFO - Processing file /opt/airflow/dags/pipeline.py for tasks to queue
[2026-04-08T09:27:52.574+0000] {logging_mixin.py:188} INFO - [2026-04-08T09:27:52.574+0000] {dagbag.py:545} INFO - Filling up the DagBag from /opt/airflow/dags/pipeline.py
[2026-04-08T09:27:55.512+0000] {processor.py:840} INFO - DAG(s) 'pipeline' retrieved from /opt/airflow/dags/pipeline.py
[2026-04-08T09:27:55.603+0000] {logging_mixin.py:188} INFO - [2026-04-08T09:27:55.602+0000] {dag.py:3089} INFO - Sync 1 DAGs
[2026-04-08T09:27:55.646+0000] {logging_mixin.py:188} INFO - [2026-04-08T09:27:55.646+0000] {dag.py:3947} INFO - Setting next_dagrun for pipeline to 2026-04-08 00:00:00+00:00, run_after=2026-04-09 00:00:00+00:00
[2026-04-08T09:27:55.696+0000] {processor.py:183} INFO - Processing /opt/airflow/dags/pipeline.py took 3.149 seconds
[2026-04-08T09:28:26.339+0000] {processor.py:161} INFO - Started process (PID=1465) to work on /opt/airflow/dags/pipeline.py
[2026-04-08T09:28:26.342+0000] {processor.py:830} INFO - Processing file /opt/airflow/dags/pipeline.py for tasks to queue
[2026-04-08T09:28:26.348+0000] {logging_mixin.py:188} INFO - [2026-04-08T09:28:26.347+0000] {dagbag.py:545} INFO - Filling up the DagBag from /opt/airflow/dags/pipeline.py
[2026-04-08T09:28:30.720+0000] {processor.py:840} INFO - DAG(s) 'pipeline' retrieved from /opt/airflow/dags/pipeline.py
[2026-04-08T09:28:30.881+0000] {logging_mixin.py:188} INFO - [2026-04-08T09:28:30.881+0000] {dag.py:3089} INFO - Sync 1 DAGs
[2026-04-08T09:28:30.946+0000] {logging_mixin.py:188} INFO - [2026-04-08T09:28:30.945+0000] {dag.py:3947} INFO - Setting next_dagrun for pipeline to 2026-04-08 00:00:00+00:00, run_after=2026-04-09 00:00:00+00:00
[2026-04-08T09:28:31.019+0000] {processor.py:183} INFO - Processing /opt/airflow/dags/pipeline.py took 4.700 seconds
[2026-04-08T09:29:01.327+0000] {processor.py:161} INFO - Started process (PID=1478) to work on /opt/airflow/dags/pipeline.py
[2026-04-08T09:29:01.332+0000] {processor.py:830} INFO - Processing file /opt/airflow/dags/pipeline.py for tasks to queue
[2026-04-08T09:29:01.342+0000] {logging_mixin.py:188} INFO - [2026-04-08T09:29:01.340+0000] {dagbag.py:545} INFO - Filling up the DagBag from /opt/airflow/dags/pipeline.py
[2026-04-08T09:29:06.421+0000] {processor.py:840} INFO - DAG(s) 'pipeline' retrieved from /opt/airflow/dags/pipeline.py
[2026-04-08T09:29:06.569+0000] {logging_mixin.py:188} INFO - [2026-04-08T09:29:06.568+0000] {dag.py:3089} INFO - Sync 1 DAGs
[2026-04-08T09:29:06.637+0000] {logging_mixin.py:188} INFO - [2026-04-08T09:29:06.636+0000] {dag.py:3947} INFO - Setting next_dagrun for pipeline to 2026-04-08 00:00:00+00:00, run_after=2026-04-09 00:00:00+00:00
[2026-04-08T09:29:06.723+0000] {processor.py:183} INFO - Processing /opt/airflow/dags/pipeline.py took 5.446 seconds
[2026-04-08T09:29:37.360+0000] {processor.py:161} INFO - Started process (PID=1493) to work on /opt/airflow/dags/pipeline.py
[2026-04-08T09:29:37.369+0000] {processor.py:830} INFO - Processing file /opt/airflow/dags/pipeline.py for tasks to queue
[2026-04-08T09:29:37.386+0000] {logging_mixin.py:188} INFO - [2026-04-08T09:29:37.384+0000] {dagbag.py:545} INFO - Filling up the DagBag from /opt/airflow/dags/pipeline.py
[2026-04-08T09:29:41.474+0000] {processor.py:840} INFO - DAG(s) 'pipeline' retrieved from /opt/airflow/dags/pipeline.py
[2026-04-08T09:29:41.644+0000] {logging_mixin.py:188} INFO - [2026-04-08T09:29:41.643+0000] {dag.py:3089} INFO - Sync 1 DAGs
[2026-04-08T09:29:41.714+0000] {logging_mixin.py:188} INFO - [2026-04-08T09:29:41.713+0000] {dag.py:3947} INFO - Setting next_dagrun for pipeline to 2026-04-08 00:00:00+00:00, run_after=2026-04-09 00:00:00+00:00
[2026-04-08T09:29:41.798+0000] {processor.py:183} INFO - Processing /opt/airflow/dags/pipeline.py took 4.486 seconds
[2026-04-08T09:30:12.222+0000] {processor.py:161} INFO - Started process (PID=1504) to work on /opt/airflow/dags/pipeline.py
[2026-04-08T09:30:12.224+0000] {processor.py:830} INFO - Processing file /opt/airflow/dags/pipeline.py for tasks to queue
[2026-04-08T09:30:12.230+0000] {logging_mixin.py:188} INFO - [2026-04-08T09:30:12.229+0000] {dagbag.py:545} INFO - Filling up the DagBag from /opt/airflow/dags/pipeline.py
[2026-04-08T09:30:13.503+0000] {processor.py:840} INFO - DAG(s) 'pipeline' retrieved from /opt/airflow/dags/pipeline.py
[2026-04-08T09:30:13.609+0000] {logging_mixin.py:188} INFO - [2026-04-08T09:30:13.608+0000] {dag.py:3089} INFO - Sync 1 DAGs
[2026-04-08T09:30:13.657+0000] {logging_mixin.py:188} INFO - [2026-04-08T09:30:13.656+0000] {dag.py:3947} INFO - Setting next_dagrun for pipeline to 2026-04-08 00:00:00+00:00, run_after=2026-04-09 00:00:00+00:00
[2026-04-08T09:30:13.708+0000] {processor.py:183} INFO - Processing /opt/airflow/dags/pipeline.py took 1.501 seconds
[2026-04-08T09:30:44.163+0000] {processor.py:161} INFO - Started process (PID=1515) to work on /opt/airflow/dags/pipeline.py
[2026-04-08T09:30:44.166+0000] {processor.py:830} INFO - Processing file /opt/airflow/dags/pipeline.py for tasks to queue
[2026-04-08T09:30:44.171+0000] {logging_mixin.py:188} INFO - [2026-04-08T09:30:44.170+0000] {dagbag.py:545} INFO - Filling up the DagBag from /opt/airflow/dags/pipeline.py
[2026-04-08T09:30:45.703+0000] {processor.py:840} INFO - DAG(s) 'pipeline' retrieved from /opt/airflow/dags/pipeline.py
[2026-04-08T09:30:45.802+0000] {logging_mixin.py:188} INFO - [2026-04-08T09:30:45.802+0000] {dag.py:3089} INFO - Sync 1 DAGs
[2026-04-08T09:30:45.842+0000] {logging_mixin.py:188} INFO - [2026-04-08T09:30:45.842+0000] {dag.py:3947} INFO - Setting next_dagrun for pipeline to 2026-04-08 00:00:00+00:00, run_after=2026-04-09 00:00:00+00:00
[2026-04-08T09:30:45.885+0000] {processor.py:183} INFO - Processing /opt/airflow/dags/pipeline.py took 1.742 seconds
[2026-04-08T09:31:15.998+0000] {processor.py:161} INFO - Started process (PID=1528) to work on /opt/airflow/dags/pipeline.py
[2026-04-08T09:31:16.000+0000] {processor.py:830} INFO - Processing file /opt/airflow/dags/pipeline.py for tasks to queue
[2026-04-08T09:31:16.006+0000] {logging_mixin.py:188} INFO - [2026-04-08T09:31:16.005+0000] {dagbag.py:545} INFO - Filling up the DagBag from /opt/airflow/dags/pipeline.py
[2026-04-08T09:31:19.028+0000] {processor.py:840} INFO - DAG(s) 'pipeline' retrieved from /opt/airflow/dags/pipeline.py
[2026-04-08T09:31:19.217+0000] {logging_mixin.py:188} INFO - [2026-04-08T09:31:19.217+0000] {dag.py:3089} INFO - Sync 1 DAGs
[2026-04-08T09:31:19.353+0000] {logging_mixin.py:188} INFO - [2026-04-08T09:31:19.352+0000] {dag.py:3947} INFO - Setting next_dagrun for pipeline to 2026-04-08 00:00:00+00:00, run_after=2026-04-09 00:00:00+00:00
[2026-04-08T09:31:19.569+0000] {processor.py:183} INFO - Processing /opt/airflow/dags/pipeline.py took 3.586 seconds
[2026-04-08T09:31:50.172+0000] {processor.py:161} INFO - Started process (PID=1539) to work on /opt/airflow/dags/pipeline.py
[2026-04-08T09:31:50.176+0000] {processor.py:830} INFO - Processing file /opt/airflow/dags/pipeline.py for tasks to queue
[2026-04-08T09:31:50.183+0000] {logging_mixin.py:188} INFO - [2026-04-08T09:31:50.182+0000] {dagbag.py:545} INFO - Filling up the DagBag from /opt/airflow/dags/pipeline.py
[2026-04-08T09:31:53.590+0000] {processor.py:840} INFO - DAG(s) 'pipeline' retrieved from /opt/airflow/dags/pipeline.py
[2026-04-08T09:31:53.694+0000] {logging_mixin.py:188} INFO - [2026-04-08T09:31:53.694+0000] {dag.py:3089} INFO - Sync 1 DAGs
[2026-04-08T09:31:53.736+0000] {logging_mixin.py:188} INFO - [2026-04-08T09:31:53.735+0000] {dag.py:3947} INFO - Setting next_dagrun for pipeline to 2026-04-08 00:00:00+00:00, run_after=2026-04-09 00:00:00+00:00
[2026-04-08T09:31:53.797+0000] {processor.py:183} INFO - Processing /opt/airflow/dags/pipeline.py took 3.685 seconds
[2026-04-08T09:32:24.189+0000] {processor.py:161} INFO - Started process (PID=1555) to work on /opt/airflow/dags/pipeline.py
[2026-04-08T09:32:24.191+0000] {processor.py:830} INFO - Processing file /opt/airflow/dags/pipeline.py for tasks to queue
[2026-04-08T09:32:24.195+0000] {logging_mixin.py:188} INFO - [2026-04-08T09:32:24.194+0000] {dagbag.py:545} INFO - Filling up the DagBag from /opt/airflow/dags/pipeline.py
[2026-04-08T09:32:27.321+0000] {processor.py:840} INFO - DAG(s) 'pipeline' retrieved from /opt/airflow/dags/pipeline.py
[2026-04-08T09:32:27.434+0000] {logging_mixin.py:188} INFO - [2026-04-08T09:32:27.434+0000] {dag.py:3089} INFO - Sync 1 DAGs
[2026-04-08T09:32:27.484+0000] {logging_mixin.py:188} INFO - [2026-04-08T09:32:27.483+0000] {dag.py:3947} INFO - Setting next_dagrun for pipeline to 2026-04-08 00:00:00+00:00, run_after=2026-04-09 00:00:00+00:00
[2026-04-08T09:32:27.537+0000] {processor.py:183} INFO - Processing /opt/airflow/dags/pipeline.py took 3.361 seconds
[2026-04-08T09:32:57.892+0000] {processor.py:161} INFO - Started process (PID=1566) to work on /opt/airflow/dags/pipeline.py
[2026-04-08T09:32:57.894+0000] {processor.py:830} INFO - Processing file /opt/airflow/dags/pipeline.py for tasks to queue
[2026-04-08T09:32:57.900+0000] {logging_mixin.py:188} INFO - [2026-04-08T09:32:57.899+0000] {dagbag.py:545} INFO - Filling up the DagBag from /opt/airflow/dags/pipeline.py
[2026-04-08T09:33:01.081+0000] {processor.py:840} INFO - DAG(s) 'pipeline' retrieved from /opt/airflow/dags/pipeline.py
[2026-04-08T09:33:01.411+0000] {logging_mixin.py:188} INFO - [2026-04-08T09:33:01.411+0000] {dag.py:3089} INFO - Sync 1 DAGs
[2026-04-08T09:33:01.597+0000] {logging_mixin.py:188} INFO - [2026-04-08T09:33:01.594+0000] {dag.py:3947} INFO - Setting next_dagrun for pipeline to 2026-04-08 00:00:00+00:00, run_after=2026-04-09 00:00:00+00:00
[2026-04-08T09:33:01.759+0000] {processor.py:183} INFO - Processing /opt/airflow/dags/pipeline.py took 3.882 seconds
[2026-04-08T09:33:32.486+0000] {processor.py:161} INFO - Started process (PID=1577) to work on /opt/airflow/dags/pipeline.py
[2026-04-08T09:33:32.488+0000] {processor.py:830} INFO - Processing file /opt/airflow/dags/pipeline.py for tasks to queue
[2026-04-08T09:33:32.493+0000] {logging_mixin.py:188} INFO - [2026-04-08T09:33:32.493+0000] {dagbag.py:545} INFO - Filling up the DagBag from /opt/airflow/dags/pipeline.py
[2026-04-08T09:33:35.503+0000] {processor.py:840} INFO - DAG(s) 'pipeline' retrieved from /opt/airflow/dags/pipeline.py
[2026-04-08T09:33:35.690+0000] {logging_mixin.py:188} INFO - [2026-04-08T09:33:35.689+0000] {dag.py:3089} INFO - Sync 1 DAGs
[2026-04-08T09:33:35.767+0000] {logging_mixin.py:188} INFO - [2026-04-08T09:33:35.766+0000] {dag.py:3947} INFO - Setting next_dagrun for pipeline to 2026-04-08 00:00:00+00:00, run_after=2026-04-09 00:00:00+00:00
[2026-04-08T09:33:35.833+0000] {processor.py:183} INFO - Processing /opt/airflow/dags/pipeline.py took 3.365 seconds
[2026-04-08T09:34:06.260+0000] {processor.py:161} INFO - Started process (PID=1588) to work on /opt/airflow/dags/pipeline.py
[2026-04-08T09:34:06.262+0000] {processor.py:830} INFO - Processing file /opt/airflow/dags/pipeline.py for tasks to queue
[2026-04-08T09:34:06.266+0000] {logging_mixin.py:188} INFO - [2026-04-08T09:34:06.265+0000] {dagbag.py:545} INFO - Filling up the DagBag from /opt/airflow/dags/pipeline.py
[2026-04-08T09:34:08.408+0000] {processor.py:840} INFO - DAG(s) 'pipeline' retrieved from /opt/airflow/dags/pipeline.py
[2026-04-08T09:34:08.511+0000] {logging_mixin.py:188} INFO - [2026-04-08T09:34:08.511+0000] {dag.py:3089} INFO - Sync 1 DAGs
[2026-04-08T09:34:08.559+0000] {logging_mixin.py:188} INFO - [2026-04-08T09:34:08.558+0000] {dag.py:3947} INFO - Setting next_dagrun for pipeline to 2026-04-08 00:00:00+00:00, run_after=2026-04-09 00:00:00+00:00
[2026-04-08T09:34:08.618+0000] {processor.py:183} INFO - Processing /opt/airflow/dags/pipeline.py took 2.372 seconds
[2026-04-08T09:34:39.093+0000] {processor.py:161} INFO - Started process (PID=1599) to work on /opt/airflow/dags/pipeline.py
[2026-04-08T09:34:39.096+0000] {processor.py:830} INFO - Processing file /opt/airflow/dags/pipeline.py for tasks to queue
[2026-04-08T09:34:39.101+0000] {logging_mixin.py:188} INFO - [2026-04-08T09:34:39.100+0000] {dagbag.py:545} INFO - Filling up the DagBag from /opt/airflow/dags/pipeline.py
[2026-04-08T09:34:41.777+0000] {processor.py:840} INFO - DAG(s) 'pipeline' retrieved from /opt/airflow/dags/pipeline.py
[2026-04-08T09:34:41.942+0000] {logging_mixin.py:188} INFO - [2026-04-08T09:34:41.942+0000] {dag.py:3089} INFO - Sync 1 DAGs
[2026-04-08T09:34:41.997+0000] {logging_mixin.py:188} INFO - [2026-04-08T09:34:41.997+0000] {dag.py:3947} INFO - Setting next_dagrun for pipeline to 2026-04-08 00:00:00+00:00, run_after=2026-04-09 00:00:00+00:00
[2026-04-08T09:34:42.078+0000] {processor.py:183} INFO - Processing /opt/airflow/dags/pipeline.py took 3.003 seconds
[2026-04-08T09:35:12.571+0000] {processor.py:161} INFO - Started process (PID=1610) to work on /opt/airflow/dags/pipeline.py
[2026-04-08T09:35:12.573+0000] {processor.py:830} INFO - Processing file /opt/airflow/dags/pipeline.py for tasks to queue
[2026-04-08T09:35:12.577+0000] {logging_mixin.py:188} INFO - [2026-04-08T09:35:12.576+0000] {dagbag.py:545} INFO - Filling up the DagBag from /opt/airflow/dags/pipeline.py
[2026-04-08T09:35:14.063+0000] {processor.py:840} INFO - DAG(s) 'pipeline' retrieved from /opt/airflow/dags/pipeline.py
[2026-04-08T09:35:14.160+0000] {logging_mixin.py:188} INFO - [2026-04-08T09:35:14.160+0000] {dag.py:3089} INFO - Sync 1 DAGs
[2026-04-08T09:35:14.201+0000] {logging_mixin.py:188} INFO - [2026-04-08T09:35:14.201+0000] {dag.py:3947} INFO - Setting next_dagrun for pipeline to 2026-04-08 00:00:00+00:00, run_after=2026-04-09 00:00:00+00:00
[2026-04-08T09:35:14.249+0000] {processor.py:183} INFO - Processing /opt/airflow/dags/pipeline.py took 1.687 seconds
[2026-04-08T09:35:44.713+0000] {processor.py:161} INFO - Started process (PID=1621) to work on /opt/airflow/dags/pipeline.py
[2026-04-08T09:35:44.715+0000] {processor.py:830} INFO - Processing file /opt/airflow/dags/pipeline.py for tasks to queue
[2026-04-08T09:35:44.722+0000] {logging_mixin.py:188} INFO - [2026-04-08T09:35:44.721+0000] {dagbag.py:545} INFO - Filling up the DagBag from /opt/airflow/dags/pipeline.py
[2026-04-08T09:35:46.172+0000] {processor.py:840} INFO - DAG(s) 'pipeline' retrieved from /opt/airflow/dags/pipeline.py
[2026-04-08T09:35:46.259+0000] {logging_mixin.py:188} INFO - [2026-04-08T09:35:46.258+0000] {dag.py:3089} INFO - Sync 1 DAGs
[2026-04-08T09:35:46.293+0000] {logging_mixin.py:188} INFO - [2026-04-08T09:35:46.293+0000] {dag.py:3947} INFO - Setting next_dagrun for pipeline to 2026-04-08 00:00:00+00:00, run_after=2026-04-09 00:00:00+00:00
[2026-04-08T09:35:46.334+0000] {processor.py:183} INFO - Processing /opt/airflow/dags/pipeline.py took 1.638 seconds
[2026-04-08T09:36:16.948+0000] {processor.py:161} INFO - Started process (PID=1650) to work on /opt/airflow/dags/pipeline.py
[2026-04-08T09:36:16.950+0000] {processor.py:830} INFO - Processing file /opt/airflow/dags/pipeline.py for tasks to queue
[2026-04-08T09:36:16.960+0000] {logging_mixin.py:188} INFO - [2026-04-08T09:36:16.959+0000] {dagbag.py:545} INFO - Filling up the DagBag from /opt/airflow/dags/pipeline.py
[2026-04-08T09:36:22.734+0000] {processor.py:840} INFO - DAG(s) 'pipeline' retrieved from /opt/airflow/dags/pipeline.py
[2026-04-08T09:36:22.966+0000] {logging_mixin.py:188} INFO - [2026-04-08T09:36:22.966+0000] {dag.py:3089} INFO - Sync 1 DAGs
[2026-04-08T09:36:23.102+0000] {logging_mixin.py:188} INFO - [2026-04-08T09:36:23.102+0000] {dag.py:3947} INFO - Setting next_dagrun for pipeline to 2026-04-08 00:00:00+00:00, run_after=2026-04-09 00:00:00+00:00
[2026-04-08T09:36:23.223+0000] {processor.py:183} INFO - Processing /opt/airflow/dags/pipeline.py took 6.296 seconds
[2026-04-08T09:36:53.667+0000] {processor.py:161} INFO - Started process (PID=1661) to work on /opt/airflow/dags/pipeline.py
[2026-04-08T09:36:53.673+0000] {processor.py:830} INFO - Processing file /opt/airflow/dags/pipeline.py for tasks to queue
[2026-04-08T09:36:53.689+0000] {logging_mixin.py:188} INFO - [2026-04-08T09:36:53.684+0000] {dagbag.py:545} INFO - Filling up the DagBag from /opt/airflow/dags/pipeline.py
[2026-04-08T09:37:00.185+0000] {processor.py:840} INFO - DAG(s) 'pipeline' retrieved from /opt/airflow/dags/pipeline.py
[2026-04-08T09:37:00.495+0000] {logging_mixin.py:188} INFO - [2026-04-08T09:37:00.494+0000] {dag.py:3089} INFO - Sync 1 DAGs
[2026-04-08T09:37:00.589+0000] {logging_mixin.py:188} INFO - [2026-04-08T09:37:00.588+0000] {dag.py:3947} INFO - Setting next_dagrun for pipeline to 2026-04-08 00:00:00+00:00, run_after=2026-04-09 00:00:00+00:00
[2026-04-08T09:37:00.698+0000] {processor.py:183} INFO - Processing /opt/airflow/dags/pipeline.py took 7.084 seconds
[2026-04-08T09:37:31.261+0000] {processor.py:161} INFO - Started process (PID=1672) to work on /opt/airflow/dags/pipeline.py
[2026-04-08T09:37:31.293+0000] {processor.py:830} INFO - Processing file /opt/airflow/dags/pipeline.py for tasks to queue
[2026-04-08T09:37:31.305+0000] {logging_mixin.py:188} INFO - [2026-04-08T09:37:31.301+0000] {dagbag.py:545} INFO - Filling up the DagBag from /opt/airflow/dags/pipeline.py
[2026-04-08T09:38:01.394+0000] {logging_mixin.py:188} INFO - [2026-04-08T09:38:01.339+0000] {timeout.py:68} ERROR - Process timed out, PID: 1672
[2026-04-08T09:39:12.338+0000] {processor.py:161} INFO - Started process (PID=1703) to work on /opt/airflow/dags/pipeline.py
[2026-04-08T09:39:12.340+0000] {processor.py:830} INFO - Processing file /opt/airflow/dags/pipeline.py for tasks to queue
[2026-04-08T09:39:12.342+0000] {logging_mixin.py:188} INFO - [2026-04-08T09:39:12.342+0000] {dagbag.py:545} INFO - Filling up the DagBag from /opt/airflow/dags/pipeline.py
[2026-04-08T09:39:14.520+0000] {processor.py:840} INFO - DAG(s) 'pipeline' retrieved from /opt/airflow/dags/pipeline.py
[2026-04-08T09:39:15.243+0000] {logging_mixin.py:188} INFO - [2026-04-08T09:39:15.242+0000] {dag.py:3089} INFO - Sync 1 DAGs
[2026-04-08T09:39:15.304+0000] {logging_mixin.py:188} INFO - [2026-04-08T09:39:15.304+0000] {dag.py:3947} INFO - Setting next_dagrun for pipeline to 2026-04-08 00:00:00+00:00, run_after=2026-04-09 00:00:00+00:00
[2026-04-08T09:39:15.382+0000] {processor.py:183} INFO - Processing /opt/airflow/dags/pipeline.py took 3.059 seconds
[2026-04-08T09:39:45.588+0000] {processor.py:161} INFO - Started process (PID=1746) to work on /opt/airflow/dags/pipeline.py
[2026-04-08T09:39:45.590+0000] {processor.py:830} INFO - Processing file /opt/airflow/dags/pipeline.py for tasks to queue
[2026-04-08T09:39:45.593+0000] {logging_mixin.py:188} INFO - [2026-04-08T09:39:45.592+0000] {dagbag.py:545} INFO - Filling up the DagBag from /opt/airflow/dags/pipeline.py
[2026-04-08T09:39:46.992+0000] {processor.py:840} INFO - DAG(s) 'pipeline' retrieved from /opt/airflow/dags/pipeline.py
[2026-04-08T09:39:47.078+0000] {logging_mixin.py:188} INFO - [2026-04-08T09:39:47.077+0000] {dag.py:3089} INFO - Sync 1 DAGs
[2026-04-08T09:39:47.120+0000] {logging_mixin.py:188} INFO - [2026-04-08T09:39:47.120+0000] {dag.py:3947} INFO - Setting next_dagrun for pipeline to 2026-04-08 00:00:00+00:00, run_after=2026-04-09 00:00:00+00:00
[2026-04-08T09:39:47.177+0000] {processor.py:183} INFO - Processing /opt/airflow/dags/pipeline.py took 1.610 seconds
[2026-04-08T09:40:17.820+0000] {processor.py:161} INFO - Started process (PID=1757) to work on /opt/airflow/dags/pipeline.py
[2026-04-08T09:40:17.823+0000] {processor.py:830} INFO - Processing file /opt/airflow/dags/pipeline.py for tasks to queue
[2026-04-08T09:40:17.825+0000] {logging_mixin.py:188} INFO - [2026-04-08T09:40:17.824+0000] {dagbag.py:545} INFO - Filling up the DagBag from /opt/airflow/dags/pipeline.py
[2026-04-08T09:40:19.401+0000] {processor.py:840} INFO - DAG(s) 'pipeline' retrieved from /opt/airflow/dags/pipeline.py
[2026-04-08T09:40:19.502+0000] {logging_mixin.py:188} INFO - [2026-04-08T09:40:19.502+0000] {dag.py:3089} INFO - Sync 1 DAGs
[2026-04-08T09:40:19.549+0000] {logging_mixin.py:188} INFO - [2026-04-08T09:40:19.549+0000] {dag.py:3947} INFO - Setting next_dagrun for pipeline to 2026-04-08 00:00:00+00:00, run_after=2026-04-09 00:00:00+00:00
[2026-04-08T09:40:19.609+0000] {processor.py:183} INFO - Processing /opt/airflow/dags/pipeline.py took 1.800 seconds
[2026-04-08T09:43:43.430+0000] {processor.py:161} INFO - Started process (PID=166) to work on /opt/airflow/dags/pipeline.py
[2026-04-08T09:43:43.462+0000] {processor.py:830} INFO - Processing file /opt/airflow/dags/pipeline.py for tasks to queue
[2026-04-08T09:43:43.519+0000] {logging_mixin.py:188} INFO - [2026-04-08T09:43:43.516+0000] {dagbag.py:545} INFO - Filling up the DagBag from /opt/airflow/dags/pipeline.py
[2026-04-08T09:43:52.038+0000] {processor.py:840} INFO - DAG(s) 'pipeline' retrieved from /opt/airflow/dags/pipeline.py
[2026-04-08T09:43:52.216+0000] {logging_mixin.py:188} INFO - [2026-04-08T09:43:52.215+0000] {dag.py:3089} INFO - Sync 1 DAGs
[2026-04-08T09:43:52.337+0000] {logging_mixin.py:188} INFO - [2026-04-08T09:43:52.337+0000] {dag.py:3947} INFO - Setting next_dagrun for pipeline to 2026-04-08 00:00:00+00:00, run_after=2026-04-09 00:00:00+00:00
[2026-04-08T09:43:52.482+0000] {processor.py:183} INFO - Processing /opt/airflow/dags/pipeline.py took 9.397 seconds
[2026-04-08T09:44:23.488+0000] {processor.py:161} INFO - Started process (PID=179) to work on /opt/airflow/dags/pipeline.py
[2026-04-08T09:44:23.581+0000] {processor.py:830} INFO - Processing file /opt/airflow/dags/pipeline.py for tasks to queue
[2026-04-08T09:44:23.645+0000] {logging_mixin.py:188} INFO - [2026-04-08T09:44:23.643+0000] {dagbag.py:545} INFO - Filling up the DagBag from /opt/airflow/dags/pipeline.py
[2026-04-08T09:44:30.167+0000] {processor.py:840} INFO - DAG(s) 'pipeline' retrieved from /opt/airflow/dags/pipeline.py
[2026-04-08T09:44:30.750+0000] {logging_mixin.py:188} INFO - [2026-04-08T09:44:30.750+0000] {dag.py:3089} INFO - Sync 1 DAGs
[2026-04-08T09:44:30.876+0000] {logging_mixin.py:188} INFO - [2026-04-08T09:44:30.876+0000] {dag.py:3947} INFO - Setting next_dagrun for pipeline to 2026-04-08 00:00:00+00:00, run_after=2026-04-09 00:00:00+00:00
[2026-04-08T09:44:30.961+0000] {processor.py:183} INFO - Processing /opt/airflow/dags/pipeline.py took 7.635 seconds
[2026-04-08T09:45:01.339+0000] {processor.py:161} INFO - Started process (PID=190) to work on /opt/airflow/dags/pipeline.py
[2026-04-08T09:45:01.344+0000] {processor.py:830} INFO - Processing file /opt/airflow/dags/pipeline.py for tasks to queue
[2026-04-08T09:45:01.398+0000] {logging_mixin.py:188} INFO - [2026-04-08T09:45:01.388+0000] {dagbag.py:545} INFO - Filling up the DagBag from /opt/airflow/dags/pipeline.py
[2026-04-08T09:45:05.942+0000] {processor.py:840} INFO - DAG(s) 'pipeline' retrieved from /opt/airflow/dags/pipeline.py
[2026-04-08T09:45:06.084+0000] {logging_mixin.py:188} INFO - [2026-04-08T09:45:06.083+0000] {dag.py:3089} INFO - Sync 1 DAGs
[2026-04-08T09:45:06.134+0000] {logging_mixin.py:188} INFO - [2026-04-08T09:45:06.134+0000] {dag.py:3947} INFO - Setting next_dagrun for pipeline to 2026-04-08 00:00:00+00:00, run_after=2026-04-09 00:00:00+00:00
[2026-04-08T09:45:06.233+0000] {processor.py:183} INFO - Processing /opt/airflow/dags/pipeline.py took 4.969 seconds
[2026-04-08T09:45:37.031+0000] {processor.py:161} INFO - Started process (PID=201) to work on /opt/airflow/dags/pipeline.py
[2026-04-08T09:45:37.033+0000] {processor.py:830} INFO - Processing file /opt/airflow/dags/pipeline.py for tasks to queue
[2026-04-08T09:45:37.039+0000] {logging_mixin.py:188} INFO - [2026-04-08T09:45:37.038+0000] {dagbag.py:545} INFO - Filling up the DagBag from /opt/airflow/dags/pipeline.py
[2026-04-08T09:45:39.877+0000] {processor.py:840} INFO - DAG(s) 'pipeline' retrieved from /opt/airflow/dags/pipeline.py
[2026-04-08T09:45:39.990+0000] {logging_mixin.py:188} INFO - [2026-04-08T09:45:39.989+0000] {dag.py:3089} INFO - Sync 1 DAGs
[2026-04-08T09:45:40.047+0000] {logging_mixin.py:188} INFO - [2026-04-08T09:45:40.047+0000] {dag.py:3947} INFO - Setting next_dagrun for pipeline to 2026-04-08 00:00:00+00:00, run_after=2026-04-09 00:00:00+00:00
[2026-04-08T09:45:40.110+0000] {processor.py:183} INFO - Processing /opt/airflow/dags/pipeline.py took 3.111 seconds
[2026-04-08T09:46:10.776+0000] {processor.py:161} INFO - Started process (PID=212) to work on /opt/airflow/dags/pipeline.py
[2026-04-08T09:46:10.779+0000] {processor.py:830} INFO - Processing file /opt/airflow/dags/pipeline.py for tasks to queue
[2026-04-08T09:46:10.783+0000] {logging_mixin.py:188} INFO - [2026-04-08T09:46:10.783+0000] {dagbag.py:545} INFO - Filling up the DagBag from /opt/airflow/dags/pipeline.py
[2026-04-08T09:46:12.457+0000] {processor.py:840} INFO - DAG(s) 'pipeline' retrieved from /opt/airflow/dags/pipeline.py
[2026-04-08T09:46:12.573+0000] {logging_mixin.py:188} INFO - [2026-04-08T09:46:12.573+0000] {dag.py:3089} INFO - Sync 1 DAGs
[2026-04-08T09:46:12.634+0000] {logging_mixin.py:188} INFO - [2026-04-08T09:46:12.634+0000] {dag.py:3947} INFO - Setting next_dagrun for pipeline to 2026-04-08 00:00:00+00:00, run_after=2026-04-09 00:00:00+00:00
[2026-04-08T09:46:12.696+0000] {processor.py:183} INFO - Processing /opt/airflow/dags/pipeline.py took 1.938 seconds
[2026-04-08T09:46:43.637+0000] {processor.py:161} INFO - Started process (PID=226) to work on /opt/airflow/dags/pipeline.py
[2026-04-08T09:46:43.654+0000] {processor.py:830} INFO - Processing file /opt/airflow/dags/pipeline.py for tasks to queue
[2026-04-08T09:46:43.685+0000] {logging_mixin.py:188} INFO - [2026-04-08T09:46:43.683+0000] {dagbag.py:545} INFO - Filling up the DagBag from /opt/airflow/dags/pipeline.py
[2026-04-08T09:46:47.027+0000] {processor.py:840} INFO - DAG(s) 'pipeline' retrieved from /opt/airflow/dags/pipeline.py
[2026-04-08T09:46:47.165+0000] {logging_mixin.py:188} INFO - [2026-04-08T09:46:47.164+0000] {dag.py:3089} INFO - Sync 1 DAGs
[2026-04-08T09:46:47.263+0000] {logging_mixin.py:188} INFO - [2026-04-08T09:46:47.263+0000] {dag.py:3947} INFO - Setting next_dagrun for pipeline to 2026-04-08 00:00:00+00:00, run_after=2026-04-09 00:00:00+00:00
[2026-04-08T09:46:47.347+0000] {processor.py:183} INFO - Processing /opt/airflow/dags/pipeline.py took 3.852 seconds
[2026-04-08T09:47:18.122+0000] {processor.py:161} INFO - Started process (PID=237) to work on /opt/airflow/dags/pipeline.py
[2026-04-08T09:47:18.123+0000] {processor.py:830} INFO - Processing file /opt/airflow/dags/pipeline.py for tasks to queue
[2026-04-08T09:47:18.127+0000] {logging_mixin.py:188} INFO - [2026-04-08T09:47:18.126+0000] {dagbag.py:545} INFO - Filling up the DagBag from /opt/airflow/dags/pipeline.py
[2026-04-08T09:47:20.689+0000] {processor.py:840} INFO - DAG(s) 'pipeline' retrieved from /opt/airflow/dags/pipeline.py
[2026-04-08T09:47:20.807+0000] {logging_mixin.py:188} INFO - [2026-04-08T09:47:20.806+0000] {dag.py:3089} INFO - Sync 1 DAGs
[2026-04-08T09:47:20.858+0000] {logging_mixin.py:188} INFO - [2026-04-08T09:47:20.858+0000] {dag.py:3947} INFO - Setting next_dagrun for pipeline to 2026-04-08 00:00:00+00:00, run_after=2026-04-09 00:00:00+00:00
[2026-04-08T09:47:20.913+0000] {processor.py:183} INFO - Processing /opt/airflow/dags/pipeline.py took 2.800 seconds
[2026-04-08T09:47:51.735+0000] {processor.py:161} INFO - Started process (PID=251) to work on /opt/airflow/dags/pipeline.py
[2026-04-08T09:47:51.737+0000] {processor.py:830} INFO - Processing file /opt/airflow/dags/pipeline.py for tasks to queue
[2026-04-08T09:47:51.740+0000] {logging_mixin.py:188} INFO - [2026-04-08T09:47:51.740+0000] {dagbag.py:545} INFO - Filling up the DagBag from /opt/airflow/dags/pipeline.py
[2026-04-08T09:47:54.037+0000] {processor.py:840} INFO - DAG(s) 'pipeline' retrieved from /opt/airflow/dags/pipeline.py
[2026-04-08T09:47:54.133+0000] {logging_mixin.py:188} INFO - [2026-04-08T09:47:54.133+0000] {dag.py:3089} INFO - Sync 1 DAGs
[2026-04-08T09:47:54.177+0000] {logging_mixin.py:188} INFO - [2026-04-08T09:47:54.177+0000] {dag.py:3947} INFO - Setting next_dagrun for pipeline to 2026-04-08 00:00:00+00:00, run_after=2026-04-09 00:00:00+00:00
[2026-04-08T09:47:54.233+0000] {processor.py:183} INFO - Processing /opt/airflow/dags/pipeline.py took 2.511 seconds
[2026-04-08T09:48:24.660+0000] {processor.py:161} INFO - Started process (PID=265) to work on /opt/airflow/dags/pipeline.py
[2026-04-08T09:48:24.661+0000] {processor.py:830} INFO - Processing file /opt/airflow/dags/pipeline.py for tasks to queue
[2026-04-08T09:48:24.665+0000] {logging_mixin.py:188} INFO - [2026-04-08T09:48:24.665+0000] {dagbag.py:545} INFO - Filling up the DagBag from /opt/airflow/dags/pipeline.py
[2026-04-08T09:48:26.145+0000] {processor.py:840} INFO - DAG(s) 'pipeline' retrieved from /opt/airflow/dags/pipeline.py
[2026-04-08T09:48:26.258+0000] {logging_mixin.py:188} INFO - [2026-04-08T09:48:26.258+0000] {dag.py:3089} INFO - Sync 1 DAGs
[2026-04-08T09:48:26.317+0000] {logging_mixin.py:188} INFO - [2026-04-08T09:48:26.317+0000] {dag.py:3947} INFO - Setting next_dagrun for pipeline to 2026-04-08 00:00:00+00:00, run_after=2026-04-09 00:00:00+00:00
[2026-04-08T09:48:26.369+0000] {processor.py:183} INFO - Processing /opt/airflow/dags/pipeline.py took 1.720 seconds
[2026-04-08T09:48:56.821+0000] {processor.py:161} INFO - Started process (PID=276) to work on /opt/airflow/dags/pipeline.py
[2026-04-08T09:48:56.823+0000] {processor.py:830} INFO - Processing file /opt/airflow/dags/pipeline.py for tasks to queue
[2026-04-08T09:48:56.827+0000] {logging_mixin.py:188} INFO - [2026-04-08T09:48:56.826+0000] {dagbag.py:545} INFO - Filling up the DagBag from /opt/airflow/dags/pipeline.py
[2026-04-08T09:49:00.360+0000] {processor.py:840} INFO - DAG(s) 'pipeline' retrieved from /opt/airflow/dags/pipeline.py
[2026-04-08T09:49:00.538+0000] {logging_mixin.py:188} INFO - [2026-04-08T09:49:00.537+0000] {dag.py:3089} INFO - Sync 1 DAGs
[2026-04-08T09:49:00.599+0000] {logging_mixin.py:188} INFO - [2026-04-08T09:49:00.599+0000] {dag.py:3947} INFO - Setting next_dagrun for pipeline to 2026-04-08 00:00:00+00:00, run_after=2026-04-09 00:00:00+00:00
[2026-04-08T09:49:00.658+0000] {processor.py:183} INFO - Processing /opt/airflow/dags/pipeline.py took 3.852 seconds
[2026-04-08T09:49:31.411+0000] {processor.py:161} INFO - Started process (PID=287) to work on /opt/airflow/dags/pipeline.py
[2026-04-08T09:49:31.414+0000] {processor.py:830} INFO - Processing file /opt/airflow/dags/pipeline.py for tasks to queue
[2026-04-08T09:49:31.419+0000] {logging_mixin.py:188} INFO - [2026-04-08T09:49:31.419+0000] {dagbag.py:545} INFO - Filling up the DagBag from /opt/airflow/dags/pipeline.py
[2026-04-08T09:49:34.437+0000] {processor.py:840} INFO - DAG(s) 'pipeline' retrieved from /opt/airflow/dags/pipeline.py
[2026-04-08T09:49:34.568+0000] {logging_mixin.py:188} INFO - [2026-04-08T09:49:34.568+0000] {dag.py:3089} INFO - Sync 1 DAGs
[2026-04-08T09:49:34.612+0000] {logging_mixin.py:188} INFO - [2026-04-08T09:49:34.612+0000] {dag.py:3947} INFO - Setting next_dagrun for pipeline to 2026-04-08 00:00:00+00:00, run_after=2026-04-09 00:00:00+00:00
[2026-04-08T09:49:34.656+0000] {processor.py:183} INFO - Processing /opt/airflow/dags/pipeline.py took 3.257 seconds
[2026-04-08T09:50:04.783+0000] {processor.py:161} INFO - Started process (PID=298) to work on /opt/airflow/dags/pipeline.py
[2026-04-08T09:50:04.792+0000] {processor.py:830} INFO - Processing file /opt/airflow/dags/pipeline.py for tasks to queue
[2026-04-08T09:50:04.814+0000] {logging_mixin.py:188} INFO - [2026-04-08T09:50:04.812+0000] {dagbag.py:545} INFO - Filling up the DagBag from /opt/airflow/dags/pipeline.py
[2026-04-08T09:50:07.174+0000] {processor.py:840} INFO - DAG(s) 'pipeline' retrieved from /opt/airflow/dags/pipeline.py
[2026-04-08T09:50:07.271+0000] {logging_mixin.py:188} INFO - [2026-04-08T09:50:07.271+0000] {dag.py:3089} INFO - Sync 1 DAGs
[2026-04-08T09:50:07.320+0000] {logging_mixin.py:188} INFO - [2026-04-08T09:50:07.320+0000] {dag.py:3947} INFO - Setting next_dagrun for pipeline to 2026-04-08 00:00:00+00:00, run_after=2026-04-09 00:00:00+00:00
[2026-04-08T09:50:07.373+0000] {processor.py:183} INFO - Processing /opt/airflow/dags/pipeline.py took 2.624 seconds
[2026-04-08T09:50:37.832+0000] {processor.py:161} INFO - Started process (PID=309) to work on /opt/airflow/dags/pipeline.py
[2026-04-08T09:50:37.835+0000] {processor.py:830} INFO - Processing file /opt/airflow/dags/pipeline.py for tasks to queue
[2026-04-08T09:50:37.839+0000] {logging_mixin.py:188} INFO - [2026-04-08T09:50:37.839+0000] {dagbag.py:545} INFO - Filling up the DagBag from /opt/airflow/dags/pipeline.py
[2026-04-08T09:50:39.945+0000] {processor.py:840} INFO - DAG(s) 'pipeline' retrieved from /opt/airflow/dags/pipeline.py
[2026-04-08T09:50:40.135+0000] {logging_mixin.py:188} INFO - [2026-04-08T09:50:40.134+0000] {dag.py:3089} INFO - Sync 1 DAGs
[2026-04-08T09:50:40.252+0000] {logging_mixin.py:188} INFO - [2026-04-08T09:50:40.251+0000] {dag.py:3947} INFO - Setting next_dagrun for pipeline to 2026-04-08 00:00:00+00:00, run_after=2026-04-09 00:00:00+00:00
[2026-04-08T09:50:40.329+0000] {processor.py:183} INFO - Processing /opt/airflow/dags/pipeline.py took 2.513 seconds
[2026-04-08T09:51:11.192+0000] {processor.py:161} INFO - Started process (PID=329) to work on /opt/airflow/dags/pipeline.py
[2026-04-08T09:51:11.198+0000] {processor.py:830} INFO - Processing file /opt/airflow/dags/pipeline.py for tasks to queue
[2026-04-08T09:51:11.252+0000] {logging_mixin.py:188} INFO - [2026-04-08T09:51:11.244+0000] {dagbag.py:545} INFO - Filling up the DagBag from /opt/airflow/dags/pipeline.py
[2026-04-08T09:51:19.403+0000] {processor.py:840} INFO - DAG(s) 'pipeline' retrieved from /opt/airflow/dags/pipeline.py
[2026-04-08T09:51:19.542+0000] {logging_mixin.py:188} INFO - [2026-04-08T09:51:19.541+0000] {dag.py:3089} INFO - Sync 1 DAGs
[2026-04-08T09:51:19.638+0000] {logging_mixin.py:188} INFO - [2026-04-08T09:51:19.637+0000] {dag.py:3947} INFO - Setting next_dagrun for pipeline to 2026-04-08 00:00:00+00:00, run_after=2026-04-09 00:00:00+00:00
[2026-04-08T09:51:19.716+0000] {processor.py:183} INFO - Processing /opt/airflow/dags/pipeline.py took 8.701 seconds
[2026-04-08T09:51:50.387+0000] {processor.py:161} INFO - Started process (PID=345) to work on /opt/airflow/dags/pipeline.py
[2026-04-08T09:51:50.392+0000] {processor.py:830} INFO - Processing file /opt/airflow/dags/pipeline.py for tasks to queue
[2026-04-08T09:51:50.399+0000] {logging_mixin.py:188} INFO - [2026-04-08T09:51:50.398+0000] {dagbag.py:545} INFO - Filling up the DagBag from /opt/airflow/dags/pipeline.py
[2026-04-08T09:51:52.360+0000] {processor.py:840} INFO - DAG(s) 'pipeline' retrieved from /opt/airflow/dags/pipeline.py
[2026-04-08T09:51:52.527+0000] {logging_mixin.py:188} INFO - [2026-04-08T09:51:52.526+0000] {dag.py:3089} INFO - Sync 1 DAGs
[2026-04-08T09:51:52.615+0000] {logging_mixin.py:188} INFO - [2026-04-08T09:51:52.614+0000] {dag.py:3947} INFO - Setting next_dagrun for pipeline to 2026-04-08 00:00:00+00:00, run_after=2026-04-09 00:00:00+00:00
[2026-04-08T09:51:52.695+0000] {processor.py:183} INFO - Processing /opt/airflow/dags/pipeline.py took 2.347 seconds
[2026-04-08T09:52:23.950+0000] {processor.py:161} INFO - Started process (PID=383) to work on /opt/airflow/dags/pipeline.py
[2026-04-08T09:52:23.966+0000] {processor.py:830} INFO - Processing file /opt/airflow/dags/pipeline.py for tasks to queue
[2026-04-08T09:52:23.978+0000] {logging_mixin.py:188} INFO - [2026-04-08T09:52:23.971+0000] {dagbag.py:545} INFO - Filling up the DagBag from /opt/airflow/dags/pipeline.py
[2026-04-08T09:52:29.362+0000] {processor.py:840} INFO - DAG(s) 'pipeline' retrieved from /opt/airflow/dags/pipeline.py
[2026-04-08T09:52:29.844+0000] {logging_mixin.py:188} INFO - [2026-04-08T09:52:29.844+0000] {dag.py:3089} INFO - Sync 1 DAGs
[2026-04-08T09:52:30.012+0000] {logging_mixin.py:188} INFO - [2026-04-08T09:52:30.011+0000] {dag.py:3947} INFO - Setting next_dagrun for pipeline to 2026-04-08 00:00:00+00:00, run_after=2026-04-09 00:00:00+00:00
[2026-04-08T09:52:30.434+0000] {processor.py:183} INFO - Processing /opt/airflow/dags/pipeline.py took 6.527 seconds
[2026-04-08T09:53:00.776+0000] {processor.py:161} INFO - Started process (PID=409) to work on /opt/airflow/dags/pipeline.py
[2026-04-08T09:53:00.778+0000] {processor.py:830} INFO - Processing file /opt/airflow/dags/pipeline.py for tasks to queue
[2026-04-08T09:53:00.789+0000] {logging_mixin.py:188} INFO - [2026-04-08T09:53:00.787+0000] {dagbag.py:545} INFO - Filling up the DagBag from /opt/airflow/dags/pipeline.py
[2026-04-08T09:53:02.395+0000] {processor.py:840} INFO - DAG(s) 'pipeline' retrieved from /opt/airflow/dags/pipeline.py
[2026-04-08T09:53:02.486+0000] {logging_mixin.py:188} INFO - [2026-04-08T09:53:02.486+0000] {dag.py:3089} INFO - Sync 1 DAGs
[2026-04-08T09:53:02.525+0000] {logging_mixin.py:188} INFO - [2026-04-08T09:53:02.525+0000] {dag.py:3947} INFO - Setting next_dagrun for pipeline to 2026-04-08 00:00:00+00:00, run_after=2026-04-09 00:00:00+00:00
[2026-04-08T09:53:02.579+0000] {processor.py:183} INFO - Processing /opt/airflow/dags/pipeline.py took 1.822 seconds
[2026-04-08T09:53:32.747+0000] {processor.py:161} INFO - Started process (PID=425) to work on /opt/airflow/dags/pipeline.py
[2026-04-08T09:53:32.749+0000] {processor.py:830} INFO - Processing file /opt/airflow/dags/pipeline.py for tasks to queue
[2026-04-08T09:53:32.753+0000] {logging_mixin.py:188} INFO - [2026-04-08T09:53:32.753+0000] {dagbag.py:545} INFO - Filling up the DagBag from /opt/airflow/dags/pipeline.py
[2026-04-08T09:53:34.486+0000] {processor.py:840} INFO - DAG(s) 'pipeline' retrieved from /opt/airflow/dags/pipeline.py
[2026-04-08T09:53:34.592+0000] {logging_mixin.py:188} INFO - [2026-04-08T09:53:34.592+0000] {dag.py:3089} INFO - Sync 1 DAGs
[2026-04-08T09:53:34.648+0000] {logging_mixin.py:188} INFO - [2026-04-08T09:53:34.647+0000] {dag.py:3947} INFO - Setting next_dagrun for pipeline to 2026-04-08 00:00:00+00:00, run_after=2026-04-09 00:00:00+00:00
[2026-04-08T09:53:34.724+0000] {processor.py:183} INFO - Processing /opt/airflow/dags/pipeline.py took 1.992 seconds
[2026-04-08T09:54:05.421+0000] {processor.py:161} INFO - Started process (PID=436) to work on /opt/airflow/dags/pipeline.py
[2026-04-08T09:54:05.424+0000] {processor.py:830} INFO - Processing file /opt/airflow/dags/pipeline.py for tasks to queue
[2026-04-08T09:54:05.428+0000] {logging_mixin.py:188} INFO - [2026-04-08T09:54:05.427+0000] {dagbag.py:545} INFO - Filling up the DagBag from /opt/airflow/dags/pipeline.py
[2026-04-08T09:54:07.319+0000] {processor.py:840} INFO - DAG(s) 'pipeline' retrieved from /opt/airflow/dags/pipeline.py
[2026-04-08T09:54:07.430+0000] {logging_mixin.py:188} INFO - [2026-04-08T09:54:07.430+0000] {dag.py:3089} INFO - Sync 1 DAGs
[2026-04-08T09:54:07.484+0000] {logging_mixin.py:188} INFO - [2026-04-08T09:54:07.483+0000] {dag.py:3947} INFO - Setting next_dagrun for pipeline to 2026-04-08 00:00:00+00:00, run_after=2026-04-09 00:00:00+00:00
[2026-04-08T09:54:07.547+0000] {processor.py:183} INFO - Processing /opt/airflow/dags/pipeline.py took 2.139 seconds
[2026-04-08T09:54:38.155+0000] {processor.py:161} INFO - Started process (PID=447) to work on /opt/airflow/dags/pipeline.py
[2026-04-08T09:54:38.157+0000] {processor.py:830} INFO - Processing file /opt/airflow/dags/pipeline.py for tasks to queue
[2026-04-08T09:54:38.160+0000] {logging_mixin.py:188} INFO - [2026-04-08T09:54:38.160+0000] {dagbag.py:545} INFO - Filling up the DagBag from /opt/airflow/dags/pipeline.py
[2026-04-08T09:54:39.815+0000] {processor.py:840} INFO - DAG(s) 'pipeline' retrieved from /opt/airflow/dags/pipeline.py
[2026-04-08T09:54:39.956+0000] {logging_mixin.py:188} INFO - [2026-04-08T09:54:39.956+0000] {dag.py:3089} INFO - Sync 1 DAGs
[2026-04-08T09:54:40.001+0000] {logging_mixin.py:188} INFO - [2026-04-08T09:54:40.001+0000] {dag.py:3947} INFO - Setting next_dagrun for pipeline to 2026-04-08 00:00:00+00:00, run_after=2026-04-09 00:00:00+00:00
[2026-04-08T09:54:40.049+0000] {processor.py:183} INFO - Processing /opt/airflow/dags/pipeline.py took 1.906 seconds
[2026-04-08T09:55:10.781+0000] {processor.py:161} INFO - Started process (PID=458) to work on /opt/airflow/dags/pipeline.py
[2026-04-08T09:55:10.782+0000] {processor.py:830} INFO - Processing file /opt/airflow/dags/pipeline.py for tasks to queue
[2026-04-08T09:55:10.786+0000] {logging_mixin.py:188} INFO - [2026-04-08T09:55:10.785+0000] {dagbag.py:545} INFO - Filling up the DagBag from /opt/airflow/dags/pipeline.py
[2026-04-08T09:55:11.958+0000] {processor.py:840} INFO - DAG(s) 'pipeline' retrieved from /opt/airflow/dags/pipeline.py
[2026-04-08T09:55:12.064+0000] {logging_mixin.py:188} INFO - [2026-04-08T09:55:12.064+0000] {dag.py:3089} INFO - Sync 1 DAGs
[2026-04-08T09:55:12.107+0000] {logging_mixin.py:188} INFO - [2026-04-08T09:55:12.106+0000] {dag.py:3947} INFO - Setting next_dagrun for pipeline to 2026-04-08 00:00:00+00:00, run_after=2026-04-09 00:00:00+00:00
[2026-04-08T09:55:12.160+0000] {processor.py:183} INFO - Processing /opt/airflow/dags/pipeline.py took 1.391 seconds
[2026-04-08T09:55:42.388+0000] {processor.py:161} INFO - Started process (PID=469) to work on /opt/airflow/dags/pipeline.py
[2026-04-08T09:55:42.390+0000] {processor.py:830} INFO - Processing file /opt/airflow/dags/pipeline.py for tasks to queue
[2026-04-08T09:55:42.397+0000] {logging_mixin.py:188} INFO - [2026-04-08T09:55:42.396+0000] {dagbag.py:545} INFO - Filling up the DagBag from /opt/airflow/dags/pipeline.py
[2026-04-08T09:55:43.931+0000] {processor.py:840} INFO - DAG(s) 'pipeline' retrieved from /opt/airflow/dags/pipeline.py
[2026-04-08T09:55:44.062+0000] {logging_mixin.py:188} INFO - [2026-04-08T09:55:44.062+0000] {dag.py:3089} INFO - Sync 1 DAGs
[2026-04-08T09:55:44.107+0000] {logging_mixin.py:188} INFO - [2026-04-08T09:55:44.107+0000] {dag.py:3947} INFO - Setting next_dagrun for pipeline to 2026-04-08 00:00:00+00:00, run_after=2026-04-09 00:00:00+00:00
[2026-04-08T09:55:44.153+0000] {processor.py:183} INFO - Processing /opt/airflow/dags/pipeline.py took 1.777 seconds
[2026-04-08T09:56:14.298+0000] {processor.py:161} INFO - Started process (PID=480) to work on /opt/airflow/dags/pipeline.py
[2026-04-08T09:56:14.300+0000] {processor.py:830} INFO - Processing file /opt/airflow/dags/pipeline.py for tasks to queue
[2026-04-08T09:56:14.304+0000] {logging_mixin.py:188} INFO - [2026-04-08T09:56:14.303+0000] {dagbag.py:545} INFO - Filling up the DagBag from /opt/airflow/dags/pipeline.py
[2026-04-08T09:56:15.498+0000] {processor.py:840} INFO - DAG(s) 'pipeline' retrieved from /opt/airflow/dags/pipeline.py
[2026-04-08T09:56:15.617+0000] {logging_mixin.py:188} INFO - [2026-04-08T09:56:15.616+0000] {dag.py:3089} INFO - Sync 1 DAGs
[2026-04-08T09:56:15.652+0000] {logging_mixin.py:188} INFO - [2026-04-08T09:56:15.652+0000] {dag.py:3947} INFO - Setting next_dagrun for pipeline to 2026-04-08 00:00:00+00:00, run_after=2026-04-09 00:00:00+00:00
[2026-04-08T09:56:15.720+0000] {processor.py:183} INFO - Processing /opt/airflow/dags/pipeline.py took 1.432 seconds
[2026-04-08T09:58:56.478+0000] {processor.py:161} INFO - Started process (PID=167) to work on /opt/airflow/dags/pipeline.py
[2026-04-08T09:58:56.505+0000] {processor.py:830} INFO - Processing file /opt/airflow/dags/pipeline.py for tasks to queue
[2026-04-08T09:58:56.564+0000] {logging_mixin.py:188} INFO - [2026-04-08T09:58:56.559+0000] {dagbag.py:545} INFO - Filling up the DagBag from /opt/airflow/dags/pipeline.py
[2026-04-08T09:59:00.415+0000] {processor.py:840} INFO - DAG(s) 'pipeline' retrieved from /opt/airflow/dags/pipeline.py
[2026-04-08T09:59:00.548+0000] {logging_mixin.py:188} INFO - [2026-04-08T09:59:00.547+0000] {dag.py:3089} INFO - Sync 1 DAGs
[2026-04-08T09:59:00.635+0000] {logging_mixin.py:188} INFO - [2026-04-08T09:59:00.635+0000] {dag.py:3947} INFO - Setting next_dagrun for pipeline to 2026-04-08 00:00:00+00:00, run_after=2026-04-09 00:00:00+00:00
[2026-04-08T09:59:00.721+0000] {processor.py:183} INFO - Processing /opt/airflow/dags/pipeline.py took 4.389 seconds
[2026-04-08T09:59:31.712+0000] {processor.py:161} INFO - Started process (PID=180) to work on /opt/airflow/dags/pipeline.py
[2026-04-08T09:59:31.718+0000] {processor.py:830} INFO - Processing file /opt/airflow/dags/pipeline.py for tasks to queue
[2026-04-08T09:59:31.729+0000] {logging_mixin.py:188} INFO - [2026-04-08T09:59:31.729+0000] {dagbag.py:545} INFO - Filling up the DagBag from /opt/airflow/dags/pipeline.py
[2026-04-08T09:59:34.781+0000] {processor.py:840} INFO - DAG(s) 'pipeline' retrieved from /opt/airflow/dags/pipeline.py
[2026-04-08T09:59:35.315+0000] {logging_mixin.py:188} INFO - [2026-04-08T09:59:35.314+0000] {dag.py:3089} INFO - Sync 1 DAGs
[2026-04-08T09:59:35.402+0000] {logging_mixin.py:188} INFO - [2026-04-08T09:59:35.402+0000] {dag.py:3947} INFO - Setting next_dagrun for pipeline to 2026-04-08 00:00:00+00:00, run_after=2026-04-09 00:00:00+00:00
[2026-04-08T09:59:35.497+0000] {processor.py:183} INFO - Processing /opt/airflow/dags/pipeline.py took 3.817 seconds
[2026-04-08T10:00:06.167+0000] {processor.py:161} INFO - Started process (PID=191) to work on /opt/airflow/dags/pipeline.py
[2026-04-08T10:00:06.175+0000] {processor.py:830} INFO - Processing file /opt/airflow/dags/pipeline.py for tasks to queue
[2026-04-08T10:00:06.180+0000] {logging_mixin.py:188} INFO - [2026-04-08T10:00:06.179+0000] {dagbag.py:545} INFO - Filling up the DagBag from /opt/airflow/dags/pipeline.py
[2026-04-08T10:00:10.112+0000] {processor.py:840} INFO - DAG(s) 'pipeline' retrieved from /opt/airflow/dags/pipeline.py
[2026-04-08T10:00:10.223+0000] {logging_mixin.py:188} INFO - [2026-04-08T10:00:10.222+0000] {dag.py:3089} INFO - Sync 1 DAGs
[2026-04-08T10:00:10.292+0000] {logging_mixin.py:188} INFO - [2026-04-08T10:00:10.292+0000] {dag.py:3947} INFO - Setting next_dagrun for pipeline to 2026-04-08 00:00:00+00:00, run_after=2026-04-09 00:00:00+00:00
[2026-04-08T10:00:10.358+0000] {processor.py:183} INFO - Processing /opt/airflow/dags/pipeline.py took 4.225 seconds
[2026-04-08T10:00:41.103+0000] {processor.py:161} INFO - Started process (PID=206) to work on /opt/airflow/dags/pipeline.py
[2026-04-08T10:00:41.104+0000] {processor.py:830} INFO - Processing file /opt/airflow/dags/pipeline.py for tasks to queue
[2026-04-08T10:00:41.107+0000] {logging_mixin.py:188} INFO - [2026-04-08T10:00:41.107+0000] {dagbag.py:545} INFO - Filling up the DagBag from /opt/airflow/dags/pipeline.py
[2026-04-08T10:00:43.221+0000] {processor.py:840} INFO - DAG(s) 'pipeline' retrieved from /opt/airflow/dags/pipeline.py
[2026-04-08T10:00:43.320+0000] {logging_mixin.py:188} INFO - [2026-04-08T10:00:43.319+0000] {dag.py:3089} INFO - Sync 1 DAGs
[2026-04-08T10:00:43.361+0000] {logging_mixin.py:188} INFO - [2026-04-08T10:00:43.361+0000] {dag.py:3947} INFO - Setting next_dagrun for pipeline to 2026-04-08 00:00:00+00:00, run_after=2026-04-09 00:00:00+00:00
[2026-04-08T10:00:43.411+0000] {processor.py:183} INFO - Processing /opt/airflow/dags/pipeline.py took 2.317 seconds
[2026-04-08T10:01:14.091+0000] {processor.py:161} INFO - Started process (PID=217) to work on /opt/airflow/dags/pipeline.py
[2026-04-08T10:01:14.093+0000] {processor.py:830} INFO - Processing file /opt/airflow/dags/pipeline.py for tasks to queue
[2026-04-08T10:01:14.097+0000] {logging_mixin.py:188} INFO - [2026-04-08T10:01:14.096+0000] {dagbag.py:545} INFO - Filling up the DagBag from /opt/airflow/dags/pipeline.py
[2026-04-08T10:01:15.638+0000] {processor.py:840} INFO - DAG(s) 'pipeline' retrieved from /opt/airflow/dags/pipeline.py
[2026-04-08T10:01:15.756+0000] {logging_mixin.py:188} INFO - [2026-04-08T10:01:15.756+0000] {dag.py:3089} INFO - Sync 1 DAGs
[2026-04-08T10:01:15.824+0000] {logging_mixin.py:188} INFO - [2026-04-08T10:01:15.823+0000] {dag.py:3947} INFO - Setting next_dagrun for pipeline to 2026-04-08 00:00:00+00:00, run_after=2026-04-09 00:00:00+00:00
[2026-04-08T10:01:15.872+0000] {processor.py:183} INFO - Processing /opt/airflow/dags/pipeline.py took 1.791 seconds
[2026-04-08T10:01:46.516+0000] {processor.py:161} INFO - Started process (PID=228) to work on /opt/airflow/dags/pipeline.py
[2026-04-08T10:01:46.518+0000] {processor.py:830} INFO - Processing file /opt/airflow/dags/pipeline.py for tasks to queue
[2026-04-08T10:01:46.522+0000] {logging_mixin.py:188} INFO - [2026-04-08T10:01:46.521+0000] {dagbag.py:545} INFO - Filling up the DagBag from /opt/airflow/dags/pipeline.py
[2026-04-08T10:01:47.932+0000] {processor.py:840} INFO - DAG(s) 'pipeline' retrieved from /opt/airflow/dags/pipeline.py
[2026-04-08T10:01:48.036+0000] {logging_mixin.py:188} INFO - [2026-04-08T10:01:48.036+0000] {dag.py:3089} INFO - Sync 1 DAGs
[2026-04-08T10:01:48.077+0000] {logging_mixin.py:188} INFO - [2026-04-08T10:01:48.077+0000] {dag.py:3947} INFO - Setting next_dagrun for pipeline to 2026-04-08 00:00:00+00:00, run_after=2026-04-09 00:00:00+00:00
[2026-04-08T10:01:48.118+0000] {processor.py:183} INFO - Processing /opt/airflow/dags/pipeline.py took 1.616 seconds
[2026-04-08T10:02:18.731+0000] {processor.py:161} INFO - Started process (PID=239) to work on /opt/airflow/dags/pipeline.py
[2026-04-08T10:02:18.735+0000] {processor.py:830} INFO - Processing file /opt/airflow/dags/pipeline.py for tasks to queue
[2026-04-08T10:02:18.744+0000] {logging_mixin.py:188} INFO - [2026-04-08T10:02:18.742+0000] {dagbag.py:545} INFO - Filling up the DagBag from /opt/airflow/dags/pipeline.py
[2026-04-08T10:02:20.074+0000] {processor.py:840} INFO - DAG(s) 'pipeline' retrieved from /opt/airflow/dags/pipeline.py
[2026-04-08T10:02:20.273+0000] {logging_mixin.py:188} INFO - [2026-04-08T10:02:20.273+0000] {dag.py:3089} INFO - Sync 1 DAGs
[2026-04-08T10:02:20.359+0000] {logging_mixin.py:188} INFO - [2026-04-08T10:02:20.358+0000] {dag.py:3947} INFO - Setting next_dagrun for pipeline to 2026-04-08 00:00:00+00:00, run_after=2026-04-09 00:00:00+00:00
[2026-04-08T10:02:20.520+0000] {processor.py:183} INFO - Processing /opt/airflow/dags/pipeline.py took 1.816 seconds
[2026-04-08T10:02:51.151+0000] {processor.py:161} INFO - Started process (PID=250) to work on /opt/airflow/dags/pipeline.py
[2026-04-08T10:02:51.156+0000] {processor.py:830} INFO - Processing file /opt/airflow/dags/pipeline.py for tasks to queue
[2026-04-08T10:02:51.171+0000] {logging_mixin.py:188} INFO - [2026-04-08T10:02:51.170+0000] {dagbag.py:545} INFO - Filling up the DagBag from /opt/airflow/dags/pipeline.py
[2026-04-08T10:02:53.028+0000] {processor.py:840} INFO - DAG(s) 'pipeline' retrieved from /opt/airflow/dags/pipeline.py
[2026-04-08T10:02:53.110+0000] {logging_mixin.py:188} INFO - [2026-04-08T10:02:53.110+0000] {dag.py:3089} INFO - Sync 1 DAGs
[2026-04-08T10:02:53.151+0000] {logging_mixin.py:188} INFO - [2026-04-08T10:02:53.150+0000] {dag.py:3947} INFO - Setting next_dagrun for pipeline to 2026-04-08 00:00:00+00:00, run_after=2026-04-09 00:00:00+00:00
[2026-04-08T10:02:53.194+0000] {processor.py:183} INFO - Processing /opt/airflow/dags/pipeline.py took 2.083 seconds
[2026-04-08T10:03:23.583+0000] {processor.py:161} INFO - Started process (PID=261) to work on /opt/airflow/dags/pipeline.py
[2026-04-08T10:03:23.589+0000] {processor.py:830} INFO - Processing file /opt/airflow/dags/pipeline.py for tasks to queue
[2026-04-08T10:03:23.607+0000] {logging_mixin.py:188} INFO - [2026-04-08T10:03:23.602+0000] {dagbag.py:545} INFO - Filling up the DagBag from /opt/airflow/dags/pipeline.py
[2026-04-08T10:03:24.988+0000] {processor.py:840} INFO - DAG(s) 'pipeline' retrieved from /opt/airflow/dags/pipeline.py
[2026-04-08T10:03:25.108+0000] {logging_mixin.py:188} INFO - [2026-04-08T10:03:25.108+0000] {dag.py:3089} INFO - Sync 1 DAGs
[2026-04-08T10:03:25.155+0000] {logging_mixin.py:188} INFO - [2026-04-08T10:03:25.155+0000] {dag.py:3947} INFO - Setting next_dagrun for pipeline to 2026-04-08 00:00:00+00:00, run_after=2026-04-09 00:00:00+00:00
[2026-04-08T10:03:25.233+0000] {processor.py:183} INFO - Processing /opt/airflow/dags/pipeline.py took 1.694 seconds
[2026-04-08T10:03:55.572+0000] {processor.py:161} INFO - Started process (PID=272) to work on /opt/airflow/dags/pipeline.py
[2026-04-08T10:03:55.573+0000] {processor.py:830} INFO - Processing file /opt/airflow/dags/pipeline.py for tasks to queue
[2026-04-08T10:03:55.576+0000] {logging_mixin.py:188} INFO - [2026-04-08T10:03:55.575+0000] {dagbag.py:545} INFO - Filling up the DagBag from /opt/airflow/dags/pipeline.py
[2026-04-08T10:03:57.107+0000] {processor.py:840} INFO - DAG(s) 'pipeline' retrieved from /opt/airflow/dags/pipeline.py
[2026-04-08T10:03:57.187+0000] {logging_mixin.py:188} INFO - [2026-04-08T10:03:57.186+0000] {dag.py:3089} INFO - Sync 1 DAGs
[2026-04-08T10:03:57.227+0000] {logging_mixin.py:188} INFO - [2026-04-08T10:03:57.226+0000] {dag.py:3947} INFO - Setting next_dagrun for pipeline to 2026-04-08 00:00:00+00:00, run_after=2026-04-09 00:00:00+00:00
[2026-04-08T10:03:57.280+0000] {processor.py:183} INFO - Processing /opt/airflow/dags/pipeline.py took 1.725 seconds
[2026-04-08T10:04:27.493+0000] {processor.py:161} INFO - Started process (PID=283) to work on /opt/airflow/dags/pipeline.py
[2026-04-08T10:04:27.496+0000] {processor.py:830} INFO - Processing file /opt/airflow/dags/pipeline.py for tasks to queue
[2026-04-08T10:04:27.511+0000] {logging_mixin.py:188} INFO - [2026-04-08T10:04:27.510+0000] {dagbag.py:545} INFO - Filling up the DagBag from /opt/airflow/dags/pipeline.py
[2026-04-08T10:04:33.543+0000] {processor.py:840} INFO - DAG(s) 'pipeline' retrieved from /opt/airflow/dags/pipeline.py
[2026-04-08T10:04:33.636+0000] {logging_mixin.py:188} INFO - [2026-04-08T10:04:33.635+0000] {dag.py:3089} INFO - Sync 1 DAGs
[2026-04-08T10:04:33.677+0000] {logging_mixin.py:188} INFO - [2026-04-08T10:04:33.677+0000] {dag.py:3947} INFO - Setting next_dagrun for pipeline to 2026-04-08 00:00:00+00:00, run_after=2026-04-09 00:00:00+00:00
[2026-04-08T10:04:33.730+0000] {processor.py:183} INFO - Processing /opt/airflow/dags/pipeline.py took 6.272 seconds
[2026-04-08T10:05:04.291+0000] {processor.py:161} INFO - Started process (PID=294) to work on /opt/airflow/dags/pipeline.py
[2026-04-08T10:05:04.293+0000] {processor.py:830} INFO - Processing file /opt/airflow/dags/pipeline.py for tasks to queue
[2026-04-08T10:05:04.297+0000] {logging_mixin.py:188} INFO - [2026-04-08T10:05:04.296+0000] {dagbag.py:545} INFO - Filling up the DagBag from /opt/airflow/dags/pipeline.py
[2026-04-08T10:05:05.852+0000] {processor.py:840} INFO - DAG(s) 'pipeline' retrieved from /opt/airflow/dags/pipeline.py
[2026-04-08T10:05:05.954+0000] {logging_mixin.py:188} INFO - [2026-04-08T10:05:05.954+0000] {dag.py:3089} INFO - Sync 1 DAGs
[2026-04-08T10:05:05.992+0000] {logging_mixin.py:188} INFO - [2026-04-08T10:05:05.991+0000] {dag.py:3947} INFO - Setting next_dagrun for pipeline to 2026-04-08 00:00:00+00:00, run_after=2026-04-09 00:00:00+00:00
[2026-04-08T10:05:06.030+0000] {processor.py:183} INFO - Processing /opt/airflow/dags/pipeline.py took 1.756 seconds
[2026-04-08T10:05:36.725+0000] {processor.py:161} INFO - Started process (PID=305) to work on /opt/airflow/dags/pipeline.py
[2026-04-08T10:05:36.752+0000] {processor.py:830} INFO - Processing file /opt/airflow/dags/pipeline.py for tasks to queue
[2026-04-08T10:05:36.781+0000] {logging_mixin.py:188} INFO - [2026-04-08T10:05:36.780+0000] {dagbag.py:545} INFO - Filling up the DagBag from /opt/airflow/dags/pipeline.py
[2026-04-08T10:05:43.940+0000] {processor.py:840} INFO - DAG(s) 'pipeline' retrieved from /opt/airflow/dags/pipeline.py
[2026-04-08T10:05:44.312+0000] {logging_mixin.py:188} INFO - [2026-04-08T10:05:44.311+0000] {dag.py:3089} INFO - Sync 1 DAGs
[2026-04-08T10:05:44.431+0000] {logging_mixin.py:188} INFO - [2026-04-08T10:05:44.431+0000] {dag.py:3947} INFO - Setting next_dagrun for pipeline to 2026-04-08 00:00:00+00:00, run_after=2026-04-09 00:00:00+00:00
[2026-04-08T10:05:44.572+0000] {processor.py:183} INFO - Processing /opt/airflow/dags/pipeline.py took 7.983 seconds
[2026-04-08T10:06:14.956+0000] {processor.py:161} INFO - Started process (PID=321) to work on /opt/airflow/dags/pipeline.py
[2026-04-08T10:06:14.958+0000] {processor.py:830} INFO - Processing file /opt/airflow/dags/pipeline.py for tasks to queue
[2026-04-08T10:06:14.963+0000] {logging_mixin.py:188} INFO - [2026-04-08T10:06:14.962+0000] {dagbag.py:545} INFO - Filling up the DagBag from /opt/airflow/dags/pipeline.py
[2026-04-08T10:06:16.962+0000] {processor.py:840} INFO - DAG(s) 'pipeline' retrieved from /opt/airflow/dags/pipeline.py
[2026-04-08T10:06:17.055+0000] {logging_mixin.py:188} INFO - [2026-04-08T10:06:17.055+0000] {dag.py:3089} INFO - Sync 1 DAGs
[2026-04-08T10:06:17.102+0000] {logging_mixin.py:188} INFO - [2026-04-08T10:06:17.102+0000] {dag.py:3947} INFO - Setting next_dagrun for pipeline to 2026-04-08 00:00:00+00:00, run_after=2026-04-09 00:00:00+00:00
[2026-04-08T10:06:17.166+0000] {processor.py:183} INFO - Processing /opt/airflow/dags/pipeline.py took 2.230 seconds
[2026-04-08T10:06:47.699+0000] {processor.py:161} INFO - Started process (PID=332) to work on /opt/airflow/dags/pipeline.py
[2026-04-08T10:06:47.700+0000] {processor.py:830} INFO - Processing file /opt/airflow/dags/pipeline.py for tasks to queue
[2026-04-08T10:06:47.703+0000] {logging_mixin.py:188} INFO - [2026-04-08T10:06:47.703+0000] {dagbag.py:545} INFO - Filling up the DagBag from /opt/airflow/dags/pipeline.py
[2026-04-08T10:06:49.175+0000] {processor.py:840} INFO - DAG(s) 'pipeline' retrieved from /opt/airflow/dags/pipeline.py
[2026-04-08T10:06:49.258+0000] {logging_mixin.py:188} INFO - [2026-04-08T10:06:49.258+0000] {dag.py:3089} INFO - Sync 1 DAGs
[2026-04-08T10:06:49.300+0000] {logging_mixin.py:188} INFO - [2026-04-08T10:06:49.300+0000] {dag.py:3947} INFO - Setting next_dagrun for pipeline to 2026-04-08 00:00:00+00:00, run_after=2026-04-09 00:00:00+00:00
[2026-04-08T10:06:49.348+0000] {processor.py:183} INFO - Processing /opt/airflow/dags/pipeline.py took 1.657 seconds
[2026-04-08T10:07:19.485+0000] {processor.py:161} INFO - Started process (PID=343) to work on /opt/airflow/dags/pipeline.py
[2026-04-08T10:07:19.486+0000] {processor.py:830} INFO - Processing file /opt/airflow/dags/pipeline.py for tasks to queue
[2026-04-08T10:07:19.488+0000] {logging_mixin.py:188} INFO - [2026-04-08T10:07:19.488+0000] {dagbag.py:545} INFO - Filling up the DagBag from /opt/airflow/dags/pipeline.py
[2026-04-08T10:07:21.350+0000] {processor.py:840} INFO - DAG(s) 'pipeline' retrieved from /opt/airflow/dags/pipeline.py
[2026-04-08T10:07:21.520+0000] {logging_mixin.py:188} INFO - [2026-04-08T10:07:21.520+0000] {dag.py:3089} INFO - Sync 1 DAGs
[2026-04-08T10:07:21.589+0000] {logging_mixin.py:188} INFO - [2026-04-08T10:07:21.588+0000] {dag.py:3947} INFO - Setting next_dagrun for pipeline to 2026-04-08 00:00:00+00:00, run_after=2026-04-09 00:00:00+00:00
[2026-04-08T10:07:21.656+0000] {processor.py:183} INFO - Processing /opt/airflow/dags/pipeline.py took 2.180 seconds
[2026-04-08T10:09:41.543+0000] {processor.py:161} INFO - Started process (PID=167) to work on /opt/airflow/dags/pipeline.py
[2026-04-08T10:09:41.548+0000] {processor.py:830} INFO - Processing file /opt/airflow/dags/pipeline.py for tasks to queue
[2026-04-08T10:09:41.556+0000] {logging_mixin.py:188} INFO - [2026-04-08T10:09:41.555+0000] {dagbag.py:545} INFO - Filling up the DagBag from /opt/airflow/dags/pipeline.py
[2026-04-08T10:09:46.989+0000] {processor.py:840} INFO - DAG(s) 'pipeline' retrieved from /opt/airflow/dags/pipeline.py
[2026-04-08T10:09:47.171+0000] {logging_mixin.py:188} INFO - [2026-04-08T10:09:47.170+0000] {dag.py:3089} INFO - Sync 1 DAGs
[2026-04-08T10:09:47.241+0000] {logging_mixin.py:188} INFO - [2026-04-08T10:09:47.241+0000] {dag.py:3947} INFO - Setting next_dagrun for pipeline to 2026-04-08 00:00:00+00:00, run_after=2026-04-09 00:00:00+00:00
[2026-04-08T10:09:47.307+0000] {processor.py:183} INFO - Processing /opt/airflow/dags/pipeline.py took 5.831 seconds
[2026-04-08T10:10:17.812+0000] {processor.py:161} INFO - Started process (PID=180) to work on /opt/airflow/dags/pipeline.py
[2026-04-08T10:10:17.814+0000] {processor.py:830} INFO - Processing file /opt/airflow/dags/pipeline.py for tasks to queue
[2026-04-08T10:10:17.819+0000] {logging_mixin.py:188} INFO - [2026-04-08T10:10:17.818+0000] {dagbag.py:545} INFO - Filling up the DagBag from /opt/airflow/dags/pipeline.py
[2026-04-08T10:10:22.691+0000] {processor.py:840} INFO - DAG(s) 'pipeline' retrieved from /opt/airflow/dags/pipeline.py
[2026-04-08T10:10:23.238+0000] {logging_mixin.py:188} INFO - [2026-04-08T10:10:23.237+0000] {dag.py:3089} INFO - Sync 1 DAGs
[2026-04-08T10:10:23.305+0000] {logging_mixin.py:188} INFO - [2026-04-08T10:10:23.305+0000] {dag.py:3947} INFO - Setting next_dagrun for pipeline to 2026-04-08 00:00:00+00:00, run_after=2026-04-09 00:00:00+00:00
[2026-04-08T10:10:23.381+0000] {processor.py:183} INFO - Processing /opt/airflow/dags/pipeline.py took 5.580 seconds
[2026-04-08T10:10:53.709+0000] {processor.py:161} INFO - Started process (PID=191) to work on /opt/airflow/dags/pipeline.py
[2026-04-08T10:10:53.719+0000] {processor.py:830} INFO - Processing file /opt/airflow/dags/pipeline.py for tasks to queue
[2026-04-08T10:10:53.741+0000] {logging_mixin.py:188} INFO - [2026-04-08T10:10:53.738+0000] {dagbag.py:545} INFO - Filling up the DagBag from /opt/airflow/dags/pipeline.py
[2026-04-08T10:10:56.880+0000] {processor.py:840} INFO - DAG(s) 'pipeline' retrieved from /opt/airflow/dags/pipeline.py
[2026-04-08T10:10:57.093+0000] {logging_mixin.py:188} INFO - [2026-04-08T10:10:57.093+0000] {dag.py:3089} INFO - Sync 1 DAGs
[2026-04-08T10:10:57.161+0000] {logging_mixin.py:188} INFO - [2026-04-08T10:10:57.160+0000] {dag.py:3947} INFO - Setting next_dagrun for pipeline to 2026-04-08 00:00:00+00:00, run_after=2026-04-09 00:00:00+00:00
[2026-04-08T10:10:57.236+0000] {processor.py:183} INFO - Processing /opt/airflow/dags/pipeline.py took 3.574 seconds
[2026-04-08T10:11:27.847+0000] {processor.py:161} INFO - Started process (PID=204) to work on /opt/airflow/dags/pipeline.py
[2026-04-08T10:11:27.849+0000] {processor.py:830} INFO - Processing file /opt/airflow/dags/pipeline.py for tasks to queue
[2026-04-08T10:11:27.854+0000] {logging_mixin.py:188} INFO - [2026-04-08T10:11:27.853+0000] {dagbag.py:545} INFO - Filling up the DagBag from /opt/airflow/dags/pipeline.py
[2026-04-08T10:11:30.321+0000] {processor.py:840} INFO - DAG(s) 'pipeline' retrieved from /opt/airflow/dags/pipeline.py
[2026-04-08T10:11:30.461+0000] {logging_mixin.py:188} INFO - [2026-04-08T10:11:30.460+0000] {dag.py:3089} INFO - Sync 1 DAGs
[2026-04-08T10:11:30.524+0000] {logging_mixin.py:188} INFO - [2026-04-08T10:11:30.524+0000] {dag.py:3947} INFO - Setting next_dagrun for pipeline to 2026-04-08 00:00:00+00:00, run_after=2026-04-09 00:00:00+00:00
[2026-04-08T10:11:30.602+0000] {processor.py:183} INFO - Processing /opt/airflow/dags/pipeline.py took 2.766 seconds
[2026-04-08T10:12:00.846+0000] {processor.py:161} INFO - Started process (PID=215) to work on /opt/airflow/dags/pipeline.py
[2026-04-08T10:12:00.851+0000] {processor.py:830} INFO - Processing file /opt/airflow/dags/pipeline.py for tasks to queue
[2026-04-08T10:12:00.863+0000] {logging_mixin.py:188} INFO - [2026-04-08T10:12:00.861+0000] {dagbag.py:545} INFO - Filling up the DagBag from /opt/airflow/dags/pipeline.py
[2026-04-08T10:12:04.154+0000] {processor.py:840} INFO - DAG(s) 'pipeline' retrieved from /opt/airflow/dags/pipeline.py
[2026-04-08T10:12:04.261+0000] {logging_mixin.py:188} INFO - [2026-04-08T10:12:04.260+0000] {dag.py:3089} INFO - Sync 1 DAGs
[2026-04-08T10:12:04.320+0000] {logging_mixin.py:188} INFO - [2026-04-08T10:12:04.320+0000] {dag.py:3947} INFO - Setting next_dagrun for pipeline to 2026-04-08 00:00:00+00:00, run_after=2026-04-09 00:00:00+00:00
[2026-04-08T10:12:04.373+0000] {processor.py:183} INFO - Processing /opt/airflow/dags/pipeline.py took 3.560 seconds
[2026-04-08T10:12:35.020+0000] {processor.py:161} INFO - Started process (PID=226) to work on /opt/airflow/dags/pipeline.py
[2026-04-08T10:12:35.022+0000] {processor.py:830} INFO - Processing file /opt/airflow/dags/pipeline.py for tasks to queue
[2026-04-08T10:12:35.027+0000] {logging_mixin.py:188} INFO - [2026-04-08T10:12:35.026+0000] {dagbag.py:545} INFO - Filling up the DagBag from /opt/airflow/dags/pipeline.py
[2026-04-08T10:12:36.912+0000] {processor.py:840} INFO - DAG(s) 'pipeline' retrieved from /opt/airflow/dags/pipeline.py
[2026-04-08T10:12:37.145+0000] {logging_mixin.py:188} INFO - [2026-04-08T10:12:37.144+0000] {dag.py:3089} INFO - Sync 1 DAGs
[2026-04-08T10:12:37.232+0000] {logging_mixin.py:188} INFO - [2026-04-08T10:12:37.231+0000] {dag.py:3947} INFO - Setting next_dagrun for pipeline to 2026-04-08 00:00:00+00:00, run_after=2026-04-09 00:00:00+00:00
[2026-04-08T10:12:37.300+0000] {processor.py:183} INFO - Processing /opt/airflow/dags/pipeline.py took 2.296 seconds
[2026-04-08T10:13:07.580+0000] {processor.py:161} INFO - Started process (PID=237) to work on /opt/airflow/dags/pipeline.py
[2026-04-08T10:13:07.581+0000] {processor.py:830} INFO - Processing file /opt/airflow/dags/pipeline.py for tasks to queue
[2026-04-08T10:13:07.585+0000] {logging_mixin.py:188} INFO - [2026-04-08T10:13:07.584+0000] {dagbag.py:545} INFO - Filling up the DagBag from /opt/airflow/dags/pipeline.py
[2026-04-08T10:13:09.084+0000] {processor.py:840} INFO - DAG(s) 'pipeline' retrieved from /opt/airflow/dags/pipeline.py
[2026-04-08T10:13:09.181+0000] {logging_mixin.py:188} INFO - [2026-04-08T10:13:09.181+0000] {dag.py:3089} INFO - Sync 1 DAGs
[2026-04-08T10:13:09.218+0000] {logging_mixin.py:188} INFO - [2026-04-08T10:13:09.218+0000] {dag.py:3947} INFO - Setting next_dagrun for pipeline to 2026-04-08 00:00:00+00:00, run_after=2026-04-09 00:00:00+00:00
[2026-04-08T10:13:09.259+0000] {processor.py:183} INFO - Processing /opt/airflow/dags/pipeline.py took 1.691 seconds
[2026-04-08T10:13:39.641+0000] {processor.py:161} INFO - Started process (PID=248) to work on /opt/airflow/dags/pipeline.py
[2026-04-08T10:13:39.645+0000] {processor.py:830} INFO - Processing file /opt/airflow/dags/pipeline.py for tasks to queue
[2026-04-08T10:13:39.651+0000] {logging_mixin.py:188} INFO - [2026-04-08T10:13:39.650+0000] {dagbag.py:545} INFO - Filling up the DagBag from /opt/airflow/dags/pipeline.py
[2026-04-08T10:13:41.415+0000] {processor.py:840} INFO - DAG(s) 'pipeline' retrieved from /opt/airflow/dags/pipeline.py
[2026-04-08T10:13:41.646+0000] {logging_mixin.py:188} INFO - [2026-04-08T10:13:41.645+0000] {dag.py:3089} INFO - Sync 1 DAGs
[2026-04-08T10:13:41.681+0000] {logging_mixin.py:188} INFO - [2026-04-08T10:13:41.681+0000] {dag.py:3947} INFO - Setting next_dagrun for pipeline to 2026-04-08 00:00:00+00:00, run_after=2026-04-09 00:00:00+00:00
[2026-04-08T10:13:41.722+0000] {processor.py:183} INFO - Processing /opt/airflow/dags/pipeline.py took 2.108 seconds
[2026-04-08T10:14:11.905+0000] {processor.py:161} INFO - Started process (PID=259) to work on /opt/airflow/dags/pipeline.py
[2026-04-08T10:14:11.909+0000] {processor.py:830} INFO - Processing file /opt/airflow/dags/pipeline.py for tasks to queue
[2026-04-08T10:14:11.918+0000] {logging_mixin.py:188} INFO - [2026-04-08T10:14:11.917+0000] {dagbag.py:545} INFO - Filling up the DagBag from /opt/airflow/dags/pipeline.py
[2026-04-08T10:14:14.436+0000] {processor.py:840} INFO - DAG(s) 'pipeline' retrieved from /opt/airflow/dags/pipeline.py
[2026-04-08T10:14:14.612+0000] {logging_mixin.py:188} INFO - [2026-04-08T10:14:14.612+0000] {dag.py:3089} INFO - Sync 1 DAGs
[2026-04-08T10:14:14.703+0000] {logging_mixin.py:188} INFO - [2026-04-08T10:14:14.702+0000] {dag.py:3947} INFO - Setting next_dagrun for pipeline to 2026-04-08 00:00:00+00:00, run_after=2026-04-09 00:00:00+00:00
[2026-04-08T10:14:14.775+0000] {processor.py:183} INFO - Processing /opt/airflow/dags/pipeline.py took 2.899 seconds
[2026-04-08T10:14:45.376+0000] {processor.py:161} INFO - Started process (PID=270) to work on /opt/airflow/dags/pipeline.py
[2026-04-08T10:14:45.377+0000] {processor.py:830} INFO - Processing file /opt/airflow/dags/pipeline.py for tasks to queue
[2026-04-08T10:14:45.380+0000] {logging_mixin.py:188} INFO - [2026-04-08T10:14:45.380+0000] {dagbag.py:545} INFO - Filling up the DagBag from /opt/airflow/dags/pipeline.py
[2026-04-08T10:14:48.425+0000] {processor.py:840} INFO - DAG(s) 'pipeline' retrieved from /opt/airflow/dags/pipeline.py
[2026-04-08T10:14:48.554+0000] {logging_mixin.py:188} INFO - [2026-04-08T10:14:48.554+0000] {dag.py:3089} INFO - Sync 1 DAGs
[2026-04-08T10:14:48.664+0000] {logging_mixin.py:188} INFO - [2026-04-08T10:14:48.664+0000] {dag.py:3947} INFO - Setting next_dagrun for pipeline to 2026-04-08 00:00:00+00:00, run_after=2026-04-09 00:00:00+00:00
[2026-04-08T10:14:48.772+0000] {processor.py:183} INFO - Processing /opt/airflow/dags/pipeline.py took 3.406 seconds
[2026-04-08T10:15:19.099+0000] {processor.py:161} INFO - Started process (PID=281) to work on /opt/airflow/dags/pipeline.py
[2026-04-08T10:15:19.101+0000] {processor.py:830} INFO - Processing file /opt/airflow/dags/pipeline.py for tasks to queue
[2026-04-08T10:15:19.108+0000] {logging_mixin.py:188} INFO - [2026-04-08T10:15:19.107+0000] {dagbag.py:545} INFO - Filling up the DagBag from /opt/airflow/dags/pipeline.py
[2026-04-08T10:15:20.628+0000] {processor.py:840} INFO - DAG(s) 'pipeline' retrieved from /opt/airflow/dags/pipeline.py
[2026-04-08T10:15:20.725+0000] {logging_mixin.py:188} INFO - [2026-04-08T10:15:20.724+0000] {dag.py:3089} INFO - Sync 1 DAGs
[2026-04-08T10:15:20.799+0000] {logging_mixin.py:188} INFO - [2026-04-08T10:15:20.799+0000] {dag.py:3947} INFO - Setting next_dagrun for pipeline to 2026-04-08 00:00:00+00:00, run_after=2026-04-09 00:00:00+00:00
[2026-04-08T10:15:20.858+0000] {processor.py:183} INFO - Processing /opt/airflow/dags/pipeline.py took 1.794 seconds
[2026-04-08T10:15:51.984+0000] {processor.py:161} INFO - Started process (PID=292) to work on /opt/airflow/dags/pipeline.py
[2026-04-08T10:15:51.988+0000] {processor.py:830} INFO - Processing file /opt/airflow/dags/pipeline.py for tasks to queue
[2026-04-08T10:15:51.998+0000] {logging_mixin.py:188} INFO - [2026-04-08T10:15:51.996+0000] {dagbag.py:545} INFO - Filling up the DagBag from /opt/airflow/dags/pipeline.py
[2026-04-08T10:15:53.620+0000] {processor.py:840} INFO - DAG(s) 'pipeline' retrieved from /opt/airflow/dags/pipeline.py
[2026-04-08T10:15:53.835+0000] {logging_mixin.py:188} INFO - [2026-04-08T10:15:53.835+0000] {dag.py:3089} INFO - Sync 1 DAGs
[2026-04-08T10:15:53.881+0000] {logging_mixin.py:188} INFO - [2026-04-08T10:15:53.881+0000] {dag.py:3947} INFO - Setting next_dagrun for pipeline to 2026-04-08 00:00:00+00:00, run_after=2026-04-09 00:00:00+00:00
[2026-04-08T10:15:53.942+0000] {processor.py:183} INFO - Processing /opt/airflow/dags/pipeline.py took 1.978 seconds
[2026-04-08T10:16:24.641+0000] {processor.py:161} INFO - Started process (PID=306) to work on /opt/airflow/dags/pipeline.py
[2026-04-08T10:16:24.643+0000] {processor.py:830} INFO - Processing file /opt/airflow/dags/pipeline.py for tasks to queue
[2026-04-08T10:16:24.646+0000] {logging_mixin.py:188} INFO - [2026-04-08T10:16:24.646+0000] {dagbag.py:545} INFO - Filling up the DagBag from /opt/airflow/dags/pipeline.py
[2026-04-08T10:16:26.290+0000] {processor.py:840} INFO - DAG(s) 'pipeline' retrieved from /opt/airflow/dags/pipeline.py
[2026-04-08T10:16:26.699+0000] {logging_mixin.py:188} INFO - [2026-04-08T10:16:26.699+0000] {dag.py:3089} INFO - Sync 1 DAGs
[2026-04-08T10:16:26.863+0000] {logging_mixin.py:188} INFO - [2026-04-08T10:16:26.862+0000] {dag.py:3947} INFO - Setting next_dagrun for pipeline to 2026-04-08 00:00:00+00:00, run_after=2026-04-09 00:00:00+00:00
[2026-04-08T10:16:27.168+0000] {processor.py:183} INFO - Processing /opt/airflow/dags/pipeline.py took 2.539 seconds
[2026-04-08T10:16:57.503+0000] {processor.py:161} INFO - Started process (PID=319) to work on /opt/airflow/dags/pipeline.py
[2026-04-08T10:16:57.508+0000] {processor.py:830} INFO - Processing file /opt/airflow/dags/pipeline.py for tasks to queue
[2026-04-08T10:16:57.515+0000] {logging_mixin.py:188} INFO - [2026-04-08T10:16:57.514+0000] {dagbag.py:545} INFO - Filling up the DagBag from /opt/airflow/dags/pipeline.py
[2026-04-08T10:16:59.401+0000] {processor.py:840} INFO - DAG(s) 'pipeline' retrieved from /opt/airflow/dags/pipeline.py
[2026-04-08T10:16:59.505+0000] {logging_mixin.py:188} INFO - [2026-04-08T10:16:59.505+0000] {dag.py:3089} INFO - Sync 1 DAGs
[2026-04-08T10:16:59.547+0000] {logging_mixin.py:188} INFO - [2026-04-08T10:16:59.546+0000] {dag.py:3947} INFO - Setting next_dagrun for pipeline to 2026-04-08 00:00:00+00:00, run_after=2026-04-09 00:00:00+00:00
[2026-04-08T10:16:59.595+0000] {processor.py:183} INFO - Processing /opt/airflow/dags/pipeline.py took 2.114 seconds
[2026-04-08T10:17:30.333+0000] {processor.py:161} INFO - Started process (PID=330) to work on /opt/airflow/dags/pipeline.py
[2026-04-08T10:17:30.336+0000] {processor.py:830} INFO - Processing file /opt/airflow/dags/pipeline.py for tasks to queue
[2026-04-08T10:17:30.341+0000] {logging_mixin.py:188} INFO - [2026-04-08T10:17:30.340+0000] {dagbag.py:545} INFO - Filling up the DagBag from /opt/airflow/dags/pipeline.py
[2026-04-08T10:17:31.526+0000] {processor.py:840} INFO - DAG(s) 'pipeline' retrieved from /opt/airflow/dags/pipeline.py
[2026-04-08T10:17:31.621+0000] {logging_mixin.py:188} INFO - [2026-04-08T10:17:31.621+0000] {dag.py:3089} INFO - Sync 1 DAGs
[2026-04-08T10:17:31.666+0000] {logging_mixin.py:188} INFO - [2026-04-08T10:17:31.665+0000] {dag.py:3947} INFO - Setting next_dagrun for pipeline to 2026-04-08 00:00:00+00:00, run_after=2026-04-09 00:00:00+00:00
[2026-04-08T10:17:31.716+0000] {processor.py:183} INFO - Processing /opt/airflow/dags/pipeline.py took 1.398 seconds
[2026-04-08T10:18:02.380+0000] {processor.py:161} INFO - Started process (PID=341) to work on /opt/airflow/dags/pipeline.py
[2026-04-08T10:18:02.382+0000] {processor.py:830} INFO - Processing file /opt/airflow/dags/pipeline.py for tasks to queue
[2026-04-08T10:18:02.386+0000] {logging_mixin.py:188} INFO - [2026-04-08T10:18:02.386+0000] {dagbag.py:545} INFO - Filling up the DagBag from /opt/airflow/dags/pipeline.py
[2026-04-08T10:18:03.819+0000] {processor.py:840} INFO - DAG(s) 'pipeline' retrieved from /opt/airflow/dags/pipeline.py
[2026-04-08T10:18:03.916+0000] {logging_mixin.py:188} INFO - [2026-04-08T10:18:03.915+0000] {dag.py:3089} INFO - Sync 1 DAGs
[2026-04-08T10:18:03.970+0000] {logging_mixin.py:188} INFO - [2026-04-08T10:18:03.970+0000] {dag.py:3947} INFO - Setting next_dagrun for pipeline to 2026-04-08 00:00:00+00:00, run_after=2026-04-09 00:00:00+00:00
[2026-04-08T10:18:04.030+0000] {processor.py:183} INFO - Processing /opt/airflow/dags/pipeline.py took 1.665 seconds
[2026-04-08T10:18:34.998+0000] {processor.py:161} INFO - Started process (PID=352) to work on /opt/airflow/dags/pipeline.py
[2026-04-08T10:18:34.999+0000] {processor.py:830} INFO - Processing file /opt/airflow/dags/pipeline.py for tasks to queue
[2026-04-08T10:18:35.003+0000] {logging_mixin.py:188} INFO - [2026-04-08T10:18:35.003+0000] {dagbag.py:545} INFO - Filling up the DagBag from /opt/airflow/dags/pipeline.py
[2026-04-08T10:18:36.347+0000] {processor.py:840} INFO - DAG(s) 'pipeline' retrieved from /opt/airflow/dags/pipeline.py
[2026-04-08T10:18:36.519+0000] {logging_mixin.py:188} INFO - [2026-04-08T10:18:36.518+0000] {dag.py:3089} INFO - Sync 1 DAGs
[2026-04-08T10:18:36.588+0000] {logging_mixin.py:188} INFO - [2026-04-08T10:18:36.588+0000] {dag.py:3947} INFO - Setting next_dagrun for pipeline to 2026-04-08 00:00:00+00:00, run_after=2026-04-09 00:00:00+00:00
[2026-04-08T10:18:36.654+0000] {processor.py:183} INFO - Processing /opt/airflow/dags/pipeline.py took 1.673 seconds
[2026-04-08T10:22:50.539+0000] {processor.py:161} INFO - Started process (PID=167) to work on /opt/airflow/dags/pipeline.py
[2026-04-08T10:22:50.542+0000] {processor.py:830} INFO - Processing file /opt/airflow/dags/pipeline.py for tasks to queue
[2026-04-08T10:22:50.555+0000] {logging_mixin.py:188} INFO - [2026-04-08T10:22:50.554+0000] {dagbag.py:545} INFO - Filling up the DagBag from /opt/airflow/dags/pipeline.py
[2026-04-08T10:22:56.017+0000] {processor.py:840} INFO - DAG(s) 'pipeline' retrieved from /opt/airflow/dags/pipeline.py
[2026-04-08T10:22:56.155+0000] {logging_mixin.py:188} INFO - [2026-04-08T10:22:56.155+0000] {dag.py:3089} INFO - Sync 1 DAGs
[2026-04-08T10:22:56.220+0000] {logging_mixin.py:188} INFO - [2026-04-08T10:22:56.220+0000] {dag.py:3947} INFO - Setting next_dagrun for pipeline to 2026-04-08 00:00:00+00:00, run_after=2026-04-09 00:00:00+00:00
[2026-04-08T10:22:56.283+0000] {processor.py:183} INFO - Processing /opt/airflow/dags/pipeline.py took 5.766 seconds
[2026-04-08T10:23:26.797+0000] {processor.py:161} INFO - Started process (PID=180) to work on /opt/airflow/dags/pipeline.py
[2026-04-08T10:23:26.805+0000] {processor.py:830} INFO - Processing file /opt/airflow/dags/pipeline.py for tasks to queue
[2026-04-08T10:23:26.819+0000] {logging_mixin.py:188} INFO - [2026-04-08T10:23:26.815+0000] {dagbag.py:545} INFO - Filling up the DagBag from /opt/airflow/dags/pipeline.py
[2026-04-08T10:23:31.178+0000] {processor.py:840} INFO - DAG(s) 'pipeline' retrieved from /opt/airflow/dags/pipeline.py
[2026-04-08T10:23:31.699+0000] {logging_mixin.py:188} INFO - [2026-04-08T10:23:31.698+0000] {dag.py:3089} INFO - Sync 1 DAGs
[2026-04-08T10:23:31.780+0000] {logging_mixin.py:188} INFO - [2026-04-08T10:23:31.780+0000] {dag.py:3947} INFO - Setting next_dagrun for pipeline to 2026-04-08 00:00:00+00:00, run_after=2026-04-09 00:00:00+00:00
[2026-04-08T10:23:31.909+0000] {processor.py:183} INFO - Processing /opt/airflow/dags/pipeline.py took 5.152 seconds
[2026-04-08T10:24:02.245+0000] {processor.py:161} INFO - Started process (PID=193) to work on /opt/airflow/dags/pipeline.py
[2026-04-08T10:24:02.259+0000] {processor.py:830} INFO - Processing file /opt/airflow/dags/pipeline.py for tasks to queue
[2026-04-08T10:24:02.292+0000] {logging_mixin.py:188} INFO - [2026-04-08T10:24:02.286+0000] {dagbag.py:545} INFO - Filling up the DagBag from /opt/airflow/dags/pipeline.py
[2026-04-08T10:24:04.752+0000] {processor.py:840} INFO - DAG(s) 'pipeline' retrieved from /opt/airflow/dags/pipeline.py
[2026-04-08T10:24:04.860+0000] {logging_mixin.py:188} INFO - [2026-04-08T10:24:04.860+0000] {dag.py:3089} INFO - Sync 1 DAGs
[2026-04-08T10:24:04.921+0000] {logging_mixin.py:188} INFO - [2026-04-08T10:24:04.921+0000] {dag.py:3947} INFO - Setting next_dagrun for pipeline to 2026-04-08 00:00:00+00:00, run_after=2026-04-09 00:00:00+00:00
[2026-04-08T10:24:04.965+0000] {processor.py:183} INFO - Processing /opt/airflow/dags/pipeline.py took 2.895 seconds
[2026-04-08T10:24:35.502+0000] {processor.py:161} INFO - Started process (PID=204) to work on /opt/airflow/dags/pipeline.py
[2026-04-08T10:24:35.504+0000] {processor.py:830} INFO - Processing file /opt/airflow/dags/pipeline.py for tasks to queue
[2026-04-08T10:24:35.507+0000] {logging_mixin.py:188} INFO - [2026-04-08T10:24:35.507+0000] {dagbag.py:545} INFO - Filling up the DagBag from /opt/airflow/dags/pipeline.py
[2026-04-08T10:24:37.579+0000] {processor.py:840} INFO - DAG(s) 'pipeline' retrieved from /opt/airflow/dags/pipeline.py
[2026-04-08T10:24:37.795+0000] {logging_mixin.py:188} INFO - [2026-04-08T10:24:37.795+0000] {dag.py:3089} INFO - Sync 1 DAGs
[2026-04-08T10:24:37.846+0000] {logging_mixin.py:188} INFO - [2026-04-08T10:24:37.845+0000] {dag.py:3947} INFO - Setting next_dagrun for pipeline to 2026-04-08 00:00:00+00:00, run_after=2026-04-09 00:00:00+00:00
[2026-04-08T10:24:37.908+0000] {processor.py:183} INFO - Processing /opt/airflow/dags/pipeline.py took 2.416 seconds
[2026-04-08T10:25:08.735+0000] {processor.py:161} INFO - Started process (PID=215) to work on /opt/airflow/dags/pipeline.py
[2026-04-08T10:25:08.740+0000] {processor.py:830} INFO - Processing file /opt/airflow/dags/pipeline.py for tasks to queue
[2026-04-08T10:25:08.752+0000] {logging_mixin.py:188} INFO - [2026-04-08T10:25:08.750+0000] {dagbag.py:545} INFO - Filling up the DagBag from /opt/airflow/dags/pipeline.py
[2026-04-08T10:25:10.174+0000] {processor.py:840} INFO - DAG(s) 'pipeline' retrieved from /opt/airflow/dags/pipeline.py
[2026-04-08T10:25:10.369+0000] {logging_mixin.py:188} INFO - [2026-04-08T10:25:10.368+0000] {dag.py:3089} INFO - Sync 1 DAGs
[2026-04-08T10:25:10.422+0000] {logging_mixin.py:188} INFO - [2026-04-08T10:25:10.421+0000] {dag.py:3947} INFO - Setting next_dagrun for pipeline to 2026-04-08 00:00:00+00:00, run_after=2026-04-09 00:00:00+00:00
[2026-04-08T10:25:10.474+0000] {processor.py:183} INFO - Processing /opt/airflow/dags/pipeline.py took 1.768 seconds
[2026-04-08T10:25:41.046+0000] {processor.py:161} INFO - Started process (PID=226) to work on /opt/airflow/dags/pipeline.py
[2026-04-08T10:25:41.047+0000] {processor.py:830} INFO - Processing file /opt/airflow/dags/pipeline.py for tasks to queue
[2026-04-08T10:25:41.050+0000] {logging_mixin.py:188} INFO - [2026-04-08T10:25:41.050+0000] {dagbag.py:545} INFO - Filling up the DagBag from /opt/airflow/dags/pipeline.py
[2026-04-08T10:25:42.379+0000] {processor.py:840} INFO - DAG(s) 'pipeline' retrieved from /opt/airflow/dags/pipeline.py
[2026-04-08T10:25:42.510+0000] {logging_mixin.py:188} INFO - [2026-04-08T10:25:42.509+0000] {dag.py:3089} INFO - Sync 1 DAGs
[2026-04-08T10:25:42.557+0000] {logging_mixin.py:188} INFO - [2026-04-08T10:25:42.557+0000] {dag.py:3947} INFO - Setting next_dagrun for pipeline to 2026-04-08 00:00:00+00:00, run_after=2026-04-09 00:00:00+00:00
[2026-04-08T10:25:42.598+0000] {processor.py:183} INFO - Processing /opt/airflow/dags/pipeline.py took 1.563 seconds
[2026-04-08T10:26:13.227+0000] {processor.py:161} INFO - Started process (PID=237) to work on /opt/airflow/dags/pipeline.py
[2026-04-08T10:26:13.230+0000] {processor.py:830} INFO - Processing file /opt/airflow/dags/pipeline.py for tasks to queue
[2026-04-08T10:26:13.233+0000] {logging_mixin.py:188} INFO - [2026-04-08T10:26:13.232+0000] {dagbag.py:545} INFO - Filling up the DagBag from /opt/airflow/dags/pipeline.py
[2026-04-08T10:26:14.862+0000] {processor.py:840} INFO - DAG(s) 'pipeline' retrieved from /opt/airflow/dags/pipeline.py
[2026-04-08T10:26:14.980+0000] {logging_mixin.py:188} INFO - [2026-04-08T10:26:14.980+0000] {dag.py:3089} INFO - Sync 1 DAGs
[2026-04-08T10:26:15.049+0000] {logging_mixin.py:188} INFO - [2026-04-08T10:26:15.049+0000] {dag.py:3947} INFO - Setting next_dagrun for pipeline to 2026-04-08 00:00:00+00:00, run_after=2026-04-09 00:00:00+00:00
[2026-04-08T10:26:15.097+0000] {processor.py:183} INFO - Processing /opt/airflow/dags/pipeline.py took 1.884 seconds
[2026-04-08T10:26:45.793+0000] {processor.py:161} INFO - Started process (PID=248) to work on /opt/airflow/dags/pipeline.py
[2026-04-08T10:26:45.796+0000] {processor.py:830} INFO - Processing file /opt/airflow/dags/pipeline.py for tasks to queue
[2026-04-08T10:26:45.803+0000] {logging_mixin.py:188} INFO - [2026-04-08T10:26:45.801+0000] {dagbag.py:545} INFO - Filling up the DagBag from /opt/airflow/dags/pipeline.py
[2026-04-08T10:26:48.283+0000] {processor.py:840} INFO - DAG(s) 'pipeline' retrieved from /opt/airflow/dags/pipeline.py
[2026-04-08T10:26:48.502+0000] {logging_mixin.py:188} INFO - [2026-04-08T10:26:48.501+0000] {dag.py:3089} INFO - Sync 1 DAGs
[2026-04-08T10:26:48.612+0000] {logging_mixin.py:188} INFO - [2026-04-08T10:26:48.611+0000] {dag.py:3947} INFO - Setting next_dagrun for pipeline to 2026-04-08 00:00:00+00:00, run_after=2026-04-09 00:00:00+00:00
[2026-04-08T10:26:48.689+0000] {processor.py:183} INFO - Processing /opt/airflow/dags/pipeline.py took 2.919 seconds
[2026-04-08T10:27:18.837+0000] {processor.py:161} INFO - Started process (PID=259) to work on /opt/airflow/dags/pipeline.py
[2026-04-08T10:27:18.838+0000] {processor.py:830} INFO - Processing file /opt/airflow/dags/pipeline.py for tasks to queue
[2026-04-08T10:27:18.844+0000] {logging_mixin.py:188} INFO - [2026-04-08T10:27:18.843+0000] {dagbag.py:545} INFO - Filling up the DagBag from /opt/airflow/dags/pipeline.py
[2026-04-08T10:27:20.565+0000] {processor.py:840} INFO - DAG(s) 'pipeline' retrieved from /opt/airflow/dags/pipeline.py
[2026-04-08T10:27:20.683+0000] {logging_mixin.py:188} INFO - [2026-04-08T10:27:20.682+0000] {dag.py:3089} INFO - Sync 1 DAGs
[2026-04-08T10:27:20.798+0000] {logging_mixin.py:188} INFO - [2026-04-08T10:27:20.798+0000] {dag.py:3947} INFO - Setting next_dagrun for pipeline to 2026-04-08 00:00:00+00:00, run_after=2026-04-09 00:00:00+00:00
[2026-04-08T10:27:20.873+0000] {processor.py:183} INFO - Processing /opt/airflow/dags/pipeline.py took 2.053 seconds
[2026-04-08T10:27:51.769+0000] {processor.py:161} INFO - Started process (PID=270) to work on /opt/airflow/dags/pipeline.py
[2026-04-08T10:27:51.775+0000] {processor.py:830} INFO - Processing file /opt/airflow/dags/pipeline.py for tasks to queue
[2026-04-08T10:27:51.782+0000] {logging_mixin.py:188} INFO - [2026-04-08T10:27:51.781+0000] {dagbag.py:545} INFO - Filling up the DagBag from /opt/airflow/dags/pipeline.py
[2026-04-08T10:27:54.617+0000] {processor.py:840} INFO - DAG(s) 'pipeline' retrieved from /opt/airflow/dags/pipeline.py
[2026-04-08T10:27:54.836+0000] {logging_mixin.py:188} INFO - [2026-04-08T10:27:54.836+0000] {dag.py:3089} INFO - Sync 1 DAGs
[2026-04-08T10:27:54.925+0000] {logging_mixin.py:188} INFO - [2026-04-08T10:27:54.924+0000] {dag.py:3947} INFO - Setting next_dagrun for pipeline to 2026-04-08 00:00:00+00:00, run_after=2026-04-09 00:00:00+00:00
[2026-04-08T10:27:55.032+0000] {processor.py:183} INFO - Processing /opt/airflow/dags/pipeline.py took 3.296 seconds
[2026-04-08T10:28:25.658+0000] {processor.py:161} INFO - Started process (PID=281) to work on /opt/airflow/dags/pipeline.py
[2026-04-08T10:28:25.660+0000] {processor.py:830} INFO - Processing file /opt/airflow/dags/pipeline.py for tasks to queue
[2026-04-08T10:28:25.663+0000] {logging_mixin.py:188} INFO - [2026-04-08T10:28:25.662+0000] {dagbag.py:545} INFO - Filling up the DagBag from /opt/airflow/dags/pipeline.py
[2026-04-08T10:28:27.254+0000] {processor.py:840} INFO - DAG(s) 'pipeline' retrieved from /opt/airflow/dags/pipeline.py
[2026-04-08T10:28:27.384+0000] {logging_mixin.py:188} INFO - [2026-04-08T10:28:27.384+0000] {dag.py:3089} INFO - Sync 1 DAGs
[2026-04-08T10:28:27.466+0000] {logging_mixin.py:188} INFO - [2026-04-08T10:28:27.465+0000] {dag.py:3947} INFO - Setting next_dagrun for pipeline to 2026-04-08 00:00:00+00:00, run_after=2026-04-09 00:00:00+00:00
[2026-04-08T10:28:27.529+0000] {processor.py:183} INFO - Processing /opt/airflow/dags/pipeline.py took 1.879 seconds
[2026-04-08T10:28:58.305+0000] {processor.py:161} INFO - Started process (PID=292) to work on /opt/airflow/dags/pipeline.py
[2026-04-08T10:28:58.307+0000] {processor.py:830} INFO - Processing file /opt/airflow/dags/pipeline.py for tasks to queue
[2026-04-08T10:28:58.309+0000] {logging_mixin.py:188} INFO - [2026-04-08T10:28:58.309+0000] {dagbag.py:545} INFO - Filling up the DagBag from /opt/airflow/dags/pipeline.py
[2026-04-08T10:28:59.767+0000] {processor.py:840} INFO - DAG(s) 'pipeline' retrieved from /opt/airflow/dags/pipeline.py
[2026-04-08T10:28:59.859+0000] {logging_mixin.py:188} INFO - [2026-04-08T10:28:59.859+0000] {dag.py:3089} INFO - Sync 1 DAGs
[2026-04-08T10:28:59.894+0000] {logging_mixin.py:188} INFO - [2026-04-08T10:28:59.894+0000] {dag.py:3947} INFO - Setting next_dagrun for pipeline to 2026-04-08 00:00:00+00:00, run_after=2026-04-09 00:00:00+00:00
[2026-04-08T10:28:59.935+0000] {processor.py:183} INFO - Processing /opt/airflow/dags/pipeline.py took 1.639 seconds
[2026-04-08T10:29:30.503+0000] {processor.py:161} INFO - Started process (PID=303) to work on /opt/airflow/dags/pipeline.py
[2026-04-08T10:29:30.506+0000] {processor.py:830} INFO - Processing file /opt/airflow/dags/pipeline.py for tasks to queue
[2026-04-08T10:29:30.512+0000] {logging_mixin.py:188} INFO - [2026-04-08T10:29:30.511+0000] {dagbag.py:545} INFO - Filling up the DagBag from /opt/airflow/dags/pipeline.py
[2026-04-08T10:29:31.844+0000] {processor.py:840} INFO - DAG(s) 'pipeline' retrieved from /opt/airflow/dags/pipeline.py
[2026-04-08T10:29:31.970+0000] {logging_mixin.py:188} INFO - [2026-04-08T10:29:31.969+0000] {dag.py:3089} INFO - Sync 1 DAGs
[2026-04-08T10:29:32.019+0000] {logging_mixin.py:188} INFO - [2026-04-08T10:29:32.019+0000] {dag.py:3947} INFO - Setting next_dagrun for pipeline to 2026-04-08 00:00:00+00:00, run_after=2026-04-09 00:00:00+00:00
[2026-04-08T10:29:32.069+0000] {processor.py:183} INFO - Processing /opt/airflow/dags/pipeline.py took 1.591 seconds
[2026-04-08T10:30:02.728+0000] {processor.py:161} INFO - Started process (PID=314) to work on /opt/airflow/dags/pipeline.py
[2026-04-08T10:30:02.732+0000] {processor.py:830} INFO - Processing file /opt/airflow/dags/pipeline.py for tasks to queue
[2026-04-08T10:30:02.742+0000] {logging_mixin.py:188} INFO - [2026-04-08T10:30:02.741+0000] {dagbag.py:545} INFO - Filling up the DagBag from /opt/airflow/dags/pipeline.py
[2026-04-08T10:34:44.141+0000] {processor.py:161} INFO - Started process (PID=167) to work on /opt/airflow/dags/pipeline.py
[2026-04-08T10:34:44.144+0000] {processor.py:830} INFO - Processing file /opt/airflow/dags/pipeline.py for tasks to queue
[2026-04-08T10:34:44.148+0000] {logging_mixin.py:188} INFO - [2026-04-08T10:34:44.147+0000] {dagbag.py:545} INFO - Filling up the DagBag from /opt/airflow/dags/pipeline.py
[2026-04-08T10:34:49.165+0000] {processor.py:840} INFO - DAG(s) 'pipeline' retrieved from /opt/airflow/dags/pipeline.py
[2026-04-08T10:34:49.290+0000] {logging_mixin.py:188} INFO - [2026-04-08T10:34:49.290+0000] {dag.py:3089} INFO - Sync 1 DAGs
[2026-04-08T10:34:49.368+0000] {logging_mixin.py:188} INFO - [2026-04-08T10:34:49.368+0000] {dag.py:3947} INFO - Setting next_dagrun for pipeline to 2026-04-08 00:00:00+00:00, run_after=2026-04-09 00:00:00+00:00
[2026-04-08T10:34:49.437+0000] {processor.py:183} INFO - Processing /opt/airflow/dags/pipeline.py took 5.309 seconds
[2026-04-08T10:35:20.090+0000] {processor.py:161} INFO - Started process (PID=180) to work on /opt/airflow/dags/pipeline.py
[2026-04-08T10:35:20.098+0000] {processor.py:830} INFO - Processing file /opt/airflow/dags/pipeline.py for tasks to queue
[2026-04-08T10:35:20.122+0000] {logging_mixin.py:188} INFO - [2026-04-08T10:35:20.118+0000] {dagbag.py:545} INFO - Filling up the DagBag from /opt/airflow/dags/pipeline.py
[2026-04-08T10:35:23.450+0000] {processor.py:840} INFO - DAG(s) 'pipeline' retrieved from /opt/airflow/dags/pipeline.py
[2026-04-08T10:35:23.856+0000] {logging_mixin.py:188} INFO - [2026-04-08T10:35:23.856+0000] {dag.py:3089} INFO - Sync 1 DAGs
[2026-04-08T10:35:23.914+0000] {logging_mixin.py:188} INFO - [2026-04-08T10:35:23.913+0000] {dag.py:3947} INFO - Setting next_dagrun for pipeline to 2026-04-08 00:00:00+00:00, run_after=2026-04-09 00:00:00+00:00
[2026-04-08T10:35:23.981+0000] {processor.py:183} INFO - Processing /opt/airflow/dags/pipeline.py took 3.994 seconds
[2026-04-08T10:35:54.977+0000] {processor.py:161} INFO - Started process (PID=191) to work on /opt/airflow/dags/pipeline.py
[2026-04-08T10:35:54.979+0000] {processor.py:830} INFO - Processing file /opt/airflow/dags/pipeline.py for tasks to queue
[2026-04-08T10:35:54.984+0000] {logging_mixin.py:188} INFO - [2026-04-08T10:35:54.983+0000] {dagbag.py:545} INFO - Filling up the DagBag from /opt/airflow/dags/pipeline.py
[2026-04-08T10:36:01.577+0000] {processor.py:840} INFO - DAG(s) 'pipeline' retrieved from /opt/airflow/dags/pipeline.py
[2026-04-08T10:36:01.729+0000] {logging_mixin.py:188} INFO - [2026-04-08T10:36:01.728+0000] {dag.py:3089} INFO - Sync 1 DAGs
[2026-04-08T10:36:01.795+0000] {logging_mixin.py:188} INFO - [2026-04-08T10:36:01.795+0000] {dag.py:3947} INFO - Setting next_dagrun for pipeline to 2026-04-08 00:00:00+00:00, run_after=2026-04-09 00:00:00+00:00
[2026-04-08T10:36:01.867+0000] {processor.py:183} INFO - Processing /opt/airflow/dags/pipeline.py took 6.971 seconds
[2026-04-08T10:36:32.893+0000] {processor.py:161} INFO - Started process (PID=202) to work on /opt/airflow/dags/pipeline.py
[2026-04-08T10:36:32.895+0000] {processor.py:830} INFO - Processing file /opt/airflow/dags/pipeline.py for tasks to queue
[2026-04-08T10:36:32.902+0000] {logging_mixin.py:188} INFO - [2026-04-08T10:36:32.901+0000] {dagbag.py:545} INFO - Filling up the DagBag from /opt/airflow/dags/pipeline.py
[2026-04-08T10:36:36.072+0000] {processor.py:840} INFO - DAG(s) 'pipeline' retrieved from /opt/airflow/dags/pipeline.py
[2026-04-08T10:36:36.621+0000] {logging_mixin.py:188} INFO - [2026-04-08T10:36:36.620+0000] {dag.py:3089} INFO - Sync 1 DAGs
[2026-04-08T10:36:36.860+0000] {logging_mixin.py:188} INFO - [2026-04-08T10:36:36.859+0000] {dag.py:3947} INFO - Setting next_dagrun for pipeline to 2026-04-08 00:00:00+00:00, run_after=2026-04-09 00:00:00+00:00
[2026-04-08T10:36:37.655+0000] {processor.py:183} INFO - Processing /opt/airflow/dags/pipeline.py took 4.789 seconds
[2026-04-08T10:37:08.505+0000] {processor.py:161} INFO - Started process (PID=215) to work on /opt/airflow/dags/pipeline.py
[2026-04-08T10:37:08.508+0000] {processor.py:830} INFO - Processing file /opt/airflow/dags/pipeline.py for tasks to queue
[2026-04-08T10:37:08.514+0000] {logging_mixin.py:188} INFO - [2026-04-08T10:37:08.513+0000] {dagbag.py:545} INFO - Filling up the DagBag from /opt/airflow/dags/pipeline.py
[2026-04-08T10:37:14.389+0000] {processor.py:840} INFO - DAG(s) 'pipeline' retrieved from /opt/airflow/dags/pipeline.py
[2026-04-08T10:37:14.552+0000] {logging_mixin.py:188} INFO - [2026-04-08T10:37:14.551+0000] {dag.py:3089} INFO - Sync 1 DAGs
[2026-04-08T10:37:14.643+0000] {logging_mixin.py:188} INFO - [2026-04-08T10:37:14.642+0000] {dag.py:3947} INFO - Setting next_dagrun for pipeline to 2026-04-08 00:00:00+00:00, run_after=2026-04-09 00:00:00+00:00
[2026-04-08T10:37:14.753+0000] {processor.py:183} INFO - Processing /opt/airflow/dags/pipeline.py took 6.271 seconds
[2026-04-08T10:37:45.670+0000] {processor.py:161} INFO - Started process (PID=226) to work on /opt/airflow/dags/pipeline.py
[2026-04-08T10:37:45.674+0000] {processor.py:830} INFO - Processing file /opt/airflow/dags/pipeline.py for tasks to queue
[2026-04-08T10:37:45.682+0000] {logging_mixin.py:188} INFO - [2026-04-08T10:37:45.681+0000] {dagbag.py:545} INFO - Filling up the DagBag from /opt/airflow/dags/pipeline.py
[2026-04-08T10:37:49.022+0000] {processor.py:840} INFO - DAG(s) 'pipeline' retrieved from /opt/airflow/dags/pipeline.py
[2026-04-08T10:37:49.192+0000] {logging_mixin.py:188} INFO - [2026-04-08T10:37:49.191+0000] {dag.py:3089} INFO - Sync 1 DAGs
[2026-04-08T10:37:49.267+0000] {logging_mixin.py:188} INFO - [2026-04-08T10:37:49.266+0000] {dag.py:3947} INFO - Setting next_dagrun for pipeline to 2026-04-08 00:00:00+00:00, run_after=2026-04-09 00:00:00+00:00
[2026-04-08T10:37:49.350+0000] {processor.py:183} INFO - Processing /opt/airflow/dags/pipeline.py took 3.698 seconds
[2026-04-08T10:38:20.275+0000] {processor.py:161} INFO - Started process (PID=237) to work on /opt/airflow/dags/pipeline.py
[2026-04-08T10:38:20.278+0000] {processor.py:830} INFO - Processing file /opt/airflow/dags/pipeline.py for tasks to queue
[2026-04-08T10:38:20.282+0000] {logging_mixin.py:188} INFO - [2026-04-08T10:38:20.281+0000] {dagbag.py:545} INFO - Filling up the DagBag from /opt/airflow/dags/pipeline.py
[2026-04-08T10:38:22.952+0000] {processor.py:840} INFO - DAG(s) 'pipeline' retrieved from /opt/airflow/dags/pipeline.py
[2026-04-08T10:38:23.143+0000] {logging_mixin.py:188} INFO - [2026-04-08T10:38:23.142+0000] {dag.py:3089} INFO - Sync 1 DAGs
[2026-04-08T10:38:23.277+0000] {logging_mixin.py:188} INFO - [2026-04-08T10:38:23.277+0000] {dag.py:3947} INFO - Setting next_dagrun for pipeline to 2026-04-08 00:00:00+00:00, run_after=2026-04-09 00:00:00+00:00
[2026-04-08T10:38:23.363+0000] {processor.py:183} INFO - Processing /opt/airflow/dags/pipeline.py took 3.106 seconds
[2026-04-08T10:38:54.031+0000] {processor.py:161} INFO - Started process (PID=251) to work on /opt/airflow/dags/pipeline.py
[2026-04-08T10:38:54.033+0000] {processor.py:830} INFO - Processing file /opt/airflow/dags/pipeline.py for tasks to queue
[2026-04-08T10:38:54.036+0000] {logging_mixin.py:188} INFO - [2026-04-08T10:38:54.036+0000] {dagbag.py:545} INFO - Filling up the DagBag from /opt/airflow/dags/pipeline.py
[2026-04-08T10:38:55.947+0000] {processor.py:840} INFO - DAG(s) 'pipeline' retrieved from /opt/airflow/dags/pipeline.py
[2026-04-08T10:38:56.033+0000] {logging_mixin.py:188} INFO - [2026-04-08T10:38:56.032+0000] {dag.py:3089} INFO - Sync 1 DAGs
[2026-04-08T10:38:56.071+0000] {logging_mixin.py:188} INFO - [2026-04-08T10:38:56.071+0000] {dag.py:3947} INFO - Setting next_dagrun for pipeline to 2026-04-08 00:00:00+00:00, run_after=2026-04-09 00:00:00+00:00
[2026-04-08T10:38:56.121+0000] {processor.py:183} INFO - Processing /opt/airflow/dags/pipeline.py took 2.104 seconds
[2026-04-08T10:39:26.297+0000] {processor.py:161} INFO - Started process (PID=264) to work on /opt/airflow/dags/pipeline.py
[2026-04-08T10:39:26.301+0000] {processor.py:830} INFO - Processing file /opt/airflow/dags/pipeline.py for tasks to queue
[2026-04-08T10:39:26.316+0000] {logging_mixin.py:188} INFO - [2026-04-08T10:39:26.315+0000] {dagbag.py:545} INFO - Filling up the DagBag from /opt/airflow/dags/pipeline.py
[2026-04-08T10:39:28.205+0000] {processor.py:840} INFO - DAG(s) 'pipeline' retrieved from /opt/airflow/dags/pipeline.py
[2026-04-08T10:39:28.300+0000] {logging_mixin.py:188} INFO - [2026-04-08T10:39:28.300+0000] {dag.py:3089} INFO - Sync 1 DAGs
[2026-04-08T10:39:28.338+0000] {logging_mixin.py:188} INFO - [2026-04-08T10:39:28.338+0000] {dag.py:3947} INFO - Setting next_dagrun for pipeline to 2026-04-08 00:00:00+00:00, run_after=2026-04-09 00:00:00+00:00
[2026-04-08T10:39:28.382+0000] {processor.py:183} INFO - Processing /opt/airflow/dags/pipeline.py took 2.134 seconds
[2026-04-08T10:39:58.702+0000] {processor.py:161} INFO - Started process (PID=275) to work on /opt/airflow/dags/pipeline.py
[2026-04-08T10:39:58.706+0000] {processor.py:830} INFO - Processing file /opt/airflow/dags/pipeline.py for tasks to queue
[2026-04-08T10:39:58.719+0000] {logging_mixin.py:188} INFO - [2026-04-08T10:39:58.717+0000] {dagbag.py:545} INFO - Filling up the DagBag from /opt/airflow/dags/pipeline.py
[2026-04-08T10:40:06.725+0000] {processor.py:840} INFO - DAG(s) 'pipeline' retrieved from /opt/airflow/dags/pipeline.py
[2026-04-08T10:40:07.022+0000] {logging_mixin.py:188} INFO - [2026-04-08T10:40:07.021+0000] {dag.py:3089} INFO - Sync 1 DAGs
[2026-04-08T10:40:07.275+0000] {logging_mixin.py:188} INFO - [2026-04-08T10:40:07.266+0000] {dag.py:3947} INFO - Setting next_dagrun for pipeline to 2026-04-08 00:00:00+00:00, run_after=2026-04-09 00:00:00+00:00
[2026-04-08T10:40:07.489+0000] {processor.py:183} INFO - Processing /opt/airflow/dags/pipeline.py took 8.828 seconds
[2026-04-08T10:40:38.372+0000] {processor.py:161} INFO - Started process (PID=286) to work on /opt/airflow/dags/pipeline.py
[2026-04-08T10:40:38.376+0000] {processor.py:830} INFO - Processing file /opt/airflow/dags/pipeline.py for tasks to queue
[2026-04-08T10:40:38.382+0000] {logging_mixin.py:188} INFO - [2026-04-08T10:40:38.381+0000] {dagbag.py:545} INFO - Filling up the DagBag from /opt/airflow/dags/pipeline.py
[2026-04-08T10:40:39.589+0000] {processor.py:840} INFO - DAG(s) 'pipeline' retrieved from /opt/airflow/dags/pipeline.py
[2026-04-08T10:40:39.791+0000] {logging_mixin.py:188} INFO - [2026-04-08T10:40:39.790+0000] {dag.py:3089} INFO - Sync 1 DAGs
[2026-04-08T10:40:39.894+0000] {logging_mixin.py:188} INFO - [2026-04-08T10:40:39.893+0000] {dag.py:3947} INFO - Setting next_dagrun for pipeline to 2026-04-08 00:00:00+00:00, run_after=2026-04-09 00:00:00+00:00
[2026-04-08T10:40:40.014+0000] {processor.py:183} INFO - Processing /opt/airflow/dags/pipeline.py took 1.672 seconds
[2026-04-08T10:41:10.347+0000] {processor.py:161} INFO - Started process (PID=306) to work on /opt/airflow/dags/pipeline.py
[2026-04-08T10:41:10.350+0000] {processor.py:830} INFO - Processing file /opt/airflow/dags/pipeline.py for tasks to queue
[2026-04-08T10:41:10.357+0000] {logging_mixin.py:188} INFO - [2026-04-08T10:41:10.355+0000] {dagbag.py:545} INFO - Filling up the DagBag from /opt/airflow/dags/pipeline.py
[2026-04-08T10:41:11.653+0000] {processor.py:840} INFO - DAG(s) 'pipeline' retrieved from /opt/airflow/dags/pipeline.py
[2026-04-08T10:41:11.737+0000] {logging_mixin.py:188} INFO - [2026-04-08T10:41:11.737+0000] {dag.py:3089} INFO - Sync 1 DAGs
[2026-04-08T10:41:11.773+0000] {logging_mixin.py:188} INFO - [2026-04-08T10:41:11.773+0000] {dag.py:3947} INFO - Setting next_dagrun for pipeline to 2026-04-08 00:00:00+00:00, run_after=2026-04-09 00:00:00+00:00
[2026-04-08T10:41:11.819+0000] {processor.py:183} INFO - Processing /opt/airflow/dags/pipeline.py took 1.489 seconds
[2026-04-08T10:41:42.091+0000] {processor.py:161} INFO - Started process (PID=317) to work on /opt/airflow/dags/pipeline.py
[2026-04-08T10:41:42.095+0000] {processor.py:830} INFO - Processing file /opt/airflow/dags/pipeline.py for tasks to queue
[2026-04-08T10:41:42.100+0000] {logging_mixin.py:188} INFO - [2026-04-08T10:41:42.100+0000] {dagbag.py:545} INFO - Filling up the DagBag from /opt/airflow/dags/pipeline.py
[2026-04-08T10:41:44.235+0000] {processor.py:840} INFO - DAG(s) 'pipeline' retrieved from /opt/airflow/dags/pipeline.py
[2026-04-08T10:41:44.454+0000] {logging_mixin.py:188} INFO - [2026-04-08T10:41:44.452+0000] {dag.py:3089} INFO - Sync 1 DAGs
[2026-04-08T10:41:44.851+0000] {logging_mixin.py:188} INFO - [2026-04-08T10:41:44.847+0000] {dag.py:3947} INFO - Setting next_dagrun for pipeline to 2026-04-08 00:00:00+00:00, run_after=2026-04-09 00:00:00+00:00
[2026-04-08T10:41:45.135+0000] {processor.py:183} INFO - Processing /opt/airflow/dags/pipeline.py took 3.062 seconds
[2026-04-08T10:42:15.637+0000] {processor.py:161} INFO - Started process (PID=328) to work on /opt/airflow/dags/pipeline.py
[2026-04-08T10:42:15.644+0000] {processor.py:830} INFO - Processing file /opt/airflow/dags/pipeline.py for tasks to queue
[2026-04-08T10:42:15.651+0000] {logging_mixin.py:188} INFO - [2026-04-08T10:42:15.650+0000] {dagbag.py:545} INFO - Filling up the DagBag from /opt/airflow/dags/pipeline.py
[2026-04-08T10:42:21.124+0000] {processor.py:840} INFO - DAG(s) 'pipeline' retrieved from /opt/airflow/dags/pipeline.py
[2026-04-08T10:42:21.269+0000] {logging_mixin.py:188} INFO - [2026-04-08T10:42:21.269+0000] {dag.py:3089} INFO - Sync 1 DAGs
[2026-04-08T10:42:21.348+0000] {logging_mixin.py:188} INFO - [2026-04-08T10:42:21.347+0000] {dag.py:3947} INFO - Setting next_dagrun for pipeline to 2026-04-08 00:00:00+00:00, run_after=2026-04-09 00:00:00+00:00
[2026-04-08T10:42:21.420+0000] {processor.py:183} INFO - Processing /opt/airflow/dags/pipeline.py took 5.805 seconds
[2026-04-08T10:42:52.149+0000] {processor.py:161} INFO - Started process (PID=339) to work on /opt/airflow/dags/pipeline.py
[2026-04-08T10:42:52.157+0000] {processor.py:830} INFO - Processing file /opt/airflow/dags/pipeline.py for tasks to queue
[2026-04-08T10:42:52.176+0000] {logging_mixin.py:188} INFO - [2026-04-08T10:42:52.172+0000] {dagbag.py:545} INFO - Filling up the DagBag from /opt/airflow/dags/pipeline.py
[2026-04-08T10:42:54.727+0000] {processor.py:840} INFO - DAG(s) 'pipeline' retrieved from /opt/airflow/dags/pipeline.py
[2026-04-08T10:42:54.863+0000] {logging_mixin.py:188} INFO - [2026-04-08T10:42:54.863+0000] {dag.py:3089} INFO - Sync 1 DAGs
[2026-04-08T10:42:54.922+0000] {logging_mixin.py:188} INFO - [2026-04-08T10:42:54.921+0000] {dag.py:3947} INFO - Setting next_dagrun for pipeline to 2026-04-08 00:00:00+00:00, run_after=2026-04-09 00:00:00+00:00
[2026-04-08T10:42:54.981+0000] {processor.py:183} INFO - Processing /opt/airflow/dags/pipeline.py took 2.876 seconds
[2026-04-08T10:43:26.373+0000] {processor.py:161} INFO - Started process (PID=350) to work on /opt/airflow/dags/pipeline.py
[2026-04-08T10:43:26.441+0000] {processor.py:830} INFO - Processing file /opt/airflow/dags/pipeline.py for tasks to queue
[2026-04-08T10:43:26.457+0000] {logging_mixin.py:188} INFO - [2026-04-08T10:43:26.456+0000] {dagbag.py:545} INFO - Filling up the DagBag from /opt/airflow/dags/pipeline.py
[2026-04-08T10:43:34.182+0000] {processor.py:840} INFO - DAG(s) 'pipeline' retrieved from /opt/airflow/dags/pipeline.py
[2026-04-08T10:43:34.658+0000] {logging_mixin.py:188} INFO - [2026-04-08T10:43:34.658+0000] {dag.py:3089} INFO - Sync 1 DAGs
[2026-04-08T10:43:34.791+0000] {logging_mixin.py:188} INFO - [2026-04-08T10:43:34.791+0000] {dag.py:3947} INFO - Setting next_dagrun for pipeline to 2026-04-08 00:00:00+00:00, run_after=2026-04-09 00:00:00+00:00
[2026-04-08T10:43:35.161+0000] {processor.py:183} INFO - Processing /opt/airflow/dags/pipeline.py took 8.889 seconds
[2026-04-08T10:44:05.922+0000] {processor.py:161} INFO - Started process (PID=361) to work on /opt/airflow/dags/pipeline.py
[2026-04-08T10:44:05.927+0000] {processor.py:830} INFO - Processing file /opt/airflow/dags/pipeline.py for tasks to queue
[2026-04-08T10:44:05.939+0000] {logging_mixin.py:188} INFO - [2026-04-08T10:44:05.937+0000] {dagbag.py:545} INFO - Filling up the DagBag from /opt/airflow/dags/pipeline.py
[2026-04-08T10:44:07.436+0000] {processor.py:840} INFO - DAG(s) 'pipeline' retrieved from /opt/airflow/dags/pipeline.py
[2026-04-08T10:44:07.586+0000] {logging_mixin.py:188} INFO - [2026-04-08T10:44:07.586+0000] {dag.py:3089} INFO - Sync 1 DAGs
[2026-04-08T10:44:07.645+0000] {logging_mixin.py:188} INFO - [2026-04-08T10:44:07.645+0000] {dag.py:3947} INFO - Setting next_dagrun for pipeline to 2026-04-08 00:00:00+00:00, run_after=2026-04-09 00:00:00+00:00
[2026-04-08T10:44:07.711+0000] {processor.py:183} INFO - Processing /opt/airflow/dags/pipeline.py took 1.826 seconds
[2026-04-08T10:44:38.185+0000] {processor.py:161} INFO - Started process (PID=375) to work on /opt/airflow/dags/pipeline.py
[2026-04-08T10:44:38.186+0000] {processor.py:830} INFO - Processing file /opt/airflow/dags/pipeline.py for tasks to queue
[2026-04-08T10:44:38.190+0000] {logging_mixin.py:188} INFO - [2026-04-08T10:44:38.189+0000] {dagbag.py:545} INFO - Filling up the DagBag from /opt/airflow/dags/pipeline.py
[2026-04-08T10:44:40.044+0000] {processor.py:840} INFO - DAG(s) 'pipeline' retrieved from /opt/airflow/dags/pipeline.py
[2026-04-08T10:44:40.203+0000] {logging_mixin.py:188} INFO - [2026-04-08T10:44:40.203+0000] {dag.py:3089} INFO - Sync 1 DAGs
[2026-04-08T10:44:40.330+0000] {logging_mixin.py:188} INFO - [2026-04-08T10:44:40.329+0000] {dag.py:3947} INFO - Setting next_dagrun for pipeline to 2026-04-08 00:00:00+00:00, run_after=2026-04-09 00:00:00+00:00
[2026-04-08T10:44:40.398+0000] {processor.py:183} INFO - Processing /opt/airflow/dags/pipeline.py took 2.226 seconds
[2026-04-08T10:45:10.542+0000] {processor.py:161} INFO - Started process (PID=388) to work on /opt/airflow/dags/pipeline.py
[2026-04-08T10:45:10.544+0000] {processor.py:830} INFO - Processing file /opt/airflow/dags/pipeline.py for tasks to queue
[2026-04-08T10:45:10.549+0000] {logging_mixin.py:188} INFO - [2026-04-08T10:45:10.548+0000] {dagbag.py:545} INFO - Filling up the DagBag from /opt/airflow/dags/pipeline.py
[2026-04-08T10:45:11.856+0000] {processor.py:840} INFO - DAG(s) 'pipeline' retrieved from /opt/airflow/dags/pipeline.py
[2026-04-08T10:45:11.989+0000] {logging_mixin.py:188} INFO - [2026-04-08T10:45:11.988+0000] {dag.py:3089} INFO - Sync 1 DAGs
[2026-04-08T10:45:12.093+0000] {logging_mixin.py:188} INFO - [2026-04-08T10:45:12.093+0000] {dag.py:3947} INFO - Setting next_dagrun for pipeline to 2026-04-08 00:00:00+00:00, run_after=2026-04-09 00:00:00+00:00
[2026-04-08T10:45:12.150+0000] {processor.py:183} INFO - Processing /opt/airflow/dags/pipeline.py took 1.621 seconds
[2026-04-08T10:45:42.507+0000] {processor.py:161} INFO - Started process (PID=399) to work on /opt/airflow/dags/pipeline.py
[2026-04-08T10:45:42.516+0000] {processor.py:830} INFO - Processing file /opt/airflow/dags/pipeline.py for tasks to queue
[2026-04-08T10:45:42.537+0000] {logging_mixin.py:188} INFO - [2026-04-08T10:45:42.535+0000] {dagbag.py:545} INFO - Filling up the DagBag from /opt/airflow/dags/pipeline.py
[2026-04-08T10:45:48.817+0000] {processor.py:840} INFO - DAG(s) 'pipeline' retrieved from /opt/airflow/dags/pipeline.py
[2026-04-08T10:45:48.976+0000] {logging_mixin.py:188} INFO - [2026-04-08T10:45:48.976+0000] {dag.py:3089} INFO - Sync 1 DAGs
[2026-04-08T10:45:49.111+0000] {logging_mixin.py:188} INFO - [2026-04-08T10:45:49.110+0000] {dag.py:3947} INFO - Setting next_dagrun for pipeline to 2026-04-08 00:00:00+00:00, run_after=2026-04-09 00:00:00+00:00
[2026-04-08T10:45:49.225+0000] {processor.py:183} INFO - Processing /opt/airflow/dags/pipeline.py took 6.813 seconds
[2026-04-08T10:46:19.558+0000] {processor.py:161} INFO - Started process (PID=410) to work on /opt/airflow/dags/pipeline.py
[2026-04-08T10:46:19.560+0000] {processor.py:830} INFO - Processing file /opt/airflow/dags/pipeline.py for tasks to queue
[2026-04-08T10:46:19.565+0000] {logging_mixin.py:188} INFO - [2026-04-08T10:46:19.563+0000] {dagbag.py:545} INFO - Filling up the DagBag from /opt/airflow/dags/pipeline.py
[2026-04-08T10:46:21.728+0000] {processor.py:840} INFO - DAG(s) 'pipeline' retrieved from /opt/airflow/dags/pipeline.py
[2026-04-08T10:46:21.842+0000] {logging_mixin.py:188} INFO - [2026-04-08T10:46:21.841+0000] {dag.py:3089} INFO - Sync 1 DAGs
[2026-04-08T10:46:21.918+0000] {logging_mixin.py:188} INFO - [2026-04-08T10:46:21.918+0000] {dag.py:3947} INFO - Setting next_dagrun for pipeline to 2026-04-08 00:00:00+00:00, run_after=2026-04-09 00:00:00+00:00
[2026-04-08T10:46:22.002+0000] {processor.py:183} INFO - Processing /opt/airflow/dags/pipeline.py took 2.459 seconds
[2026-04-08T10:46:53.001+0000] {processor.py:161} INFO - Started process (PID=421) to work on /opt/airflow/dags/pipeline.py
[2026-04-08T10:46:53.003+0000] {processor.py:830} INFO - Processing file /opt/airflow/dags/pipeline.py for tasks to queue
[2026-04-08T10:46:53.007+0000] {logging_mixin.py:188} INFO - [2026-04-08T10:46:53.006+0000] {dagbag.py:545} INFO - Filling up the DagBag from /opt/airflow/dags/pipeline.py
[2026-04-08T10:46:54.106+0000] {processor.py:840} INFO - DAG(s) 'pipeline' retrieved from /opt/airflow/dags/pipeline.py
[2026-04-08T10:46:54.214+0000] {logging_mixin.py:188} INFO - [2026-04-08T10:46:54.213+0000] {dag.py:3089} INFO - Sync 1 DAGs
[2026-04-08T10:46:54.267+0000] {logging_mixin.py:188} INFO - [2026-04-08T10:46:54.267+0000] {dag.py:3947} INFO - Setting next_dagrun for pipeline to 2026-04-08 00:00:00+00:00, run_after=2026-04-09 00:00:00+00:00
[2026-04-08T10:46:54.373+0000] {processor.py:183} INFO - Processing /opt/airflow/dags/pipeline.py took 1.383 seconds
[2026-04-08T10:47:24.781+0000] {processor.py:161} INFO - Started process (PID=432) to work on /opt/airflow/dags/pipeline.py
[2026-04-08T10:47:24.784+0000] {processor.py:830} INFO - Processing file /opt/airflow/dags/pipeline.py for tasks to queue
[2026-04-08T10:47:24.792+0000] {logging_mixin.py:188} INFO - [2026-04-08T10:47:24.791+0000] {dagbag.py:545} INFO - Filling up the DagBag from /opt/airflow/dags/pipeline.py
[2026-04-08T10:47:26.797+0000] {processor.py:840} INFO - DAG(s) 'pipeline' retrieved from /opt/airflow/dags/pipeline.py
[2026-04-08T10:47:26.961+0000] {logging_mixin.py:188} INFO - [2026-04-08T10:47:26.961+0000] {dag.py:3089} INFO - Sync 1 DAGs
[2026-04-08T10:47:27.042+0000] {logging_mixin.py:188} INFO - [2026-04-08T10:47:27.042+0000] {dag.py:3947} INFO - Setting next_dagrun for pipeline to 2026-04-08 00:00:00+00:00, run_after=2026-04-09 00:00:00+00:00
[2026-04-08T10:47:27.101+0000] {processor.py:183} INFO - Processing /opt/airflow/dags/pipeline.py took 2.341 seconds
[2026-04-08T10:47:57.540+0000] {processor.py:161} INFO - Started process (PID=443) to work on /opt/airflow/dags/pipeline.py
[2026-04-08T10:47:57.542+0000] {processor.py:830} INFO - Processing file /opt/airflow/dags/pipeline.py for tasks to queue
[2026-04-08T10:47:57.585+0000] {logging_mixin.py:188} INFO - [2026-04-08T10:47:57.584+0000] {dagbag.py:545} INFO - Filling up the DagBag from /opt/airflow/dags/pipeline.py
[2026-04-08T10:47:59.175+0000] {processor.py:840} INFO - DAG(s) 'pipeline' retrieved from /opt/airflow/dags/pipeline.py
[2026-04-08T10:47:59.283+0000] {logging_mixin.py:188} INFO - [2026-04-08T10:47:59.283+0000] {dag.py:3089} INFO - Sync 1 DAGs
[2026-04-08T10:47:59.324+0000] {logging_mixin.py:188} INFO - [2026-04-08T10:47:59.324+0000] {dag.py:3947} INFO - Setting next_dagrun for pipeline to 2026-04-08 00:00:00+00:00, run_after=2026-04-09 00:00:00+00:00
[2026-04-08T10:47:59.374+0000] {processor.py:183} INFO - Processing /opt/airflow/dags/pipeline.py took 1.851 seconds
[2026-04-08T10:48:30.063+0000] {processor.py:161} INFO - Started process (PID=455) to work on /opt/airflow/dags/pipeline.py
[2026-04-08T10:48:30.065+0000] {processor.py:830} INFO - Processing file /opt/airflow/dags/pipeline.py for tasks to queue
[2026-04-08T10:48:30.068+0000] {logging_mixin.py:188} INFO - [2026-04-08T10:48:30.068+0000] {dagbag.py:545} INFO - Filling up the DagBag from /opt/airflow/dags/pipeline.py
[2026-04-08T10:48:32.234+0000] {processor.py:840} INFO - DAG(s) 'pipeline' retrieved from /opt/airflow/dags/pipeline.py
[2026-04-08T10:48:32.466+0000] {logging_mixin.py:188} INFO - [2026-04-08T10:48:32.466+0000] {dag.py:3089} INFO - Sync 1 DAGs
[2026-04-08T10:48:32.564+0000] {logging_mixin.py:188} INFO - [2026-04-08T10:48:32.563+0000] {dag.py:3947} INFO - Setting next_dagrun for pipeline to 2026-04-08 00:00:00+00:00, run_after=2026-04-09 00:00:00+00:00
[2026-04-08T10:48:32.666+0000] {processor.py:183} INFO - Processing /opt/airflow/dags/pipeline.py took 2.612 seconds
[2026-04-08T10:49:03.187+0000] {processor.py:161} INFO - Started process (PID=466) to work on /opt/airflow/dags/pipeline.py
[2026-04-08T10:49:03.191+0000] {processor.py:830} INFO - Processing file /opt/airflow/dags/pipeline.py for tasks to queue
[2026-04-08T10:49:03.199+0000] {logging_mixin.py:188} INFO - [2026-04-08T10:49:03.197+0000] {dagbag.py:545} INFO - Filling up the DagBag from /opt/airflow/dags/pipeline.py
[2026-04-08T10:49:04.310+0000] {processor.py:840} INFO - DAG(s) 'pipeline' retrieved from /opt/airflow/dags/pipeline.py
[2026-04-08T10:49:04.477+0000] {logging_mixin.py:188} INFO - [2026-04-08T10:49:04.476+0000] {dag.py:3089} INFO - Sync 1 DAGs
[2026-04-08T10:49:04.571+0000] {logging_mixin.py:188} INFO - [2026-04-08T10:49:04.571+0000] {dag.py:3947} INFO - Setting next_dagrun for pipeline to 2026-04-08 00:00:00+00:00, run_after=2026-04-09 00:00:00+00:00
[2026-04-08T10:49:04.635+0000] {processor.py:183} INFO - Processing /opt/airflow/dags/pipeline.py took 1.496 seconds
[2026-04-08T11:14:46.706+0000] {processor.py:161} INFO - Started process (PID=167) to work on /opt/airflow/dags/pipeline.py
[2026-04-08T11:14:46.716+0000] {processor.py:830} INFO - Processing file /opt/airflow/dags/pipeline.py for tasks to queue
[2026-04-08T11:14:46.723+0000] {logging_mixin.py:188} INFO - [2026-04-08T11:14:46.723+0000] {dagbag.py:545} INFO - Filling up the DagBag from /opt/airflow/dags/pipeline.py
[2026-04-08T11:14:50.472+0000] {processor.py:840} INFO - DAG(s) 'pipeline' retrieved from /opt/airflow/dags/pipeline.py
[2026-04-08T11:14:50.566+0000] {logging_mixin.py:188} INFO - [2026-04-08T11:14:50.566+0000] {dag.py:3089} INFO - Sync 1 DAGs
[2026-04-08T11:14:50.669+0000] {logging_mixin.py:188} INFO - [2026-04-08T11:14:50.669+0000] {dag.py:3947} INFO - Setting next_dagrun for pipeline to 2026-04-08 00:00:00+00:00, run_after=2026-04-09 00:00:00+00:00
[2026-04-08T11:14:50.734+0000] {processor.py:183} INFO - Processing /opt/airflow/dags/pipeline.py took 4.141 seconds
[2026-04-08T11:15:21.341+0000] {processor.py:161} INFO - Started process (PID=180) to work on /opt/airflow/dags/pipeline.py
[2026-04-08T11:15:21.344+0000] {processor.py:830} INFO - Processing file /opt/airflow/dags/pipeline.py for tasks to queue
[2026-04-08T11:15:21.348+0000] {logging_mixin.py:188} INFO - [2026-04-08T11:15:21.347+0000] {dagbag.py:545} INFO - Filling up the DagBag from /opt/airflow/dags/pipeline.py
[2026-04-08T11:15:26.061+0000] {processor.py:840} INFO - DAG(s) 'pipeline' retrieved from /opt/airflow/dags/pipeline.py
[2026-04-08T11:15:26.516+0000] {logging_mixin.py:188} INFO - [2026-04-08T11:15:26.509+0000] {dag.py:3089} INFO - Sync 1 DAGs
[2026-04-08T11:15:26.596+0000] {logging_mixin.py:188} INFO - [2026-04-08T11:15:26.595+0000] {dag.py:3947} INFO - Setting next_dagrun for pipeline to 2026-04-08 00:00:00+00:00, run_after=2026-04-09 00:00:00+00:00
[2026-04-08T11:15:26.671+0000] {processor.py:183} INFO - Processing /opt/airflow/dags/pipeline.py took 5.365 seconds
[2026-04-08T11:15:57.709+0000] {processor.py:161} INFO - Started process (PID=191) to work on /opt/airflow/dags/pipeline.py
[2026-04-08T11:15:57.886+0000] {processor.py:830} INFO - Processing file /opt/airflow/dags/pipeline.py for tasks to queue
[2026-04-08T11:15:57.913+0000] {logging_mixin.py:188} INFO - [2026-04-08T11:15:57.911+0000] {dagbag.py:545} INFO - Filling up the DagBag from /opt/airflow/dags/pipeline.py
[2026-04-08T11:16:08.848+0000] {processor.py:840} INFO - DAG(s) 'pipeline' retrieved from /opt/airflow/dags/pipeline.py
[2026-04-08T11:16:09.008+0000] {logging_mixin.py:188} INFO - [2026-04-08T11:16:09.002+0000] {dag.py:3089} INFO - Sync 1 DAGs
[2026-04-08T11:16:09.116+0000] {logging_mixin.py:188} INFO - [2026-04-08T11:16:09.115+0000] {dag.py:3947} INFO - Setting next_dagrun for pipeline to 2026-04-08 00:00:00+00:00, run_after=2026-04-09 00:00:00+00:00
[2026-04-08T11:16:09.215+0000] {processor.py:183} INFO - Processing /opt/airflow/dags/pipeline.py took 11.927 seconds
[2026-04-08T11:16:39.949+0000] {processor.py:161} INFO - Started process (PID=207) to work on /opt/airflow/dags/pipeline.py
[2026-04-08T11:16:39.956+0000] {processor.py:830} INFO - Processing file /opt/airflow/dags/pipeline.py for tasks to queue
[2026-04-08T11:16:39.964+0000] {logging_mixin.py:188} INFO - [2026-04-08T11:16:39.963+0000] {dagbag.py:545} INFO - Filling up the DagBag from /opt/airflow/dags/pipeline.py
[2026-04-08T11:16:44.353+0000] {processor.py:840} INFO - DAG(s) 'pipeline' retrieved from /opt/airflow/dags/pipeline.py
[2026-04-08T11:16:44.507+0000] {logging_mixin.py:188} INFO - [2026-04-08T11:16:44.506+0000] {dag.py:3089} INFO - Sync 1 DAGs
[2026-04-08T11:16:44.584+0000] {logging_mixin.py:188} INFO - [2026-04-08T11:16:44.583+0000] {dag.py:3947} INFO - Setting next_dagrun for pipeline to 2026-04-08 00:00:00+00:00, run_after=2026-04-09 00:00:00+00:00
[2026-04-08T11:16:44.672+0000] {processor.py:183} INFO - Processing /opt/airflow/dags/pipeline.py took 4.759 seconds
[2026-04-08T11:17:15.326+0000] {processor.py:161} INFO - Started process (PID=221) to work on /opt/airflow/dags/pipeline.py
[2026-04-08T11:17:15.329+0000] {processor.py:830} INFO - Processing file /opt/airflow/dags/pipeline.py for tasks to queue
[2026-04-08T11:17:15.334+0000] {logging_mixin.py:188} INFO - [2026-04-08T11:17:15.333+0000] {dagbag.py:545} INFO - Filling up the DagBag from /opt/airflow/dags/pipeline.py
[2026-04-08T11:17:17.128+0000] {processor.py:840} INFO - DAG(s) 'pipeline' retrieved from /opt/airflow/dags/pipeline.py
[2026-04-08T11:17:17.243+0000] {logging_mixin.py:188} INFO - [2026-04-08T11:17:17.243+0000] {dag.py:3089} INFO - Sync 1 DAGs
[2026-04-08T11:17:17.296+0000] {logging_mixin.py:188} INFO - [2026-04-08T11:17:17.296+0000] {dag.py:3947} INFO - Setting next_dagrun for pipeline to 2026-04-08 00:00:00+00:00, run_after=2026-04-09 00:00:00+00:00
[2026-04-08T11:17:17.345+0000] {processor.py:183} INFO - Processing /opt/airflow/dags/pipeline.py took 2.036 seconds
[2026-04-08T11:17:48.005+0000] {processor.py:161} INFO - Started process (PID=232) to work on /opt/airflow/dags/pipeline.py
[2026-04-08T11:17:48.009+0000] {processor.py:830} INFO - Processing file /opt/airflow/dags/pipeline.py for tasks to queue
[2026-04-08T11:17:48.018+0000] {logging_mixin.py:188} INFO - [2026-04-08T11:17:48.017+0000] {dagbag.py:545} INFO - Filling up the DagBag from /opt/airflow/dags/pipeline.py
[2026-04-08T11:17:49.633+0000] {processor.py:840} INFO - DAG(s) 'pipeline' retrieved from /opt/airflow/dags/pipeline.py
[2026-04-08T11:17:49.776+0000] {logging_mixin.py:188} INFO - [2026-04-08T11:17:49.776+0000] {dag.py:3089} INFO - Sync 1 DAGs
[2026-04-08T11:17:49.844+0000] {logging_mixin.py:188} INFO - [2026-04-08T11:17:49.844+0000] {dag.py:3947} INFO - Setting next_dagrun for pipeline to 2026-04-08 00:00:00+00:00, run_after=2026-04-09 00:00:00+00:00
[2026-04-08T11:17:49.929+0000] {processor.py:183} INFO - Processing /opt/airflow/dags/pipeline.py took 1.950 seconds
[2026-04-08T11:18:20.635+0000] {processor.py:161} INFO - Started process (PID=243) to work on /opt/airflow/dags/pipeline.py
[2026-04-08T11:18:20.637+0000] {processor.py:830} INFO - Processing file /opt/airflow/dags/pipeline.py for tasks to queue
[2026-04-08T11:18:20.641+0000] {logging_mixin.py:188} INFO - [2026-04-08T11:18:20.641+0000] {dagbag.py:545} INFO - Filling up the DagBag from /opt/airflow/dags/pipeline.py
[2026-04-08T11:18:21.703+0000] {processor.py:840} INFO - DAG(s) 'pipeline' retrieved from /opt/airflow/dags/pipeline.py
[2026-04-08T11:18:21.798+0000] {logging_mixin.py:188} INFO - [2026-04-08T11:18:21.798+0000] {dag.py:3089} INFO - Sync 1 DAGs
[2026-04-08T11:18:21.837+0000] {logging_mixin.py:188} INFO - [2026-04-08T11:18:21.836+0000] {dag.py:3947} INFO - Setting next_dagrun for pipeline to 2026-04-08 00:00:00+00:00, run_after=2026-04-09 00:00:00+00:00
[2026-04-08T11:18:21.899+0000] {processor.py:183} INFO - Processing /opt/airflow/dags/pipeline.py took 1.276 seconds
[2026-04-08T11:18:52.696+0000] {processor.py:161} INFO - Started process (PID=254) to work on /opt/airflow/dags/pipeline.py
[2026-04-08T11:18:52.699+0000] {processor.py:830} INFO - Processing file /opt/airflow/dags/pipeline.py for tasks to queue
[2026-04-08T11:18:52.710+0000] {logging_mixin.py:188} INFO - [2026-04-08T11:18:52.706+0000] {dagbag.py:545} INFO - Filling up the DagBag from /opt/airflow/dags/pipeline.py
[2026-04-08T11:18:54.183+0000] {processor.py:840} INFO - DAG(s) 'pipeline' retrieved from /opt/airflow/dags/pipeline.py
[2026-04-08T11:18:54.322+0000] {logging_mixin.py:188} INFO - [2026-04-08T11:18:54.322+0000] {dag.py:3089} INFO - Sync 1 DAGs
[2026-04-08T11:18:54.383+0000] {logging_mixin.py:188} INFO - [2026-04-08T11:18:54.382+0000] {dag.py:3947} INFO - Setting next_dagrun for pipeline to 2026-04-08 00:00:00+00:00, run_after=2026-04-09 00:00:00+00:00
[2026-04-08T11:18:54.439+0000] {processor.py:183} INFO - Processing /opt/airflow/dags/pipeline.py took 1.778 seconds
[2026-04-08T11:19:24.661+0000] {processor.py:161} INFO - Started process (PID=265) to work on /opt/airflow/dags/pipeline.py
[2026-04-08T11:19:24.663+0000] {processor.py:830} INFO - Processing file /opt/airflow/dags/pipeline.py for tasks to queue
[2026-04-08T11:19:24.667+0000] {logging_mixin.py:188} INFO - [2026-04-08T11:19:24.666+0000] {dagbag.py:545} INFO - Filling up the DagBag from /opt/airflow/dags/pipeline.py
[2026-04-08T11:19:26.800+0000] {processor.py:840} INFO - DAG(s) 'pipeline' retrieved from /opt/airflow/dags/pipeline.py
[2026-04-08T11:19:26.941+0000] {logging_mixin.py:188} INFO - [2026-04-08T11:19:26.940+0000] {dag.py:3089} INFO - Sync 1 DAGs
[2026-04-08T11:19:27.012+0000] {logging_mixin.py:188} INFO - [2026-04-08T11:19:27.011+0000] {dag.py:3947} INFO - Setting next_dagrun for pipeline to 2026-04-08 00:00:00+00:00, run_after=2026-04-09 00:00:00+00:00
[2026-04-08T11:19:27.066+0000] {processor.py:183} INFO - Processing /opt/airflow/dags/pipeline.py took 2.415 seconds
[2026-04-08T11:19:57.423+0000] {processor.py:161} INFO - Started process (PID=276) to work on /opt/airflow/dags/pipeline.py
[2026-04-08T11:19:57.425+0000] {processor.py:830} INFO - Processing file /opt/airflow/dags/pipeline.py for tasks to queue
[2026-04-08T11:19:57.433+0000] {logging_mixin.py:188} INFO - [2026-04-08T11:19:57.431+0000] {dagbag.py:545} INFO - Filling up the DagBag from /opt/airflow/dags/pipeline.py
[2026-04-08T11:20:00.089+0000] {processor.py:840} INFO - DAG(s) 'pipeline' retrieved from /opt/airflow/dags/pipeline.py
[2026-04-08T11:20:00.224+0000] {logging_mixin.py:188} INFO - [2026-04-08T11:20:00.224+0000] {dag.py:3089} INFO - Sync 1 DAGs
[2026-04-08T11:20:00.311+0000] {logging_mixin.py:188} INFO - [2026-04-08T11:20:00.311+0000] {dag.py:3947} INFO - Setting next_dagrun for pipeline to 2026-04-08 00:00:00+00:00, run_after=2026-04-09 00:00:00+00:00
[2026-04-08T11:20:00.440+0000] {processor.py:183} INFO - Processing /opt/airflow/dags/pipeline.py took 3.033 seconds
[2026-04-08T11:20:31.194+0000] {processor.py:161} INFO - Started process (PID=292) to work on /opt/airflow/dags/pipeline.py
[2026-04-08T11:20:31.198+0000] {processor.py:830} INFO - Processing file /opt/airflow/dags/pipeline.py for tasks to queue
[2026-04-08T11:20:31.203+0000] {logging_mixin.py:188} INFO - [2026-04-08T11:20:31.202+0000] {dagbag.py:545} INFO - Filling up the DagBag from /opt/airflow/dags/pipeline.py
[2026-04-08T11:20:32.770+0000] {processor.py:840} INFO - DAG(s) 'pipeline' retrieved from /opt/airflow/dags/pipeline.py
[2026-04-08T11:20:32.857+0000] {logging_mixin.py:188} INFO - [2026-04-08T11:20:32.857+0000] {dag.py:3089} INFO - Sync 1 DAGs
[2026-04-08T11:20:32.902+0000] {logging_mixin.py:188} INFO - [2026-04-08T11:20:32.902+0000] {dag.py:3947} INFO - Setting next_dagrun for pipeline to 2026-04-08 00:00:00+00:00, run_after=2026-04-09 00:00:00+00:00
[2026-04-08T11:20:32.963+0000] {processor.py:183} INFO - Processing /opt/airflow/dags/pipeline.py took 1.798 seconds
[2026-04-08T11:21:03.048+0000] {processor.py:161} INFO - Started process (PID=303) to work on /opt/airflow/dags/pipeline.py
[2026-04-08T11:21:03.049+0000] {processor.py:830} INFO - Processing file /opt/airflow/dags/pipeline.py for tasks to queue
[2026-04-08T11:21:03.052+0000] {logging_mixin.py:188} INFO - [2026-04-08T11:21:03.052+0000] {dagbag.py:545} INFO - Filling up the DagBag from /opt/airflow/dags/pipeline.py
[2026-04-08T11:21:04.969+0000] {processor.py:840} INFO - DAG(s) 'pipeline' retrieved from /opt/airflow/dags/pipeline.py
[2026-04-08T11:21:05.277+0000] {logging_mixin.py:188} INFO - [2026-04-08T11:21:05.276+0000] {dag.py:3089} INFO - Sync 1 DAGs
[2026-04-08T11:21:05.355+0000] {logging_mixin.py:188} INFO - [2026-04-08T11:21:05.354+0000] {dag.py:3947} INFO - Setting next_dagrun for pipeline to 2026-04-08 00:00:00+00:00, run_after=2026-04-09 00:00:00+00:00
[2026-04-08T11:21:05.449+0000] {processor.py:183} INFO - Processing /opt/airflow/dags/pipeline.py took 2.410 seconds
[2026-04-08T11:24:25.107+0000] {processor.py:161} INFO - Started process (PID=167) to work on /opt/airflow/dags/pipeline.py
[2026-04-08T11:24:25.110+0000] {processor.py:830} INFO - Processing file /opt/airflow/dags/pipeline.py for tasks to queue
[2026-04-08T11:24:25.113+0000] {logging_mixin.py:188} INFO - [2026-04-08T11:24:25.112+0000] {dagbag.py:545} INFO - Filling up the DagBag from /opt/airflow/dags/pipeline.py
[2026-04-08T11:24:29.439+0000] {processor.py:840} INFO - DAG(s) 'pipeline' retrieved from /opt/airflow/dags/pipeline.py
[2026-04-08T11:24:29.542+0000] {logging_mixin.py:188} INFO - [2026-04-08T11:24:29.542+0000] {dag.py:3089} INFO - Sync 1 DAGs
[2026-04-08T11:24:29.593+0000] {logging_mixin.py:188} INFO - [2026-04-08T11:24:29.592+0000] {dag.py:3947} INFO - Setting next_dagrun for pipeline to 2026-04-08 00:00:00+00:00, run_after=2026-04-09 00:00:00+00:00
[2026-04-08T11:24:29.658+0000] {processor.py:183} INFO - Processing /opt/airflow/dags/pipeline.py took 4.558 seconds
[2026-04-08T11:25:00.312+0000] {processor.py:161} INFO - Started process (PID=180) to work on /opt/airflow/dags/pipeline.py
[2026-04-08T11:25:00.325+0000] {processor.py:830} INFO - Processing file /opt/airflow/dags/pipeline.py for tasks to queue
[2026-04-08T11:25:00.338+0000] {logging_mixin.py:188} INFO - [2026-04-08T11:25:00.338+0000] {dagbag.py:545} INFO - Filling up the DagBag from /opt/airflow/dags/pipeline.py
[2026-04-08T11:25:04.461+0000] {processor.py:840} INFO - DAG(s) 'pipeline' retrieved from /opt/airflow/dags/pipeline.py
[2026-04-08T11:25:04.850+0000] {logging_mixin.py:188} INFO - [2026-04-08T11:25:04.850+0000] {dag.py:3089} INFO - Sync 1 DAGs
[2026-04-08T11:25:04.908+0000] {logging_mixin.py:188} INFO - [2026-04-08T11:25:04.908+0000] {dag.py:3947} INFO - Setting next_dagrun for pipeline to 2026-04-08 00:00:00+00:00, run_after=2026-04-09 00:00:00+00:00
[2026-04-08T11:25:04.986+0000] {processor.py:183} INFO - Processing /opt/airflow/dags/pipeline.py took 4.731 seconds
[2026-04-08T11:25:36.048+0000] {processor.py:161} INFO - Started process (PID=191) to work on /opt/airflow/dags/pipeline.py
[2026-04-08T11:25:36.050+0000] {processor.py:830} INFO - Processing file /opt/airflow/dags/pipeline.py for tasks to queue
[2026-04-08T11:25:36.053+0000] {logging_mixin.py:188} INFO - [2026-04-08T11:25:36.053+0000] {dagbag.py:545} INFO - Filling up the DagBag from /opt/airflow/dags/pipeline.py
[2026-04-08T11:25:38.442+0000] {processor.py:840} INFO - DAG(s) 'pipeline' retrieved from /opt/airflow/dags/pipeline.py
[2026-04-08T11:25:38.531+0000] {logging_mixin.py:188} INFO - [2026-04-08T11:25:38.530+0000] {dag.py:3089} INFO - Sync 1 DAGs
[2026-04-08T11:25:38.573+0000] {logging_mixin.py:188} INFO - [2026-04-08T11:25:38.573+0000] {dag.py:3947} INFO - Setting next_dagrun for pipeline to 2026-04-08 00:00:00+00:00, run_after=2026-04-09 00:00:00+00:00
[2026-04-08T11:25:38.628+0000] {processor.py:183} INFO - Processing /opt/airflow/dags/pipeline.py took 2.587 seconds
[2026-04-08T11:26:09.535+0000] {processor.py:161} INFO - Started process (PID=202) to work on /opt/airflow/dags/pipeline.py
[2026-04-08T11:26:09.537+0000] {processor.py:830} INFO - Processing file /opt/airflow/dags/pipeline.py for tasks to queue
[2026-04-08T11:26:09.540+0000] {logging_mixin.py:188} INFO - [2026-04-08T11:26:09.540+0000] {dagbag.py:545} INFO - Filling up the DagBag from /opt/airflow/dags/pipeline.py
[2026-04-08T11:26:11.869+0000] {processor.py:840} INFO - DAG(s) 'pipeline' retrieved from /opt/airflow/dags/pipeline.py
[2026-04-08T11:26:11.986+0000] {logging_mixin.py:188} INFO - [2026-04-08T11:26:11.986+0000] {dag.py:3089} INFO - Sync 1 DAGs
[2026-04-08T11:26:12.021+0000] {logging_mixin.py:188} INFO - [2026-04-08T11:26:12.021+0000] {dag.py:3947} INFO - Setting next_dagrun for pipeline to 2026-04-08 00:00:00+00:00, run_after=2026-04-09 00:00:00+00:00
[2026-04-08T11:26:12.075+0000] {processor.py:183} INFO - Processing /opt/airflow/dags/pipeline.py took 2.549 seconds
[2026-04-08T11:26:42.392+0000] {processor.py:161} INFO - Started process (PID=213) to work on /opt/airflow/dags/pipeline.py
[2026-04-08T11:26:42.394+0000] {processor.py:830} INFO - Processing file /opt/airflow/dags/pipeline.py for tasks to queue
[2026-04-08T11:26:42.399+0000] {logging_mixin.py:188} INFO - [2026-04-08T11:26:42.398+0000] {dagbag.py:545} INFO - Filling up the DagBag from /opt/airflow/dags/pipeline.py
[2026-04-08T11:26:43.936+0000] {processor.py:840} INFO - DAG(s) 'pipeline' retrieved from /opt/airflow/dags/pipeline.py
[2026-04-08T11:26:44.155+0000] {logging_mixin.py:188} INFO - [2026-04-08T11:26:44.154+0000] {dag.py:3089} INFO - Sync 1 DAGs
[2026-04-08T11:26:44.228+0000] {logging_mixin.py:188} INFO - [2026-04-08T11:26:44.227+0000] {dag.py:3947} INFO - Setting next_dagrun for pipeline to 2026-04-08 00:00:00+00:00, run_after=2026-04-09 00:00:00+00:00
[2026-04-08T11:26:44.294+0000] {processor.py:183} INFO - Processing /opt/airflow/dags/pipeline.py took 1.917 seconds
[2026-04-08T11:27:14.990+0000] {processor.py:161} INFO - Started process (PID=224) to work on /opt/airflow/dags/pipeline.py
[2026-04-08T11:27:15.022+0000] {processor.py:830} INFO - Processing file /opt/airflow/dags/pipeline.py for tasks to queue
[2026-04-08T11:27:15.027+0000] {logging_mixin.py:188} INFO - [2026-04-08T11:27:15.026+0000] {dagbag.py:545} INFO - Filling up the DagBag from /opt/airflow/dags/pipeline.py
[2026-04-08T11:27:17.092+0000] {processor.py:840} INFO - DAG(s) 'pipeline' retrieved from /opt/airflow/dags/pipeline.py
[2026-04-08T11:27:17.202+0000] {logging_mixin.py:188} INFO - [2026-04-08T11:27:17.202+0000] {dag.py:3089} INFO - Sync 1 DAGs
[2026-04-08T11:27:17.253+0000] {logging_mixin.py:188} INFO - [2026-04-08T11:27:17.253+0000] {dag.py:3947} INFO - Setting next_dagrun for pipeline to 2026-04-08 00:00:00+00:00, run_after=2026-04-09 00:00:00+00:00
[2026-04-08T11:27:17.306+0000] {processor.py:183} INFO - Processing /opt/airflow/dags/pipeline.py took 2.330 seconds
[2026-04-08T11:27:47.985+0000] {processor.py:161} INFO - Started process (PID=235) to work on /opt/airflow/dags/pipeline.py
[2026-04-08T11:27:47.989+0000] {processor.py:830} INFO - Processing file /opt/airflow/dags/pipeline.py for tasks to queue
[2026-04-08T11:27:47.995+0000] {logging_mixin.py:188} INFO - [2026-04-08T11:27:47.994+0000] {dagbag.py:545} INFO - Filling up the DagBag from /opt/airflow/dags/pipeline.py
[2026-04-08T11:27:50.865+0000] {processor.py:840} INFO - DAG(s) 'pipeline' retrieved from /opt/airflow/dags/pipeline.py
[2026-04-08T11:27:51.039+0000] {logging_mixin.py:188} INFO - [2026-04-08T11:27:51.034+0000] {dag.py:3089} INFO - Sync 1 DAGs
[2026-04-08T11:27:51.121+0000] {logging_mixin.py:188} INFO - [2026-04-08T11:27:51.121+0000] {dag.py:3947} INFO - Setting next_dagrun for pipeline to 2026-04-08 00:00:00+00:00, run_after=2026-04-09 00:00:00+00:00
[2026-04-08T11:27:51.198+0000] {processor.py:183} INFO - Processing /opt/airflow/dags/pipeline.py took 3.229 seconds
[2026-04-08T11:28:21.369+0000] {processor.py:161} INFO - Started process (PID=246) to work on /opt/airflow/dags/pipeline.py
[2026-04-08T11:28:21.371+0000] {processor.py:830} INFO - Processing file /opt/airflow/dags/pipeline.py for tasks to queue
[2026-04-08T11:28:21.374+0000] {logging_mixin.py:188} INFO - [2026-04-08T11:28:21.373+0000] {dagbag.py:545} INFO - Filling up the DagBag from /opt/airflow/dags/pipeline.py
[2026-04-08T11:28:23.033+0000] {processor.py:840} INFO - DAG(s) 'pipeline' retrieved from /opt/airflow/dags/pipeline.py
[2026-04-08T11:28:23.198+0000] {logging_mixin.py:188} INFO - [2026-04-08T11:28:23.198+0000] {dag.py:3089} INFO - Sync 1 DAGs
[2026-04-08T11:28:23.266+0000] {logging_mixin.py:188} INFO - [2026-04-08T11:28:23.265+0000] {dag.py:3947} INFO - Setting next_dagrun for pipeline to 2026-04-08 00:00:00+00:00, run_after=2026-04-09 00:00:00+00:00
[2026-04-08T11:28:23.335+0000] {processor.py:183} INFO - Processing /opt/airflow/dags/pipeline.py took 1.980 seconds
[2026-04-08T11:28:53.741+0000] {processor.py:161} INFO - Started process (PID=257) to work on /opt/airflow/dags/pipeline.py
[2026-04-08T11:28:53.742+0000] {processor.py:830} INFO - Processing file /opt/airflow/dags/pipeline.py for tasks to queue
[2026-04-08T11:28:53.746+0000] {logging_mixin.py:188} INFO - [2026-04-08T11:28:53.745+0000] {dagbag.py:545} INFO - Filling up the DagBag from /opt/airflow/dags/pipeline.py
[2026-04-08T11:28:54.964+0000] {processor.py:840} INFO - DAG(s) 'pipeline' retrieved from /opt/airflow/dags/pipeline.py
[2026-04-08T11:28:55.267+0000] {logging_mixin.py:188} INFO - [2026-04-08T11:28:55.266+0000] {dag.py:3089} INFO - Sync 1 DAGs
[2026-04-08T11:28:55.407+0000] {logging_mixin.py:188} INFO - [2026-04-08T11:28:55.407+0000] {dag.py:3947} INFO - Setting next_dagrun for pipeline to 2026-04-08 00:00:00+00:00, run_after=2026-04-09 00:00:00+00:00
[2026-04-08T11:28:55.490+0000] {processor.py:183} INFO - Processing /opt/airflow/dags/pipeline.py took 1.759 seconds
[2026-04-08T11:29:26.006+0000] {processor.py:161} INFO - Started process (PID=268) to work on /opt/airflow/dags/pipeline.py
[2026-04-08T11:29:26.008+0000] {processor.py:830} INFO - Processing file /opt/airflow/dags/pipeline.py for tasks to queue
[2026-04-08T11:29:26.011+0000] {logging_mixin.py:188} INFO - [2026-04-08T11:29:26.010+0000] {dagbag.py:545} INFO - Filling up the DagBag from /opt/airflow/dags/pipeline.py
[2026-04-08T11:29:27.313+0000] {processor.py:840} INFO - DAG(s) 'pipeline' retrieved from /opt/airflow/dags/pipeline.py
[2026-04-08T11:29:27.462+0000] {logging_mixin.py:188} INFO - [2026-04-08T11:29:27.461+0000] {dag.py:3089} INFO - Sync 1 DAGs
[2026-04-08T11:29:27.513+0000] {logging_mixin.py:188} INFO - [2026-04-08T11:29:27.513+0000] {dag.py:3947} INFO - Setting next_dagrun for pipeline to 2026-04-08 00:00:00+00:00, run_after=2026-04-09 00:00:00+00:00
[2026-04-08T11:29:27.570+0000] {processor.py:183} INFO - Processing /opt/airflow/dags/pipeline.py took 1.574 seconds
[2026-04-08T11:29:57.978+0000] {processor.py:161} INFO - Started process (PID=279) to work on /opt/airflow/dags/pipeline.py
[2026-04-08T11:29:57.980+0000] {processor.py:830} INFO - Processing file /opt/airflow/dags/pipeline.py for tasks to queue
[2026-04-08T11:29:57.983+0000] {logging_mixin.py:188} INFO - [2026-04-08T11:29:57.983+0000] {dagbag.py:545} INFO - Filling up the DagBag from /opt/airflow/dags/pipeline.py
[2026-04-08T11:29:59.833+0000] {processor.py:840} INFO - DAG(s) 'pipeline' retrieved from /opt/airflow/dags/pipeline.py
[2026-04-08T11:29:59.988+0000] {logging_mixin.py:188} INFO - [2026-04-08T11:29:59.988+0000] {dag.py:3089} INFO - Sync 1 DAGs
[2026-04-08T11:30:00.056+0000] {logging_mixin.py:188} INFO - [2026-04-08T11:30:00.056+0000] {dag.py:3947} INFO - Setting next_dagrun for pipeline to 2026-04-08 00:00:00+00:00, run_after=2026-04-09 00:00:00+00:00
[2026-04-08T11:30:00.121+0000] {processor.py:183} INFO - Processing /opt/airflow/dags/pipeline.py took 2.153 seconds
[2026-04-08T11:30:30.540+0000] {processor.py:161} INFO - Started process (PID=290) to work on /opt/airflow/dags/pipeline.py
[2026-04-08T11:30:30.543+0000] {processor.py:830} INFO - Processing file /opt/airflow/dags/pipeline.py for tasks to queue
[2026-04-08T11:30:30.547+0000] {logging_mixin.py:188} INFO - [2026-04-08T11:30:30.546+0000] {dagbag.py:545} INFO - Filling up the DagBag from /opt/airflow/dags/pipeline.py
[2026-04-08T11:30:32.082+0000] {processor.py:840} INFO - DAG(s) 'pipeline' retrieved from /opt/airflow/dags/pipeline.py
[2026-04-08T11:30:32.194+0000] {logging_mixin.py:188} INFO - [2026-04-08T11:30:32.194+0000] {dag.py:3089} INFO - Sync 1 DAGs
[2026-04-08T11:30:32.239+0000] {logging_mixin.py:188} INFO - [2026-04-08T11:30:32.238+0000] {dag.py:3947} INFO - Setting next_dagrun for pipeline to 2026-04-08 00:00:00+00:00, run_after=2026-04-09 00:00:00+00:00
[2026-04-08T11:30:32.300+0000] {processor.py:183} INFO - Processing /opt/airflow/dags/pipeline.py took 1.773 seconds
[2026-04-08T11:31:02.426+0000] {processor.py:161} INFO - Started process (PID=301) to work on /opt/airflow/dags/pipeline.py
[2026-04-08T11:31:02.427+0000] {processor.py:830} INFO - Processing file /opt/airflow/dags/pipeline.py for tasks to queue
[2026-04-08T11:31:02.430+0000] {logging_mixin.py:188} INFO - [2026-04-08T11:31:02.430+0000] {dagbag.py:545} INFO - Filling up the DagBag from /opt/airflow/dags/pipeline.py
[2026-04-08T11:31:03.868+0000] {processor.py:840} INFO - DAG(s) 'pipeline' retrieved from /opt/airflow/dags/pipeline.py
[2026-04-08T11:31:04.065+0000] {logging_mixin.py:188} INFO - [2026-04-08T11:31:04.064+0000] {dag.py:3089} INFO - Sync 1 DAGs
[2026-04-08T11:31:04.160+0000] {logging_mixin.py:188} INFO - [2026-04-08T11:31:04.159+0000] {dag.py:3947} INFO - Setting next_dagrun for pipeline to 2026-04-08 00:00:00+00:00, run_after=2026-04-09 00:00:00+00:00
[2026-04-08T11:31:04.254+0000] {processor.py:183} INFO - Processing /opt/airflow/dags/pipeline.py took 1.838 seconds
[2026-04-08T11:31:34.879+0000] {processor.py:161} INFO - Started process (PID=312) to work on /opt/airflow/dags/pipeline.py
[2026-04-08T11:31:34.882+0000] {processor.py:830} INFO - Processing file /opt/airflow/dags/pipeline.py for tasks to queue
[2026-04-08T11:31:34.887+0000] {logging_mixin.py:188} INFO - [2026-04-08T11:31:34.887+0000] {dagbag.py:545} INFO - Filling up the DagBag from /opt/airflow/dags/pipeline.py
[2026-04-08T11:31:36.473+0000] {processor.py:840} INFO - DAG(s) 'pipeline' retrieved from /opt/airflow/dags/pipeline.py
[2026-04-08T11:31:37.183+0000] {logging_mixin.py:188} INFO - [2026-04-08T11:31:37.183+0000] {dag.py:3089} INFO - Sync 1 DAGs
[2026-04-08T11:31:37.307+0000] {logging_mixin.py:188} INFO - [2026-04-08T11:31:37.306+0000] {dag.py:3947} INFO - Setting next_dagrun for pipeline to 2026-04-08 00:00:00+00:00, run_after=2026-04-09 00:00:00+00:00
[2026-04-08T11:31:37.389+0000] {processor.py:183} INFO - Processing /opt/airflow/dags/pipeline.py took 2.528 seconds
[2026-04-08T11:32:08.356+0000] {processor.py:161} INFO - Started process (PID=326) to work on /opt/airflow/dags/pipeline.py
[2026-04-08T11:32:08.361+0000] {processor.py:830} INFO - Processing file /opt/airflow/dags/pipeline.py for tasks to queue
[2026-04-08T11:32:08.368+0000] {logging_mixin.py:188} INFO - [2026-04-08T11:32:08.367+0000] {dagbag.py:545} INFO - Filling up the DagBag from /opt/airflow/dags/pipeline.py
[2026-04-08T11:32:09.820+0000] {processor.py:840} INFO - DAG(s) 'pipeline' retrieved from /opt/airflow/dags/pipeline.py
[2026-04-08T11:32:09.908+0000] {logging_mixin.py:188} INFO - [2026-04-08T11:32:09.907+0000] {dag.py:3089} INFO - Sync 1 DAGs
[2026-04-08T11:32:09.941+0000] {logging_mixin.py:188} INFO - [2026-04-08T11:32:09.941+0000] {dag.py:3947} INFO - Setting next_dagrun for pipeline to 2026-04-08 00:00:00+00:00, run_after=2026-04-09 00:00:00+00:00
[2026-04-08T11:32:10.014+0000] {processor.py:183} INFO - Processing /opt/airflow/dags/pipeline.py took 1.693 seconds
[2026-04-08T11:32:40.702+0000] {processor.py:161} INFO - Started process (PID=339) to work on /opt/airflow/dags/pipeline.py
[2026-04-08T11:32:40.705+0000] {processor.py:830} INFO - Processing file /opt/airflow/dags/pipeline.py for tasks to queue
[2026-04-08T11:32:40.709+0000] {logging_mixin.py:188} INFO - [2026-04-08T11:32:40.708+0000] {dagbag.py:545} INFO - Filling up the DagBag from /opt/airflow/dags/pipeline.py
[2026-04-08T11:32:41.888+0000] {processor.py:840} INFO - DAG(s) 'pipeline' retrieved from /opt/airflow/dags/pipeline.py
[2026-04-08T11:32:41.985+0000] {logging_mixin.py:188} INFO - [2026-04-08T11:32:41.985+0000] {dag.py:3089} INFO - Sync 1 DAGs
[2026-04-08T11:32:42.021+0000] {logging_mixin.py:188} INFO - [2026-04-08T11:32:42.021+0000] {dag.py:3947} INFO - Setting next_dagrun for pipeline to 2026-04-08 00:00:00+00:00, run_after=2026-04-09 00:00:00+00:00
[2026-04-08T11:32:42.059+0000] {processor.py:183} INFO - Processing /opt/airflow/dags/pipeline.py took 1.372 seconds
[2026-04-08T11:33:12.687+0000] {processor.py:161} INFO - Started process (PID=350) to work on /opt/airflow/dags/pipeline.py
[2026-04-08T11:33:12.688+0000] {processor.py:830} INFO - Processing file /opt/airflow/dags/pipeline.py for tasks to queue
[2026-04-08T11:33:12.691+0000] {logging_mixin.py:188} INFO - [2026-04-08T11:33:12.691+0000] {dagbag.py:545} INFO - Filling up the DagBag from /opt/airflow/dags/pipeline.py
[2026-04-08T11:33:13.824+0000] {processor.py:840} INFO - DAG(s) 'pipeline' retrieved from /opt/airflow/dags/pipeline.py
[2026-04-08T11:33:13.900+0000] {logging_mixin.py:188} INFO - [2026-04-08T11:33:13.900+0000] {dag.py:3089} INFO - Sync 1 DAGs
[2026-04-08T11:33:13.935+0000] {logging_mixin.py:188} INFO - [2026-04-08T11:33:13.935+0000] {dag.py:3947} INFO - Setting next_dagrun for pipeline to 2026-04-08 00:00:00+00:00, run_after=2026-04-09 00:00:00+00:00
[2026-04-08T11:33:13.971+0000] {processor.py:183} INFO - Processing /opt/airflow/dags/pipeline.py took 1.294 seconds
[2026-04-08T11:33:44.599+0000] {processor.py:161} INFO - Started process (PID=361) to work on /opt/airflow/dags/pipeline.py
[2026-04-08T11:33:44.602+0000] {processor.py:830} INFO - Processing file /opt/airflow/dags/pipeline.py for tasks to queue
[2026-04-08T11:33:44.606+0000] {logging_mixin.py:188} INFO - [2026-04-08T11:33:44.605+0000] {dagbag.py:545} INFO - Filling up the DagBag from /opt/airflow/dags/pipeline.py
[2026-04-08T11:33:45.698+0000] {processor.py:840} INFO - DAG(s) 'pipeline' retrieved from /opt/airflow/dags/pipeline.py
[2026-04-08T11:33:45.797+0000] {logging_mixin.py:188} INFO - [2026-04-08T11:33:45.797+0000] {dag.py:3089} INFO - Sync 1 DAGs
[2026-04-08T11:33:45.837+0000] {logging_mixin.py:188} INFO - [2026-04-08T11:33:45.837+0000] {dag.py:3947} INFO - Setting next_dagrun for pipeline to 2026-04-08 00:00:00+00:00, run_after=2026-04-09 00:00:00+00:00
[2026-04-08T11:33:45.887+0000] {processor.py:183} INFO - Processing /opt/airflow/dags/pipeline.py took 1.307 seconds
[2026-04-08T11:34:16.515+0000] {processor.py:161} INFO - Started process (PID=372) to work on /opt/airflow/dags/pipeline.py
[2026-04-08T11:34:16.517+0000] {processor.py:830} INFO - Processing file /opt/airflow/dags/pipeline.py for tasks to queue
[2026-04-08T11:34:16.522+0000] {logging_mixin.py:188} INFO - [2026-04-08T11:34:16.521+0000] {dagbag.py:545} INFO - Filling up the DagBag from /opt/airflow/dags/pipeline.py
[2026-04-08T11:34:17.611+0000] {processor.py:840} INFO - DAG(s) 'pipeline' retrieved from /opt/airflow/dags/pipeline.py
[2026-04-08T11:34:17.727+0000] {logging_mixin.py:188} INFO - [2026-04-08T11:34:17.727+0000] {dag.py:3089} INFO - Sync 1 DAGs
[2026-04-08T11:34:17.766+0000] {logging_mixin.py:188} INFO - [2026-04-08T11:34:17.766+0000] {dag.py:3947} INFO - Setting next_dagrun for pipeline to 2026-04-08 00:00:00+00:00, run_after=2026-04-09 00:00:00+00:00
[2026-04-08T11:34:17.817+0000] {processor.py:183} INFO - Processing /opt/airflow/dags/pipeline.py took 1.314 seconds
[2026-04-08T11:34:48.559+0000] {processor.py:161} INFO - Started process (PID=383) to work on /opt/airflow/dags/pipeline.py
[2026-04-08T11:34:48.560+0000] {processor.py:830} INFO - Processing file /opt/airflow/dags/pipeline.py for tasks to queue
[2026-04-08T11:34:48.563+0000] {logging_mixin.py:188} INFO - [2026-04-08T11:34:48.563+0000] {dagbag.py:545} INFO - Filling up the DagBag from /opt/airflow/dags/pipeline.py
[2026-04-08T11:34:49.536+0000] {processor.py:840} INFO - DAG(s) 'pipeline' retrieved from /opt/airflow/dags/pipeline.py
[2026-04-08T11:34:49.629+0000] {logging_mixin.py:188} INFO - [2026-04-08T11:34:49.628+0000] {dag.py:3089} INFO - Sync 1 DAGs
[2026-04-08T11:34:49.666+0000] {logging_mixin.py:188} INFO - [2026-04-08T11:34:49.666+0000] {dag.py:3947} INFO - Setting next_dagrun for pipeline to 2026-04-08 00:00:00+00:00, run_after=2026-04-09 00:00:00+00:00
[2026-04-08T11:34:49.716+0000] {processor.py:183} INFO - Processing /opt/airflow/dags/pipeline.py took 1.166 seconds
[2026-04-08T11:35:20.442+0000] {processor.py:161} INFO - Started process (PID=394) to work on /opt/airflow/dags/pipeline.py
[2026-04-08T11:35:20.445+0000] {processor.py:830} INFO - Processing file /opt/airflow/dags/pipeline.py for tasks to queue
[2026-04-08T11:35:20.449+0000] {logging_mixin.py:188} INFO - [2026-04-08T11:35:20.448+0000] {dagbag.py:545} INFO - Filling up the DagBag from /opt/airflow/dags/pipeline.py
[2026-04-08T11:35:21.563+0000] {processor.py:840} INFO - DAG(s) 'pipeline' retrieved from /opt/airflow/dags/pipeline.py
[2026-04-08T11:35:21.660+0000] {logging_mixin.py:188} INFO - [2026-04-08T11:35:21.660+0000] {dag.py:3089} INFO - Sync 1 DAGs
[2026-04-08T11:35:21.698+0000] {logging_mixin.py:188} INFO - [2026-04-08T11:35:21.698+0000] {dag.py:3947} INFO - Setting next_dagrun for pipeline to 2026-04-08 00:00:00+00:00, run_after=2026-04-09 00:00:00+00:00
[2026-04-08T11:35:21.748+0000] {processor.py:183} INFO - Processing /opt/airflow/dags/pipeline.py took 1.319 seconds
[2026-04-08T11:35:52.366+0000] {processor.py:161} INFO - Started process (PID=405) to work on /opt/airflow/dags/pipeline.py
[2026-04-08T11:35:52.367+0000] {processor.py:830} INFO - Processing file /opt/airflow/dags/pipeline.py for tasks to queue
[2026-04-08T11:35:52.370+0000] {logging_mixin.py:188} INFO - [2026-04-08T11:35:52.370+0000] {dagbag.py:545} INFO - Filling up the DagBag from /opt/airflow/dags/pipeline.py
[2026-04-08T11:35:53.367+0000] {processor.py:840} INFO - DAG(s) 'pipeline' retrieved from /opt/airflow/dags/pipeline.py
[2026-04-08T11:35:53.520+0000] {logging_mixin.py:188} INFO - [2026-04-08T11:35:53.517+0000] {dag.py:3089} INFO - Sync 1 DAGs
[2026-04-08T11:35:53.596+0000] {logging_mixin.py:188} INFO - [2026-04-08T11:35:53.596+0000] {dag.py:3947} INFO - Setting next_dagrun for pipeline to 2026-04-08 00:00:00+00:00, run_after=2026-04-09 00:00:00+00:00
[2026-04-08T11:35:53.648+0000] {processor.py:183} INFO - Processing /opt/airflow/dags/pipeline.py took 1.291 seconds
[2026-04-08T12:00:17.648+0000] {processor.py:161} INFO - Started process (PID=419) to work on /opt/airflow/dags/pipeline.py
[2026-04-08T12:00:17.654+0000] {processor.py:830} INFO - Processing file /opt/airflow/dags/pipeline.py for tasks to queue
[2026-04-08T12:00:17.673+0000] {logging_mixin.py:188} INFO - [2026-04-08T12:00:17.672+0000] {dagbag.py:545} INFO - Filling up the DagBag from /opt/airflow/dags/pipeline.py
[2026-04-08T12:00:21.544+0000] {processor.py:840} INFO - DAG(s) 'pipeline' retrieved from /opt/airflow/dags/pipeline.py
[2026-04-08T12:00:21.787+0000] {logging_mixin.py:188} INFO - [2026-04-08T12:00:21.787+0000] {dag.py:3089} INFO - Sync 1 DAGs
[2026-04-08T12:00:21.944+0000] {logging_mixin.py:188} INFO - [2026-04-08T12:00:21.942+0000] {dag.py:3947} INFO - Setting next_dagrun for pipeline to 2026-04-08 00:00:00+00:00, run_after=2026-04-09 00:00:00+00:00
[2026-04-08T12:00:22.068+0000] {processor.py:183} INFO - Processing /opt/airflow/dags/pipeline.py took 4.478 seconds
[2026-04-08T12:00:52.406+0000] {processor.py:161} INFO - Started process (PID=432) to work on /opt/airflow/dags/pipeline.py
[2026-04-08T12:00:52.408+0000] {processor.py:830} INFO - Processing file /opt/airflow/dags/pipeline.py for tasks to queue
[2026-04-08T12:00:52.412+0000] {logging_mixin.py:188} INFO - [2026-04-08T12:00:52.412+0000] {dagbag.py:545} INFO - Filling up the DagBag from /opt/airflow/dags/pipeline.py
[2026-04-08T12:00:53.310+0000] {processor.py:840} INFO - DAG(s) 'pipeline' retrieved from /opt/airflow/dags/pipeline.py
[2026-04-08T12:00:53.449+0000] {logging_mixin.py:188} INFO - [2026-04-08T12:00:53.449+0000] {dag.py:3089} INFO - Sync 1 DAGs
[2026-04-08T12:00:53.558+0000] {logging_mixin.py:188} INFO - [2026-04-08T12:00:53.557+0000] {dag.py:3947} INFO - Setting next_dagrun for pipeline to 2026-04-08 00:00:00+00:00, run_after=2026-04-09 00:00:00+00:00
[2026-04-08T12:00:53.599+0000] {processor.py:183} INFO - Processing /opt/airflow/dags/pipeline.py took 1.199 seconds
[2026-04-08T12:01:23.917+0000] {processor.py:161} INFO - Started process (PID=443) to work on /opt/airflow/dags/pipeline.py
[2026-04-08T12:01:23.919+0000] {processor.py:830} INFO - Processing file /opt/airflow/dags/pipeline.py for tasks to queue
[2026-04-08T12:01:23.921+0000] {logging_mixin.py:188} INFO - [2026-04-08T12:01:23.920+0000] {dagbag.py:545} INFO - Filling up the DagBag from /opt/airflow/dags/pipeline.py
[2026-04-08T12:01:24.918+0000] {processor.py:840} INFO - DAG(s) 'pipeline' retrieved from /opt/airflow/dags/pipeline.py
[2026-04-08T12:01:24.982+0000] {logging_mixin.py:188} INFO - [2026-04-08T12:01:24.982+0000] {dag.py:3089} INFO - Sync 1 DAGs
[2026-04-08T12:01:25.009+0000] {logging_mixin.py:188} INFO - [2026-04-08T12:01:25.009+0000] {dag.py:3947} INFO - Setting next_dagrun for pipeline to 2026-04-08 00:00:00+00:00, run_after=2026-04-09 00:00:00+00:00
[2026-04-08T12:01:25.039+0000] {processor.py:183} INFO - Processing /opt/airflow/dags/pipeline.py took 1.128 seconds
[2026-04-08T12:01:55.495+0000] {processor.py:161} INFO - Started process (PID=454) to work on /opt/airflow/dags/pipeline.py
[2026-04-08T12:01:55.497+0000] {processor.py:830} INFO - Processing file /opt/airflow/dags/pipeline.py for tasks to queue
[2026-04-08T12:01:55.500+0000] {logging_mixin.py:188} INFO - [2026-04-08T12:01:55.499+0000] {dagbag.py:545} INFO - Filling up the DagBag from /opt/airflow/dags/pipeline.py
[2026-04-08T12:01:56.539+0000] {processor.py:840} INFO - DAG(s) 'pipeline' retrieved from /opt/airflow/dags/pipeline.py
[2026-04-08T12:01:56.645+0000] {logging_mixin.py:188} INFO - [2026-04-08T12:01:56.645+0000] {dag.py:3089} INFO - Sync 1 DAGs
[2026-04-08T12:01:56.685+0000] {logging_mixin.py:188} INFO - [2026-04-08T12:01:56.685+0000] {dag.py:3947} INFO - Setting next_dagrun for pipeline to 2026-04-08 00:00:00+00:00, run_after=2026-04-09 00:00:00+00:00
[2026-04-08T12:01:56.735+0000] {processor.py:183} INFO - Processing /opt/airflow/dags/pipeline.py took 1.250 seconds
[2026-04-08T12:02:26.913+0000] {processor.py:161} INFO - Started process (PID=465) to work on /opt/airflow/dags/pipeline.py
[2026-04-08T12:02:26.915+0000] {processor.py:830} INFO - Processing file /opt/airflow/dags/pipeline.py for tasks to queue
[2026-04-08T12:02:26.920+0000] {logging_mixin.py:188} INFO - [2026-04-08T12:02:26.919+0000] {dagbag.py:545} INFO - Filling up the DagBag from /opt/airflow/dags/pipeline.py
[2026-04-08T12:02:27.999+0000] {processor.py:840} INFO - DAG(s) 'pipeline' retrieved from /opt/airflow/dags/pipeline.py
[2026-04-08T12:02:28.083+0000] {logging_mixin.py:188} INFO - [2026-04-08T12:02:28.083+0000] {dag.py:3089} INFO - Sync 1 DAGs
[2026-04-08T12:02:28.122+0000] {logging_mixin.py:188} INFO - [2026-04-08T12:02:28.121+0000] {dag.py:3947} INFO - Setting next_dagrun for pipeline to 2026-04-08 00:00:00+00:00, run_after=2026-04-09 00:00:00+00:00
[2026-04-08T12:02:28.171+0000] {processor.py:183} INFO - Processing /opt/airflow/dags/pipeline.py took 1.274 seconds
[2026-04-08T12:02:58.930+0000] {processor.py:161} INFO - Started process (PID=476) to work on /opt/airflow/dags/pipeline.py
[2026-04-08T12:02:58.932+0000] {processor.py:830} INFO - Processing file /opt/airflow/dags/pipeline.py for tasks to queue
[2026-04-08T12:02:58.935+0000] {logging_mixin.py:188} INFO - [2026-04-08T12:02:58.934+0000] {dagbag.py:545} INFO - Filling up the DagBag from /opt/airflow/dags/pipeline.py
[2026-04-08T12:02:59.954+0000] {processor.py:840} INFO - DAG(s) 'pipeline' retrieved from /opt/airflow/dags/pipeline.py
[2026-04-08T12:03:00.066+0000] {logging_mixin.py:188} INFO - [2026-04-08T12:03:00.065+0000] {dag.py:3089} INFO - Sync 1 DAGs
[2026-04-08T12:03:00.119+0000] {logging_mixin.py:188} INFO - [2026-04-08T12:03:00.119+0000] {dag.py:3947} INFO - Setting next_dagrun for pipeline to 2026-04-08 00:00:00+00:00, run_after=2026-04-09 00:00:00+00:00
[2026-04-08T12:03:00.171+0000] {processor.py:183} INFO - Processing /opt/airflow/dags/pipeline.py took 1.250 seconds
[2026-04-08T12:03:30.670+0000] {processor.py:161} INFO - Started process (PID=487) to work on /opt/airflow/dags/pipeline.py
[2026-04-08T12:03:30.674+0000] {processor.py:830} INFO - Processing file /opt/airflow/dags/pipeline.py for tasks to queue
[2026-04-08T12:03:30.681+0000] {logging_mixin.py:188} INFO - [2026-04-08T12:03:30.680+0000] {dagbag.py:545} INFO - Filling up the DagBag from /opt/airflow/dags/pipeline.py
[2026-04-08T12:03:31.759+0000] {processor.py:840} INFO - DAG(s) 'pipeline' retrieved from /opt/airflow/dags/pipeline.py
[2026-04-08T12:03:31.839+0000] {logging_mixin.py:188} INFO - [2026-04-08T12:03:31.839+0000] {dag.py:3089} INFO - Sync 1 DAGs
[2026-04-08T12:03:31.872+0000] {logging_mixin.py:188} INFO - [2026-04-08T12:03:31.872+0000] {dag.py:3947} INFO - Setting next_dagrun for pipeline to 2026-04-08 00:00:00+00:00, run_after=2026-04-09 00:00:00+00:00
[2026-04-08T12:03:31.910+0000] {processor.py:183} INFO - Processing /opt/airflow/dags/pipeline.py took 1.277 seconds
[2026-04-08T12:04:02.691+0000] {processor.py:161} INFO - Started process (PID=498) to work on /opt/airflow/dags/pipeline.py
[2026-04-08T12:04:02.696+0000] {processor.py:830} INFO - Processing file /opt/airflow/dags/pipeline.py for tasks to queue
[2026-04-08T12:04:02.705+0000] {logging_mixin.py:188} INFO - [2026-04-08T12:04:02.703+0000] {dagbag.py:545} INFO - Filling up the DagBag from /opt/airflow/dags/pipeline.py
[2026-04-08T12:04:03.885+0000] {processor.py:840} INFO - DAG(s) 'pipeline' retrieved from /opt/airflow/dags/pipeline.py
[2026-04-08T12:04:03.963+0000] {logging_mixin.py:188} INFO - [2026-04-08T12:04:03.963+0000] {dag.py:3089} INFO - Sync 1 DAGs
[2026-04-08T12:04:04.000+0000] {logging_mixin.py:188} INFO - [2026-04-08T12:04:04.000+0000] {dag.py:3947} INFO - Setting next_dagrun for pipeline to 2026-04-08 00:00:00+00:00, run_after=2026-04-09 00:00:00+00:00
[2026-04-08T12:04:04.063+0000] {processor.py:183} INFO - Processing /opt/airflow/dags/pipeline.py took 1.402 seconds
[2026-04-08T12:04:34.273+0000] {processor.py:161} INFO - Started process (PID=509) to work on /opt/airflow/dags/pipeline.py
[2026-04-08T12:04:34.276+0000] {processor.py:830} INFO - Processing file /opt/airflow/dags/pipeline.py for tasks to queue
[2026-04-08T12:04:34.281+0000] {logging_mixin.py:188} INFO - [2026-04-08T12:04:34.280+0000] {dagbag.py:545} INFO - Filling up the DagBag from /opt/airflow/dags/pipeline.py
[2026-04-08T12:04:35.661+0000] {processor.py:840} INFO - DAG(s) 'pipeline' retrieved from /opt/airflow/dags/pipeline.py
[2026-04-08T12:04:35.776+0000] {logging_mixin.py:188} INFO - [2026-04-08T12:04:35.776+0000] {dag.py:3089} INFO - Sync 1 DAGs
[2026-04-08T12:04:35.826+0000] {logging_mixin.py:188} INFO - [2026-04-08T12:04:35.826+0000] {dag.py:3947} INFO - Setting next_dagrun for pipeline to 2026-04-08 00:00:00+00:00, run_after=2026-04-09 00:00:00+00:00
[2026-04-08T12:04:35.886+0000] {processor.py:183} INFO - Processing /opt/airflow/dags/pipeline.py took 1.631 seconds
[2026-04-08T12:05:06.599+0000] {processor.py:161} INFO - Started process (PID=520) to work on /opt/airflow/dags/pipeline.py
[2026-04-08T12:05:06.602+0000] {processor.py:830} INFO - Processing file /opt/airflow/dags/pipeline.py for tasks to queue
[2026-04-08T12:05:06.606+0000] {logging_mixin.py:188} INFO - [2026-04-08T12:05:06.606+0000] {dagbag.py:545} INFO - Filling up the DagBag from /opt/airflow/dags/pipeline.py
[2026-04-08T12:05:09.755+0000] {processor.py:840} INFO - DAG(s) 'pipeline' retrieved from /opt/airflow/dags/pipeline.py
[2026-04-08T12:05:09.872+0000] {logging_mixin.py:188} INFO - [2026-04-08T12:05:09.871+0000] {dag.py:3089} INFO - Sync 1 DAGs
[2026-04-08T12:05:09.932+0000] {logging_mixin.py:188} INFO - [2026-04-08T12:05:09.932+0000] {dag.py:3947} INFO - Setting next_dagrun for pipeline to 2026-04-08 00:00:00+00:00, run_after=2026-04-09 00:00:00+00:00
[2026-04-08T12:05:09.992+0000] {processor.py:183} INFO - Processing /opt/airflow/dags/pipeline.py took 3.406 seconds
[2026-04-08T12:05:40.202+0000] {processor.py:161} INFO - Started process (PID=531) to work on /opt/airflow/dags/pipeline.py
[2026-04-08T12:05:40.205+0000] {processor.py:830} INFO - Processing file /opt/airflow/dags/pipeline.py for tasks to queue
[2026-04-08T12:05:40.210+0000] {logging_mixin.py:188} INFO - [2026-04-08T12:05:40.209+0000] {dagbag.py:545} INFO - Filling up the DagBag from /opt/airflow/dags/pipeline.py
[2026-04-08T12:05:48.934+0000] {processor.py:840} INFO - DAG(s) 'pipeline' retrieved from /opt/airflow/dags/pipeline.py
[2026-04-08T12:05:49.121+0000] {logging_mixin.py:188} INFO - [2026-04-08T12:05:49.121+0000] {dag.py:3089} INFO - Sync 1 DAGs
[2026-04-08T12:05:49.225+0000] {logging_mixin.py:188} INFO - [2026-04-08T12:05:49.225+0000] {dag.py:3947} INFO - Setting next_dagrun for pipeline to 2026-04-08 00:00:00+00:00, run_after=2026-04-09 00:00:00+00:00
[2026-04-08T12:05:49.327+0000] {processor.py:183} INFO - Processing /opt/airflow/dags/pipeline.py took 9.141 seconds
[2026-04-08T12:06:20.010+0000] {processor.py:161} INFO - Started process (PID=546) to work on /opt/airflow/dags/pipeline.py
[2026-04-08T12:06:20.020+0000] {processor.py:830} INFO - Processing file /opt/airflow/dags/pipeline.py for tasks to queue
[2026-04-08T12:06:20.025+0000] {logging_mixin.py:188} INFO - [2026-04-08T12:06:20.025+0000] {dagbag.py:545} INFO - Filling up the DagBag from /opt/airflow/dags/pipeline.py
[2026-04-08T12:06:23.164+0000] {processor.py:840} INFO - DAG(s) 'pipeline' retrieved from /opt/airflow/dags/pipeline.py
[2026-04-08T12:06:23.351+0000] {logging_mixin.py:188} INFO - [2026-04-08T12:06:23.351+0000] {dag.py:3089} INFO - Sync 1 DAGs
[2026-04-08T12:06:23.410+0000] {logging_mixin.py:188} INFO - [2026-04-08T12:06:23.409+0000] {dag.py:3947} INFO - Setting next_dagrun for pipeline to 2026-04-08 00:00:00+00:00, run_after=2026-04-09 00:00:00+00:00
[2026-04-08T12:06:23.504+0000] {processor.py:183} INFO - Processing /opt/airflow/dags/pipeline.py took 3.507 seconds
[2026-04-08T12:06:54.111+0000] {processor.py:161} INFO - Started process (PID=557) to work on /opt/airflow/dags/pipeline.py
[2026-04-08T12:06:54.121+0000] {processor.py:830} INFO - Processing file /opt/airflow/dags/pipeline.py for tasks to queue
[2026-04-08T12:06:54.127+0000] {logging_mixin.py:188} INFO - [2026-04-08T12:06:54.126+0000] {dagbag.py:545} INFO - Filling up the DagBag from /opt/airflow/dags/pipeline.py
[2026-04-08T12:06:58.847+0000] {processor.py:840} INFO - DAG(s) 'pipeline' retrieved from /opt/airflow/dags/pipeline.py
[2026-04-08T12:06:58.958+0000] {logging_mixin.py:188} INFO - [2026-04-08T12:06:58.958+0000] {dag.py:3089} INFO - Sync 1 DAGs
[2026-04-08T12:06:58.999+0000] {logging_mixin.py:188} INFO - [2026-04-08T12:06:58.999+0000] {dag.py:3947} INFO - Setting next_dagrun for pipeline to 2026-04-08 00:00:00+00:00, run_after=2026-04-09 00:00:00+00:00
[2026-04-08T12:06:59.053+0000] {processor.py:183} INFO - Processing /opt/airflow/dags/pipeline.py took 4.964 seconds
[2026-04-08T12:07:29.825+0000] {processor.py:161} INFO - Started process (PID=568) to work on /opt/airflow/dags/pipeline.py
[2026-04-08T12:07:29.829+0000] {processor.py:830} INFO - Processing file /opt/airflow/dags/pipeline.py for tasks to queue
[2026-04-08T12:07:29.839+0000] {logging_mixin.py:188} INFO - [2026-04-08T12:07:29.838+0000] {dagbag.py:545} INFO - Filling up the DagBag from /opt/airflow/dags/pipeline.py
[2026-04-08T12:07:34.143+0000] {processor.py:840} INFO - DAG(s) 'pipeline' retrieved from /opt/airflow/dags/pipeline.py
[2026-04-08T12:07:34.473+0000] {logging_mixin.py:188} INFO - [2026-04-08T12:07:34.472+0000] {dag.py:3089} INFO - Sync 1 DAGs
[2026-04-08T12:07:34.635+0000] {logging_mixin.py:188} INFO - [2026-04-08T12:07:34.634+0000] {dag.py:3947} INFO - Setting next_dagrun for pipeline to 2026-04-08 00:00:00+00:00, run_after=2026-04-09 00:00:00+00:00
[2026-04-08T12:07:34.948+0000] {processor.py:183} INFO - Processing /opt/airflow/dags/pipeline.py took 5.158 seconds
[2026-04-08T12:08:05.547+0000] {processor.py:161} INFO - Started process (PID=584) to work on /opt/airflow/dags/pipeline.py
[2026-04-08T12:08:05.549+0000] {processor.py:830} INFO - Processing file /opt/airflow/dags/pipeline.py for tasks to queue
[2026-04-08T12:08:05.553+0000] {logging_mixin.py:188} INFO - [2026-04-08T12:08:05.553+0000] {dagbag.py:545} INFO - Filling up the DagBag from /opt/airflow/dags/pipeline.py
[2026-04-08T12:08:06.827+0000] {processor.py:840} INFO - DAG(s) 'pipeline' retrieved from /opt/airflow/dags/pipeline.py
[2026-04-08T12:08:07.018+0000] {logging_mixin.py:188} INFO - [2026-04-08T12:08:07.017+0000] {dag.py:3089} INFO - Sync 1 DAGs
[2026-04-08T12:08:07.058+0000] {logging_mixin.py:188} INFO - [2026-04-08T12:08:07.058+0000] {dag.py:3947} INFO - Setting next_dagrun for pipeline to 2026-04-08 00:00:00+00:00, run_after=2026-04-09 00:00:00+00:00
[2026-04-08T12:08:07.113+0000] {processor.py:183} INFO - Processing /opt/airflow/dags/pipeline.py took 1.578 seconds
[2026-04-08T12:08:37.958+0000] {processor.py:161} INFO - Started process (PID=595) to work on /opt/airflow/dags/pipeline.py
[2026-04-08T12:08:37.960+0000] {processor.py:830} INFO - Processing file /opt/airflow/dags/pipeline.py for tasks to queue
[2026-04-08T12:08:37.964+0000] {logging_mixin.py:188} INFO - [2026-04-08T12:08:37.964+0000] {dagbag.py:545} INFO - Filling up the DagBag from /opt/airflow/dags/pipeline.py
[2026-04-08T12:08:39.421+0000] {processor.py:840} INFO - DAG(s) 'pipeline' retrieved from /opt/airflow/dags/pipeline.py
[2026-04-08T12:08:39.543+0000] {logging_mixin.py:188} INFO - [2026-04-08T12:08:39.543+0000] {dag.py:3089} INFO - Sync 1 DAGs
[2026-04-08T12:08:39.596+0000] {logging_mixin.py:188} INFO - [2026-04-08T12:08:39.596+0000] {dag.py:3947} INFO - Setting next_dagrun for pipeline to 2026-04-08 00:00:00+00:00, run_after=2026-04-09 00:00:00+00:00
[2026-04-08T12:08:39.655+0000] {processor.py:183} INFO - Processing /opt/airflow/dags/pipeline.py took 1.711 seconds
[2026-04-08T12:09:09.792+0000] {processor.py:161} INFO - Started process (PID=606) to work on /opt/airflow/dags/pipeline.py
[2026-04-08T12:09:09.795+0000] {processor.py:830} INFO - Processing file /opt/airflow/dags/pipeline.py for tasks to queue
[2026-04-08T12:09:09.801+0000] {logging_mixin.py:188} INFO - [2026-04-08T12:09:09.800+0000] {dagbag.py:545} INFO - Filling up the DagBag from /opt/airflow/dags/pipeline.py
[2026-04-08T12:09:11.443+0000] {processor.py:840} INFO - DAG(s) 'pipeline' retrieved from /opt/airflow/dags/pipeline.py
[2026-04-08T12:09:11.593+0000] {logging_mixin.py:188} INFO - [2026-04-08T12:09:11.593+0000] {dag.py:3089} INFO - Sync 1 DAGs
[2026-04-08T12:09:11.655+0000] {logging_mixin.py:188} INFO - [2026-04-08T12:09:11.655+0000] {dag.py:3947} INFO - Setting next_dagrun for pipeline to 2026-04-08 00:00:00+00:00, run_after=2026-04-09 00:00:00+00:00
[2026-04-08T12:09:11.719+0000] {processor.py:183} INFO - Processing /opt/airflow/dags/pipeline.py took 1.941 seconds
[2026-04-08T12:09:41.894+0000] {processor.py:161} INFO - Started process (PID=617) to work on /opt/airflow/dags/pipeline.py
[2026-04-08T12:09:41.896+0000] {processor.py:830} INFO - Processing file /opt/airflow/dags/pipeline.py for tasks to queue
[2026-04-08T12:09:41.901+0000] {logging_mixin.py:188} INFO - [2026-04-08T12:09:41.901+0000] {dagbag.py:545} INFO - Filling up the DagBag from /opt/airflow/dags/pipeline.py
[2026-04-08T12:09:43.616+0000] {processor.py:840} INFO - DAG(s) 'pipeline' retrieved from /opt/airflow/dags/pipeline.py
[2026-04-08T12:09:43.922+0000] {logging_mixin.py:188} INFO - [2026-04-08T12:09:43.922+0000] {dag.py:3089} INFO - Sync 1 DAGs
[2026-04-08T12:09:44.002+0000] {logging_mixin.py:188} INFO - [2026-04-08T12:09:44.001+0000] {dag.py:3947} INFO - Setting next_dagrun for pipeline to 2026-04-08 00:00:00+00:00, run_after=2026-04-09 00:00:00+00:00
[2026-04-08T12:09:44.114+0000] {processor.py:183} INFO - Processing /opt/airflow/dags/pipeline.py took 2.233 seconds
[2026-04-08T12:10:14.890+0000] {processor.py:161} INFO - Started process (PID=628) to work on /opt/airflow/dags/pipeline.py
[2026-04-08T12:10:14.892+0000] {processor.py:830} INFO - Processing file /opt/airflow/dags/pipeline.py for tasks to queue
[2026-04-08T12:10:14.896+0000] {logging_mixin.py:188} INFO - [2026-04-08T12:10:14.896+0000] {dagbag.py:545} INFO - Filling up the DagBag from /opt/airflow/dags/pipeline.py
[2026-04-08T12:10:16.700+0000] {processor.py:840} INFO - DAG(s) 'pipeline' retrieved from /opt/airflow/dags/pipeline.py
[2026-04-08T12:10:16.914+0000] {logging_mixin.py:188} INFO - [2026-04-08T12:10:16.914+0000] {dag.py:3089} INFO - Sync 1 DAGs
[2026-04-08T12:10:16.971+0000] {logging_mixin.py:188} INFO - [2026-04-08T12:10:16.970+0000] {dag.py:3947} INFO - Setting next_dagrun for pipeline to 2026-04-08 00:00:00+00:00, run_after=2026-04-09 00:00:00+00:00
[2026-04-08T12:10:17.039+0000] {processor.py:183} INFO - Processing /opt/airflow/dags/pipeline.py took 2.161 seconds
[2026-04-08T12:10:47.173+0000] {processor.py:161} INFO - Started process (PID=639) to work on /opt/airflow/dags/pipeline.py
[2026-04-08T12:10:47.176+0000] {processor.py:830} INFO - Processing file /opt/airflow/dags/pipeline.py for tasks to queue
[2026-04-08T12:10:47.183+0000] {logging_mixin.py:188} INFO - [2026-04-08T12:10:47.182+0000] {dagbag.py:545} INFO - Filling up the DagBag from /opt/airflow/dags/pipeline.py
[2026-04-08T12:10:49.461+0000] {processor.py:840} INFO - DAG(s) 'pipeline' retrieved from /opt/airflow/dags/pipeline.py
[2026-04-08T12:10:49.580+0000] {logging_mixin.py:188} INFO - [2026-04-08T12:10:49.579+0000] {dag.py:3089} INFO - Sync 1 DAGs
[2026-04-08T12:10:49.674+0000] {logging_mixin.py:188} INFO - [2026-04-08T12:10:49.674+0000] {dag.py:3947} INFO - Setting next_dagrun for pipeline to 2026-04-08 00:00:00+00:00, run_after=2026-04-09 00:00:00+00:00
[2026-04-08T12:10:49.777+0000] {processor.py:183} INFO - Processing /opt/airflow/dags/pipeline.py took 2.617 seconds
[2026-04-08T12:11:20.164+0000] {processor.py:161} INFO - Started process (PID=650) to work on /opt/airflow/dags/pipeline.py
[2026-04-08T12:11:20.169+0000] {processor.py:830} INFO - Processing file /opt/airflow/dags/pipeline.py for tasks to queue
[2026-04-08T12:11:20.179+0000] {logging_mixin.py:188} INFO - [2026-04-08T12:11:20.177+0000] {dagbag.py:545} INFO - Filling up the DagBag from /opt/airflow/dags/pipeline.py
[2026-04-08T12:11:21.589+0000] {processor.py:840} INFO - DAG(s) 'pipeline' retrieved from /opt/airflow/dags/pipeline.py
[2026-04-08T12:11:21.707+0000] {logging_mixin.py:188} INFO - [2026-04-08T12:11:21.707+0000] {dag.py:3089} INFO - Sync 1 DAGs
[2026-04-08T12:11:21.754+0000] {logging_mixin.py:188} INFO - [2026-04-08T12:11:21.754+0000] {dag.py:3947} INFO - Setting next_dagrun for pipeline to 2026-04-08 00:00:00+00:00, run_after=2026-04-09 00:00:00+00:00
[2026-04-08T12:11:21.811+0000] {processor.py:183} INFO - Processing /opt/airflow/dags/pipeline.py took 1.684 seconds
[2026-04-08T12:11:52.461+0000] {processor.py:161} INFO - Started process (PID=661) to work on /opt/airflow/dags/pipeline.py
[2026-04-08T12:11:52.463+0000] {processor.py:830} INFO - Processing file /opt/airflow/dags/pipeline.py for tasks to queue
[2026-04-08T12:11:52.468+0000] {logging_mixin.py:188} INFO - [2026-04-08T12:11:52.467+0000] {dagbag.py:545} INFO - Filling up the DagBag from /opt/airflow/dags/pipeline.py
[2026-04-08T12:11:54.182+0000] {processor.py:840} INFO - DAG(s) 'pipeline' retrieved from /opt/airflow/dags/pipeline.py
[2026-04-08T12:11:54.330+0000] {logging_mixin.py:188} INFO - [2026-04-08T12:11:54.330+0000] {dag.py:3089} INFO - Sync 1 DAGs
[2026-04-08T12:11:54.384+0000] {logging_mixin.py:188} INFO - [2026-04-08T12:11:54.384+0000] {dag.py:3947} INFO - Setting next_dagrun for pipeline to 2026-04-08 00:00:00+00:00, run_after=2026-04-09 00:00:00+00:00
[2026-04-08T12:11:54.454+0000] {processor.py:183} INFO - Processing /opt/airflow/dags/pipeline.py took 2.012 seconds
[2026-04-08T12:12:25.123+0000] {processor.py:161} INFO - Started process (PID=672) to work on /opt/airflow/dags/pipeline.py
[2026-04-08T12:12:25.125+0000] {processor.py:830} INFO - Processing file /opt/airflow/dags/pipeline.py for tasks to queue
[2026-04-08T12:12:25.129+0000] {logging_mixin.py:188} INFO - [2026-04-08T12:12:25.128+0000] {dagbag.py:545} INFO - Filling up the DagBag from /opt/airflow/dags/pipeline.py
[2026-04-08T12:12:26.381+0000] {processor.py:840} INFO - DAG(s) 'pipeline' retrieved from /opt/airflow/dags/pipeline.py
[2026-04-08T12:12:26.526+0000] {logging_mixin.py:188} INFO - [2026-04-08T12:12:26.525+0000] {dag.py:3089} INFO - Sync 1 DAGs
[2026-04-08T12:12:26.585+0000] {logging_mixin.py:188} INFO - [2026-04-08T12:12:26.584+0000] {dag.py:3947} INFO - Setting next_dagrun for pipeline to 2026-04-08 00:00:00+00:00, run_after=2026-04-09 00:00:00+00:00
[2026-04-08T12:12:26.657+0000] {processor.py:183} INFO - Processing /opt/airflow/dags/pipeline.py took 1.543 seconds
[2026-04-08T12:12:57.281+0000] {processor.py:161} INFO - Started process (PID=683) to work on /opt/airflow/dags/pipeline.py
[2026-04-08T12:12:57.283+0000] {processor.py:830} INFO - Processing file /opt/airflow/dags/pipeline.py for tasks to queue
[2026-04-08T12:12:57.287+0000] {logging_mixin.py:188} INFO - [2026-04-08T12:12:57.287+0000] {dagbag.py:545} INFO - Filling up the DagBag from /opt/airflow/dags/pipeline.py
[2026-04-08T12:12:59.215+0000] {processor.py:840} INFO - DAG(s) 'pipeline' retrieved from /opt/airflow/dags/pipeline.py
[2026-04-08T12:12:59.395+0000] {logging_mixin.py:188} INFO - [2026-04-08T12:12:59.395+0000] {dag.py:3089} INFO - Sync 1 DAGs
[2026-04-08T12:12:59.449+0000] {logging_mixin.py:188} INFO - [2026-04-08T12:12:59.448+0000] {dag.py:3947} INFO - Setting next_dagrun for pipeline to 2026-04-08 00:00:00+00:00, run_after=2026-04-09 00:00:00+00:00
[2026-04-08T12:12:59.515+0000] {processor.py:183} INFO - Processing /opt/airflow/dags/pipeline.py took 2.259 seconds
[2026-04-08T12:13:30.293+0000] {processor.py:161} INFO - Started process (PID=694) to work on /opt/airflow/dags/pipeline.py
[2026-04-08T12:13:30.295+0000] {processor.py:830} INFO - Processing file /opt/airflow/dags/pipeline.py for tasks to queue
[2026-04-08T12:13:30.298+0000] {logging_mixin.py:188} INFO - [2026-04-08T12:13:30.298+0000] {dagbag.py:545} INFO - Filling up the DagBag from /opt/airflow/dags/pipeline.py
[2026-04-08T12:13:31.487+0000] {processor.py:840} INFO - DAG(s) 'pipeline' retrieved from /opt/airflow/dags/pipeline.py
[2026-04-08T12:13:31.572+0000] {logging_mixin.py:188} INFO - [2026-04-08T12:13:31.572+0000] {dag.py:3089} INFO - Sync 1 DAGs
[2026-04-08T12:13:31.606+0000] {logging_mixin.py:188} INFO - [2026-04-08T12:13:31.606+0000] {dag.py:3947} INFO - Setting next_dagrun for pipeline to 2026-04-08 00:00:00+00:00, run_after=2026-04-09 00:00:00+00:00
[2026-04-08T12:13:31.648+0000] {processor.py:183} INFO - Processing /opt/airflow/dags/pipeline.py took 1.366 seconds
[2026-04-08T12:14:02.332+0000] {processor.py:161} INFO - Started process (PID=705) to work on /opt/airflow/dags/pipeline.py
[2026-04-08T12:14:02.334+0000] {processor.py:830} INFO - Processing file /opt/airflow/dags/pipeline.py for tasks to queue
[2026-04-08T12:14:02.337+0000] {logging_mixin.py:188} INFO - [2026-04-08T12:14:02.336+0000] {dagbag.py:545} INFO - Filling up the DagBag from /opt/airflow/dags/pipeline.py
[2026-04-08T12:14:03.634+0000] {processor.py:840} INFO - DAG(s) 'pipeline' retrieved from /opt/airflow/dags/pipeline.py
[2026-04-08T12:14:03.739+0000] {logging_mixin.py:188} INFO - [2026-04-08T12:14:03.739+0000] {dag.py:3089} INFO - Sync 1 DAGs
[2026-04-08T12:14:03.779+0000] {logging_mixin.py:188} INFO - [2026-04-08T12:14:03.778+0000] {dag.py:3947} INFO - Setting next_dagrun for pipeline to 2026-04-08 00:00:00+00:00, run_after=2026-04-09 00:00:00+00:00
[2026-04-08T12:14:03.864+0000] {processor.py:183} INFO - Processing /opt/airflow/dags/pipeline.py took 1.543 seconds
[2026-04-08T12:14:34.761+0000] {processor.py:161} INFO - Started process (PID=716) to work on /opt/airflow/dags/pipeline.py
[2026-04-08T12:14:34.767+0000] {processor.py:830} INFO - Processing file /opt/airflow/dags/pipeline.py for tasks to queue
[2026-04-08T12:14:34.774+0000] {logging_mixin.py:188} INFO - [2026-04-08T12:14:34.773+0000] {dagbag.py:545} INFO - Filling up the DagBag from /opt/airflow/dags/pipeline.py
[2026-04-08T12:14:35.992+0000] {processor.py:840} INFO - DAG(s) 'pipeline' retrieved from /opt/airflow/dags/pipeline.py
[2026-04-08T12:14:36.111+0000] {logging_mixin.py:188} INFO - [2026-04-08T12:14:36.111+0000] {dag.py:3089} INFO - Sync 1 DAGs
[2026-04-08T12:14:36.157+0000] {logging_mixin.py:188} INFO - [2026-04-08T12:14:36.157+0000] {dag.py:3947} INFO - Setting next_dagrun for pipeline to 2026-04-08 00:00:00+00:00, run_after=2026-04-09 00:00:00+00:00
[2026-04-08T12:14:36.211+0000] {processor.py:183} INFO - Processing /opt/airflow/dags/pipeline.py took 1.472 seconds
[2026-04-08T12:15:06.457+0000] {processor.py:161} INFO - Started process (PID=727) to work on /opt/airflow/dags/pipeline.py
[2026-04-08T12:15:06.459+0000] {processor.py:830} INFO - Processing file /opt/airflow/dags/pipeline.py for tasks to queue
[2026-04-08T12:15:06.464+0000] {logging_mixin.py:188} INFO - [2026-04-08T12:15:06.463+0000] {dagbag.py:545} INFO - Filling up the DagBag from /opt/airflow/dags/pipeline.py
[2026-04-08T12:15:08.429+0000] {processor.py:840} INFO - DAG(s) 'pipeline' retrieved from /opt/airflow/dags/pipeline.py
[2026-04-08T12:15:08.548+0000] {logging_mixin.py:188} INFO - [2026-04-08T12:15:08.547+0000] {dag.py:3089} INFO - Sync 1 DAGs
[2026-04-08T12:15:08.610+0000] {logging_mixin.py:188} INFO - [2026-04-08T12:15:08.609+0000] {dag.py:3947} INFO - Setting next_dagrun for pipeline to 2026-04-08 00:00:00+00:00, run_after=2026-04-09 00:00:00+00:00
[2026-04-08T12:15:08.674+0000] {processor.py:183} INFO - Processing /opt/airflow/dags/pipeline.py took 2.239 seconds
[2026-04-08T12:15:39.276+0000] {processor.py:161} INFO - Started process (PID=738) to work on /opt/airflow/dags/pipeline.py
[2026-04-08T12:15:39.281+0000] {processor.py:830} INFO - Processing file /opt/airflow/dags/pipeline.py for tasks to queue
[2026-04-08T12:15:39.293+0000] {logging_mixin.py:188} INFO - [2026-04-08T12:15:39.291+0000] {dagbag.py:545} INFO - Filling up the DagBag from /opt/airflow/dags/pipeline.py
[2026-04-08T12:15:40.629+0000] {processor.py:840} INFO - DAG(s) 'pipeline' retrieved from /opt/airflow/dags/pipeline.py
[2026-04-08T12:15:40.717+0000] {logging_mixin.py:188} INFO - [2026-04-08T12:15:40.717+0000] {dag.py:3089} INFO - Sync 1 DAGs
[2026-04-08T12:15:40.755+0000] {logging_mixin.py:188} INFO - [2026-04-08T12:15:40.755+0000] {dag.py:3947} INFO - Setting next_dagrun for pipeline to 2026-04-08 00:00:00+00:00, run_after=2026-04-09 00:00:00+00:00
[2026-04-08T12:15:40.811+0000] {processor.py:183} INFO - Processing /opt/airflow/dags/pipeline.py took 1.570 seconds
[2026-04-08T12:16:11.733+0000] {processor.py:161} INFO - Started process (PID=749) to work on /opt/airflow/dags/pipeline.py
[2026-04-08T12:16:11.735+0000] {processor.py:830} INFO - Processing file /opt/airflow/dags/pipeline.py for tasks to queue
[2026-04-08T12:16:11.739+0000] {logging_mixin.py:188} INFO - [2026-04-08T12:16:11.739+0000] {dagbag.py:545} INFO - Filling up the DagBag from /opt/airflow/dags/pipeline.py
[2026-04-08T12:16:12.983+0000] {processor.py:840} INFO - DAG(s) 'pipeline' retrieved from /opt/airflow/dags/pipeline.py
[2026-04-08T12:16:13.207+0000] {logging_mixin.py:188} INFO - [2026-04-08T12:16:13.206+0000] {dag.py:3089} INFO - Sync 1 DAGs
[2026-04-08T12:16:13.271+0000] {logging_mixin.py:188} INFO - [2026-04-08T12:16:13.270+0000] {dag.py:3947} INFO - Setting next_dagrun for pipeline to 2026-04-08 00:00:00+00:00, run_after=2026-04-09 00:00:00+00:00
[2026-04-08T12:16:13.338+0000] {processor.py:183} INFO - Processing /opt/airflow/dags/pipeline.py took 1.617 seconds
[2026-04-08T12:16:43.519+0000] {processor.py:161} INFO - Started process (PID=760) to work on /opt/airflow/dags/pipeline.py
[2026-04-08T12:16:43.521+0000] {processor.py:830} INFO - Processing file /opt/airflow/dags/pipeline.py for tasks to queue
[2026-04-08T12:16:43.525+0000] {logging_mixin.py:188} INFO - [2026-04-08T12:16:43.524+0000] {dagbag.py:545} INFO - Filling up the DagBag from /opt/airflow/dags/pipeline.py
[2026-04-08T12:16:45.036+0000] {processor.py:840} INFO - DAG(s) 'pipeline' retrieved from /opt/airflow/dags/pipeline.py
[2026-04-08T12:16:45.226+0000] {logging_mixin.py:188} INFO - [2026-04-08T12:16:45.225+0000] {dag.py:3089} INFO - Sync 1 DAGs
[2026-04-08T12:16:45.291+0000] {logging_mixin.py:188} INFO - [2026-04-08T12:16:45.290+0000] {dag.py:3947} INFO - Setting next_dagrun for pipeline to 2026-04-08 00:00:00+00:00, run_after=2026-04-09 00:00:00+00:00
[2026-04-08T12:16:45.372+0000] {processor.py:183} INFO - Processing /opt/airflow/dags/pipeline.py took 1.867 seconds
[2026-04-08T12:25:24.336+0000] {processor.py:161} INFO - Started process (PID=167) to work on /opt/airflow/dags/pipeline.py
[2026-04-08T12:25:24.340+0000] {processor.py:830} INFO - Processing file /opt/airflow/dags/pipeline.py for tasks to queue
[2026-04-08T12:25:24.345+0000] {logging_mixin.py:188} INFO - [2026-04-08T12:25:24.345+0000] {dagbag.py:545} INFO - Filling up the DagBag from /opt/airflow/dags/pipeline.py
[2026-04-08T12:25:29.707+0000] {processor.py:840} INFO - DAG(s) 'pipeline' retrieved from /opt/airflow/dags/pipeline.py
[2026-04-08T12:25:29.863+0000] {logging_mixin.py:188} INFO - [2026-04-08T12:25:29.862+0000] {dag.py:3089} INFO - Sync 1 DAGs
[2026-04-08T12:25:29.975+0000] {logging_mixin.py:188} INFO - [2026-04-08T12:25:29.974+0000] {dag.py:3947} INFO - Setting next_dagrun for pipeline to 2026-04-08 00:00:00+00:00, run_after=2026-04-09 00:00:00+00:00
[2026-04-08T12:25:30.073+0000] {processor.py:183} INFO - Processing /opt/airflow/dags/pipeline.py took 5.753 seconds
[2026-04-08T12:26:00.344+0000] {processor.py:161} INFO - Started process (PID=180) to work on /opt/airflow/dags/pipeline.py
[2026-04-08T12:26:00.350+0000] {processor.py:830} INFO - Processing file /opt/airflow/dags/pipeline.py for tasks to queue
[2026-04-08T12:26:00.354+0000] {logging_mixin.py:188} INFO - [2026-04-08T12:26:00.353+0000] {dagbag.py:545} INFO - Filling up the DagBag from /opt/airflow/dags/pipeline.py
[2026-04-08T12:26:07.317+0000] {processor.py:840} INFO - DAG(s) 'pipeline' retrieved from /opt/airflow/dags/pipeline.py
[2026-04-08T12:26:07.690+0000] {logging_mixin.py:188} INFO - [2026-04-08T12:26:07.689+0000] {dag.py:3089} INFO - Sync 1 DAGs
[2026-04-08T12:26:07.788+0000] {logging_mixin.py:188} INFO - [2026-04-08T12:26:07.788+0000] {dag.py:3947} INFO - Setting next_dagrun for pipeline to 2026-04-08 00:00:00+00:00, run_after=2026-04-09 00:00:00+00:00
[2026-04-08T12:26:07.879+0000] {processor.py:183} INFO - Processing /opt/airflow/dags/pipeline.py took 7.568 seconds
[2026-04-08T12:26:38.208+0000] {processor.py:161} INFO - Started process (PID=191) to work on /opt/airflow/dags/pipeline.py
[2026-04-08T12:26:38.240+0000] {processor.py:830} INFO - Processing file /opt/airflow/dags/pipeline.py for tasks to queue
[2026-04-08T12:26:38.284+0000] {logging_mixin.py:188} INFO - [2026-04-08T12:26:38.281+0000] {dagbag.py:545} INFO - Filling up the DagBag from /opt/airflow/dags/pipeline.py
[2026-04-08T12:26:44.146+0000] {processor.py:840} INFO - DAG(s) 'pipeline' retrieved from /opt/airflow/dags/pipeline.py
[2026-04-08T12:26:44.287+0000] {logging_mixin.py:188} INFO - [2026-04-08T12:26:44.286+0000] {dag.py:3089} INFO - Sync 1 DAGs
[2026-04-08T12:26:44.458+0000] {logging_mixin.py:188} INFO - [2026-04-08T12:26:44.456+0000] {dag.py:3947} INFO - Setting next_dagrun for pipeline to 2026-04-08 00:00:00+00:00, run_after=2026-04-09 00:00:00+00:00
[2026-04-08T12:26:44.651+0000] {processor.py:183} INFO - Processing /opt/airflow/dags/pipeline.py took 6.572 seconds
[2026-04-08T12:27:15.052+0000] {processor.py:161} INFO - Started process (PID=206) to work on /opt/airflow/dags/pipeline.py
[2026-04-08T12:27:15.056+0000] {processor.py:830} INFO - Processing file /opt/airflow/dags/pipeline.py for tasks to queue
[2026-04-08T12:27:15.070+0000] {logging_mixin.py:188} INFO - [2026-04-08T12:27:15.069+0000] {dagbag.py:545} INFO - Filling up the DagBag from /opt/airflow/dags/pipeline.py
[2026-04-08T12:27:18.558+0000] {processor.py:840} INFO - DAG(s) 'pipeline' retrieved from /opt/airflow/dags/pipeline.py
[2026-04-08T12:27:18.740+0000] {logging_mixin.py:188} INFO - [2026-04-08T12:27:18.740+0000] {dag.py:3089} INFO - Sync 1 DAGs
[2026-04-08T12:27:18.825+0000] {logging_mixin.py:188} INFO - [2026-04-08T12:27:18.824+0000] {dag.py:3947} INFO - Setting next_dagrun for pipeline to 2026-04-08 00:00:00+00:00, run_after=2026-04-09 00:00:00+00:00
[2026-04-08T12:27:18.904+0000] {processor.py:183} INFO - Processing /opt/airflow/dags/pipeline.py took 3.881 seconds
[2026-04-08T12:27:49.330+0000] {processor.py:161} INFO - Started process (PID=217) to work on /opt/airflow/dags/pipeline.py
[2026-04-08T12:27:49.333+0000] {processor.py:830} INFO - Processing file /opt/airflow/dags/pipeline.py for tasks to queue
[2026-04-08T12:27:49.337+0000] {logging_mixin.py:188} INFO - [2026-04-08T12:27:49.336+0000] {dagbag.py:545} INFO - Filling up the DagBag from /opt/airflow/dags/pipeline.py
[2026-04-08T12:27:51.236+0000] {processor.py:840} INFO - DAG(s) 'pipeline' retrieved from /opt/airflow/dags/pipeline.py
[2026-04-08T12:27:51.394+0000] {logging_mixin.py:188} INFO - [2026-04-08T12:27:51.393+0000] {dag.py:3089} INFO - Sync 1 DAGs
[2026-04-08T12:27:51.459+0000] {logging_mixin.py:188} INFO - [2026-04-08T12:27:51.459+0000] {dag.py:3947} INFO - Setting next_dagrun for pipeline to 2026-04-08 00:00:00+00:00, run_after=2026-04-09 00:00:00+00:00
[2026-04-08T12:27:51.509+0000] {processor.py:183} INFO - Processing /opt/airflow/dags/pipeline.py took 2.194 seconds
[2026-04-08T12:28:22.278+0000] {processor.py:161} INFO - Started process (PID=228) to work on /opt/airflow/dags/pipeline.py
[2026-04-08T12:28:22.280+0000] {processor.py:830} INFO - Processing file /opt/airflow/dags/pipeline.py for tasks to queue
[2026-04-08T12:28:22.284+0000] {logging_mixin.py:188} INFO - [2026-04-08T12:28:22.283+0000] {dagbag.py:545} INFO - Filling up the DagBag from /opt/airflow/dags/pipeline.py
[2026-04-08T12:28:23.484+0000] {processor.py:840} INFO - DAG(s) 'pipeline' retrieved from /opt/airflow/dags/pipeline.py
[2026-04-08T12:28:23.590+0000] {logging_mixin.py:188} INFO - [2026-04-08T12:28:23.590+0000] {dag.py:3089} INFO - Sync 1 DAGs
[2026-04-08T12:28:23.670+0000] {logging_mixin.py:188} INFO - [2026-04-08T12:28:23.670+0000] {dag.py:3947} INFO - Setting next_dagrun for pipeline to 2026-04-08 00:00:00+00:00, run_after=2026-04-09 00:00:00+00:00
[2026-04-08T12:28:23.732+0000] {processor.py:183} INFO - Processing /opt/airflow/dags/pipeline.py took 1.468 seconds
[2026-04-08T12:28:54.557+0000] {processor.py:161} INFO - Started process (PID=239) to work on /opt/airflow/dags/pipeline.py
[2026-04-08T12:28:54.560+0000] {processor.py:830} INFO - Processing file /opt/airflow/dags/pipeline.py for tasks to queue
[2026-04-08T12:28:54.564+0000] {logging_mixin.py:188} INFO - [2026-04-08T12:28:54.563+0000] {dagbag.py:545} INFO - Filling up the DagBag from /opt/airflow/dags/pipeline.py
[2026-04-08T12:28:57.782+0000] {processor.py:840} INFO - DAG(s) 'pipeline' retrieved from /opt/airflow/dags/pipeline.py
[2026-04-08T12:28:57.932+0000] {logging_mixin.py:188} INFO - [2026-04-08T12:28:57.931+0000] {dag.py:3089} INFO - Sync 1 DAGs
[2026-04-08T12:28:57.993+0000] {logging_mixin.py:188} INFO - [2026-04-08T12:28:57.993+0000] {dag.py:3947} INFO - Setting next_dagrun for pipeline to 2026-04-08 00:00:00+00:00, run_after=2026-04-09 00:00:00+00:00
[2026-04-08T12:28:58.065+0000] {processor.py:183} INFO - Processing /opt/airflow/dags/pipeline.py took 3.524 seconds
[2026-04-08T12:29:28.223+0000] {processor.py:161} INFO - Started process (PID=250) to work on /opt/airflow/dags/pipeline.py
[2026-04-08T12:29:28.225+0000] {processor.py:830} INFO - Processing file /opt/airflow/dags/pipeline.py for tasks to queue
[2026-04-08T12:29:28.228+0000] {logging_mixin.py:188} INFO - [2026-04-08T12:29:28.228+0000] {dagbag.py:545} INFO - Filling up the DagBag from /opt/airflow/dags/pipeline.py
[2026-04-08T12:29:30.115+0000] {processor.py:840} INFO - DAG(s) 'pipeline' retrieved from /opt/airflow/dags/pipeline.py
[2026-04-08T12:29:30.411+0000] {logging_mixin.py:188} INFO - [2026-04-08T12:29:30.410+0000] {dag.py:3089} INFO - Sync 1 DAGs
[2026-04-08T12:29:30.537+0000] {logging_mixin.py:188} INFO - [2026-04-08T12:29:30.536+0000] {dag.py:3947} INFO - Setting next_dagrun for pipeline to 2026-04-08 00:00:00+00:00, run_after=2026-04-09 00:00:00+00:00
[2026-04-08T12:29:30.618+0000] {processor.py:183} INFO - Processing /opt/airflow/dags/pipeline.py took 2.410 seconds
[2026-04-08T12:30:01.241+0000] {processor.py:161} INFO - Started process (PID=261) to work on /opt/airflow/dags/pipeline.py
[2026-04-08T12:30:01.244+0000] {processor.py:830} INFO - Processing file /opt/airflow/dags/pipeline.py for tasks to queue
[2026-04-08T12:30:01.250+0000] {logging_mixin.py:188} INFO - [2026-04-08T12:30:01.249+0000] {dagbag.py:545} INFO - Filling up the DagBag from /opt/airflow/dags/pipeline.py
[2026-04-08T12:30:03.553+0000] {processor.py:840} INFO - DAG(s) 'pipeline' retrieved from /opt/airflow/dags/pipeline.py
[2026-04-08T12:30:03.660+0000] {logging_mixin.py:188} INFO - [2026-04-08T12:30:03.659+0000] {dag.py:3089} INFO - Sync 1 DAGs
[2026-04-08T12:30:03.698+0000] {logging_mixin.py:188} INFO - [2026-04-08T12:30:03.698+0000] {dag.py:3947} INFO - Setting next_dagrun for pipeline to 2026-04-08 00:00:00+00:00, run_after=2026-04-09 00:00:00+00:00
[2026-04-08T12:30:03.745+0000] {processor.py:183} INFO - Processing /opt/airflow/dags/pipeline.py took 2.519 seconds
[2026-04-08T12:35:57.379+0000] {processor.py:161} INFO - Started process (PID=184) to work on /opt/airflow/dags/pipeline.py
[2026-04-08T12:35:57.393+0000] {processor.py:830} INFO - Processing file /opt/airflow/dags/pipeline.py for tasks to queue
[2026-04-08T12:35:57.432+0000] {logging_mixin.py:188} INFO - [2026-04-08T12:35:57.430+0000] {dagbag.py:545} INFO - Filling up the DagBag from /opt/airflow/dags/pipeline.py
[2026-04-08T12:36:02.203+0000] {processor.py:840} INFO - DAG(s) 'pipeline' retrieved from /opt/airflow/dags/pipeline.py
[2026-04-08T12:36:02.451+0000] {logging_mixin.py:188} INFO - [2026-04-08T12:36:02.451+0000] {dag.py:3089} INFO - Sync 1 DAGs
[2026-04-08T12:36:02.514+0000] {logging_mixin.py:188} INFO - [2026-04-08T12:36:02.514+0000] {dag.py:3947} INFO - Setting next_dagrun for pipeline to 2026-04-08 00:00:00+00:00, run_after=2026-04-09 00:00:00+00:00
[2026-04-08T12:36:02.596+0000] {processor.py:183} INFO - Processing /opt/airflow/dags/pipeline.py took 5.269 seconds
[2026-04-08T12:36:33.146+0000] {processor.py:161} INFO - Started process (PID=196) to work on /opt/airflow/dags/pipeline.py
[2026-04-08T12:36:33.148+0000] {processor.py:830} INFO - Processing file /opt/airflow/dags/pipeline.py for tasks to queue
[2026-04-08T12:36:33.152+0000] {logging_mixin.py:188} INFO - [2026-04-08T12:36:33.151+0000] {dagbag.py:545} INFO - Filling up the DagBag from /opt/airflow/dags/pipeline.py
[2026-04-08T12:36:34.809+0000] {processor.py:840} INFO - DAG(s) 'pipeline' retrieved from /opt/airflow/dags/pipeline.py
[2026-04-08T12:36:35.156+0000] {logging_mixin.py:188} INFO - [2026-04-08T12:36:35.156+0000] {dag.py:3089} INFO - Sync 1 DAGs
[2026-04-08T12:36:35.200+0000] {logging_mixin.py:188} INFO - [2026-04-08T12:36:35.200+0000] {dag.py:3947} INFO - Setting next_dagrun for pipeline to 2026-04-08 00:00:00+00:00, run_after=2026-04-09 00:00:00+00:00
[2026-04-08T12:36:35.272+0000] {processor.py:183} INFO - Processing /opt/airflow/dags/pipeline.py took 2.143 seconds
[2026-04-08T12:37:05.909+0000] {processor.py:161} INFO - Started process (PID=206) to work on /opt/airflow/dags/pipeline.py
[2026-04-08T12:37:05.927+0000] {processor.py:830} INFO - Processing file /opt/airflow/dags/pipeline.py for tasks to queue
[2026-04-08T12:37:05.977+0000] {logging_mixin.py:188} INFO - [2026-04-08T12:37:05.971+0000] {dagbag.py:545} INFO - Filling up the DagBag from /opt/airflow/dags/pipeline.py
[2026-04-08T12:37:13.882+0000] {processor.py:840} INFO - DAG(s) 'pipeline' retrieved from /opt/airflow/dags/pipeline.py
[2026-04-08T12:37:14.173+0000] {logging_mixin.py:188} INFO - [2026-04-08T12:37:14.172+0000] {dag.py:3089} INFO - Sync 1 DAGs
[2026-04-08T12:37:14.282+0000] {logging_mixin.py:188} INFO - [2026-04-08T12:37:14.282+0000] {dag.py:3947} INFO - Setting next_dagrun for pipeline to 2026-04-08 00:00:00+00:00, run_after=2026-04-09 00:00:00+00:00
[2026-04-08T12:37:14.366+0000] {processor.py:183} INFO - Processing /opt/airflow/dags/pipeline.py took 8.718 seconds
[2026-04-08T12:37:45.435+0000] {processor.py:161} INFO - Started process (PID=216) to work on /opt/airflow/dags/pipeline.py
[2026-04-08T12:37:45.446+0000] {processor.py:830} INFO - Processing file /opt/airflow/dags/pipeline.py for tasks to queue
[2026-04-08T12:37:45.509+0000] {logging_mixin.py:188} INFO - [2026-04-08T12:37:45.507+0000] {dagbag.py:545} INFO - Filling up the DagBag from /opt/airflow/dags/pipeline.py
[2026-04-08T12:37:50.032+0000] {processor.py:840} INFO - DAG(s) 'pipeline' retrieved from /opt/airflow/dags/pipeline.py
[2026-04-08T12:37:50.164+0000] {logging_mixin.py:188} INFO - [2026-04-08T12:37:50.164+0000] {dag.py:3089} INFO - Sync 1 DAGs
[2026-04-08T12:37:50.242+0000] {logging_mixin.py:188} INFO - [2026-04-08T12:37:50.242+0000] {dag.py:3947} INFO - Setting next_dagrun for pipeline to 2026-04-08 00:00:00+00:00, run_after=2026-04-09 00:00:00+00:00
[2026-04-08T12:37:50.311+0000] {processor.py:183} INFO - Processing /opt/airflow/dags/pipeline.py took 4.969 seconds
[2026-04-08T12:38:20.940+0000] {processor.py:161} INFO - Started process (PID=230) to work on /opt/airflow/dags/pipeline.py
[2026-04-08T12:38:20.946+0000] {processor.py:830} INFO - Processing file /opt/airflow/dags/pipeline.py for tasks to queue
[2026-04-08T12:38:20.955+0000] {logging_mixin.py:188} INFO - [2026-04-08T12:38:20.953+0000] {dagbag.py:545} INFO - Filling up the DagBag from /opt/airflow/dags/pipeline.py
[2026-04-08T12:38:23.041+0000] {processor.py:840} INFO - DAG(s) 'pipeline' retrieved from /opt/airflow/dags/pipeline.py
[2026-04-08T12:38:23.172+0000] {logging_mixin.py:188} INFO - [2026-04-08T12:38:23.171+0000] {dag.py:3089} INFO - Sync 1 DAGs
[2026-04-08T12:38:23.213+0000] {logging_mixin.py:188} INFO - [2026-04-08T12:38:23.213+0000] {dag.py:3947} INFO - Setting next_dagrun for pipeline to 2026-04-08 00:00:00+00:00, run_after=2026-04-09 00:00:00+00:00
[2026-04-08T12:38:23.321+0000] {processor.py:183} INFO - Processing /opt/airflow/dags/pipeline.py took 2.450 seconds
[2026-04-08T12:38:53.776+0000] {processor.py:161} INFO - Started process (PID=240) to work on /opt/airflow/dags/pipeline.py
[2026-04-08T12:38:53.779+0000] {processor.py:830} INFO - Processing file /opt/airflow/dags/pipeline.py for tasks to queue
[2026-04-08T12:38:53.785+0000] {logging_mixin.py:188} INFO - [2026-04-08T12:38:53.784+0000] {dagbag.py:545} INFO - Filling up the DagBag from /opt/airflow/dags/pipeline.py
[2026-04-08T12:38:54.823+0000] {processor.py:840} INFO - DAG(s) 'pipeline' retrieved from /opt/airflow/dags/pipeline.py
[2026-04-08T12:38:54.919+0000] {logging_mixin.py:188} INFO - [2026-04-08T12:38:54.919+0000] {dag.py:3089} INFO - Sync 1 DAGs
[2026-04-08T12:38:54.957+0000] {logging_mixin.py:188} INFO - [2026-04-08T12:38:54.957+0000] {dag.py:3947} INFO - Setting next_dagrun for pipeline to 2026-04-08 00:00:00+00:00, run_after=2026-04-09 00:00:00+00:00
[2026-04-08T12:38:55.013+0000] {processor.py:183} INFO - Processing /opt/airflow/dags/pipeline.py took 1.261 seconds
[2026-04-08T12:39:25.279+0000] {processor.py:161} INFO - Started process (PID=250) to work on /opt/airflow/dags/pipeline.py
[2026-04-08T12:39:25.280+0000] {processor.py:830} INFO - Processing file /opt/airflow/dags/pipeline.py for tasks to queue
[2026-04-08T12:39:25.284+0000] {logging_mixin.py:188} INFO - [2026-04-08T12:39:25.283+0000] {dagbag.py:545} INFO - Filling up the DagBag from /opt/airflow/dags/pipeline.py
[2026-04-08T12:39:27.129+0000] {processor.py:840} INFO - DAG(s) 'pipeline' retrieved from /opt/airflow/dags/pipeline.py
[2026-04-08T12:39:27.269+0000] {logging_mixin.py:188} INFO - [2026-04-08T12:39:27.269+0000] {dag.py:3089} INFO - Sync 1 DAGs
[2026-04-08T12:39:27.339+0000] {logging_mixin.py:188} INFO - [2026-04-08T12:39:27.338+0000] {dag.py:3947} INFO - Setting next_dagrun for pipeline to 2026-04-08 00:00:00+00:00, run_after=2026-04-09 00:00:00+00:00
[2026-04-08T12:39:27.424+0000] {processor.py:183} INFO - Processing /opt/airflow/dags/pipeline.py took 2.160 seconds
[2026-04-08T12:39:58.121+0000] {processor.py:161} INFO - Started process (PID=260) to work on /opt/airflow/dags/pipeline.py
[2026-04-08T12:39:58.134+0000] {processor.py:830} INFO - Processing file /opt/airflow/dags/pipeline.py for tasks to queue
[2026-04-08T12:39:58.144+0000] {logging_mixin.py:188} INFO - [2026-04-08T12:39:58.143+0000] {dagbag.py:545} INFO - Filling up the DagBag from /opt/airflow/dags/pipeline.py
[2026-04-08T12:40:00.710+0000] {processor.py:840} INFO - DAG(s) 'pipeline' retrieved from /opt/airflow/dags/pipeline.py
[2026-04-08T12:40:01.125+0000] {logging_mixin.py:188} INFO - [2026-04-08T12:40:01.123+0000] {dag.py:3089} INFO - Sync 1 DAGs
[2026-04-08T12:40:01.293+0000] {logging_mixin.py:188} INFO - [2026-04-08T12:40:01.293+0000] {dag.py:3947} INFO - Setting next_dagrun for pipeline to 2026-04-08 00:00:00+00:00, run_after=2026-04-09 00:00:00+00:00
[2026-04-08T12:40:01.445+0000] {processor.py:183} INFO - Processing /opt/airflow/dags/pipeline.py took 3.358 seconds
[2026-04-08T12:40:32.405+0000] {processor.py:161} INFO - Started process (PID=270) to work on /opt/airflow/dags/pipeline.py
[2026-04-08T12:40:32.407+0000] {processor.py:830} INFO - Processing file /opt/airflow/dags/pipeline.py for tasks to queue
[2026-04-08T12:40:32.411+0000] {logging_mixin.py:188} INFO - [2026-04-08T12:40:32.410+0000] {dagbag.py:545} INFO - Filling up the DagBag from /opt/airflow/dags/pipeline.py
[2026-04-08T12:40:33.531+0000] {processor.py:840} INFO - DAG(s) 'pipeline' retrieved from /opt/airflow/dags/pipeline.py
[2026-04-08T12:40:33.648+0000] {logging_mixin.py:188} INFO - [2026-04-08T12:40:33.648+0000] {dag.py:3089} INFO - Sync 1 DAGs
[2026-04-08T12:40:33.711+0000] {logging_mixin.py:188} INFO - [2026-04-08T12:40:33.711+0000] {dag.py:3947} INFO - Setting next_dagrun for pipeline to 2026-04-08 00:00:00+00:00, run_after=2026-04-09 00:00:00+00:00
[2026-04-08T12:40:33.784+0000] {processor.py:183} INFO - Processing /opt/airflow/dags/pipeline.py took 1.391 seconds
[2026-04-08T12:44:09.605+0000] {processor.py:161} INFO - Started process (PID=184) to work on /opt/airflow/dags/pipeline.py
[2026-04-08T12:44:09.632+0000] {processor.py:830} INFO - Processing file /opt/airflow/dags/pipeline.py for tasks to queue
[2026-04-08T12:44:09.688+0000] {logging_mixin.py:188} INFO - [2026-04-08T12:44:09.683+0000] {dagbag.py:545} INFO - Filling up the DagBag from /opt/airflow/dags/pipeline.py
[2026-04-08T12:44:20.849+0000] {processor.py:840} INFO - DAG(s) 'pipeline' retrieved from /opt/airflow/dags/pipeline.py
[2026-04-08T12:44:21.007+0000] {logging_mixin.py:188} INFO - [2026-04-08T12:44:21.006+0000] {dag.py:3089} INFO - Sync 1 DAGs
[2026-04-08T12:44:21.062+0000] {logging_mixin.py:188} INFO - [2026-04-08T12:44:21.061+0000] {dag.py:3947} INFO - Setting next_dagrun for pipeline to 2026-04-08 00:00:00+00:00, run_after=2026-04-09 00:00:00+00:00
[2026-04-08T12:44:21.127+0000] {processor.py:183} INFO - Processing /opt/airflow/dags/pipeline.py took 11.714 seconds
[2026-04-08T12:44:51.922+0000] {processor.py:161} INFO - Started process (PID=196) to work on /opt/airflow/dags/pipeline.py
[2026-04-08T12:44:51.924+0000] {processor.py:830} INFO - Processing file /opt/airflow/dags/pipeline.py for tasks to queue
[2026-04-08T12:44:51.942+0000] {logging_mixin.py:188} INFO - [2026-04-08T12:44:51.940+0000] {dagbag.py:545} INFO - Filling up the DagBag from /opt/airflow/dags/pipeline.py
[2026-04-08T12:44:58.150+0000] {processor.py:840} INFO - DAG(s) 'pipeline' retrieved from /opt/airflow/dags/pipeline.py
[2026-04-08T12:44:58.408+0000] {logging_mixin.py:188} INFO - [2026-04-08T12:44:58.407+0000] {dag.py:3089} INFO - Sync 1 DAGs
[2026-04-08T12:44:58.458+0000] {logging_mixin.py:188} INFO - [2026-04-08T12:44:58.457+0000] {dag.py:3947} INFO - Setting next_dagrun for pipeline to 2026-04-08 00:00:00+00:00, run_after=2026-04-09 00:00:00+00:00
[2026-04-08T12:44:58.513+0000] {processor.py:183} INFO - Processing /opt/airflow/dags/pipeline.py took 6.628 seconds
[2026-04-08T12:45:28.928+0000] {processor.py:161} INFO - Started process (PID=206) to work on /opt/airflow/dags/pipeline.py
[2026-04-08T12:45:28.940+0000] {processor.py:830} INFO - Processing file /opt/airflow/dags/pipeline.py for tasks to queue
[2026-04-08T12:45:28.948+0000] {logging_mixin.py:188} INFO - [2026-04-08T12:45:28.947+0000] {dagbag.py:545} INFO - Filling up the DagBag from /opt/airflow/dags/pipeline.py
[2026-04-08T12:45:32.409+0000] {processor.py:840} INFO - DAG(s) 'pipeline' retrieved from /opt/airflow/dags/pipeline.py
[2026-04-08T12:45:32.720+0000] {logging_mixin.py:188} INFO - [2026-04-08T12:45:32.719+0000] {dag.py:3089} INFO - Sync 1 DAGs
[2026-04-08T12:45:32.899+0000] {logging_mixin.py:188} INFO - [2026-04-08T12:45:32.898+0000] {dag.py:3947} INFO - Setting next_dagrun for pipeline to 2026-04-08 00:00:00+00:00, run_after=2026-04-09 00:00:00+00:00
[2026-04-08T12:45:33.036+0000] {processor.py:183} INFO - Processing /opt/airflow/dags/pipeline.py took 4.168 seconds
[2026-04-08T12:46:03.554+0000] {processor.py:161} INFO - Started process (PID=218) to work on /opt/airflow/dags/pipeline.py
[2026-04-08T12:46:03.557+0000] {processor.py:830} INFO - Processing file /opt/airflow/dags/pipeline.py for tasks to queue
[2026-04-08T12:46:03.565+0000] {logging_mixin.py:188} INFO - [2026-04-08T12:46:03.564+0000] {dagbag.py:545} INFO - Filling up the DagBag from /opt/airflow/dags/pipeline.py
[2026-04-08T12:46:04.395+0000] {processor.py:840} INFO - DAG(s) 'pipeline' retrieved from /opt/airflow/dags/pipeline.py
[2026-04-08T12:46:04.485+0000] {logging_mixin.py:188} INFO - [2026-04-08T12:46:04.485+0000] {dag.py:3089} INFO - Sync 1 DAGs
[2026-04-08T12:46:04.546+0000] {logging_mixin.py:188} INFO - [2026-04-08T12:46:04.545+0000] {dag.py:3947} INFO - Setting next_dagrun for pipeline to 2026-04-08 00:00:00+00:00, run_after=2026-04-09 00:00:00+00:00
[2026-04-08T12:46:04.598+0000] {processor.py:183} INFO - Processing /opt/airflow/dags/pipeline.py took 1.060 seconds
[2026-04-08T12:46:35.412+0000] {processor.py:161} INFO - Started process (PID=228) to work on /opt/airflow/dags/pipeline.py
[2026-04-08T12:46:35.417+0000] {processor.py:830} INFO - Processing file /opt/airflow/dags/pipeline.py for tasks to queue
[2026-04-08T12:46:35.422+0000] {logging_mixin.py:188} INFO - [2026-04-08T12:46:35.421+0000] {dagbag.py:545} INFO - Filling up the DagBag from /opt/airflow/dags/pipeline.py
[2026-04-08T12:46:36.457+0000] {processor.py:840} INFO - DAG(s) 'pipeline' retrieved from /opt/airflow/dags/pipeline.py
[2026-04-08T12:46:36.568+0000] {logging_mixin.py:188} INFO - [2026-04-08T12:46:36.568+0000] {dag.py:3089} INFO - Sync 1 DAGs
[2026-04-08T12:46:36.695+0000] {logging_mixin.py:188} INFO - [2026-04-08T12:46:36.694+0000] {dag.py:3947} INFO - Setting next_dagrun for pipeline to 2026-04-08 00:00:00+00:00, run_after=2026-04-09 00:00:00+00:00
[2026-04-08T12:46:36.769+0000] {processor.py:183} INFO - Processing /opt/airflow/dags/pipeline.py took 1.377 seconds
[2026-04-08T12:47:07.223+0000] {processor.py:161} INFO - Started process (PID=238) to work on /opt/airflow/dags/pipeline.py
[2026-04-08T12:47:07.227+0000] {processor.py:830} INFO - Processing file /opt/airflow/dags/pipeline.py for tasks to queue
[2026-04-08T12:47:07.232+0000] {logging_mixin.py:188} INFO - [2026-04-08T12:47:07.231+0000] {dagbag.py:545} INFO - Filling up the DagBag from /opt/airflow/dags/pipeline.py
[2026-04-08T12:47:08.023+0000] {processor.py:840} INFO - DAG(s) 'pipeline' retrieved from /opt/airflow/dags/pipeline.py
[2026-04-08T12:47:08.118+0000] {logging_mixin.py:188} INFO - [2026-04-08T12:47:08.118+0000] {dag.py:3089} INFO - Sync 1 DAGs
[2026-04-08T12:47:08.154+0000] {logging_mixin.py:188} INFO - [2026-04-08T12:47:08.153+0000] {dag.py:3947} INFO - Setting next_dagrun for pipeline to 2026-04-08 00:00:00+00:00, run_after=2026-04-09 00:00:00+00:00
[2026-04-08T12:47:08.196+0000] {processor.py:183} INFO - Processing /opt/airflow/dags/pipeline.py took 1.019 seconds
[2026-04-08T12:47:38.832+0000] {processor.py:161} INFO - Started process (PID=248) to work on /opt/airflow/dags/pipeline.py
[2026-04-08T12:47:38.834+0000] {processor.py:830} INFO - Processing file /opt/airflow/dags/pipeline.py for tasks to queue
[2026-04-08T12:47:38.838+0000] {logging_mixin.py:188} INFO - [2026-04-08T12:47:38.837+0000] {dagbag.py:545} INFO - Filling up the DagBag from /opt/airflow/dags/pipeline.py
[2026-04-08T12:47:40.121+0000] {processor.py:840} INFO - DAG(s) 'pipeline' retrieved from /opt/airflow/dags/pipeline.py
[2026-04-08T12:47:40.287+0000] {logging_mixin.py:188} INFO - [2026-04-08T12:47:40.286+0000] {dag.py:3089} INFO - Sync 1 DAGs
[2026-04-08T12:47:40.351+0000] {logging_mixin.py:188} INFO - [2026-04-08T12:47:40.351+0000] {dag.py:3947} INFO - Setting next_dagrun for pipeline to 2026-04-08 00:00:00+00:00, run_after=2026-04-09 00:00:00+00:00
[2026-04-08T12:47:40.428+0000] {processor.py:183} INFO - Processing /opt/airflow/dags/pipeline.py took 1.610 seconds
[2026-04-08T12:48:10.523+0000] {processor.py:161} INFO - Started process (PID=258) to work on /opt/airflow/dags/pipeline.py
[2026-04-08T12:48:10.526+0000] {processor.py:830} INFO - Processing file /opt/airflow/dags/pipeline.py for tasks to queue
[2026-04-08T12:48:10.533+0000] {logging_mixin.py:188} INFO - [2026-04-08T12:48:10.532+0000] {dagbag.py:545} INFO - Filling up the DagBag from /opt/airflow/dags/pipeline.py
[2026-04-08T12:48:11.837+0000] {processor.py:840} INFO - DAG(s) 'pipeline' retrieved from /opt/airflow/dags/pipeline.py
[2026-04-08T12:48:11.931+0000] {logging_mixin.py:188} INFO - [2026-04-08T12:48:11.930+0000] {dag.py:3089} INFO - Sync 1 DAGs
[2026-04-08T12:48:11.967+0000] {logging_mixin.py:188} INFO - [2026-04-08T12:48:11.967+0000] {dag.py:3947} INFO - Setting next_dagrun for pipeline to 2026-04-08 00:00:00+00:00, run_after=2026-04-09 00:00:00+00:00
[2026-04-08T12:48:12.008+0000] {processor.py:183} INFO - Processing /opt/airflow/dags/pipeline.py took 1.500 seconds
[2026-04-08T12:48:42.706+0000] {processor.py:161} INFO - Started process (PID=268) to work on /opt/airflow/dags/pipeline.py
[2026-04-08T12:48:42.708+0000] {processor.py:830} INFO - Processing file /opt/airflow/dags/pipeline.py for tasks to queue
[2026-04-08T12:48:42.713+0000] {logging_mixin.py:188} INFO - [2026-04-08T12:48:42.713+0000] {dagbag.py:545} INFO - Filling up the DagBag from /opt/airflow/dags/pipeline.py
[2026-04-08T12:48:43.612+0000] {processor.py:840} INFO - DAG(s) 'pipeline' retrieved from /opt/airflow/dags/pipeline.py
[2026-04-08T12:48:43.705+0000] {logging_mixin.py:188} INFO - [2026-04-08T12:48:43.705+0000] {dag.py:3089} INFO - Sync 1 DAGs
[2026-04-08T12:48:43.743+0000] {logging_mixin.py:188} INFO - [2026-04-08T12:48:43.743+0000] {dag.py:3947} INFO - Setting next_dagrun for pipeline to 2026-04-08 00:00:00+00:00, run_after=2026-04-09 00:00:00+00:00
[2026-04-08T12:48:43.784+0000] {processor.py:183} INFO - Processing /opt/airflow/dags/pipeline.py took 1.091 seconds
[2026-04-08T12:49:14.089+0000] {processor.py:161} INFO - Started process (PID=278) to work on /opt/airflow/dags/pipeline.py
[2026-04-08T12:49:14.091+0000] {processor.py:830} INFO - Processing file /opt/airflow/dags/pipeline.py for tasks to queue
[2026-04-08T12:49:14.094+0000] {logging_mixin.py:188} INFO - [2026-04-08T12:49:14.094+0000] {dagbag.py:545} INFO - Filling up the DagBag from /opt/airflow/dags/pipeline.py
[2026-04-08T12:49:15.014+0000] {processor.py:840} INFO - DAG(s) 'pipeline' retrieved from /opt/airflow/dags/pipeline.py
[2026-04-08T12:49:15.099+0000] {logging_mixin.py:188} INFO - [2026-04-08T12:49:15.099+0000] {dag.py:3089} INFO - Sync 1 DAGs
[2026-04-08T12:49:15.148+0000] {logging_mixin.py:188} INFO - [2026-04-08T12:49:15.148+0000] {dag.py:3947} INFO - Setting next_dagrun for pipeline to 2026-04-08 00:00:00+00:00, run_after=2026-04-09 00:00:00+00:00
[2026-04-08T12:49:15.199+0000] {processor.py:183} INFO - Processing /opt/airflow/dags/pipeline.py took 1.120 seconds
[2026-04-08T12:49:45.827+0000] {processor.py:161} INFO - Started process (PID=288) to work on /opt/airflow/dags/pipeline.py
[2026-04-08T12:49:45.829+0000] {processor.py:830} INFO - Processing file /opt/airflow/dags/pipeline.py for tasks to queue
[2026-04-08T12:49:45.833+0000] {logging_mixin.py:188} INFO - [2026-04-08T12:49:45.833+0000] {dagbag.py:545} INFO - Filling up the DagBag from /opt/airflow/dags/pipeline.py
[2026-04-08T12:49:47.693+0000] {processor.py:840} INFO - DAG(s) 'pipeline' retrieved from /opt/airflow/dags/pipeline.py
[2026-04-08T12:49:47.810+0000] {logging_mixin.py:188} INFO - [2026-04-08T12:49:47.809+0000] {dag.py:3089} INFO - Sync 1 DAGs
[2026-04-08T12:49:47.852+0000] {logging_mixin.py:188} INFO - [2026-04-08T12:49:47.852+0000] {dag.py:3947} INFO - Setting next_dagrun for pipeline to 2026-04-08 00:00:00+00:00, run_after=2026-04-09 00:00:00+00:00
[2026-04-08T12:49:47.903+0000] {processor.py:183} INFO - Processing /opt/airflow/dags/pipeline.py took 2.087 seconds
[2026-04-08T12:50:18.372+0000] {processor.py:161} INFO - Started process (PID=298) to work on /opt/airflow/dags/pipeline.py
[2026-04-08T12:50:18.375+0000] {processor.py:830} INFO - Processing file /opt/airflow/dags/pipeline.py for tasks to queue
[2026-04-08T12:50:18.379+0000] {logging_mixin.py:188} INFO - [2026-04-08T12:50:18.379+0000] {dagbag.py:545} INFO - Filling up the DagBag from /opt/airflow/dags/pipeline.py
[2026-04-08T12:50:19.493+0000] {processor.py:840} INFO - DAG(s) 'pipeline' retrieved from /opt/airflow/dags/pipeline.py
[2026-04-08T12:50:19.612+0000] {logging_mixin.py:188} INFO - [2026-04-08T12:50:19.612+0000] {dag.py:3089} INFO - Sync 1 DAGs
[2026-04-08T12:50:19.732+0000] {logging_mixin.py:188} INFO - [2026-04-08T12:50:19.732+0000] {dag.py:3947} INFO - Setting next_dagrun for pipeline to 2026-04-08 00:00:00+00:00, run_after=2026-04-09 00:00:00+00:00
[2026-04-08T12:50:19.885+0000] {processor.py:183} INFO - Processing /opt/airflow/dags/pipeline.py took 1.538 seconds
[2026-04-08T12:50:50.120+0000] {processor.py:161} INFO - Started process (PID=308) to work on /opt/airflow/dags/pipeline.py
[2026-04-08T12:50:50.127+0000] {processor.py:830} INFO - Processing file /opt/airflow/dags/pipeline.py for tasks to queue
[2026-04-08T12:50:50.139+0000] {logging_mixin.py:188} INFO - [2026-04-08T12:50:50.137+0000] {dagbag.py:545} INFO - Filling up the DagBag from /opt/airflow/dags/pipeline.py
[2026-04-08T12:50:51.100+0000] {processor.py:840} INFO - DAG(s) 'pipeline' retrieved from /opt/airflow/dags/pipeline.py
[2026-04-08T12:50:51.284+0000] {logging_mixin.py:188} INFO - [2026-04-08T12:50:51.283+0000] {dag.py:3089} INFO - Sync 1 DAGs
[2026-04-08T12:50:51.345+0000] {logging_mixin.py:188} INFO - [2026-04-08T12:50:51.344+0000] {dag.py:3947} INFO - Setting next_dagrun for pipeline to 2026-04-08 00:00:00+00:00, run_after=2026-04-09 00:00:00+00:00
[2026-04-08T12:50:51.395+0000] {processor.py:183} INFO - Processing /opt/airflow/dags/pipeline.py took 1.305 seconds
[2026-04-08T12:51:22.114+0000] {processor.py:161} INFO - Started process (PID=318) to work on /opt/airflow/dags/pipeline.py
[2026-04-08T12:51:22.118+0000] {processor.py:830} INFO - Processing file /opt/airflow/dags/pipeline.py for tasks to queue
[2026-04-08T12:51:22.124+0000] {logging_mixin.py:188} INFO - [2026-04-08T12:51:22.123+0000] {dagbag.py:545} INFO - Filling up the DagBag from /opt/airflow/dags/pipeline.py
[2026-04-08T12:51:24.372+0000] {processor.py:840} INFO - DAG(s) 'pipeline' retrieved from /opt/airflow/dags/pipeline.py
[2026-04-08T12:51:24.536+0000] {logging_mixin.py:188} INFO - [2026-04-08T12:51:24.535+0000] {dag.py:3089} INFO - Sync 1 DAGs
[2026-04-08T12:51:24.602+0000] {logging_mixin.py:188} INFO - [2026-04-08T12:51:24.601+0000] {dag.py:3947} INFO - Setting next_dagrun for pipeline to 2026-04-08 00:00:00+00:00, run_after=2026-04-09 00:00:00+00:00
[2026-04-08T12:51:24.720+0000] {processor.py:183} INFO - Processing /opt/airflow/dags/pipeline.py took 2.636 seconds
[2026-04-08T12:51:55.270+0000] {processor.py:161} INFO - Started process (PID=328) to work on /opt/airflow/dags/pipeline.py
[2026-04-08T12:51:55.274+0000] {processor.py:830} INFO - Processing file /opt/airflow/dags/pipeline.py for tasks to queue
[2026-04-08T12:51:55.281+0000] {logging_mixin.py:188} INFO - [2026-04-08T12:51:55.280+0000] {dagbag.py:545} INFO - Filling up the DagBag from /opt/airflow/dags/pipeline.py
[2026-04-08T12:51:56.176+0000] {processor.py:840} INFO - DAG(s) 'pipeline' retrieved from /opt/airflow/dags/pipeline.py
[2026-04-08T12:51:56.292+0000] {logging_mixin.py:188} INFO - [2026-04-08T12:51:56.292+0000] {dag.py:3089} INFO - Sync 1 DAGs
[2026-04-08T12:51:56.335+0000] {logging_mixin.py:188} INFO - [2026-04-08T12:51:56.335+0000] {dag.py:3947} INFO - Setting next_dagrun for pipeline to 2026-04-08 00:00:00+00:00, run_after=2026-04-09 00:00:00+00:00
[2026-04-08T12:51:56.385+0000] {processor.py:183} INFO - Processing /opt/airflow/dags/pipeline.py took 1.138 seconds
[2026-04-08T12:52:27.042+0000] {processor.py:161} INFO - Started process (PID=338) to work on /opt/airflow/dags/pipeline.py
[2026-04-08T12:52:27.047+0000] {processor.py:830} INFO - Processing file /opt/airflow/dags/pipeline.py for tasks to queue
[2026-04-08T12:52:27.057+0000] {logging_mixin.py:188} INFO - [2026-04-08T12:52:27.055+0000] {dagbag.py:545} INFO - Filling up the DagBag from /opt/airflow/dags/pipeline.py
[2026-04-08T12:52:27.926+0000] {processor.py:840} INFO - DAG(s) 'pipeline' retrieved from /opt/airflow/dags/pipeline.py
[2026-04-08T12:52:28.031+0000] {logging_mixin.py:188} INFO - [2026-04-08T12:52:28.031+0000] {dag.py:3089} INFO - Sync 1 DAGs
[2026-04-08T12:52:28.068+0000] {logging_mixin.py:188} INFO - [2026-04-08T12:52:28.068+0000] {dag.py:3947} INFO - Setting next_dagrun for pipeline to 2026-04-08 00:00:00+00:00, run_after=2026-04-09 00:00:00+00:00
[2026-04-08T12:52:28.116+0000] {processor.py:183} INFO - Processing /opt/airflow/dags/pipeline.py took 1.103 seconds
[2026-04-08T12:52:58.253+0000] {processor.py:161} INFO - Started process (PID=348) to work on /opt/airflow/dags/pipeline.py
[2026-04-08T12:52:58.254+0000] {processor.py:830} INFO - Processing file /opt/airflow/dags/pipeline.py for tasks to queue
[2026-04-08T12:52:58.257+0000] {logging_mixin.py:188} INFO - [2026-04-08T12:52:58.256+0000] {dagbag.py:545} INFO - Filling up the DagBag from /opt/airflow/dags/pipeline.py
[2026-04-08T12:52:59.071+0000] {processor.py:840} INFO - DAG(s) 'pipeline' retrieved from /opt/airflow/dags/pipeline.py
[2026-04-08T12:52:59.152+0000] {logging_mixin.py:188} INFO - [2026-04-08T12:52:59.151+0000] {dag.py:3089} INFO - Sync 1 DAGs
[2026-04-08T12:52:59.203+0000] {logging_mixin.py:188} INFO - [2026-04-08T12:52:59.203+0000] {dag.py:3947} INFO - Setting next_dagrun for pipeline to 2026-04-08 00:00:00+00:00, run_after=2026-04-09 00:00:00+00:00
[2026-04-08T12:52:59.242+0000] {processor.py:183} INFO - Processing /opt/airflow/dags/pipeline.py took 0.998 seconds
[2026-04-08T12:53:29.811+0000] {processor.py:161} INFO - Started process (PID=358) to work on /opt/airflow/dags/pipeline.py
[2026-04-08T12:53:29.813+0000] {processor.py:830} INFO - Processing file /opt/airflow/dags/pipeline.py for tasks to queue
[2026-04-08T12:53:29.816+0000] {logging_mixin.py:188} INFO - [2026-04-08T12:53:29.816+0000] {dagbag.py:545} INFO - Filling up the DagBag from /opt/airflow/dags/pipeline.py
[2026-04-08T12:53:30.640+0000] {processor.py:840} INFO - DAG(s) 'pipeline' retrieved from /opt/airflow/dags/pipeline.py
[2026-04-08T12:53:30.749+0000] {logging_mixin.py:188} INFO - [2026-04-08T12:53:30.749+0000] {dag.py:3089} INFO - Sync 1 DAGs
[2026-04-08T12:53:30.877+0000] {logging_mixin.py:188} INFO - [2026-04-08T12:53:30.876+0000] {dag.py:3947} INFO - Setting next_dagrun for pipeline to 2026-04-08 00:00:00+00:00, run_after=2026-04-09 00:00:00+00:00
[2026-04-08T12:53:30.920+0000] {processor.py:183} INFO - Processing /opt/airflow/dags/pipeline.py took 1.120 seconds
[2026-04-08T12:54:01.219+0000] {processor.py:161} INFO - Started process (PID=368) to work on /opt/airflow/dags/pipeline.py
[2026-04-08T12:54:01.221+0000] {processor.py:830} INFO - Processing file /opt/airflow/dags/pipeline.py for tasks to queue
[2026-04-08T12:54:01.225+0000] {logging_mixin.py:188} INFO - [2026-04-08T12:54:01.224+0000] {dagbag.py:545} INFO - Filling up the DagBag from /opt/airflow/dags/pipeline.py
[2026-04-08T12:54:02.719+0000] {processor.py:840} INFO - DAG(s) 'pipeline' retrieved from /opt/airflow/dags/pipeline.py
[2026-04-08T12:54:02.823+0000] {logging_mixin.py:188} INFO - [2026-04-08T12:54:02.823+0000] {dag.py:3089} INFO - Sync 1 DAGs
[2026-04-08T12:54:02.919+0000] {logging_mixin.py:188} INFO - [2026-04-08T12:54:02.919+0000] {dag.py:3947} INFO - Setting next_dagrun for pipeline to 2026-04-08 00:00:00+00:00, run_after=2026-04-09 00:00:00+00:00
[2026-04-08T12:54:02.993+0000] {processor.py:183} INFO - Processing /opt/airflow/dags/pipeline.py took 1.786 seconds
[2026-04-08T12:54:33.909+0000] {processor.py:161} INFO - Started process (PID=381) to work on /opt/airflow/dags/pipeline.py
[2026-04-08T12:54:33.912+0000] {processor.py:830} INFO - Processing file /opt/airflow/dags/pipeline.py for tasks to queue
[2026-04-08T12:54:33.925+0000] {logging_mixin.py:188} INFO - [2026-04-08T12:54:33.925+0000] {dagbag.py:545} INFO - Filling up the DagBag from /opt/airflow/dags/pipeline.py
[2026-04-08T12:54:35.003+0000] {processor.py:840} INFO - DAG(s) 'pipeline' retrieved from /opt/airflow/dags/pipeline.py
[2026-04-08T12:54:35.208+0000] {logging_mixin.py:188} INFO - [2026-04-08T12:54:35.208+0000] {dag.py:3089} INFO - Sync 1 DAGs
[2026-04-08T12:54:35.246+0000] {logging_mixin.py:188} INFO - [2026-04-08T12:54:35.246+0000] {dag.py:3947} INFO - Setting next_dagrun for pipeline to 2026-04-08 00:00:00+00:00, run_after=2026-04-09 00:00:00+00:00
[2026-04-08T12:54:35.297+0000] {processor.py:183} INFO - Processing /opt/airflow/dags/pipeline.py took 1.411 seconds
[2026-04-08T12:55:05.370+0000] {processor.py:161} INFO - Started process (PID=393) to work on /opt/airflow/dags/pipeline.py
[2026-04-08T12:55:05.371+0000] {processor.py:830} INFO - Processing file /opt/airflow/dags/pipeline.py for tasks to queue
[2026-04-08T12:55:05.374+0000] {logging_mixin.py:188} INFO - [2026-04-08T12:55:05.373+0000] {dagbag.py:545} INFO - Filling up the DagBag from /opt/airflow/dags/pipeline.py
[2026-04-08T12:55:06.226+0000] {processor.py:840} INFO - DAG(s) 'pipeline' retrieved from /opt/airflow/dags/pipeline.py
[2026-04-08T12:55:06.330+0000] {logging_mixin.py:188} INFO - [2026-04-08T12:55:06.329+0000] {dag.py:3089} INFO - Sync 1 DAGs
[2026-04-08T12:55:06.372+0000] {logging_mixin.py:188} INFO - [2026-04-08T12:55:06.372+0000] {dag.py:3947} INFO - Setting next_dagrun for pipeline to 2026-04-08 00:00:00+00:00, run_after=2026-04-09 00:00:00+00:00
[2026-04-08T12:55:06.423+0000] {processor.py:183} INFO - Processing /opt/airflow/dags/pipeline.py took 1.064 seconds
[2026-04-08T12:55:36.505+0000] {processor.py:161} INFO - Started process (PID=403) to work on /opt/airflow/dags/pipeline.py
[2026-04-08T12:55:36.506+0000] {processor.py:830} INFO - Processing file /opt/airflow/dags/pipeline.py for tasks to queue
[2026-04-08T12:55:36.510+0000] {logging_mixin.py:188} INFO - [2026-04-08T12:55:36.510+0000] {dagbag.py:545} INFO - Filling up the DagBag from /opt/airflow/dags/pipeline.py
[2026-04-08T12:55:37.177+0000] {processor.py:840} INFO - DAG(s) 'pipeline' retrieved from /opt/airflow/dags/pipeline.py
[2026-04-08T12:55:37.264+0000] {logging_mixin.py:188} INFO - [2026-04-08T12:55:37.264+0000] {dag.py:3089} INFO - Sync 1 DAGs
[2026-04-08T12:55:37.300+0000] {logging_mixin.py:188} INFO - [2026-04-08T12:55:37.299+0000] {dag.py:3947} INFO - Setting next_dagrun for pipeline to 2026-04-08 00:00:00+00:00, run_after=2026-04-09 00:00:00+00:00
[2026-04-08T12:55:37.338+0000] {processor.py:183} INFO - Processing /opt/airflow/dags/pipeline.py took 0.843 seconds
[2026-04-08T12:56:07.989+0000] {processor.py:161} INFO - Started process (PID=455) to work on /opt/airflow/dags/pipeline.py
[2026-04-08T12:56:07.991+0000] {processor.py:830} INFO - Processing file /opt/airflow/dags/pipeline.py for tasks to queue
[2026-04-08T12:56:07.995+0000] {logging_mixin.py:188} INFO - [2026-04-08T12:56:07.995+0000] {dagbag.py:545} INFO - Filling up the DagBag from /opt/airflow/dags/pipeline.py
[2026-04-08T12:56:09.476+0000] {processor.py:840} INFO - DAG(s) 'pipeline' retrieved from /opt/airflow/dags/pipeline.py
[2026-04-08T12:56:09.727+0000] {logging_mixin.py:188} INFO - [2026-04-08T12:56:09.726+0000] {dag.py:3089} INFO - Sync 1 DAGs
[2026-04-08T12:56:09.856+0000] {logging_mixin.py:188} INFO - [2026-04-08T12:56:09.856+0000] {dag.py:3947} INFO - Setting next_dagrun for pipeline to 2026-04-08 00:00:00+00:00, run_after=2026-04-09 00:00:00+00:00
[2026-04-08T12:56:09.912+0000] {processor.py:183} INFO - Processing /opt/airflow/dags/pipeline.py took 1.942 seconds
[2026-04-08T12:56:40.019+0000] {processor.py:161} INFO - Started process (PID=466) to work on /opt/airflow/dags/pipeline.py
[2026-04-08T12:56:40.020+0000] {processor.py:830} INFO - Processing file /opt/airflow/dags/pipeline.py for tasks to queue
[2026-04-08T12:56:40.023+0000] {logging_mixin.py:188} INFO - [2026-04-08T12:56:40.022+0000] {dagbag.py:545} INFO - Filling up the DagBag from /opt/airflow/dags/pipeline.py
[2026-04-08T12:56:41.049+0000] {processor.py:840} INFO - DAG(s) 'pipeline' retrieved from /opt/airflow/dags/pipeline.py
[2026-04-08T12:56:41.185+0000] {logging_mixin.py:188} INFO - [2026-04-08T12:56:41.184+0000] {dag.py:3089} INFO - Sync 1 DAGs
[2026-04-08T12:56:41.238+0000] {logging_mixin.py:188} INFO - [2026-04-08T12:56:41.238+0000] {dag.py:3947} INFO - Setting next_dagrun for pipeline to 2026-04-08 00:00:00+00:00, run_after=2026-04-09 00:00:00+00:00
[2026-04-08T12:56:41.306+0000] {processor.py:183} INFO - Processing /opt/airflow/dags/pipeline.py took 1.304 seconds
[2026-04-08T12:57:11.980+0000] {processor.py:161} INFO - Started process (PID=478) to work on /opt/airflow/dags/pipeline.py
[2026-04-08T12:57:11.983+0000] {processor.py:830} INFO - Processing file /opt/airflow/dags/pipeline.py for tasks to queue
[2026-04-08T12:57:11.988+0000] {logging_mixin.py:188} INFO - [2026-04-08T12:57:11.987+0000] {dagbag.py:545} INFO - Filling up the DagBag from /opt/airflow/dags/pipeline.py
[2026-04-08T12:57:12.937+0000] {processor.py:840} INFO - DAG(s) 'pipeline' retrieved from /opt/airflow/dags/pipeline.py
[2026-04-08T12:57:13.039+0000] {logging_mixin.py:188} INFO - [2026-04-08T12:57:13.039+0000] {dag.py:3089} INFO - Sync 1 DAGs
[2026-04-08T12:57:13.086+0000] {logging_mixin.py:188} INFO - [2026-04-08T12:57:13.086+0000] {dag.py:3947} INFO - Setting next_dagrun for pipeline to 2026-04-08 00:00:00+00:00, run_after=2026-04-09 00:00:00+00:00
[2026-04-08T12:57:13.135+0000] {processor.py:183} INFO - Processing /opt/airflow/dags/pipeline.py took 1.205 seconds
[2026-04-08T12:57:43.788+0000] {processor.py:161} INFO - Started process (PID=488) to work on /opt/airflow/dags/pipeline.py
[2026-04-08T12:57:43.790+0000] {processor.py:830} INFO - Processing file /opt/airflow/dags/pipeline.py for tasks to queue
[2026-04-08T12:57:43.792+0000] {logging_mixin.py:188} INFO - [2026-04-08T12:57:43.792+0000] {dagbag.py:545} INFO - Filling up the DagBag from /opt/airflow/dags/pipeline.py
[2026-04-08T12:57:44.629+0000] {processor.py:840} INFO - DAG(s) 'pipeline' retrieved from /opt/airflow/dags/pipeline.py
[2026-04-08T12:57:44.728+0000] {logging_mixin.py:188} INFO - [2026-04-08T12:57:44.728+0000] {dag.py:3089} INFO - Sync 1 DAGs
[2026-04-08T12:57:44.783+0000] {logging_mixin.py:188} INFO - [2026-04-08T12:57:44.783+0000] {dag.py:3947} INFO - Setting next_dagrun for pipeline to 2026-04-08 00:00:00+00:00, run_after=2026-04-09 00:00:00+00:00
[2026-04-08T12:57:44.851+0000] {processor.py:183} INFO - Processing /opt/airflow/dags/pipeline.py took 1.079 seconds
[2026-04-08T12:58:15.423+0000] {processor.py:161} INFO - Started process (PID=532) to work on /opt/airflow/dags/pipeline.py
[2026-04-08T12:58:15.425+0000] {processor.py:830} INFO - Processing file /opt/airflow/dags/pipeline.py for tasks to queue
[2026-04-08T12:58:15.429+0000] {logging_mixin.py:188} INFO - [2026-04-08T12:58:15.429+0000] {dagbag.py:545} INFO - Filling up the DagBag from /opt/airflow/dags/pipeline.py
[2026-04-08T12:58:16.527+0000] {processor.py:840} INFO - DAG(s) 'pipeline' retrieved from /opt/airflow/dags/pipeline.py
[2026-04-08T12:58:16.668+0000] {logging_mixin.py:188} INFO - [2026-04-08T12:58:16.667+0000] {dag.py:3089} INFO - Sync 1 DAGs
[2026-04-08T12:58:16.774+0000] {logging_mixin.py:188} INFO - [2026-04-08T12:58:16.774+0000] {dag.py:3947} INFO - Setting next_dagrun for pipeline to 2026-04-08 00:00:00+00:00, run_after=2026-04-09 00:00:00+00:00
[2026-04-08T12:58:16.835+0000] {processor.py:183} INFO - Processing /opt/airflow/dags/pipeline.py took 1.450 seconds
[2026-04-08T12:58:47.552+0000] {processor.py:161} INFO - Started process (PID=542) to work on /opt/airflow/dags/pipeline.py
[2026-04-08T12:58:47.554+0000] {processor.py:830} INFO - Processing file /opt/airflow/dags/pipeline.py for tasks to queue
[2026-04-08T12:58:47.558+0000] {logging_mixin.py:188} INFO - [2026-04-08T12:58:47.558+0000] {dagbag.py:545} INFO - Filling up the DagBag from /opt/airflow/dags/pipeline.py
[2026-04-08T12:58:50.343+0000] {processor.py:840} INFO - DAG(s) 'pipeline' retrieved from /opt/airflow/dags/pipeline.py
[2026-04-08T12:58:50.494+0000] {logging_mixin.py:188} INFO - [2026-04-08T12:58:50.494+0000] {dag.py:3089} INFO - Sync 1 DAGs
[2026-04-08T12:58:50.633+0000] {logging_mixin.py:188} INFO - [2026-04-08T12:58:50.633+0000] {dag.py:3947} INFO - Setting next_dagrun for pipeline to 2026-04-08 00:00:00+00:00, run_after=2026-04-09 00:00:00+00:00
[2026-04-08T12:58:50.687+0000] {processor.py:183} INFO - Processing /opt/airflow/dags/pipeline.py took 3.164 seconds
[2026-04-08T12:59:21.319+0000] {processor.py:161} INFO - Started process (PID=575) to work on /opt/airflow/dags/pipeline.py
[2026-04-08T12:59:21.321+0000] {processor.py:830} INFO - Processing file /opt/airflow/dags/pipeline.py for tasks to queue
[2026-04-08T12:59:21.324+0000] {logging_mixin.py:188} INFO - [2026-04-08T12:59:21.323+0000] {dagbag.py:545} INFO - Filling up the DagBag from /opt/airflow/dags/pipeline.py
[2026-04-08T12:59:22.328+0000] {processor.py:840} INFO - DAG(s) 'pipeline' retrieved from /opt/airflow/dags/pipeline.py
[2026-04-08T12:59:22.411+0000] {logging_mixin.py:188} INFO - [2026-04-08T12:59:22.411+0000] {dag.py:3089} INFO - Sync 1 DAGs
[2026-04-08T12:59:22.446+0000] {logging_mixin.py:188} INFO - [2026-04-08T12:59:22.446+0000] {dag.py:3947} INFO - Setting next_dagrun for pipeline to 2026-04-08 00:00:00+00:00, run_after=2026-04-09 00:00:00+00:00
[2026-04-08T12:59:22.484+0000] {processor.py:183} INFO - Processing /opt/airflow/dags/pipeline.py took 1.180 seconds
[2026-04-08T12:59:53.191+0000] {processor.py:161} INFO - Started process (PID=585) to work on /opt/airflow/dags/pipeline.py
[2026-04-08T12:59:53.192+0000] {processor.py:830} INFO - Processing file /opt/airflow/dags/pipeline.py for tasks to queue
[2026-04-08T12:59:53.195+0000] {logging_mixin.py:188} INFO - [2026-04-08T12:59:53.195+0000] {dagbag.py:545} INFO - Filling up the DagBag from /opt/airflow/dags/pipeline.py
[2026-04-08T12:59:54.214+0000] {processor.py:840} INFO - DAG(s) 'pipeline' retrieved from /opt/airflow/dags/pipeline.py
[2026-04-08T12:59:54.361+0000] {logging_mixin.py:188} INFO - [2026-04-08T12:59:54.361+0000] {dag.py:3089} INFO - Sync 1 DAGs
[2026-04-08T12:59:54.425+0000] {logging_mixin.py:188} INFO - [2026-04-08T12:59:54.425+0000] {dag.py:3947} INFO - Setting next_dagrun for pipeline to 2026-04-08 00:00:00+00:00, run_after=2026-04-09 00:00:00+00:00
[2026-04-08T12:59:54.493+0000] {processor.py:183} INFO - Processing /opt/airflow/dags/pipeline.py took 1.318 seconds
[2026-04-08T13:00:24.794+0000] {processor.py:161} INFO - Started process (PID=595) to work on /opt/airflow/dags/pipeline.py
[2026-04-08T13:00:24.796+0000] {processor.py:830} INFO - Processing file /opt/airflow/dags/pipeline.py for tasks to queue
[2026-04-08T13:00:24.800+0000] {logging_mixin.py:188} INFO - [2026-04-08T13:00:24.800+0000] {dagbag.py:545} INFO - Filling up the DagBag from /opt/airflow/dags/pipeline.py
[2026-04-08T13:00:25.843+0000] {processor.py:840} INFO - DAG(s) 'pipeline' retrieved from /opt/airflow/dags/pipeline.py
[2026-04-08T13:00:25.946+0000] {logging_mixin.py:188} INFO - [2026-04-08T13:00:25.945+0000] {dag.py:3089} INFO - Sync 1 DAGs
[2026-04-08T13:00:25.987+0000] {logging_mixin.py:188} INFO - [2026-04-08T13:00:25.987+0000] {dag.py:3947} INFO - Setting next_dagrun for pipeline to 2026-04-08 00:00:00+00:00, run_after=2026-04-09 00:00:00+00:00
[2026-04-08T13:00:26.035+0000] {processor.py:183} INFO - Processing /opt/airflow/dags/pipeline.py took 1.268 seconds
[2026-04-08T13:00:56.556+0000] {processor.py:161} INFO - Started process (PID=605) to work on /opt/airflow/dags/pipeline.py
[2026-04-08T13:00:56.558+0000] {processor.py:830} INFO - Processing file /opt/airflow/dags/pipeline.py for tasks to queue
[2026-04-08T13:00:56.562+0000] {logging_mixin.py:188} INFO - [2026-04-08T13:00:56.561+0000] {dagbag.py:545} INFO - Filling up the DagBag from /opt/airflow/dags/pipeline.py
[2026-04-08T13:00:57.311+0000] {processor.py:840} INFO - DAG(s) 'pipeline' retrieved from /opt/airflow/dags/pipeline.py
[2026-04-08T13:00:57.404+0000] {logging_mixin.py:188} INFO - [2026-04-08T13:00:57.404+0000] {dag.py:3089} INFO - Sync 1 DAGs
[2026-04-08T13:00:57.439+0000] {logging_mixin.py:188} INFO - [2026-04-08T13:00:57.439+0000] {dag.py:3947} INFO - Setting next_dagrun for pipeline to 2026-04-08 00:00:00+00:00, run_after=2026-04-09 00:00:00+00:00
[2026-04-08T13:00:57.492+0000] {processor.py:183} INFO - Processing /opt/airflow/dags/pipeline.py took 0.953 seconds
[2026-04-08T13:01:27.906+0000] {processor.py:161} INFO - Started process (PID=615) to work on /opt/airflow/dags/pipeline.py
[2026-04-08T13:01:27.908+0000] {processor.py:830} INFO - Processing file /opt/airflow/dags/pipeline.py for tasks to queue
[2026-04-08T13:01:27.912+0000] {logging_mixin.py:188} INFO - [2026-04-08T13:01:27.912+0000] {dagbag.py:545} INFO - Filling up the DagBag from /opt/airflow/dags/pipeline.py
[2026-04-08T13:01:28.836+0000] {processor.py:840} INFO - DAG(s) 'pipeline' retrieved from /opt/airflow/dags/pipeline.py
[2026-04-08T13:01:28.938+0000] {logging_mixin.py:188} INFO - [2026-04-08T13:01:28.938+0000] {dag.py:3089} INFO - Sync 1 DAGs
[2026-04-08T13:01:28.982+0000] {logging_mixin.py:188} INFO - [2026-04-08T13:01:28.981+0000] {dag.py:3947} INFO - Setting next_dagrun for pipeline to 2026-04-08 00:00:00+00:00, run_after=2026-04-09 00:00:00+00:00
[2026-04-08T13:01:29.025+0000] {processor.py:183} INFO - Processing /opt/airflow/dags/pipeline.py took 1.138 seconds
[2026-04-08T13:01:59.737+0000] {processor.py:161} INFO - Started process (PID=625) to work on /opt/airflow/dags/pipeline.py
[2026-04-08T13:01:59.739+0000] {processor.py:830} INFO - Processing file /opt/airflow/dags/pipeline.py for tasks to queue
[2026-04-08T13:01:59.742+0000] {logging_mixin.py:188} INFO - [2026-04-08T13:01:59.742+0000] {dagbag.py:545} INFO - Filling up the DagBag from /opt/airflow/dags/pipeline.py
[2026-04-08T13:02:00.763+0000] {processor.py:840} INFO - DAG(s) 'pipeline' retrieved from /opt/airflow/dags/pipeline.py
[2026-04-08T13:02:00.947+0000] {logging_mixin.py:188} INFO - [2026-04-08T13:02:00.947+0000] {dag.py:3089} INFO - Sync 1 DAGs
[2026-04-08T13:02:01.000+0000] {logging_mixin.py:188} INFO - [2026-04-08T13:02:01.000+0000] {dag.py:3947} INFO - Setting next_dagrun for pipeline to 2026-04-08 00:00:00+00:00, run_after=2026-04-09 00:00:00+00:00
[2026-04-08T13:02:01.064+0000] {processor.py:183} INFO - Processing /opt/airflow/dags/pipeline.py took 1.348 seconds
[2026-04-08T13:02:31.845+0000] {processor.py:161} INFO - Started process (PID=635) to work on /opt/airflow/dags/pipeline.py
[2026-04-08T13:02:31.847+0000] {processor.py:830} INFO - Processing file /opt/airflow/dags/pipeline.py for tasks to queue
[2026-04-08T13:02:31.851+0000] {logging_mixin.py:188} INFO - [2026-04-08T13:02:31.850+0000] {dagbag.py:545} INFO - Filling up the DagBag from /opt/airflow/dags/pipeline.py
[2026-04-08T13:02:32.806+0000] {processor.py:840} INFO - DAG(s) 'pipeline' retrieved from /opt/airflow/dags/pipeline.py
[2026-04-08T13:02:33.031+0000] {logging_mixin.py:188} INFO - [2026-04-08T13:02:33.030+0000] {dag.py:3089} INFO - Sync 1 DAGs
[2026-04-08T13:02:33.087+0000] {logging_mixin.py:188} INFO - [2026-04-08T13:02:33.087+0000] {dag.py:3947} INFO - Setting next_dagrun for pipeline to 2026-04-08 00:00:00+00:00, run_after=2026-04-09 00:00:00+00:00
[2026-04-08T13:02:33.138+0000] {processor.py:183} INFO - Processing /opt/airflow/dags/pipeline.py took 1.313 seconds
[2026-04-08T13:03:03.405+0000] {processor.py:161} INFO - Started process (PID=645) to work on /opt/airflow/dags/pipeline.py
[2026-04-08T13:03:03.412+0000] {processor.py:830} INFO - Processing file /opt/airflow/dags/pipeline.py for tasks to queue
[2026-04-08T13:03:03.421+0000] {logging_mixin.py:188} INFO - [2026-04-08T13:03:03.420+0000] {dagbag.py:545} INFO - Filling up the DagBag from /opt/airflow/dags/pipeline.py
[2026-04-08T13:03:04.513+0000] {processor.py:840} INFO - DAG(s) 'pipeline' retrieved from /opt/airflow/dags/pipeline.py
[2026-04-08T13:03:04.636+0000] {logging_mixin.py:188} INFO - [2026-04-08T13:03:04.635+0000] {dag.py:3089} INFO - Sync 1 DAGs
[2026-04-08T13:03:04.689+0000] {logging_mixin.py:188} INFO - [2026-04-08T13:03:04.689+0000] {dag.py:3947} INFO - Setting next_dagrun for pipeline to 2026-04-08 00:00:00+00:00, run_after=2026-04-09 00:00:00+00:00
[2026-04-08T13:03:04.764+0000] {processor.py:183} INFO - Processing /opt/airflow/dags/pipeline.py took 1.426 seconds
[2026-04-08T13:03:34.895+0000] {processor.py:161} INFO - Started process (PID=655) to work on /opt/airflow/dags/pipeline.py
[2026-04-08T13:03:34.897+0000] {processor.py:830} INFO - Processing file /opt/airflow/dags/pipeline.py for tasks to queue
[2026-04-08T13:03:34.900+0000] {logging_mixin.py:188} INFO - [2026-04-08T13:03:34.900+0000] {dagbag.py:545} INFO - Filling up the DagBag from /opt/airflow/dags/pipeline.py
[2026-04-08T13:03:35.971+0000] {processor.py:840} INFO - DAG(s) 'pipeline' retrieved from /opt/airflow/dags/pipeline.py
[2026-04-08T13:03:36.190+0000] {logging_mixin.py:188} INFO - [2026-04-08T13:03:36.189+0000] {dag.py:3089} INFO - Sync 1 DAGs
[2026-04-08T13:03:36.245+0000] {logging_mixin.py:188} INFO - [2026-04-08T13:03:36.245+0000] {dag.py:3947} INFO - Setting next_dagrun for pipeline to 2026-04-08 00:00:00+00:00, run_after=2026-04-09 00:00:00+00:00
[2026-04-08T13:03:36.311+0000] {processor.py:183} INFO - Processing /opt/airflow/dags/pipeline.py took 1.439 seconds
[2026-04-08T13:04:06.533+0000] {processor.py:161} INFO - Started process (PID=665) to work on /opt/airflow/dags/pipeline.py
[2026-04-08T13:04:06.535+0000] {processor.py:830} INFO - Processing file /opt/airflow/dags/pipeline.py for tasks to queue
[2026-04-08T13:04:06.540+0000] {logging_mixin.py:188} INFO - [2026-04-08T13:04:06.539+0000] {dagbag.py:545} INFO - Filling up the DagBag from /opt/airflow/dags/pipeline.py
[2026-04-08T13:04:07.491+0000] {processor.py:840} INFO - DAG(s) 'pipeline' retrieved from /opt/airflow/dags/pipeline.py
[2026-04-08T13:04:07.648+0000] {logging_mixin.py:188} INFO - [2026-04-08T13:04:07.647+0000] {dag.py:3089} INFO - Sync 1 DAGs
[2026-04-08T13:04:07.753+0000] {logging_mixin.py:188} INFO - [2026-04-08T13:04:07.753+0000] {dag.py:3947} INFO - Setting next_dagrun for pipeline to 2026-04-08 00:00:00+00:00, run_after=2026-04-09 00:00:00+00:00
[2026-04-08T13:04:07.856+0000] {processor.py:183} INFO - Processing /opt/airflow/dags/pipeline.py took 1.345 seconds
[2026-04-08T13:08:56.718+0000] {processor.py:161} INFO - Started process (PID=184) to work on /opt/airflow/dags/pipeline.py
[2026-04-08T13:08:56.753+0000] {processor.py:830} INFO - Processing file /opt/airflow/dags/pipeline.py for tasks to queue
[2026-04-08T13:08:56.870+0000] {logging_mixin.py:188} INFO - [2026-04-08T13:08:56.862+0000] {dagbag.py:545} INFO - Filling up the DagBag from /opt/airflow/dags/pipeline.py
[2026-04-08T13:09:02.267+0000] {processor.py:840} INFO - DAG(s) 'pipeline' retrieved from /opt/airflow/dags/pipeline.py
[2026-04-08T13:09:02.426+0000] {logging_mixin.py:188} INFO - [2026-04-08T13:09:02.426+0000] {dag.py:3089} INFO - Sync 1 DAGs
[2026-04-08T13:09:02.531+0000] {logging_mixin.py:188} INFO - [2026-04-08T13:09:02.531+0000] {dag.py:3947} INFO - Setting next_dagrun for pipeline to 2026-04-08 00:00:00+00:00, run_after=2026-04-09 00:00:00+00:00
[2026-04-08T13:09:02.615+0000] {processor.py:183} INFO - Processing /opt/airflow/dags/pipeline.py took 6.225 seconds
[2026-04-08T13:09:34.003+0000] {processor.py:161} INFO - Started process (PID=194) to work on /opt/airflow/dags/pipeline.py
[2026-04-08T13:09:34.015+0000] {processor.py:830} INFO - Processing file /opt/airflow/dags/pipeline.py for tasks to queue
[2026-04-08T13:09:34.034+0000] {logging_mixin.py:188} INFO - [2026-04-08T13:09:34.032+0000] {dagbag.py:545} INFO - Filling up the DagBag from /opt/airflow/dags/pipeline.py
[2026-04-08T13:09:36.384+0000] {processor.py:840} INFO - DAG(s) 'pipeline' retrieved from /opt/airflow/dags/pipeline.py
[2026-04-08T13:09:36.764+0000] {logging_mixin.py:188} INFO - [2026-04-08T13:09:36.763+0000] {dag.py:3089} INFO - Sync 1 DAGs
[2026-04-08T13:09:36.805+0000] {logging_mixin.py:188} INFO - [2026-04-08T13:09:36.805+0000] {dag.py:3947} INFO - Setting next_dagrun for pipeline to 2026-04-08 00:00:00+00:00, run_after=2026-04-09 00:00:00+00:00
[2026-04-08T13:09:36.873+0000] {processor.py:183} INFO - Processing /opt/airflow/dags/pipeline.py took 3.022 seconds
[2026-04-08T13:10:07.762+0000] {processor.py:161} INFO - Started process (PID=206) to work on /opt/airflow/dags/pipeline.py
[2026-04-08T13:10:07.766+0000] {processor.py:830} INFO - Processing file /opt/airflow/dags/pipeline.py for tasks to queue
[2026-04-08T13:10:07.774+0000] {logging_mixin.py:188} INFO - [2026-04-08T13:10:07.773+0000] {dagbag.py:545} INFO - Filling up the DagBag from /opt/airflow/dags/pipeline.py
[2026-04-08T13:10:20.735+0000] {processor.py:840} INFO - DAG(s) 'pipeline' retrieved from /opt/airflow/dags/pipeline.py
[2026-04-08T13:10:20.872+0000] {logging_mixin.py:188} INFO - [2026-04-08T13:10:20.871+0000] {dag.py:3089} INFO - Sync 1 DAGs
[2026-04-08T13:10:20.927+0000] {logging_mixin.py:188} INFO - [2026-04-08T13:10:20.927+0000] {dag.py:3947} INFO - Setting next_dagrun for pipeline to 2026-04-08 00:00:00+00:00, run_after=2026-04-09 00:00:00+00:00
[2026-04-08T13:10:20.989+0000] {processor.py:183} INFO - Processing /opt/airflow/dags/pipeline.py took 13.247 seconds
[2026-04-08T13:10:51.618+0000] {processor.py:161} INFO - Started process (PID=220) to work on /opt/airflow/dags/pipeline.py
[2026-04-08T13:10:51.624+0000] {processor.py:830} INFO - Processing file /opt/airflow/dags/pipeline.py for tasks to queue
[2026-04-08T13:10:51.637+0000] {logging_mixin.py:188} INFO - [2026-04-08T13:10:51.636+0000] {dagbag.py:545} INFO - Filling up the DagBag from /opt/airflow/dags/pipeline.py
[2026-04-08T13:10:52.730+0000] {processor.py:840} INFO - DAG(s) 'pipeline' retrieved from /opt/airflow/dags/pipeline.py
[2026-04-08T13:10:52.810+0000] {logging_mixin.py:188} INFO - [2026-04-08T13:10:52.810+0000] {dag.py:3089} INFO - Sync 1 DAGs
[2026-04-08T13:10:52.854+0000] {logging_mixin.py:188} INFO - [2026-04-08T13:10:52.854+0000] {dag.py:3947} INFO - Setting next_dagrun for pipeline to 2026-04-08 00:00:00+00:00, run_after=2026-04-09 00:00:00+00:00
[2026-04-08T13:10:52.895+0000] {processor.py:183} INFO - Processing /opt/airflow/dags/pipeline.py took 1.344 seconds
[2026-04-08T13:11:23.496+0000] {processor.py:161} INFO - Started process (PID=230) to work on /opt/airflow/dags/pipeline.py
[2026-04-08T13:11:23.499+0000] {processor.py:830} INFO - Processing file /opt/airflow/dags/pipeline.py for tasks to queue
[2026-04-08T13:11:23.504+0000] {logging_mixin.py:188} INFO - [2026-04-08T13:11:23.503+0000] {dagbag.py:545} INFO - Filling up the DagBag from /opt/airflow/dags/pipeline.py
[2026-04-08T13:11:24.341+0000] {processor.py:840} INFO - DAG(s) 'pipeline' retrieved from /opt/airflow/dags/pipeline.py
[2026-04-08T13:11:24.504+0000] {logging_mixin.py:188} INFO - [2026-04-08T13:11:24.503+0000] {dag.py:3089} INFO - Sync 1 DAGs
[2026-04-08T13:11:24.593+0000] {logging_mixin.py:188} INFO - [2026-04-08T13:11:24.592+0000] {dag.py:3947} INFO - Setting next_dagrun for pipeline to 2026-04-08 00:00:00+00:00, run_after=2026-04-09 00:00:00+00:00
[2026-04-08T13:11:24.705+0000] {processor.py:183} INFO - Processing /opt/airflow/dags/pipeline.py took 1.224 seconds
[2026-04-08T13:11:55.359+0000] {processor.py:161} INFO - Started process (PID=240) to work on /opt/airflow/dags/pipeline.py
[2026-04-08T13:11:55.360+0000] {processor.py:830} INFO - Processing file /opt/airflow/dags/pipeline.py for tasks to queue
[2026-04-08T13:11:55.363+0000] {logging_mixin.py:188} INFO - [2026-04-08T13:11:55.363+0000] {dagbag.py:545} INFO - Filling up the DagBag from /opt/airflow/dags/pipeline.py
[2026-04-08T13:11:56.088+0000] {processor.py:840} INFO - DAG(s) 'pipeline' retrieved from /opt/airflow/dags/pipeline.py
[2026-04-08T13:11:56.174+0000] {logging_mixin.py:188} INFO - [2026-04-08T13:11:56.174+0000] {dag.py:3089} INFO - Sync 1 DAGs
[2026-04-08T13:11:56.214+0000] {logging_mixin.py:188} INFO - [2026-04-08T13:11:56.214+0000] {dag.py:3947} INFO - Setting next_dagrun for pipeline to 2026-04-08 00:00:00+00:00, run_after=2026-04-09 00:00:00+00:00
[2026-04-08T13:11:56.260+0000] {processor.py:183} INFO - Processing /opt/airflow/dags/pipeline.py took 0.910 seconds
[2026-04-08T13:12:26.957+0000] {processor.py:161} INFO - Started process (PID=250) to work on /opt/airflow/dags/pipeline.py
[2026-04-08T13:12:26.960+0000] {processor.py:830} INFO - Processing file /opt/airflow/dags/pipeline.py for tasks to queue
[2026-04-08T13:12:26.964+0000] {logging_mixin.py:188} INFO - [2026-04-08T13:12:26.963+0000] {dagbag.py:545} INFO - Filling up the DagBag from /opt/airflow/dags/pipeline.py
[2026-04-08T13:12:27.976+0000] {processor.py:840} INFO - DAG(s) 'pipeline' retrieved from /opt/airflow/dags/pipeline.py
[2026-04-08T13:12:28.126+0000] {logging_mixin.py:188} INFO - [2026-04-08T13:12:28.125+0000] {dag.py:3089} INFO - Sync 1 DAGs
[2026-04-08T13:12:28.186+0000] {logging_mixin.py:188} INFO - [2026-04-08T13:12:28.185+0000] {dag.py:3947} INFO - Setting next_dagrun for pipeline to 2026-04-08 00:00:00+00:00, run_after=2026-04-09 00:00:00+00:00
[2026-04-08T13:12:28.252+0000] {processor.py:183} INFO - Processing /opt/airflow/dags/pipeline.py took 1.307 seconds
[2026-04-08T13:12:58.924+0000] {processor.py:161} INFO - Started process (PID=260) to work on /opt/airflow/dags/pipeline.py
[2026-04-08T13:12:58.926+0000] {processor.py:830} INFO - Processing file /opt/airflow/dags/pipeline.py for tasks to queue
[2026-04-08T13:12:58.929+0000] {logging_mixin.py:188} INFO - [2026-04-08T13:12:58.929+0000] {dagbag.py:545} INFO - Filling up the DagBag from /opt/airflow/dags/pipeline.py
[2026-04-08T13:12:59.841+0000] {processor.py:840} INFO - DAG(s) 'pipeline' retrieved from /opt/airflow/dags/pipeline.py
[2026-04-08T13:12:59.926+0000] {logging_mixin.py:188} INFO - [2026-04-08T13:12:59.926+0000] {dag.py:3089} INFO - Sync 1 DAGs
[2026-04-08T13:12:59.961+0000] {logging_mixin.py:188} INFO - [2026-04-08T13:12:59.961+0000] {dag.py:3947} INFO - Setting next_dagrun for pipeline to 2026-04-08 00:00:00+00:00, run_after=2026-04-09 00:00:00+00:00
[2026-04-08T13:13:00.001+0000] {processor.py:183} INFO - Processing /opt/airflow/dags/pipeline.py took 1.090 seconds
[2026-04-08T13:13:30.877+0000] {processor.py:161} INFO - Started process (PID=270) to work on /opt/airflow/dags/pipeline.py
[2026-04-08T13:13:30.881+0000] {processor.py:830} INFO - Processing file /opt/airflow/dags/pipeline.py for tasks to queue
[2026-04-08T13:13:30.888+0000] {logging_mixin.py:188} INFO - [2026-04-08T13:13:30.888+0000] {dagbag.py:545} INFO - Filling up the DagBag from /opt/airflow/dags/pipeline.py
[2026-04-08T13:13:32.100+0000] {processor.py:840} INFO - DAG(s) 'pipeline' retrieved from /opt/airflow/dags/pipeline.py
[2026-04-08T13:13:32.216+0000] {logging_mixin.py:188} INFO - [2026-04-08T13:13:32.216+0000] {dag.py:3089} INFO - Sync 1 DAGs
[2026-04-08T13:13:32.260+0000] {logging_mixin.py:188} INFO - [2026-04-08T13:13:32.260+0000] {dag.py:3947} INFO - Setting next_dagrun for pipeline to 2026-04-08 00:00:00+00:00, run_after=2026-04-09 00:00:00+00:00
[2026-04-08T13:13:32.307+0000] {processor.py:183} INFO - Processing /opt/airflow/dags/pipeline.py took 1.477 seconds
[2026-04-08T13:14:03.106+0000] {processor.py:161} INFO - Started process (PID=280) to work on /opt/airflow/dags/pipeline.py
[2026-04-08T13:14:03.107+0000] {processor.py:830} INFO - Processing file /opt/airflow/dags/pipeline.py for tasks to queue
[2026-04-08T13:14:03.111+0000] {logging_mixin.py:188} INFO - [2026-04-08T13:14:03.110+0000] {dagbag.py:545} INFO - Filling up the DagBag from /opt/airflow/dags/pipeline.py
[2026-04-08T13:14:03.906+0000] {processor.py:840} INFO - DAG(s) 'pipeline' retrieved from /opt/airflow/dags/pipeline.py
[2026-04-08T13:14:03.994+0000] {logging_mixin.py:188} INFO - [2026-04-08T13:14:03.994+0000] {dag.py:3089} INFO - Sync 1 DAGs
[2026-04-08T13:14:04.029+0000] {logging_mixin.py:188} INFO - [2026-04-08T13:14:04.029+0000] {dag.py:3947} INFO - Setting next_dagrun for pipeline to 2026-04-08 00:00:00+00:00, run_after=2026-04-09 00:00:00+00:00
[2026-04-08T13:14:04.072+0000] {processor.py:183} INFO - Processing /opt/airflow/dags/pipeline.py took 0.975 seconds
[2026-04-08T13:14:34.387+0000] {processor.py:161} INFO - Started process (PID=290) to work on /opt/airflow/dags/pipeline.py
[2026-04-08T13:14:34.389+0000] {processor.py:830} INFO - Processing file /opt/airflow/dags/pipeline.py for tasks to queue
[2026-04-08T13:14:34.393+0000] {logging_mixin.py:188} INFO - [2026-04-08T13:14:34.392+0000] {dagbag.py:545} INFO - Filling up the DagBag from /opt/airflow/dags/pipeline.py
[2026-04-08T13:14:35.504+0000] {processor.py:840} INFO - DAG(s) 'pipeline' retrieved from /opt/airflow/dags/pipeline.py
[2026-04-08T13:14:35.701+0000] {logging_mixin.py:188} INFO - [2026-04-08T13:14:35.701+0000] {dag.py:3089} INFO - Sync 1 DAGs
[2026-04-08T13:14:35.766+0000] {logging_mixin.py:188} INFO - [2026-04-08T13:14:35.766+0000] {dag.py:3947} INFO - Setting next_dagrun for pipeline to 2026-04-08 00:00:00+00:00, run_after=2026-04-09 00:00:00+00:00
[2026-04-08T13:14:35.843+0000] {processor.py:183} INFO - Processing /opt/airflow/dags/pipeline.py took 1.466 seconds
[2026-04-08T13:15:06.397+0000] {processor.py:161} INFO - Started process (PID=300) to work on /opt/airflow/dags/pipeline.py
[2026-04-08T13:15:06.400+0000] {processor.py:830} INFO - Processing file /opt/airflow/dags/pipeline.py for tasks to queue
[2026-04-08T13:15:06.407+0000] {logging_mixin.py:188} INFO - [2026-04-08T13:15:06.406+0000] {dagbag.py:545} INFO - Filling up the DagBag from /opt/airflow/dags/pipeline.py
[2026-04-08T13:15:07.378+0000] {processor.py:840} INFO - DAG(s) 'pipeline' retrieved from /opt/airflow/dags/pipeline.py
[2026-04-08T13:15:07.475+0000] {logging_mixin.py:188} INFO - [2026-04-08T13:15:07.475+0000] {dag.py:3089} INFO - Sync 1 DAGs
[2026-04-08T13:15:07.518+0000] {logging_mixin.py:188} INFO - [2026-04-08T13:15:07.518+0000] {dag.py:3947} INFO - Setting next_dagrun for pipeline to 2026-04-08 00:00:00+00:00, run_after=2026-04-09 00:00:00+00:00
[2026-04-08T13:15:07.563+0000] {processor.py:183} INFO - Processing /opt/airflow/dags/pipeline.py took 1.185 seconds
[2026-04-08T13:15:38.433+0000] {processor.py:161} INFO - Started process (PID=310) to work on /opt/airflow/dags/pipeline.py
[2026-04-08T13:15:38.436+0000] {processor.py:830} INFO - Processing file /opt/airflow/dags/pipeline.py for tasks to queue
[2026-04-08T13:15:38.442+0000] {logging_mixin.py:188} INFO - [2026-04-08T13:15:38.441+0000] {dagbag.py:545} INFO - Filling up the DagBag from /opt/airflow/dags/pipeline.py
[2026-04-08T13:15:40.189+0000] {processor.py:840} INFO - DAG(s) 'pipeline' retrieved from /opt/airflow/dags/pipeline.py
[2026-04-08T13:15:40.316+0000] {logging_mixin.py:188} INFO - [2026-04-08T13:15:40.316+0000] {dag.py:3089} INFO - Sync 1 DAGs
[2026-04-08T13:15:40.372+0000] {logging_mixin.py:188} INFO - [2026-04-08T13:15:40.372+0000] {dag.py:3947} INFO - Setting next_dagrun for pipeline to 2026-04-08 00:00:00+00:00, run_after=2026-04-09 00:00:00+00:00
[2026-04-08T13:15:40.447+0000] {processor.py:183} INFO - Processing /opt/airflow/dags/pipeline.py took 2.033 seconds
[2026-04-08T13:16:11.354+0000] {processor.py:161} INFO - Started process (PID=320) to work on /opt/airflow/dags/pipeline.py
[2026-04-08T13:16:11.357+0000] {processor.py:830} INFO - Processing file /opt/airflow/dags/pipeline.py for tasks to queue
[2026-04-08T13:16:11.362+0000] {logging_mixin.py:188} INFO - [2026-04-08T13:16:11.361+0000] {dagbag.py:545} INFO - Filling up the DagBag from /opt/airflow/dags/pipeline.py
[2026-04-08T13:16:12.544+0000] {processor.py:840} INFO - DAG(s) 'pipeline' retrieved from /opt/airflow/dags/pipeline.py
[2026-04-08T13:16:12.654+0000] {logging_mixin.py:188} INFO - [2026-04-08T13:16:12.654+0000] {dag.py:3089} INFO - Sync 1 DAGs
[2026-04-08T13:16:12.702+0000] {logging_mixin.py:188} INFO - [2026-04-08T13:16:12.702+0000] {dag.py:3947} INFO - Setting next_dagrun for pipeline to 2026-04-08 00:00:00+00:00, run_after=2026-04-09 00:00:00+00:00
[2026-04-08T13:16:12.792+0000] {processor.py:183} INFO - Processing /opt/airflow/dags/pipeline.py took 1.449 seconds
[2026-04-08T13:22:07.941+0000] {processor.py:161} INFO - Started process (PID=166) to work on /opt/airflow/dags/pipeline.py
[2026-04-08T13:22:07.945+0000] {processor.py:830} INFO - Processing file /opt/airflow/dags/pipeline.py for tasks to queue
[2026-04-08T13:22:07.948+0000] {logging_mixin.py:188} INFO - [2026-04-08T13:22:07.948+0000] {dagbag.py:545} INFO - Filling up the DagBag from /opt/airflow/dags/pipeline.py
[2026-04-08T13:22:13.821+0000] {processor.py:840} INFO - DAG(s) 'pipeline' retrieved from /opt/airflow/dags/pipeline.py
[2026-04-08T13:22:14.023+0000] {logging_mixin.py:188} INFO - [2026-04-08T13:22:14.023+0000] {dag.py:3089} INFO - Sync 1 DAGs
[2026-04-08T13:22:14.201+0000] {logging_mixin.py:188} INFO - [2026-04-08T13:22:14.200+0000] {dag.py:3947} INFO - Setting next_dagrun for pipeline to 2026-04-08 00:00:00+00:00, run_after=2026-04-09 00:00:00+00:00
[2026-04-08T13:22:14.345+0000] {processor.py:183} INFO - Processing /opt/airflow/dags/pipeline.py took 6.472 seconds
[2026-04-08T13:22:44.999+0000] {processor.py:161} INFO - Started process (PID=179) to work on /opt/airflow/dags/pipeline.py
[2026-04-08T13:22:45.008+0000] {processor.py:830} INFO - Processing file /opt/airflow/dags/pipeline.py for tasks to queue
[2026-04-08T13:22:45.023+0000] {logging_mixin.py:188} INFO - [2026-04-08T13:22:45.023+0000] {dagbag.py:545} INFO - Filling up the DagBag from /opt/airflow/dags/pipeline.py
[2026-04-08T13:22:49.226+0000] {processor.py:840} INFO - DAG(s) 'pipeline' retrieved from /opt/airflow/dags/pipeline.py
[2026-04-08T13:22:49.702+0000] {logging_mixin.py:188} INFO - [2026-04-08T13:22:49.701+0000] {dag.py:3089} INFO - Sync 1 DAGs
[2026-04-08T13:22:49.764+0000] {logging_mixin.py:188} INFO - [2026-04-08T13:22:49.764+0000] {dag.py:3947} INFO - Setting next_dagrun for pipeline to 2026-04-08 00:00:00+00:00, run_after=2026-04-09 00:00:00+00:00
[2026-04-08T13:22:49.830+0000] {processor.py:183} INFO - Processing /opt/airflow/dags/pipeline.py took 4.899 seconds
[2026-04-08T13:23:20.600+0000] {processor.py:161} INFO - Started process (PID=190) to work on /opt/airflow/dags/pipeline.py
[2026-04-08T13:23:20.603+0000] {processor.py:830} INFO - Processing file /opt/airflow/dags/pipeline.py for tasks to queue
[2026-04-08T13:23:20.608+0000] {logging_mixin.py:188} INFO - [2026-04-08T13:23:20.607+0000] {dagbag.py:545} INFO - Filling up the DagBag from /opt/airflow/dags/pipeline.py
[2026-04-08T13:23:24.364+0000] {processor.py:840} INFO - DAG(s) 'pipeline' retrieved from /opt/airflow/dags/pipeline.py
[2026-04-08T13:23:24.499+0000] {logging_mixin.py:188} INFO - [2026-04-08T13:23:24.498+0000] {dag.py:3089} INFO - Sync 1 DAGs
[2026-04-08T13:23:24.566+0000] {logging_mixin.py:188} INFO - [2026-04-08T13:23:24.566+0000] {dag.py:3947} INFO - Setting next_dagrun for pipeline to 2026-04-08 00:00:00+00:00, run_after=2026-04-09 00:00:00+00:00
[2026-04-08T13:23:24.638+0000] {processor.py:183} INFO - Processing /opt/airflow/dags/pipeline.py took 4.050 seconds
[2026-04-08T13:23:54.981+0000] {processor.py:161} INFO - Started process (PID=201) to work on /opt/airflow/dags/pipeline.py
[2026-04-08T13:23:54.987+0000] {processor.py:830} INFO - Processing file /opt/airflow/dags/pipeline.py for tasks to queue
[2026-04-08T13:23:54.992+0000] {logging_mixin.py:188} INFO - [2026-04-08T13:23:54.991+0000] {dagbag.py:545} INFO - Filling up the DagBag from /opt/airflow/dags/pipeline.py
[2026-04-08T13:23:57.697+0000] {processor.py:840} INFO - DAG(s) 'pipeline' retrieved from /opt/airflow/dags/pipeline.py
[2026-04-08T13:23:57.878+0000] {logging_mixin.py:188} INFO - [2026-04-08T13:23:57.878+0000] {dag.py:3089} INFO - Sync 1 DAGs
[2026-04-08T13:23:58.036+0000] {logging_mixin.py:188} INFO - [2026-04-08T13:23:58.036+0000] {dag.py:3947} INFO - Setting next_dagrun for pipeline to 2026-04-08 00:00:00+00:00, run_after=2026-04-09 00:00:00+00:00
[2026-04-08T13:23:58.126+0000] {processor.py:183} INFO - Processing /opt/airflow/dags/pipeline.py took 3.159 seconds
[2026-04-08T13:24:28.653+0000] {processor.py:161} INFO - Started process (PID=214) to work on /opt/airflow/dags/pipeline.py
[2026-04-08T13:24:28.656+0000] {processor.py:830} INFO - Processing file /opt/airflow/dags/pipeline.py for tasks to queue
[2026-04-08T13:24:28.660+0000] {logging_mixin.py:188} INFO - [2026-04-08T13:24:28.660+0000] {dagbag.py:545} INFO - Filling up the DagBag from /opt/airflow/dags/pipeline.py
[2026-04-08T13:24:33.179+0000] {processor.py:840} INFO - DAG(s) 'pipeline' retrieved from /opt/airflow/dags/pipeline.py
[2026-04-08T13:24:33.392+0000] {logging_mixin.py:188} INFO - [2026-04-08T13:24:33.392+0000] {dag.py:3089} INFO - Sync 1 DAGs
[2026-04-08T13:24:33.718+0000] {logging_mixin.py:188} INFO - [2026-04-08T13:24:33.716+0000] {dag.py:3947} INFO - Setting next_dagrun for pipeline to 2026-04-08 00:00:00+00:00, run_after=2026-04-09 00:00:00+00:00
[2026-04-08T13:24:33.957+0000] {processor.py:183} INFO - Processing /opt/airflow/dags/pipeline.py took 5.316 seconds
[2026-04-08T13:25:04.646+0000] {processor.py:161} INFO - Started process (PID=225) to work on /opt/airflow/dags/pipeline.py
[2026-04-08T13:25:04.649+0000] {processor.py:830} INFO - Processing file /opt/airflow/dags/pipeline.py for tasks to queue
[2026-04-08T13:25:04.654+0000] {logging_mixin.py:188} INFO - [2026-04-08T13:25:04.653+0000] {dagbag.py:545} INFO - Filling up the DagBag from /opt/airflow/dags/pipeline.py
[2026-04-08T13:25:06.420+0000] {processor.py:840} INFO - DAG(s) 'pipeline' retrieved from /opt/airflow/dags/pipeline.py
[2026-04-08T13:25:06.529+0000] {logging_mixin.py:188} INFO - [2026-04-08T13:25:06.529+0000] {dag.py:3089} INFO - Sync 1 DAGs
[2026-04-08T13:25:06.581+0000] {logging_mixin.py:188} INFO - [2026-04-08T13:25:06.580+0000] {dag.py:3947} INFO - Setting next_dagrun for pipeline to 2026-04-08 00:00:00+00:00, run_after=2026-04-09 00:00:00+00:00
[2026-04-08T13:25:06.640+0000] {processor.py:183} INFO - Processing /opt/airflow/dags/pipeline.py took 2.010 seconds
[2026-04-08T13:25:37.347+0000] {processor.py:161} INFO - Started process (PID=236) to work on /opt/airflow/dags/pipeline.py
[2026-04-08T13:25:37.349+0000] {processor.py:830} INFO - Processing file /opt/airflow/dags/pipeline.py for tasks to queue
[2026-04-08T13:25:37.352+0000] {logging_mixin.py:188} INFO - [2026-04-08T13:25:37.352+0000] {dagbag.py:545} INFO - Filling up the DagBag from /opt/airflow/dags/pipeline.py
[2026-04-08T13:25:38.728+0000] {processor.py:840} INFO - DAG(s) 'pipeline' retrieved from /opt/airflow/dags/pipeline.py
[2026-04-08T13:25:38.885+0000] {logging_mixin.py:188} INFO - [2026-04-08T13:25:38.885+0000] {dag.py:3089} INFO - Sync 1 DAGs
[2026-04-08T13:25:38.926+0000] {logging_mixin.py:188} INFO - [2026-04-08T13:25:38.926+0000] {dag.py:3947} INFO - Setting next_dagrun for pipeline to 2026-04-08 00:00:00+00:00, run_after=2026-04-09 00:00:00+00:00
[2026-04-08T13:25:38.974+0000] {processor.py:183} INFO - Processing /opt/airflow/dags/pipeline.py took 1.638 seconds
[2026-04-08T13:26:09.749+0000] {processor.py:161} INFO - Started process (PID=247) to work on /opt/airflow/dags/pipeline.py
[2026-04-08T13:26:09.751+0000] {processor.py:830} INFO - Processing file /opt/airflow/dags/pipeline.py for tasks to queue
[2026-04-08T13:26:09.754+0000] {logging_mixin.py:188} INFO - [2026-04-08T13:26:09.754+0000] {dagbag.py:545} INFO - Filling up the DagBag from /opt/airflow/dags/pipeline.py
[2026-04-08T13:26:11.144+0000] {processor.py:840} INFO - DAG(s) 'pipeline' retrieved from /opt/airflow/dags/pipeline.py
[2026-04-08T13:26:11.245+0000] {logging_mixin.py:188} INFO - [2026-04-08T13:26:11.244+0000] {dag.py:3089} INFO - Sync 1 DAGs
[2026-04-08T13:26:11.280+0000] {logging_mixin.py:188} INFO - [2026-04-08T13:26:11.280+0000] {dag.py:3947} INFO - Setting next_dagrun for pipeline to 2026-04-08 00:00:00+00:00, run_after=2026-04-09 00:00:00+00:00
[2026-04-08T13:26:11.327+0000] {processor.py:183} INFO - Processing /opt/airflow/dags/pipeline.py took 1.603 seconds
[2026-04-08T13:26:41.493+0000] {processor.py:161} INFO - Started process (PID=258) to work on /opt/airflow/dags/pipeline.py
[2026-04-08T13:26:41.496+0000] {processor.py:830} INFO - Processing file /opt/airflow/dags/pipeline.py for tasks to queue
[2026-04-08T13:26:41.499+0000] {logging_mixin.py:188} INFO - [2026-04-08T13:26:41.499+0000] {dagbag.py:545} INFO - Filling up the DagBag from /opt/airflow/dags/pipeline.py
[2026-04-08T13:26:42.931+0000] {processor.py:840} INFO - DAG(s) 'pipeline' retrieved from /opt/airflow/dags/pipeline.py
[2026-04-08T13:26:43.046+0000] {logging_mixin.py:188} INFO - [2026-04-08T13:26:43.045+0000] {dag.py:3089} INFO - Sync 1 DAGs
[2026-04-08T13:26:43.127+0000] {logging_mixin.py:188} INFO - [2026-04-08T13:26:43.126+0000] {dag.py:3947} INFO - Setting next_dagrun for pipeline to 2026-04-08 00:00:00+00:00, run_after=2026-04-09 00:00:00+00:00
[2026-04-08T13:26:43.207+0000] {processor.py:183} INFO - Processing /opt/airflow/dags/pipeline.py took 1.729 seconds
[2026-04-08T13:27:13.841+0000] {processor.py:161} INFO - Started process (PID=269) to work on /opt/airflow/dags/pipeline.py
[2026-04-08T13:27:13.843+0000] {processor.py:830} INFO - Processing file /opt/airflow/dags/pipeline.py for tasks to queue
[2026-04-08T13:27:13.847+0000] {logging_mixin.py:188} INFO - [2026-04-08T13:27:13.846+0000] {dagbag.py:545} INFO - Filling up the DagBag from /opt/airflow/dags/pipeline.py
[2026-04-08T13:27:15.310+0000] {processor.py:840} INFO - DAG(s) 'pipeline' retrieved from /opt/airflow/dags/pipeline.py
[2026-04-08T13:27:15.394+0000] {logging_mixin.py:188} INFO - [2026-04-08T13:27:15.394+0000] {dag.py:3089} INFO - Sync 1 DAGs
[2026-04-08T13:27:15.485+0000] {logging_mixin.py:188} INFO - [2026-04-08T13:27:15.485+0000] {dag.py:3947} INFO - Setting next_dagrun for pipeline to 2026-04-08 00:00:00+00:00, run_after=2026-04-09 00:00:00+00:00
[2026-04-08T13:27:15.551+0000] {processor.py:183} INFO - Processing /opt/airflow/dags/pipeline.py took 1.727 seconds
[2026-04-08T13:27:45.971+0000] {processor.py:161} INFO - Started process (PID=280) to work on /opt/airflow/dags/pipeline.py
[2026-04-08T13:27:45.973+0000] {processor.py:830} INFO - Processing file /opt/airflow/dags/pipeline.py for tasks to queue
[2026-04-08T13:27:45.978+0000] {logging_mixin.py:188} INFO - [2026-04-08T13:27:45.978+0000] {dagbag.py:545} INFO - Filling up the DagBag from /opt/airflow/dags/pipeline.py
[2026-04-08T13:27:47.413+0000] {processor.py:840} INFO - DAG(s) 'pipeline' retrieved from /opt/airflow/dags/pipeline.py
[2026-04-08T13:27:47.561+0000] {logging_mixin.py:188} INFO - [2026-04-08T13:27:47.560+0000] {dag.py:3089} INFO - Sync 1 DAGs
[2026-04-08T13:27:47.617+0000] {logging_mixin.py:188} INFO - [2026-04-08T13:27:47.617+0000] {dag.py:3947} INFO - Setting next_dagrun for pipeline to 2026-04-08 00:00:00+00:00, run_after=2026-04-09 00:00:00+00:00
[2026-04-08T13:27:47.668+0000] {processor.py:183} INFO - Processing /opt/airflow/dags/pipeline.py took 1.711 seconds
[2026-04-08T13:28:17.894+0000] {processor.py:161} INFO - Started process (PID=291) to work on /opt/airflow/dags/pipeline.py
[2026-04-08T13:28:17.899+0000] {processor.py:830} INFO - Processing file /opt/airflow/dags/pipeline.py for tasks to queue
[2026-04-08T13:28:17.912+0000] {logging_mixin.py:188} INFO - [2026-04-08T13:28:17.910+0000] {dagbag.py:545} INFO - Filling up the DagBag from /opt/airflow/dags/pipeline.py
[2026-04-08T13:28:19.072+0000] {processor.py:840} INFO - DAG(s) 'pipeline' retrieved from /opt/airflow/dags/pipeline.py
[2026-04-08T13:28:19.160+0000] {logging_mixin.py:188} INFO - [2026-04-08T13:28:19.159+0000] {dag.py:3089} INFO - Sync 1 DAGs
[2026-04-08T13:28:19.203+0000] {logging_mixin.py:188} INFO - [2026-04-08T13:28:19.203+0000] {dag.py:3947} INFO - Setting next_dagrun for pipeline to 2026-04-08 00:00:00+00:00, run_after=2026-04-09 00:00:00+00:00
[2026-04-08T13:28:19.247+0000] {processor.py:183} INFO - Processing /opt/airflow/dags/pipeline.py took 1.393 seconds
[2026-04-08T13:28:49.519+0000] {processor.py:161} INFO - Started process (PID=302) to work on /opt/airflow/dags/pipeline.py
[2026-04-08T13:28:49.523+0000] {processor.py:830} INFO - Processing file /opt/airflow/dags/pipeline.py for tasks to queue
[2026-04-08T13:28:49.533+0000] {logging_mixin.py:188} INFO - [2026-04-08T13:28:49.531+0000] {dagbag.py:545} INFO - Filling up the DagBag from /opt/airflow/dags/pipeline.py
[2026-04-08T13:28:51.164+0000] {processor.py:840} INFO - DAG(s) 'pipeline' retrieved from /opt/airflow/dags/pipeline.py
[2026-04-08T13:28:51.294+0000] {logging_mixin.py:188} INFO - [2026-04-08T13:28:51.294+0000] {dag.py:3089} INFO - Sync 1 DAGs
[2026-04-08T13:28:51.344+0000] {logging_mixin.py:188} INFO - [2026-04-08T13:28:51.343+0000] {dag.py:3947} INFO - Setting next_dagrun for pipeline to 2026-04-08 00:00:00+00:00, run_after=2026-04-09 00:00:00+00:00
[2026-04-08T13:28:51.404+0000] {processor.py:183} INFO - Processing /opt/airflow/dags/pipeline.py took 1.915 seconds
[2026-04-08T13:29:21.652+0000] {processor.py:161} INFO - Started process (PID=313) to work on /opt/airflow/dags/pipeline.py
[2026-04-08T13:29:21.658+0000] {processor.py:830} INFO - Processing file /opt/airflow/dags/pipeline.py for tasks to queue
[2026-04-08T13:29:21.668+0000] {logging_mixin.py:188} INFO - [2026-04-08T13:29:21.667+0000] {dagbag.py:545} INFO - Filling up the DagBag from /opt/airflow/dags/pipeline.py
[2026-04-08T13:29:23.231+0000] {processor.py:840} INFO - DAG(s) 'pipeline' retrieved from /opt/airflow/dags/pipeline.py
[2026-04-08T13:29:23.305+0000] {logging_mixin.py:188} INFO - [2026-04-08T13:29:23.305+0000] {dag.py:3089} INFO - Sync 1 DAGs
[2026-04-08T13:29:23.340+0000] {logging_mixin.py:188} INFO - [2026-04-08T13:29:23.339+0000] {dag.py:3947} INFO - Setting next_dagrun for pipeline to 2026-04-08 00:00:00+00:00, run_after=2026-04-09 00:00:00+00:00
[2026-04-08T13:29:23.385+0000] {processor.py:183} INFO - Processing /opt/airflow/dags/pipeline.py took 1.762 seconds
[2026-04-08T13:29:53.529+0000] {processor.py:161} INFO - Started process (PID=329) to work on /opt/airflow/dags/pipeline.py
[2026-04-08T13:29:53.531+0000] {processor.py:830} INFO - Processing file /opt/airflow/dags/pipeline.py for tasks to queue
[2026-04-08T13:29:53.535+0000] {logging_mixin.py:188} INFO - [2026-04-08T13:29:53.534+0000] {dagbag.py:545} INFO - Filling up the DagBag from /opt/airflow/dags/pipeline.py
[2026-04-08T13:29:54.994+0000] {processor.py:840} INFO - DAG(s) 'pipeline' retrieved from /opt/airflow/dags/pipeline.py
[2026-04-08T13:29:55.233+0000] {logging_mixin.py:188} INFO - [2026-04-08T13:29:55.233+0000] {dag.py:3089} INFO - Sync 1 DAGs
[2026-04-08T13:29:55.279+0000] {logging_mixin.py:188} INFO - [2026-04-08T13:29:55.279+0000] {dag.py:3947} INFO - Setting next_dagrun for pipeline to 2026-04-08 00:00:00+00:00, run_after=2026-04-09 00:00:00+00:00
[2026-04-08T13:29:55.334+0000] {processor.py:183} INFO - Processing /opt/airflow/dags/pipeline.py took 1.818 seconds
[2026-04-08T13:30:26.154+0000] {processor.py:161} INFO - Started process (PID=340) to work on /opt/airflow/dags/pipeline.py
[2026-04-08T13:30:26.158+0000] {processor.py:830} INFO - Processing file /opt/airflow/dags/pipeline.py for tasks to queue
[2026-04-08T13:30:26.168+0000] {logging_mixin.py:188} INFO - [2026-04-08T13:30:26.167+0000] {dagbag.py:545} INFO - Filling up the DagBag from /opt/airflow/dags/pipeline.py
[2026-04-08T13:30:27.540+0000] {processor.py:840} INFO - DAG(s) 'pipeline' retrieved from /opt/airflow/dags/pipeline.py
[2026-04-08T13:30:27.645+0000] {logging_mixin.py:188} INFO - [2026-04-08T13:30:27.644+0000] {dag.py:3089} INFO - Sync 1 DAGs
[2026-04-08T13:30:27.705+0000] {logging_mixin.py:188} INFO - [2026-04-08T13:30:27.704+0000] {dag.py:3947} INFO - Setting next_dagrun for pipeline to 2026-04-08 00:00:00+00:00, run_after=2026-04-09 00:00:00+00:00
[2026-04-08T13:30:27.768+0000] {processor.py:183} INFO - Processing /opt/airflow/dags/pipeline.py took 1.645 seconds
[2026-04-08T13:30:58.205+0000] {processor.py:161} INFO - Started process (PID=351) to work on /opt/airflow/dags/pipeline.py
[2026-04-08T13:30:58.206+0000] {processor.py:830} INFO - Processing file /opt/airflow/dags/pipeline.py for tasks to queue
[2026-04-08T13:30:58.210+0000] {logging_mixin.py:188} INFO - [2026-04-08T13:30:58.209+0000] {dagbag.py:545} INFO - Filling up the DagBag from /opt/airflow/dags/pipeline.py
[2026-04-08T13:30:59.903+0000] {processor.py:840} INFO - DAG(s) 'pipeline' retrieved from /opt/airflow/dags/pipeline.py
[2026-04-08T13:30:59.998+0000] {logging_mixin.py:188} INFO - [2026-04-08T13:30:59.998+0000] {dag.py:3089} INFO - Sync 1 DAGs
[2026-04-08T13:31:00.048+0000] {logging_mixin.py:188} INFO - [2026-04-08T13:31:00.048+0000] {dag.py:3947} INFO - Setting next_dagrun for pipeline to 2026-04-08 00:00:00+00:00, run_after=2026-04-09 00:00:00+00:00
[2026-04-08T13:31:00.108+0000] {processor.py:183} INFO - Processing /opt/airflow/dags/pipeline.py took 1.912 seconds
[2026-04-08T13:31:31.003+0000] {processor.py:161} INFO - Started process (PID=362) to work on /opt/airflow/dags/pipeline.py
[2026-04-08T13:31:31.005+0000] {processor.py:830} INFO - Processing file /opt/airflow/dags/pipeline.py for tasks to queue
[2026-04-08T13:31:31.009+0000] {logging_mixin.py:188} INFO - [2026-04-08T13:31:31.009+0000] {dagbag.py:545} INFO - Filling up the DagBag from /opt/airflow/dags/pipeline.py
[2026-04-08T13:31:32.246+0000] {processor.py:840} INFO - DAG(s) 'pipeline' retrieved from /opt/airflow/dags/pipeline.py
[2026-04-08T13:31:32.458+0000] {logging_mixin.py:188} INFO - [2026-04-08T13:31:32.457+0000] {dag.py:3089} INFO - Sync 1 DAGs
[2026-04-08T13:31:32.532+0000] {logging_mixin.py:188} INFO - [2026-04-08T13:31:32.531+0000] {dag.py:3947} INFO - Setting next_dagrun for pipeline to 2026-04-08 00:00:00+00:00, run_after=2026-04-09 00:00:00+00:00
[2026-04-08T13:31:32.626+0000] {processor.py:183} INFO - Processing /opt/airflow/dags/pipeline.py took 1.636 seconds
[2026-04-08T13:35:20.282+0000] {processor.py:161} INFO - Started process (PID=167) to work on /opt/airflow/dags/pipeline.py
[2026-04-08T13:35:20.299+0000] {processor.py:830} INFO - Processing file /opt/airflow/dags/pipeline.py for tasks to queue
[2026-04-08T13:35:20.339+0000] {logging_mixin.py:188} INFO - [2026-04-08T13:35:20.336+0000] {dagbag.py:545} INFO - Filling up the DagBag from /opt/airflow/dags/pipeline.py
[2026-04-08T13:35:25.776+0000] {processor.py:840} INFO - DAG(s) 'pipeline' retrieved from /opt/airflow/dags/pipeline.py
[2026-04-08T13:35:25.946+0000] {logging_mixin.py:188} INFO - [2026-04-08T13:35:25.945+0000] {dag.py:3089} INFO - Sync 1 DAGs
[2026-04-08T13:35:26.004+0000] {logging_mixin.py:188} INFO - [2026-04-08T13:35:26.004+0000] {dag.py:3947} INFO - Setting next_dagrun for pipeline to 2026-04-08 00:00:00+00:00, run_after=2026-04-09 00:00:00+00:00
[2026-04-08T13:35:26.084+0000] {processor.py:183} INFO - Processing /opt/airflow/dags/pipeline.py took 5.891 seconds
[2026-04-08T13:35:56.194+0000] {processor.py:161} INFO - Started process (PID=180) to work on /opt/airflow/dags/pipeline.py
[2026-04-08T13:35:56.197+0000] {processor.py:830} INFO - Processing file /opt/airflow/dags/pipeline.py for tasks to queue
[2026-04-08T13:35:56.202+0000] {logging_mixin.py:188} INFO - [2026-04-08T13:35:56.201+0000] {dagbag.py:545} INFO - Filling up the DagBag from /opt/airflow/dags/pipeline.py
[2026-04-08T13:35:59.201+0000] {processor.py:840} INFO - DAG(s) 'pipeline' retrieved from /opt/airflow/dags/pipeline.py
[2026-04-08T13:35:59.556+0000] {logging_mixin.py:188} INFO - [2026-04-08T13:35:59.555+0000] {dag.py:3089} INFO - Sync 1 DAGs
[2026-04-08T13:35:59.614+0000] {logging_mixin.py:188} INFO - [2026-04-08T13:35:59.614+0000] {dag.py:3947} INFO - Setting next_dagrun for pipeline to 2026-04-08 00:00:00+00:00, run_after=2026-04-09 00:00:00+00:00
[2026-04-08T13:35:59.693+0000] {processor.py:183} INFO - Processing /opt/airflow/dags/pipeline.py took 3.510 seconds
[2026-04-08T13:36:30.247+0000] {processor.py:161} INFO - Started process (PID=191) to work on /opt/airflow/dags/pipeline.py
[2026-04-08T13:36:30.252+0000] {processor.py:830} INFO - Processing file /opt/airflow/dags/pipeline.py for tasks to queue
[2026-04-08T13:36:30.257+0000] {logging_mixin.py:188} INFO - [2026-04-08T13:36:30.256+0000] {dagbag.py:545} INFO - Filling up the DagBag from /opt/airflow/dags/pipeline.py
[2026-04-08T13:36:33.807+0000] {processor.py:840} INFO - DAG(s) 'pipeline' retrieved from /opt/airflow/dags/pipeline.py
[2026-04-08T13:36:33.920+0000] {logging_mixin.py:188} INFO - [2026-04-08T13:36:33.920+0000] {dag.py:3089} INFO - Sync 1 DAGs
[2026-04-08T13:36:33.987+0000] {logging_mixin.py:188} INFO - [2026-04-08T13:36:33.987+0000] {dag.py:3947} INFO - Setting next_dagrun for pipeline to 2026-04-08 00:00:00+00:00, run_after=2026-04-09 00:00:00+00:00
[2026-04-08T13:36:34.058+0000] {processor.py:183} INFO - Processing /opt/airflow/dags/pipeline.py took 3.834 seconds
[2026-04-08T13:37:04.700+0000] {processor.py:161} INFO - Started process (PID=202) to work on /opt/airflow/dags/pipeline.py
[2026-04-08T13:37:04.702+0000] {processor.py:830} INFO - Processing file /opt/airflow/dags/pipeline.py for tasks to queue
[2026-04-08T13:37:04.704+0000] {logging_mixin.py:188} INFO - [2026-04-08T13:37:04.704+0000] {dagbag.py:545} INFO - Filling up the DagBag from /opt/airflow/dags/pipeline.py
[2026-04-08T13:37:06.233+0000] {processor.py:840} INFO - DAG(s) 'pipeline' retrieved from /opt/airflow/dags/pipeline.py
[2026-04-08T13:37:06.363+0000] {logging_mixin.py:188} INFO - [2026-04-08T13:37:06.362+0000] {dag.py:3089} INFO - Sync 1 DAGs
[2026-04-08T13:37:06.452+0000] {logging_mixin.py:188} INFO - [2026-04-08T13:37:06.452+0000] {dag.py:3947} INFO - Setting next_dagrun for pipeline to 2026-04-08 00:00:00+00:00, run_after=2026-04-09 00:00:00+00:00
[2026-04-08T13:37:06.529+0000] {processor.py:183} INFO - Processing /opt/airflow/dags/pipeline.py took 1.838 seconds
[2026-04-08T13:37:37.144+0000] {processor.py:161} INFO - Started process (PID=213) to work on /opt/airflow/dags/pipeline.py
[2026-04-08T13:37:37.146+0000] {processor.py:830} INFO - Processing file /opt/airflow/dags/pipeline.py for tasks to queue
[2026-04-08T13:37:37.151+0000] {logging_mixin.py:188} INFO - [2026-04-08T13:37:37.151+0000] {dagbag.py:545} INFO - Filling up the DagBag from /opt/airflow/dags/pipeline.py
[2026-04-08T13:37:38.679+0000] {processor.py:840} INFO - DAG(s) 'pipeline' retrieved from /opt/airflow/dags/pipeline.py
[2026-04-08T13:37:38.833+0000] {logging_mixin.py:188} INFO - [2026-04-08T13:37:38.832+0000] {dag.py:3089} INFO - Sync 1 DAGs
[2026-04-08T13:37:38.904+0000] {logging_mixin.py:188} INFO - [2026-04-08T13:37:38.903+0000] {dag.py:3947} INFO - Setting next_dagrun for pipeline to 2026-04-08 00:00:00+00:00, run_after=2026-04-09 00:00:00+00:00
[2026-04-08T13:37:38.972+0000] {processor.py:183} INFO - Processing /opt/airflow/dags/pipeline.py took 1.839 seconds
[2026-04-08T13:38:09.611+0000] {processor.py:161} INFO - Started process (PID=224) to work on /opt/airflow/dags/pipeline.py
[2026-04-08T13:38:09.617+0000] {processor.py:830} INFO - Processing file /opt/airflow/dags/pipeline.py for tasks to queue
[2026-04-08T13:38:09.627+0000] {logging_mixin.py:188} INFO - [2026-04-08T13:38:09.625+0000] {dagbag.py:545} INFO - Filling up the DagBag from /opt/airflow/dags/pipeline.py
[2026-04-08T13:38:19.036+0000] {processor.py:840} INFO - DAG(s) 'pipeline' retrieved from /opt/airflow/dags/pipeline.py
[2026-04-08T13:38:19.191+0000] {logging_mixin.py:188} INFO - [2026-04-08T13:38:19.191+0000] {dag.py:3089} INFO - Sync 1 DAGs
[2026-04-08T13:38:19.265+0000] {logging_mixin.py:188} INFO - [2026-04-08T13:38:19.264+0000] {dag.py:3947} INFO - Setting next_dagrun for pipeline to 2026-04-08 00:00:00+00:00, run_after=2026-04-09 00:00:00+00:00
[2026-04-08T13:38:19.330+0000] {processor.py:183} INFO - Processing /opt/airflow/dags/pipeline.py took 9.829 seconds
[2026-04-08T13:38:50.033+0000] {processor.py:161} INFO - Started process (PID=239) to work on /opt/airflow/dags/pipeline.py
[2026-04-08T13:38:50.036+0000] {processor.py:830} INFO - Processing file /opt/airflow/dags/pipeline.py for tasks to queue
[2026-04-08T13:38:50.041+0000] {logging_mixin.py:188} INFO - [2026-04-08T13:38:50.040+0000] {dagbag.py:545} INFO - Filling up the DagBag from /opt/airflow/dags/pipeline.py
[2026-04-08T13:38:54.356+0000] {processor.py:840} INFO - DAG(s) 'pipeline' retrieved from /opt/airflow/dags/pipeline.py
[2026-04-08T13:38:54.596+0000] {logging_mixin.py:188} INFO - [2026-04-08T13:38:54.596+0000] {dag.py:3089} INFO - Sync 1 DAGs
[2026-04-08T13:38:54.909+0000] {logging_mixin.py:188} INFO - [2026-04-08T13:38:54.909+0000] {dag.py:3947} INFO - Setting next_dagrun for pipeline to 2026-04-08 00:00:00+00:00, run_after=2026-04-09 00:00:00+00:00
[2026-04-08T13:38:55.264+0000] {processor.py:183} INFO - Processing /opt/airflow/dags/pipeline.py took 5.249 seconds
[2026-04-08T14:37:09.477+0000] {processor.py:161} INFO - Started process (PID=183) to work on /opt/airflow/dags/pipeline.py
[2026-04-08T14:37:09.491+0000] {processor.py:830} INFO - Processing file /opt/airflow/dags/pipeline.py for tasks to queue
[2026-04-08T14:37:09.512+0000] {logging_mixin.py:188} INFO - [2026-04-08T14:37:09.511+0000] {dagbag.py:545} INFO - Filling up the DagBag from /opt/airflow/dags/pipeline.py
[2026-04-08T14:37:12.579+0000] {processor.py:840} INFO - DAG(s) 'pipeline' retrieved from /opt/airflow/dags/pipeline.py
[2026-04-08T14:37:12.698+0000] {logging_mixin.py:188} INFO - [2026-04-08T14:37:12.698+0000] {dag.py:3089} INFO - Sync 1 DAGs
[2026-04-08T14:37:12.751+0000] {logging_mixin.py:188} INFO - [2026-04-08T14:37:12.751+0000] {dag.py:3947} INFO - Setting next_dagrun for pipeline to 2026-04-08 00:00:00+00:00, run_after=2026-04-09 00:00:00+00:00
[2026-04-08T14:37:12.809+0000] {processor.py:183} INFO - Processing /opt/airflow/dags/pipeline.py took 3.385 seconds
[2026-04-08T14:37:43.426+0000] {processor.py:161} INFO - Started process (PID=195) to work on /opt/airflow/dags/pipeline.py
[2026-04-08T14:37:43.428+0000] {processor.py:830} INFO - Processing file /opt/airflow/dags/pipeline.py for tasks to queue
[2026-04-08T14:37:43.433+0000] {logging_mixin.py:188} INFO - [2026-04-08T14:37:43.432+0000] {dagbag.py:545} INFO - Filling up the DagBag from /opt/airflow/dags/pipeline.py
[2026-04-08T14:37:44.645+0000] {processor.py:840} INFO - DAG(s) 'pipeline' retrieved from /opt/airflow/dags/pipeline.py
[2026-04-08T14:37:44.902+0000] {logging_mixin.py:188} INFO - [2026-04-08T14:37:44.902+0000] {dag.py:3089} INFO - Sync 1 DAGs
[2026-04-08T14:37:44.958+0000] {logging_mixin.py:188} INFO - [2026-04-08T14:37:44.958+0000] {dag.py:3947} INFO - Setting next_dagrun for pipeline to 2026-04-08 00:00:00+00:00, run_after=2026-04-09 00:00:00+00:00
[2026-04-08T14:37:45.011+0000] {processor.py:183} INFO - Processing /opt/airflow/dags/pipeline.py took 1.597 seconds
[2026-04-08T14:38:15.305+0000] {processor.py:161} INFO - Started process (PID=203) to work on /opt/airflow/dags/pipeline.py
[2026-04-08T14:38:15.312+0000] {processor.py:830} INFO - Processing file /opt/airflow/dags/pipeline.py for tasks to queue
[2026-04-08T14:38:15.322+0000] {logging_mixin.py:188} INFO - [2026-04-08T14:38:15.321+0000] {dagbag.py:545} INFO - Filling up the DagBag from /opt/airflow/dags/pipeline.py
[2026-04-08T14:38:16.733+0000] {processor.py:840} INFO - DAG(s) 'pipeline' retrieved from /opt/airflow/dags/pipeline.py
[2026-04-08T14:38:16.868+0000] {logging_mixin.py:188} INFO - [2026-04-08T14:38:16.867+0000] {dag.py:3089} INFO - Sync 1 DAGs
[2026-04-08T14:38:16.928+0000] {logging_mixin.py:188} INFO - [2026-04-08T14:38:16.928+0000] {dag.py:3947} INFO - Setting next_dagrun for pipeline to 2026-04-08 00:00:00+00:00, run_after=2026-04-09 00:00:00+00:00
[2026-04-08T14:38:16.989+0000] {processor.py:183} INFO - Processing /opt/airflow/dags/pipeline.py took 1.712 seconds
[2026-04-08T14:38:47.257+0000] {processor.py:161} INFO - Started process (PID=215) to work on /opt/airflow/dags/pipeline.py
[2026-04-08T14:38:47.259+0000] {processor.py:830} INFO - Processing file /opt/airflow/dags/pipeline.py for tasks to queue
[2026-04-08T14:38:47.264+0000] {logging_mixin.py:188} INFO - [2026-04-08T14:38:47.263+0000] {dagbag.py:545} INFO - Filling up the DagBag from /opt/airflow/dags/pipeline.py
[2026-04-08T14:38:48.144+0000] {processor.py:840} INFO - DAG(s) 'pipeline' retrieved from /opt/airflow/dags/pipeline.py
[2026-04-08T14:38:48.260+0000] {logging_mixin.py:188} INFO - [2026-04-08T14:38:48.260+0000] {dag.py:3089} INFO - Sync 1 DAGs
[2026-04-08T14:38:48.306+0000] {logging_mixin.py:188} INFO - [2026-04-08T14:38:48.306+0000] {dag.py:3947} INFO - Setting next_dagrun for pipeline to 2026-04-08 00:00:00+00:00, run_after=2026-04-09 00:00:00+00:00
[2026-04-08T14:38:48.368+0000] {processor.py:183} INFO - Processing /opt/airflow/dags/pipeline.py took 1.125 seconds
[2026-04-08T14:39:18.887+0000] {processor.py:161} INFO - Started process (PID=223) to work on /opt/airflow/dags/pipeline.py
[2026-04-08T14:39:18.893+0000] {processor.py:830} INFO - Processing file /opt/airflow/dags/pipeline.py for tasks to queue
[2026-04-08T14:39:18.899+0000] {logging_mixin.py:188} INFO - [2026-04-08T14:39:18.898+0000] {dagbag.py:545} INFO - Filling up the DagBag from /opt/airflow/dags/pipeline.py
[2026-04-08T14:39:20.032+0000] {processor.py:840} INFO - DAG(s) 'pipeline' retrieved from /opt/airflow/dags/pipeline.py
[2026-04-08T14:39:20.123+0000] {logging_mixin.py:188} INFO - [2026-04-08T14:39:20.123+0000] {dag.py:3089} INFO - Sync 1 DAGs
[2026-04-08T14:39:20.172+0000] {logging_mixin.py:188} INFO - [2026-04-08T14:39:20.172+0000] {dag.py:3947} INFO - Setting next_dagrun for pipeline to 2026-04-08 00:00:00+00:00, run_after=2026-04-09 00:00:00+00:00
[2026-04-08T14:39:20.214+0000] {processor.py:183} INFO - Processing /opt/airflow/dags/pipeline.py took 1.363 seconds
[2026-04-08T14:39:50.659+0000] {processor.py:161} INFO - Started process (PID=235) to work on /opt/airflow/dags/pipeline.py
[2026-04-08T14:39:50.661+0000] {processor.py:830} INFO - Processing file /opt/airflow/dags/pipeline.py for tasks to queue
[2026-04-08T14:39:50.665+0000] {logging_mixin.py:188} INFO - [2026-04-08T14:39:50.665+0000] {dagbag.py:545} INFO - Filling up the DagBag from /opt/airflow/dags/pipeline.py
[2026-04-08T14:39:51.514+0000] {processor.py:840} INFO - DAG(s) 'pipeline' retrieved from /opt/airflow/dags/pipeline.py
[2026-04-08T14:39:51.625+0000] {logging_mixin.py:188} INFO - [2026-04-08T14:39:51.625+0000] {dag.py:3089} INFO - Sync 1 DAGs
[2026-04-08T14:39:51.704+0000] {logging_mixin.py:188} INFO - [2026-04-08T14:39:51.703+0000] {dag.py:3947} INFO - Setting next_dagrun for pipeline to 2026-04-08 00:00:00+00:00, run_after=2026-04-09 00:00:00+00:00
[2026-04-08T14:39:51.771+0000] {processor.py:183} INFO - Processing /opt/airflow/dags/pipeline.py took 1.128 seconds
[2026-04-08T14:40:21.967+0000] {processor.py:161} INFO - Started process (PID=248) to work on /opt/airflow/dags/pipeline.py
[2026-04-08T14:40:21.971+0000] {processor.py:830} INFO - Processing file /opt/airflow/dags/pipeline.py for tasks to queue
[2026-04-08T14:40:21.976+0000] {logging_mixin.py:188} INFO - [2026-04-08T14:40:21.975+0000] {dagbag.py:545} INFO - Filling up the DagBag from /opt/airflow/dags/pipeline.py
[2026-04-08T14:40:23.361+0000] {processor.py:840} INFO - DAG(s) 'pipeline' retrieved from /opt/airflow/dags/pipeline.py
[2026-04-08T14:40:23.503+0000] {logging_mixin.py:188} INFO - [2026-04-08T14:40:23.503+0000] {dag.py:3089} INFO - Sync 1 DAGs
[2026-04-08T14:40:23.570+0000] {logging_mixin.py:188} INFO - [2026-04-08T14:40:23.570+0000] {dag.py:3947} INFO - Setting next_dagrun for pipeline to 2026-04-08 00:00:00+00:00, run_after=2026-04-09 00:00:00+00:00
[2026-04-08T14:40:23.644+0000] {processor.py:183} INFO - Processing /opt/airflow/dags/pipeline.py took 1.707 seconds
[2026-04-08T14:40:54.415+0000] {processor.py:161} INFO - Started process (PID=259) to work on /opt/airflow/dags/pipeline.py
[2026-04-08T14:40:54.417+0000] {processor.py:830} INFO - Processing file /opt/airflow/dags/pipeline.py for tasks to queue
[2026-04-08T14:40:54.423+0000] {logging_mixin.py:188} INFO - [2026-04-08T14:40:54.422+0000] {dagbag.py:545} INFO - Filling up the DagBag from /opt/airflow/dags/pipeline.py
[2026-04-08T14:40:55.059+0000] {processor.py:840} INFO - DAG(s) 'pipeline' retrieved from /opt/airflow/dags/pipeline.py
[2026-04-08T14:40:55.153+0000] {logging_mixin.py:188} INFO - [2026-04-08T14:40:55.153+0000] {dag.py:3089} INFO - Sync 1 DAGs
[2026-04-08T14:40:55.192+0000] {logging_mixin.py:188} INFO - [2026-04-08T14:40:55.192+0000] {dag.py:3947} INFO - Setting next_dagrun for pipeline to 2026-04-08 00:00:00+00:00, run_after=2026-04-09 00:00:00+00:00
[2026-04-08T14:40:55.258+0000] {processor.py:183} INFO - Processing /opt/airflow/dags/pipeline.py took 0.864 seconds
[2026-04-08T14:41:26.189+0000] {processor.py:161} INFO - Started process (PID=269) to work on /opt/airflow/dags/pipeline.py
[2026-04-08T14:41:26.194+0000] {processor.py:830} INFO - Processing file /opt/airflow/dags/pipeline.py for tasks to queue
[2026-04-08T14:41:26.203+0000] {logging_mixin.py:188} INFO - [2026-04-08T14:41:26.201+0000] {dagbag.py:545} INFO - Filling up the DagBag from /opt/airflow/dags/pipeline.py
[2026-04-08T14:41:26.854+0000] {processor.py:840} INFO - DAG(s) 'pipeline' retrieved from /opt/airflow/dags/pipeline.py
[2026-04-08T14:41:26.942+0000] {logging_mixin.py:188} INFO - [2026-04-08T14:41:26.942+0000] {dag.py:3089} INFO - Sync 1 DAGs
[2026-04-08T14:41:26.986+0000] {logging_mixin.py:188} INFO - [2026-04-08T14:41:26.985+0000] {dag.py:3947} INFO - Setting next_dagrun for pipeline to 2026-04-08 00:00:00+00:00, run_after=2026-04-09 00:00:00+00:00
[2026-04-08T14:41:27.059+0000] {processor.py:183} INFO - Processing /opt/airflow/dags/pipeline.py took 0.905 seconds
[2026-04-08T14:41:57.849+0000] {processor.py:161} INFO - Started process (PID=279) to work on /opt/airflow/dags/pipeline.py
[2026-04-08T14:41:57.851+0000] {processor.py:830} INFO - Processing file /opt/airflow/dags/pipeline.py for tasks to queue
[2026-04-08T14:41:57.857+0000] {logging_mixin.py:188} INFO - [2026-04-08T14:41:57.857+0000] {dagbag.py:545} INFO - Filling up the DagBag from /opt/airflow/dags/pipeline.py
[2026-04-08T14:41:58.593+0000] {processor.py:840} INFO - DAG(s) 'pipeline' retrieved from /opt/airflow/dags/pipeline.py
[2026-04-08T14:41:58.688+0000] {logging_mixin.py:188} INFO - [2026-04-08T14:41:58.688+0000] {dag.py:3089} INFO - Sync 1 DAGs
[2026-04-08T14:41:58.726+0000] {logging_mixin.py:188} INFO - [2026-04-08T14:41:58.726+0000] {dag.py:3947} INFO - Setting next_dagrun for pipeline to 2026-04-08 00:00:00+00:00, run_after=2026-04-09 00:00:00+00:00
[2026-04-08T14:41:58.773+0000] {processor.py:183} INFO - Processing /opt/airflow/dags/pipeline.py took 0.934 seconds
[2026-04-08T14:42:29.011+0000] {processor.py:161} INFO - Started process (PID=289) to work on /opt/airflow/dags/pipeline.py
[2026-04-08T14:42:29.012+0000] {processor.py:830} INFO - Processing file /opt/airflow/dags/pipeline.py for tasks to queue
[2026-04-08T14:42:29.015+0000] {logging_mixin.py:188} INFO - [2026-04-08T14:42:29.015+0000] {dagbag.py:545} INFO - Filling up the DagBag from /opt/airflow/dags/pipeline.py
[2026-04-08T14:42:29.663+0000] {processor.py:840} INFO - DAG(s) 'pipeline' retrieved from /opt/airflow/dags/pipeline.py
[2026-04-08T14:42:29.750+0000] {logging_mixin.py:188} INFO - [2026-04-08T14:42:29.750+0000] {dag.py:3089} INFO - Sync 1 DAGs
[2026-04-08T14:42:29.798+0000] {logging_mixin.py:188} INFO - [2026-04-08T14:42:29.798+0000] {dag.py:3947} INFO - Setting next_dagrun for pipeline to 2026-04-08 00:00:00+00:00, run_after=2026-04-09 00:00:00+00:00
[2026-04-08T14:42:29.854+0000] {processor.py:183} INFO - Processing /opt/airflow/dags/pipeline.py took 0.859 seconds
[2026-04-08T14:43:00.532+0000] {processor.py:161} INFO - Started process (PID=299) to work on /opt/airflow/dags/pipeline.py
[2026-04-08T14:43:00.534+0000] {processor.py:830} INFO - Processing file /opt/airflow/dags/pipeline.py for tasks to queue
[2026-04-08T14:43:00.537+0000] {logging_mixin.py:188} INFO - [2026-04-08T14:43:00.536+0000] {dagbag.py:545} INFO - Filling up the DagBag from /opt/airflow/dags/pipeline.py
[2026-04-08T14:43:01.106+0000] {processor.py:840} INFO - DAG(s) 'pipeline' retrieved from /opt/airflow/dags/pipeline.py
[2026-04-08T14:43:01.239+0000] {logging_mixin.py:188} INFO - [2026-04-08T14:43:01.239+0000] {dag.py:3089} INFO - Sync 1 DAGs
[2026-04-08T14:43:01.301+0000] {logging_mixin.py:188} INFO - [2026-04-08T14:43:01.300+0000] {dag.py:3947} INFO - Setting next_dagrun for pipeline to 2026-04-08 00:00:00+00:00, run_after=2026-04-09 00:00:00+00:00
[2026-04-08T14:43:01.374+0000] {processor.py:183} INFO - Processing /opt/airflow/dags/pipeline.py took 0.852 seconds
[2026-04-08T14:43:31.554+0000] {processor.py:161} INFO - Started process (PID=309) to work on /opt/airflow/dags/pipeline.py
[2026-04-08T14:43:31.559+0000] {processor.py:830} INFO - Processing file /opt/airflow/dags/pipeline.py for tasks to queue
[2026-04-08T14:43:31.568+0000] {logging_mixin.py:188} INFO - [2026-04-08T14:43:31.566+0000] {dagbag.py:545} INFO - Filling up the DagBag from /opt/airflow/dags/pipeline.py
[2026-04-08T14:43:32.390+0000] {processor.py:840} INFO - DAG(s) 'pipeline' retrieved from /opt/airflow/dags/pipeline.py
[2026-04-08T14:43:32.489+0000] {logging_mixin.py:188} INFO - [2026-04-08T14:43:32.489+0000] {dag.py:3089} INFO - Sync 1 DAGs
[2026-04-08T14:43:32.528+0000] {logging_mixin.py:188} INFO - [2026-04-08T14:43:32.528+0000] {dag.py:3947} INFO - Setting next_dagrun for pipeline to 2026-04-08 00:00:00+00:00, run_after=2026-04-09 00:00:00+00:00
[2026-04-08T14:43:32.568+0000] {processor.py:183} INFO - Processing /opt/airflow/dags/pipeline.py took 1.042 seconds
[2026-04-08T14:44:02.768+0000] {processor.py:161} INFO - Started process (PID=319) to work on /opt/airflow/dags/pipeline.py
[2026-04-08T14:44:02.774+0000] {processor.py:830} INFO - Processing file /opt/airflow/dags/pipeline.py for tasks to queue
[2026-04-08T14:44:02.782+0000] {logging_mixin.py:188} INFO - [2026-04-08T14:44:02.781+0000] {dagbag.py:545} INFO - Filling up the DagBag from /opt/airflow/dags/pipeline.py
[2026-04-08T14:44:03.551+0000] {processor.py:840} INFO - DAG(s) 'pipeline' retrieved from /opt/airflow/dags/pipeline.py
[2026-04-08T14:44:03.757+0000] {logging_mixin.py:188} INFO - [2026-04-08T14:44:03.757+0000] {dag.py:3089} INFO - Sync 1 DAGs
[2026-04-08T14:44:03.794+0000] {logging_mixin.py:188} INFO - [2026-04-08T14:44:03.794+0000] {dag.py:3947} INFO - Setting next_dagrun for pipeline to 2026-04-08 00:00:00+00:00, run_after=2026-04-09 00:00:00+00:00
[2026-04-08T14:44:03.838+0000] {processor.py:183} INFO - Processing /opt/airflow/dags/pipeline.py took 1.099 seconds
[2026-04-08T14:44:34.372+0000] {processor.py:161} INFO - Started process (PID=329) to work on /opt/airflow/dags/pipeline.py
[2026-04-08T14:44:34.374+0000] {processor.py:830} INFO - Processing file /opt/airflow/dags/pipeline.py for tasks to queue
[2026-04-08T14:44:34.377+0000] {logging_mixin.py:188} INFO - [2026-04-08T14:44:34.377+0000] {dagbag.py:545} INFO - Filling up the DagBag from /opt/airflow/dags/pipeline.py
[2026-04-08T14:44:34.940+0000] {processor.py:840} INFO - DAG(s) 'pipeline' retrieved from /opt/airflow/dags/pipeline.py
[2026-04-08T14:44:35.042+0000] {logging_mixin.py:188} INFO - [2026-04-08T14:44:35.041+0000] {dag.py:3089} INFO - Sync 1 DAGs
[2026-04-08T14:44:35.088+0000] {logging_mixin.py:188} INFO - [2026-04-08T14:44:35.087+0000] {dag.py:3947} INFO - Setting next_dagrun for pipeline to 2026-04-08 00:00:00+00:00, run_after=2026-04-09 00:00:00+00:00
[2026-04-08T14:44:35.151+0000] {processor.py:183} INFO - Processing /opt/airflow/dags/pipeline.py took 0.788 seconds
[2026-04-08T14:45:05.705+0000] {processor.py:161} INFO - Started process (PID=339) to work on /opt/airflow/dags/pipeline.py
[2026-04-08T14:45:05.707+0000] {processor.py:830} INFO - Processing file /opt/airflow/dags/pipeline.py for tasks to queue
[2026-04-08T14:45:05.710+0000] {logging_mixin.py:188} INFO - [2026-04-08T14:45:05.710+0000] {dagbag.py:545} INFO - Filling up the DagBag from /opt/airflow/dags/pipeline.py
[2026-04-08T14:45:06.583+0000] {processor.py:840} INFO - DAG(s) 'pipeline' retrieved from /opt/airflow/dags/pipeline.py
[2026-04-08T14:45:06.764+0000] {logging_mixin.py:188} INFO - [2026-04-08T14:45:06.764+0000] {dag.py:3089} INFO - Sync 1 DAGs
[2026-04-08T14:45:06.911+0000] {logging_mixin.py:188} INFO - [2026-04-08T14:45:06.910+0000] {dag.py:3947} INFO - Setting next_dagrun for pipeline to 2026-04-08 00:00:00+00:00, run_after=2026-04-09 00:00:00+00:00
[2026-04-08T14:45:06.986+0000] {processor.py:183} INFO - Processing /opt/airflow/dags/pipeline.py took 1.294 seconds
[2026-04-08T14:45:37.593+0000] {processor.py:161} INFO - Started process (PID=349) to work on /opt/airflow/dags/pipeline.py
[2026-04-08T14:45:37.597+0000] {processor.py:830} INFO - Processing file /opt/airflow/dags/pipeline.py for tasks to queue
[2026-04-08T14:45:37.601+0000] {logging_mixin.py:188} INFO - [2026-04-08T14:45:37.601+0000] {dagbag.py:545} INFO - Filling up the DagBag from /opt/airflow/dags/pipeline.py
[2026-04-08T14:45:38.425+0000] {processor.py:840} INFO - DAG(s) 'pipeline' retrieved from /opt/airflow/dags/pipeline.py
[2026-04-08T14:45:38.508+0000] {logging_mixin.py:188} INFO - [2026-04-08T14:45:38.508+0000] {dag.py:3089} INFO - Sync 1 DAGs
[2026-04-08T14:45:38.561+0000] {logging_mixin.py:188} INFO - [2026-04-08T14:45:38.560+0000] {dag.py:3947} INFO - Setting next_dagrun for pipeline to 2026-04-08 00:00:00+00:00, run_after=2026-04-09 00:00:00+00:00
[2026-04-08T14:45:38.618+0000] {processor.py:183} INFO - Processing /opt/airflow/dags/pipeline.py took 1.040 seconds
[2026-04-08T14:46:08.824+0000] {processor.py:161} INFO - Started process (PID=359) to work on /opt/airflow/dags/pipeline.py
[2026-04-08T14:46:08.829+0000] {processor.py:830} INFO - Processing file /opt/airflow/dags/pipeline.py for tasks to queue
[2026-04-08T14:46:08.837+0000] {logging_mixin.py:188} INFO - [2026-04-08T14:46:08.836+0000] {dagbag.py:545} INFO - Filling up the DagBag from /opt/airflow/dags/pipeline.py
[2026-04-08T14:46:09.755+0000] {processor.py:840} INFO - DAG(s) 'pipeline' retrieved from /opt/airflow/dags/pipeline.py
[2026-04-08T14:46:09.852+0000] {logging_mixin.py:188} INFO - [2026-04-08T14:46:09.852+0000] {dag.py:3089} INFO - Sync 1 DAGs
[2026-04-08T14:46:09.894+0000] {logging_mixin.py:188} INFO - [2026-04-08T14:46:09.894+0000] {dag.py:3947} INFO - Setting next_dagrun for pipeline to 2026-04-08 00:00:00+00:00, run_after=2026-04-09 00:00:00+00:00
[2026-04-08T14:46:09.936+0000] {processor.py:183} INFO - Processing /opt/airflow/dags/pipeline.py took 1.143 seconds
[2026-04-08T14:46:40.766+0000] {processor.py:161} INFO - Started process (PID=369) to work on /opt/airflow/dags/pipeline.py
[2026-04-08T14:46:40.770+0000] {processor.py:830} INFO - Processing file /opt/airflow/dags/pipeline.py for tasks to queue
[2026-04-08T14:46:40.779+0000] {logging_mixin.py:188} INFO - [2026-04-08T14:46:40.778+0000] {dagbag.py:545} INFO - Filling up the DagBag from /opt/airflow/dags/pipeline.py
[2026-04-08T14:46:41.408+0000] {processor.py:840} INFO - DAG(s) 'pipeline' retrieved from /opt/airflow/dags/pipeline.py
[2026-04-08T14:46:41.565+0000] {logging_mixin.py:188} INFO - [2026-04-08T14:46:41.564+0000] {dag.py:3089} INFO - Sync 1 DAGs
[2026-04-08T14:46:41.661+0000] {logging_mixin.py:188} INFO - [2026-04-08T14:46:41.661+0000] {dag.py:3947} INFO - Setting next_dagrun for pipeline to 2026-04-08 00:00:00+00:00, run_after=2026-04-09 00:00:00+00:00
[2026-04-08T14:46:41.740+0000] {processor.py:183} INFO - Processing /opt/airflow/dags/pipeline.py took 1.004 seconds
[2026-04-08T14:47:12.032+0000] {processor.py:161} INFO - Started process (PID=379) to work on /opt/airflow/dags/pipeline.py
[2026-04-08T14:47:12.038+0000] {processor.py:830} INFO - Processing file /opt/airflow/dags/pipeline.py for tasks to queue
[2026-04-08T14:47:12.051+0000] {logging_mixin.py:188} INFO - [2026-04-08T14:47:12.049+0000] {dagbag.py:545} INFO - Filling up the DagBag from /opt/airflow/dags/pipeline.py
[2026-04-08T14:47:13.212+0000] {processor.py:840} INFO - DAG(s) 'pipeline' retrieved from /opt/airflow/dags/pipeline.py
[2026-04-08T14:47:13.364+0000] {logging_mixin.py:188} INFO - [2026-04-08T14:47:13.364+0000] {dag.py:3089} INFO - Sync 1 DAGs
[2026-04-08T14:47:13.447+0000] {logging_mixin.py:188} INFO - [2026-04-08T14:47:13.447+0000] {dag.py:3947} INFO - Setting next_dagrun for pipeline to 2026-04-08 00:00:00+00:00, run_after=2026-04-09 00:00:00+00:00
[2026-04-08T14:47:13.527+0000] {processor.py:183} INFO - Processing /opt/airflow/dags/pipeline.py took 1.536 seconds
[2026-04-08T14:47:43.736+0000] {processor.py:161} INFO - Started process (PID=389) to work on /opt/airflow/dags/pipeline.py
[2026-04-08T14:47:43.741+0000] {processor.py:830} INFO - Processing file /opt/airflow/dags/pipeline.py for tasks to queue
[2026-04-08T14:47:43.749+0000] {logging_mixin.py:188} INFO - [2026-04-08T14:47:43.748+0000] {dagbag.py:545} INFO - Filling up the DagBag from /opt/airflow/dags/pipeline.py
[2026-04-08T14:47:44.628+0000] {processor.py:840} INFO - DAG(s) 'pipeline' retrieved from /opt/airflow/dags/pipeline.py
[2026-04-08T14:47:44.717+0000] {logging_mixin.py:188} INFO - [2026-04-08T14:47:44.717+0000] {dag.py:3089} INFO - Sync 1 DAGs
[2026-04-08T14:47:44.766+0000] {logging_mixin.py:188} INFO - [2026-04-08T14:47:44.766+0000] {dag.py:3947} INFO - Setting next_dagrun for pipeline to 2026-04-08 00:00:00+00:00, run_after=2026-04-09 00:00:00+00:00
[2026-04-08T14:47:44.825+0000] {processor.py:183} INFO - Processing /opt/airflow/dags/pipeline.py took 1.126 seconds
[2026-04-08T14:48:15.183+0000] {processor.py:161} INFO - Started process (PID=399) to work on /opt/airflow/dags/pipeline.py
[2026-04-08T14:48:15.188+0000] {processor.py:830} INFO - Processing file /opt/airflow/dags/pipeline.py for tasks to queue
[2026-04-08T14:48:15.196+0000] {logging_mixin.py:188} INFO - [2026-04-08T14:48:15.195+0000] {dagbag.py:545} INFO - Filling up the DagBag from /opt/airflow/dags/pipeline.py
[2026-04-08T14:48:15.943+0000] {processor.py:840} INFO - DAG(s) 'pipeline' retrieved from /opt/airflow/dags/pipeline.py
[2026-04-08T14:48:16.027+0000] {logging_mixin.py:188} INFO - [2026-04-08T14:48:16.027+0000] {dag.py:3089} INFO - Sync 1 DAGs
[2026-04-08T14:48:16.072+0000] {logging_mixin.py:188} INFO - [2026-04-08T14:48:16.072+0000] {dag.py:3947} INFO - Setting next_dagrun for pipeline to 2026-04-08 00:00:00+00:00, run_after=2026-04-09 00:00:00+00:00
[2026-04-08T14:48:16.122+0000] {processor.py:183} INFO - Processing /opt/airflow/dags/pipeline.py took 0.968 seconds
[2026-04-08T14:48:46.335+0000] {processor.py:161} INFO - Started process (PID=409) to work on /opt/airflow/dags/pipeline.py
[2026-04-08T14:48:46.337+0000] {processor.py:830} INFO - Processing file /opt/airflow/dags/pipeline.py for tasks to queue
[2026-04-08T14:48:46.342+0000] {logging_mixin.py:188} INFO - [2026-04-08T14:48:46.341+0000] {dagbag.py:545} INFO - Filling up the DagBag from /opt/airflow/dags/pipeline.py
[2026-04-08T14:48:47.535+0000] {processor.py:840} INFO - DAG(s) 'pipeline' retrieved from /opt/airflow/dags/pipeline.py
[2026-04-08T14:48:47.800+0000] {logging_mixin.py:188} INFO - [2026-04-08T14:48:47.799+0000] {dag.py:3089} INFO - Sync 1 DAGs
[2026-04-08T14:48:47.920+0000] {logging_mixin.py:188} INFO - [2026-04-08T14:48:47.919+0000] {dag.py:3947} INFO - Setting next_dagrun for pipeline to 2026-04-08 00:00:00+00:00, run_after=2026-04-09 00:00:00+00:00
[2026-04-08T14:48:48.017+0000] {processor.py:183} INFO - Processing /opt/airflow/dags/pipeline.py took 1.701 seconds
[2026-04-08T14:49:18.821+0000] {processor.py:161} INFO - Started process (PID=419) to work on /opt/airflow/dags/pipeline.py
[2026-04-08T14:49:18.824+0000] {processor.py:830} INFO - Processing file /opt/airflow/dags/pipeline.py for tasks to queue
[2026-04-08T14:49:18.830+0000] {logging_mixin.py:188} INFO - [2026-04-08T14:49:18.829+0000] {dagbag.py:545} INFO - Filling up the DagBag from /opt/airflow/dags/pipeline.py
[2026-04-08T14:49:19.489+0000] {processor.py:840} INFO - DAG(s) 'pipeline' retrieved from /opt/airflow/dags/pipeline.py
[2026-04-08T14:49:19.806+0000] {logging_mixin.py:188} INFO - [2026-04-08T14:49:19.805+0000] {dag.py:3089} INFO - Sync 1 DAGs
[2026-04-08T14:49:19.898+0000] {logging_mixin.py:188} INFO - [2026-04-08T14:49:19.897+0000] {dag.py:3947} INFO - Setting next_dagrun for pipeline to 2026-04-08 00:00:00+00:00, run_after=2026-04-09 00:00:00+00:00
[2026-04-08T14:49:19.956+0000] {processor.py:183} INFO - Processing /opt/airflow/dags/pipeline.py took 1.168 seconds
[2026-04-08T14:49:50.339+0000] {processor.py:161} INFO - Started process (PID=429) to work on /opt/airflow/dags/pipeline.py
[2026-04-08T14:49:50.346+0000] {processor.py:830} INFO - Processing file /opt/airflow/dags/pipeline.py for tasks to queue
[2026-04-08T14:49:50.352+0000] {logging_mixin.py:188} INFO - [2026-04-08T14:49:50.351+0000] {dagbag.py:545} INFO - Filling up the DagBag from /opt/airflow/dags/pipeline.py
[2026-04-08T14:49:51.451+0000] {processor.py:840} INFO - DAG(s) 'pipeline' retrieved from /opt/airflow/dags/pipeline.py
[2026-04-08T14:49:51.617+0000] {logging_mixin.py:188} INFO - [2026-04-08T14:49:51.616+0000] {dag.py:3089} INFO - Sync 1 DAGs
[2026-04-08T14:49:51.805+0000] {logging_mixin.py:188} INFO - [2026-04-08T14:49:51.805+0000] {dag.py:3947} INFO - Setting next_dagrun for pipeline to 2026-04-08 00:00:00+00:00, run_after=2026-04-09 00:00:00+00:00
[2026-04-08T14:49:51.959+0000] {processor.py:183} INFO - Processing /opt/airflow/dags/pipeline.py took 1.659 seconds
[2026-04-08T14:50:22.761+0000] {processor.py:161} INFO - Started process (PID=439) to work on /opt/airflow/dags/pipeline.py
[2026-04-08T14:50:22.763+0000] {processor.py:830} INFO - Processing file /opt/airflow/dags/pipeline.py for tasks to queue
[2026-04-08T14:50:22.766+0000] {logging_mixin.py:188} INFO - [2026-04-08T14:50:22.765+0000] {dagbag.py:545} INFO - Filling up the DagBag from /opt/airflow/dags/pipeline.py
[2026-04-08T14:50:23.457+0000] {processor.py:840} INFO - DAG(s) 'pipeline' retrieved from /opt/airflow/dags/pipeline.py
[2026-04-08T14:50:23.547+0000] {logging_mixin.py:188} INFO - [2026-04-08T14:50:23.547+0000] {dag.py:3089} INFO - Sync 1 DAGs
[2026-04-08T14:50:23.587+0000] {logging_mixin.py:188} INFO - [2026-04-08T14:50:23.587+0000] {dag.py:3947} INFO - Setting next_dagrun for pipeline to 2026-04-08 00:00:00+00:00, run_after=2026-04-09 00:00:00+00:00
[2026-04-08T14:50:23.654+0000] {processor.py:183} INFO - Processing /opt/airflow/dags/pipeline.py took 0.906 seconds
[2026-04-08T14:50:53.882+0000] {processor.py:161} INFO - Started process (PID=449) to work on /opt/airflow/dags/pipeline.py
[2026-04-08T14:50:53.884+0000] {processor.py:830} INFO - Processing file /opt/airflow/dags/pipeline.py for tasks to queue
[2026-04-08T14:50:53.888+0000] {logging_mixin.py:188} INFO - [2026-04-08T14:50:53.887+0000] {dagbag.py:545} INFO - Filling up the DagBag from /opt/airflow/dags/pipeline.py
[2026-04-08T14:50:54.506+0000] {processor.py:840} INFO - DAG(s) 'pipeline' retrieved from /opt/airflow/dags/pipeline.py
[2026-04-08T14:50:54.836+0000] {logging_mixin.py:188} INFO - [2026-04-08T14:50:54.836+0000] {dag.py:3089} INFO - Sync 1 DAGs
[2026-04-08T14:50:54.877+0000] {logging_mixin.py:188} INFO - [2026-04-08T14:50:54.877+0000] {dag.py:3947} INFO - Setting next_dagrun for pipeline to 2026-04-08 00:00:00+00:00, run_after=2026-04-09 00:00:00+00:00
[2026-04-08T14:50:54.932+0000] {processor.py:183} INFO - Processing /opt/airflow/dags/pipeline.py took 1.061 seconds
[2026-04-08T14:51:25.132+0000] {processor.py:161} INFO - Started process (PID=459) to work on /opt/airflow/dags/pipeline.py
[2026-04-08T14:51:25.134+0000] {processor.py:830} INFO - Processing file /opt/airflow/dags/pipeline.py for tasks to queue
[2026-04-08T14:51:25.136+0000] {logging_mixin.py:188} INFO - [2026-04-08T14:51:25.136+0000] {dagbag.py:545} INFO - Filling up the DagBag from /opt/airflow/dags/pipeline.py
[2026-04-08T14:51:25.700+0000] {processor.py:840} INFO - DAG(s) 'pipeline' retrieved from /opt/airflow/dags/pipeline.py
[2026-04-08T14:51:25.838+0000] {logging_mixin.py:188} INFO - [2026-04-08T14:51:25.837+0000] {dag.py:3089} INFO - Sync 1 DAGs
[2026-04-08T14:51:25.877+0000] {logging_mixin.py:188} INFO - [2026-04-08T14:51:25.877+0000] {dag.py:3947} INFO - Setting next_dagrun for pipeline to 2026-04-08 00:00:00+00:00, run_after=2026-04-09 00:00:00+00:00
[2026-04-08T14:51:25.935+0000] {processor.py:183} INFO - Processing /opt/airflow/dags/pipeline.py took 0.813 seconds
[2026-04-08T14:51:56.743+0000] {processor.py:161} INFO - Started process (PID=469) to work on /opt/airflow/dags/pipeline.py
[2026-04-08T14:51:56.744+0000] {processor.py:830} INFO - Processing file /opt/airflow/dags/pipeline.py for tasks to queue
[2026-04-08T14:51:56.748+0000] {logging_mixin.py:188} INFO - [2026-04-08T14:51:56.748+0000] {dagbag.py:545} INFO - Filling up the DagBag from /opt/airflow/dags/pipeline.py
[2026-04-08T14:51:57.339+0000] {processor.py:840} INFO - DAG(s) 'pipeline' retrieved from /opt/airflow/dags/pipeline.py
[2026-04-08T14:51:57.433+0000] {logging_mixin.py:188} INFO - [2026-04-08T14:51:57.433+0000] {dag.py:3089} INFO - Sync 1 DAGs
[2026-04-08T14:51:57.478+0000] {logging_mixin.py:188} INFO - [2026-04-08T14:51:57.477+0000] {dag.py:3947} INFO - Setting next_dagrun for pipeline to 2026-04-08 00:00:00+00:00, run_after=2026-04-09 00:00:00+00:00
[2026-04-08T14:51:57.540+0000] {processor.py:183} INFO - Processing /opt/airflow/dags/pipeline.py took 0.818 seconds
[2026-04-08T14:52:27.766+0000] {processor.py:161} INFO - Started process (PID=479) to work on /opt/airflow/dags/pipeline.py
[2026-04-08T14:52:27.768+0000] {processor.py:830} INFO - Processing file /opt/airflow/dags/pipeline.py for tasks to queue
[2026-04-08T14:52:27.771+0000] {logging_mixin.py:188} INFO - [2026-04-08T14:52:27.770+0000] {dagbag.py:545} INFO - Filling up the DagBag from /opt/airflow/dags/pipeline.py
[2026-04-08T14:52:28.340+0000] {processor.py:840} INFO - DAG(s) 'pipeline' retrieved from /opt/airflow/dags/pipeline.py
[2026-04-08T14:52:28.435+0000] {logging_mixin.py:188} INFO - [2026-04-08T14:52:28.434+0000] {dag.py:3089} INFO - Sync 1 DAGs
[2026-04-08T14:52:28.489+0000] {logging_mixin.py:188} INFO - [2026-04-08T14:52:28.488+0000] {dag.py:3947} INFO - Setting next_dagrun for pipeline to 2026-04-08 00:00:00+00:00, run_after=2026-04-09 00:00:00+00:00
[2026-04-08T14:52:28.549+0000] {processor.py:183} INFO - Processing /opt/airflow/dags/pipeline.py took 0.795 seconds
[2026-04-08T14:52:58.647+0000] {processor.py:161} INFO - Started process (PID=489) to work on /opt/airflow/dags/pipeline.py
[2026-04-08T14:52:58.648+0000] {processor.py:830} INFO - Processing file /opt/airflow/dags/pipeline.py for tasks to queue
[2026-04-08T14:52:58.651+0000] {logging_mixin.py:188} INFO - [2026-04-08T14:52:58.651+0000] {dagbag.py:545} INFO - Filling up the DagBag from /opt/airflow/dags/pipeline.py
[2026-04-08T14:52:59.256+0000] {processor.py:840} INFO - DAG(s) 'pipeline' retrieved from /opt/airflow/dags/pipeline.py
[2026-04-08T14:52:59.541+0000] {logging_mixin.py:188} INFO - [2026-04-08T14:52:59.541+0000] {dag.py:3089} INFO - Sync 1 DAGs
[2026-04-08T14:52:59.588+0000] {logging_mixin.py:188} INFO - [2026-04-08T14:52:59.588+0000] {dag.py:3947} INFO - Setting next_dagrun for pipeline to 2026-04-08 00:00:00+00:00, run_after=2026-04-09 00:00:00+00:00
[2026-04-08T14:52:59.650+0000] {processor.py:183} INFO - Processing /opt/airflow/dags/pipeline.py took 1.029 seconds
[2026-04-08T14:53:30.369+0000] {processor.py:161} INFO - Started process (PID=499) to work on /opt/airflow/dags/pipeline.py
[2026-04-08T14:53:30.371+0000] {processor.py:830} INFO - Processing file /opt/airflow/dags/pipeline.py for tasks to queue
[2026-04-08T14:53:30.374+0000] {logging_mixin.py:188} INFO - [2026-04-08T14:53:30.373+0000] {dagbag.py:545} INFO - Filling up the DagBag from /opt/airflow/dags/pipeline.py
[2026-04-08T14:53:31.045+0000] {processor.py:840} INFO - DAG(s) 'pipeline' retrieved from /opt/airflow/dags/pipeline.py
[2026-04-08T14:53:31.174+0000] {logging_mixin.py:188} INFO - [2026-04-08T14:53:31.174+0000] {dag.py:3089} INFO - Sync 1 DAGs
[2026-04-08T14:53:31.224+0000] {logging_mixin.py:188} INFO - [2026-04-08T14:53:31.224+0000] {dag.py:3947} INFO - Setting next_dagrun for pipeline to 2026-04-08 00:00:00+00:00, run_after=2026-04-09 00:00:00+00:00
[2026-04-08T14:53:31.291+0000] {processor.py:183} INFO - Processing /opt/airflow/dags/pipeline.py took 0.935 seconds
[2026-04-08T14:54:01.802+0000] {processor.py:161} INFO - Started process (PID=509) to work on /opt/airflow/dags/pipeline.py
[2026-04-08T14:54:01.811+0000] {processor.py:830} INFO - Processing file /opt/airflow/dags/pipeline.py for tasks to queue
[2026-04-08T14:54:01.829+0000] {logging_mixin.py:188} INFO - [2026-04-08T14:54:01.827+0000] {dagbag.py:545} INFO - Filling up the DagBag from /opt/airflow/dags/pipeline.py
[2026-04-08T14:54:02.720+0000] {processor.py:840} INFO - DAG(s) 'pipeline' retrieved from /opt/airflow/dags/pipeline.py
[2026-04-08T14:54:02.849+0000] {logging_mixin.py:188} INFO - [2026-04-08T14:54:02.849+0000] {dag.py:3089} INFO - Sync 1 DAGs
[2026-04-08T14:54:02.913+0000] {logging_mixin.py:188} INFO - [2026-04-08T14:54:02.912+0000] {dag.py:3947} INFO - Setting next_dagrun for pipeline to 2026-04-08 00:00:00+00:00, run_after=2026-04-09 00:00:00+00:00
[2026-04-08T14:54:02.995+0000] {processor.py:183} INFO - Processing /opt/airflow/dags/pipeline.py took 1.258 seconds
[2026-04-08T14:54:33.249+0000] {processor.py:161} INFO - Started process (PID=519) to work on /opt/airflow/dags/pipeline.py
[2026-04-08T14:54:33.254+0000] {processor.py:830} INFO - Processing file /opt/airflow/dags/pipeline.py for tasks to queue
[2026-04-08T14:54:33.262+0000] {logging_mixin.py:188} INFO - [2026-04-08T14:54:33.261+0000] {dagbag.py:545} INFO - Filling up the DagBag from /opt/airflow/dags/pipeline.py
[2026-04-08T14:54:34.057+0000] {processor.py:840} INFO - DAG(s) 'pipeline' retrieved from /opt/airflow/dags/pipeline.py
[2026-04-08T14:54:34.151+0000] {logging_mixin.py:188} INFO - [2026-04-08T14:54:34.151+0000] {dag.py:3089} INFO - Sync 1 DAGs
[2026-04-08T14:54:34.197+0000] {logging_mixin.py:188} INFO - [2026-04-08T14:54:34.197+0000] {dag.py:3947} INFO - Setting next_dagrun for pipeline to 2026-04-08 00:00:00+00:00, run_after=2026-04-09 00:00:00+00:00
[2026-04-08T14:54:34.245+0000] {processor.py:183} INFO - Processing /opt/airflow/dags/pipeline.py took 1.024 seconds
[2026-04-08T14:55:04.384+0000] {processor.py:161} INFO - Started process (PID=529) to work on /opt/airflow/dags/pipeline.py
[2026-04-08T14:55:04.386+0000] {processor.py:830} INFO - Processing file /opt/airflow/dags/pipeline.py for tasks to queue
[2026-04-08T14:55:04.390+0000] {logging_mixin.py:188} INFO - [2026-04-08T14:55:04.390+0000] {dagbag.py:545} INFO - Filling up the DagBag from /opt/airflow/dags/pipeline.py
[2026-04-08T14:55:05.024+0000] {processor.py:840} INFO - DAG(s) 'pipeline' retrieved from /opt/airflow/dags/pipeline.py
[2026-04-08T14:55:05.112+0000] {logging_mixin.py:188} INFO - [2026-04-08T14:55:05.112+0000] {dag.py:3089} INFO - Sync 1 DAGs
[2026-04-08T14:55:05.151+0000] {logging_mixin.py:188} INFO - [2026-04-08T14:55:05.150+0000] {dag.py:3947} INFO - Setting next_dagrun for pipeline to 2026-04-08 00:00:00+00:00, run_after=2026-04-09 00:00:00+00:00
[2026-04-08T14:55:05.193+0000] {processor.py:183} INFO - Processing /opt/airflow/dags/pipeline.py took 0.821 seconds
[2026-04-08T14:57:44.035+0000] {processor.py:161} INFO - Started process (PID=183) to work on /opt/airflow/dags/pipeline.py
[2026-04-08T14:57:44.045+0000] {processor.py:830} INFO - Processing file /opt/airflow/dags/pipeline.py for tasks to queue
[2026-04-08T14:57:44.064+0000] {logging_mixin.py:188} INFO - [2026-04-08T14:57:44.063+0000] {dagbag.py:545} INFO - Filling up the DagBag from /opt/airflow/dags/pipeline.py
[2026-04-08T14:57:46.766+0000] {processor.py:840} INFO - DAG(s) 'pipeline' retrieved from /opt/airflow/dags/pipeline.py
[2026-04-08T14:57:46.935+0000] {logging_mixin.py:188} INFO - [2026-04-08T14:57:46.935+0000] {dag.py:3089} INFO - Sync 1 DAGs
[2026-04-08T14:57:46.993+0000] {logging_mixin.py:188} INFO - [2026-04-08T14:57:46.993+0000] {dag.py:3947} INFO - Setting next_dagrun for pipeline to 2026-04-08 00:00:00+00:00, run_after=2026-04-09 00:00:00+00:00
[2026-04-08T14:57:47.060+0000] {processor.py:183} INFO - Processing /opt/airflow/dags/pipeline.py took 3.069 seconds
[2026-04-08T14:58:17.429+0000] {processor.py:161} INFO - Started process (PID=193) to work on /opt/airflow/dags/pipeline.py
[2026-04-08T14:58:17.435+0000] {processor.py:830} INFO - Processing file /opt/airflow/dags/pipeline.py for tasks to queue
[2026-04-08T14:58:17.448+0000] {logging_mixin.py:188} INFO - [2026-04-08T14:58:17.444+0000] {dagbag.py:545} INFO - Filling up the DagBag from /opt/airflow/dags/pipeline.py
[2026-04-08T14:58:19.289+0000] {processor.py:840} INFO - DAG(s) 'pipeline' retrieved from /opt/airflow/dags/pipeline.py
[2026-04-08T14:58:19.586+0000] {logging_mixin.py:188} INFO - [2026-04-08T14:58:19.586+0000] {dag.py:3089} INFO - Sync 1 DAGs
[2026-04-08T14:58:19.642+0000] {logging_mixin.py:188} INFO - [2026-04-08T14:58:19.642+0000] {dag.py:3947} INFO - Setting next_dagrun for pipeline to 2026-04-08 00:00:00+00:00, run_after=2026-04-09 00:00:00+00:00
[2026-04-08T14:58:19.708+0000] {processor.py:183} INFO - Processing /opt/airflow/dags/pipeline.py took 2.300 seconds
[2026-04-08T14:58:50.100+0000] {processor.py:161} INFO - Started process (PID=203) to work on /opt/airflow/dags/pipeline.py
[2026-04-08T14:58:50.102+0000] {processor.py:830} INFO - Processing file /opt/airflow/dags/pipeline.py for tasks to queue
[2026-04-08T14:58:50.105+0000] {logging_mixin.py:188} INFO - [2026-04-08T14:58:50.104+0000] {dagbag.py:545} INFO - Filling up the DagBag from /opt/airflow/dags/pipeline.py
[2026-04-08T14:58:51.565+0000] {processor.py:840} INFO - DAG(s) 'pipeline' retrieved from /opt/airflow/dags/pipeline.py
[2026-04-08T14:58:51.651+0000] {logging_mixin.py:188} INFO - [2026-04-08T14:58:51.650+0000] {dag.py:3089} INFO - Sync 1 DAGs
[2026-04-08T14:58:51.686+0000] {logging_mixin.py:188} INFO - [2026-04-08T14:58:51.686+0000] {dag.py:3947} INFO - Setting next_dagrun for pipeline to 2026-04-08 00:00:00+00:00, run_after=2026-04-09 00:00:00+00:00
[2026-04-08T14:58:51.727+0000] {processor.py:183} INFO - Processing /opt/airflow/dags/pipeline.py took 1.637 seconds
[2026-04-08T14:59:22.231+0000] {processor.py:161} INFO - Started process (PID=215) to work on /opt/airflow/dags/pipeline.py
[2026-04-08T14:59:22.233+0000] {processor.py:830} INFO - Processing file /opt/airflow/dags/pipeline.py for tasks to queue
[2026-04-08T14:59:22.237+0000] {logging_mixin.py:188} INFO - [2026-04-08T14:59:22.236+0000] {dagbag.py:545} INFO - Filling up the DagBag from /opt/airflow/dags/pipeline.py
[2026-04-08T14:59:23.275+0000] {processor.py:840} INFO - DAG(s) 'pipeline' retrieved from /opt/airflow/dags/pipeline.py
[2026-04-08T14:59:23.354+0000] {logging_mixin.py:188} INFO - [2026-04-08T14:59:23.354+0000] {dag.py:3089} INFO - Sync 1 DAGs
[2026-04-08T14:59:23.390+0000] {logging_mixin.py:188} INFO - [2026-04-08T14:59:23.390+0000] {dag.py:3947} INFO - Setting next_dagrun for pipeline to 2026-04-08 00:00:00+00:00, run_after=2026-04-09 00:00:00+00:00
[2026-04-08T14:59:23.433+0000] {processor.py:183} INFO - Processing /opt/airflow/dags/pipeline.py took 1.212 seconds
[2026-04-08T14:59:53.634+0000] {processor.py:161} INFO - Started process (PID=225) to work on /opt/airflow/dags/pipeline.py
[2026-04-08T14:59:53.635+0000] {processor.py:830} INFO - Processing file /opt/airflow/dags/pipeline.py for tasks to queue
[2026-04-08T14:59:53.638+0000] {logging_mixin.py:188} INFO - [2026-04-08T14:59:53.638+0000] {dagbag.py:545} INFO - Filling up the DagBag from /opt/airflow/dags/pipeline.py
[2026-04-08T14:59:54.512+0000] {processor.py:840} INFO - DAG(s) 'pipeline' retrieved from /opt/airflow/dags/pipeline.py
[2026-04-08T14:59:54.606+0000] {logging_mixin.py:188} INFO - [2026-04-08T14:59:54.606+0000] {dag.py:3089} INFO - Sync 1 DAGs
[2026-04-08T14:59:54.652+0000] {logging_mixin.py:188} INFO - [2026-04-08T14:59:54.651+0000] {dag.py:3947} INFO - Setting next_dagrun for pipeline to 2026-04-08 00:00:00+00:00, run_after=2026-04-09 00:00:00+00:00
[2026-04-08T14:59:54.709+0000] {processor.py:183} INFO - Processing /opt/airflow/dags/pipeline.py took 1.086 seconds
[2026-04-08T15:00:25.406+0000] {processor.py:161} INFO - Started process (PID=235) to work on /opt/airflow/dags/pipeline.py
[2026-04-08T15:00:25.407+0000] {processor.py:830} INFO - Processing file /opt/airflow/dags/pipeline.py for tasks to queue
[2026-04-08T15:00:25.410+0000] {logging_mixin.py:188} INFO - [2026-04-08T15:00:25.409+0000] {dagbag.py:545} INFO - Filling up the DagBag from /opt/airflow/dags/pipeline.py
[2026-04-08T15:00:26.070+0000] {processor.py:840} INFO - DAG(s) 'pipeline' retrieved from /opt/airflow/dags/pipeline.py
[2026-04-08T15:00:26.180+0000] {logging_mixin.py:188} INFO - [2026-04-08T15:00:26.180+0000] {dag.py:3089} INFO - Sync 1 DAGs
[2026-04-08T15:00:26.219+0000] {logging_mixin.py:188} INFO - [2026-04-08T15:00:26.219+0000] {dag.py:3947} INFO - Setting next_dagrun for pipeline to 2026-04-08 00:00:00+00:00, run_after=2026-04-09 00:00:00+00:00
[2026-04-08T15:00:26.259+0000] {processor.py:183} INFO - Processing /opt/airflow/dags/pipeline.py took 0.863 seconds
[2026-04-08T15:00:56.407+0000] {processor.py:161} INFO - Started process (PID=245) to work on /opt/airflow/dags/pipeline.py
[2026-04-08T15:00:56.410+0000] {processor.py:830} INFO - Processing file /opt/airflow/dags/pipeline.py for tasks to queue
[2026-04-08T15:00:56.415+0000] {logging_mixin.py:188} INFO - [2026-04-08T15:00:56.414+0000] {dagbag.py:545} INFO - Filling up the DagBag from /opt/airflow/dags/pipeline.py
[2026-04-08T15:00:57.341+0000] {processor.py:840} INFO - DAG(s) 'pipeline' retrieved from /opt/airflow/dags/pipeline.py
[2026-04-08T15:00:57.642+0000] {logging_mixin.py:188} INFO - [2026-04-08T15:00:57.642+0000] {dag.py:3089} INFO - Sync 1 DAGs
[2026-04-08T15:00:57.692+0000] {logging_mixin.py:188} INFO - [2026-04-08T15:00:57.691+0000] {dag.py:3947} INFO - Setting next_dagrun for pipeline to 2026-04-08 00:00:00+00:00, run_after=2026-04-09 00:00:00+00:00
[2026-04-08T15:00:57.747+0000] {processor.py:183} INFO - Processing /opt/airflow/dags/pipeline.py took 1.364 seconds
[2026-04-08T15:01:28.577+0000] {processor.py:161} INFO - Started process (PID=255) to work on /opt/airflow/dags/pipeline.py
[2026-04-08T15:01:28.581+0000] {processor.py:830} INFO - Processing file /opt/airflow/dags/pipeline.py for tasks to queue
[2026-04-08T15:01:28.589+0000] {logging_mixin.py:188} INFO - [2026-04-08T15:01:28.588+0000] {dagbag.py:545} INFO - Filling up the DagBag from /opt/airflow/dags/pipeline.py
[2026-04-08T15:01:29.161+0000] {processor.py:840} INFO - DAG(s) 'pipeline' retrieved from /opt/airflow/dags/pipeline.py
[2026-04-08T15:01:29.253+0000] {logging_mixin.py:188} INFO - [2026-04-08T15:01:29.253+0000] {dag.py:3089} INFO - Sync 1 DAGs
[2026-04-08T15:01:29.294+0000] {logging_mixin.py:188} INFO - [2026-04-08T15:01:29.294+0000] {dag.py:3947} INFO - Setting next_dagrun for pipeline to 2026-04-08 00:00:00+00:00, run_after=2026-04-09 00:00:00+00:00
[2026-04-08T15:01:29.356+0000] {processor.py:183} INFO - Processing /opt/airflow/dags/pipeline.py took 0.810 seconds
[2026-04-08T15:04:02.217+0000] {processor.py:161} INFO - Started process (PID=185) to work on /opt/airflow/dags/pipeline.py
[2026-04-08T15:04:02.222+0000] {processor.py:830} INFO - Processing file /opt/airflow/dags/pipeline.py for tasks to queue
[2026-04-08T15:04:02.227+0000] {logging_mixin.py:188} INFO - [2026-04-08T15:04:02.227+0000] {dagbag.py:545} INFO - Filling up the DagBag from /opt/airflow/dags/pipeline.py
[2026-04-08T15:04:03.875+0000] {processor.py:840} INFO - DAG(s) 'pipeline' retrieved from /opt/airflow/dags/pipeline.py
[2026-04-08T15:04:03.991+0000] {logging_mixin.py:188} INFO - [2026-04-08T15:04:03.990+0000] {dag.py:3089} INFO - Sync 1 DAGs
[2026-04-08T15:04:04.046+0000] {logging_mixin.py:188} INFO - [2026-04-08T15:04:04.045+0000] {dag.py:3947} INFO - Setting next_dagrun for pipeline to 2026-04-08 00:00:00+00:00, run_after=2026-04-09 00:00:00+00:00
[2026-04-08T15:04:04.095+0000] {processor.py:183} INFO - Processing /opt/airflow/dags/pipeline.py took 1.895 seconds
[2026-04-08T15:04:34.688+0000] {processor.py:161} INFO - Started process (PID=195) to work on /opt/airflow/dags/pipeline.py
[2026-04-08T15:04:34.690+0000] {processor.py:830} INFO - Processing file /opt/airflow/dags/pipeline.py for tasks to queue
[2026-04-08T15:04:34.701+0000] {logging_mixin.py:188} INFO - [2026-04-08T15:04:34.699+0000] {dagbag.py:545} INFO - Filling up the DagBag from /opt/airflow/dags/pipeline.py
[2026-04-08T15:04:37.569+0000] {processor.py:840} INFO - DAG(s) 'pipeline' retrieved from /opt/airflow/dags/pipeline.py
[2026-04-08T15:04:37.961+0000] {logging_mixin.py:188} INFO - [2026-04-08T15:04:37.960+0000] {dag.py:3089} INFO - Sync 1 DAGs
[2026-04-08T15:04:38.018+0000] {logging_mixin.py:188} INFO - [2026-04-08T15:04:38.018+0000] {dag.py:3947} INFO - Setting next_dagrun for pipeline to 2026-04-08 00:00:00+00:00, run_after=2026-04-09 00:00:00+00:00
[2026-04-08T15:04:38.088+0000] {processor.py:183} INFO - Processing /opt/airflow/dags/pipeline.py took 3.426 seconds
[2026-04-08T15:05:08.779+0000] {processor.py:161} INFO - Started process (PID=207) to work on /opt/airflow/dags/pipeline.py
[2026-04-08T15:05:08.782+0000] {processor.py:830} INFO - Processing file /opt/airflow/dags/pipeline.py for tasks to queue
[2026-04-08T15:05:08.791+0000] {logging_mixin.py:188} INFO - [2026-04-08T15:05:08.790+0000] {dagbag.py:545} INFO - Filling up the DagBag from /opt/airflow/dags/pipeline.py
[2026-04-08T15:05:10.231+0000] {processor.py:840} INFO - DAG(s) 'pipeline' retrieved from /opt/airflow/dags/pipeline.py
[2026-04-08T15:05:10.329+0000] {logging_mixin.py:188} INFO - [2026-04-08T15:05:10.329+0000] {dag.py:3089} INFO - Sync 1 DAGs
[2026-04-08T15:05:10.417+0000] {logging_mixin.py:188} INFO - [2026-04-08T15:05:10.416+0000] {dag.py:3947} INFO - Setting next_dagrun for pipeline to 2026-04-08 00:00:00+00:00, run_after=2026-04-09 00:00:00+00:00
[2026-04-08T15:05:10.474+0000] {processor.py:183} INFO - Processing /opt/airflow/dags/pipeline.py took 1.718 seconds
[2026-04-08T15:05:41.203+0000] {processor.py:161} INFO - Started process (PID=217) to work on /opt/airflow/dags/pipeline.py
[2026-04-08T15:05:41.207+0000] {processor.py:830} INFO - Processing file /opt/airflow/dags/pipeline.py for tasks to queue
[2026-04-08T15:05:41.216+0000] {logging_mixin.py:188} INFO - [2026-04-08T15:05:41.215+0000] {dagbag.py:545} INFO - Filling up the DagBag from /opt/airflow/dags/pipeline.py
[2026-04-08T15:05:42.524+0000] {processor.py:840} INFO - DAG(s) 'pipeline' retrieved from /opt/airflow/dags/pipeline.py
[2026-04-08T15:05:42.735+0000] {logging_mixin.py:188} INFO - [2026-04-08T15:05:42.735+0000] {dag.py:3089} INFO - Sync 1 DAGs
[2026-04-08T15:05:42.787+0000] {logging_mixin.py:188} INFO - [2026-04-08T15:05:42.787+0000] {dag.py:3947} INFO - Setting next_dagrun for pipeline to 2026-04-08 00:00:00+00:00, run_after=2026-04-09 00:00:00+00:00
[2026-04-08T15:05:42.843+0000] {processor.py:183} INFO - Processing /opt/airflow/dags/pipeline.py took 1.669 seconds
[2026-04-08T15:06:13.024+0000] {processor.py:161} INFO - Started process (PID=227) to work on /opt/airflow/dags/pipeline.py
[2026-04-08T15:06:13.027+0000] {processor.py:830} INFO - Processing file /opt/airflow/dags/pipeline.py for tasks to queue
[2026-04-08T15:06:13.036+0000] {logging_mixin.py:188} INFO - [2026-04-08T15:06:13.035+0000] {dagbag.py:545} INFO - Filling up the DagBag from /opt/airflow/dags/pipeline.py
[2026-04-08T15:06:15.463+0000] {processor.py:840} INFO - DAG(s) 'pipeline' retrieved from /opt/airflow/dags/pipeline.py
[2026-04-08T15:06:15.596+0000] {logging_mixin.py:188} INFO - [2026-04-08T15:06:15.596+0000] {dag.py:3089} INFO - Sync 1 DAGs
[2026-04-08T15:06:15.654+0000] {logging_mixin.py:188} INFO - [2026-04-08T15:06:15.654+0000] {dag.py:3947} INFO - Setting next_dagrun for pipeline to 2026-04-08 00:00:00+00:00, run_after=2026-04-09 00:00:00+00:00
[2026-04-08T15:06:15.710+0000] {processor.py:183} INFO - Processing /opt/airflow/dags/pipeline.py took 2.703 seconds
[2026-04-08T15:06:45.850+0000] {processor.py:161} INFO - Started process (PID=237) to work on /opt/airflow/dags/pipeline.py
[2026-04-08T15:06:45.854+0000] {processor.py:830} INFO - Processing file /opt/airflow/dags/pipeline.py for tasks to queue
[2026-04-08T15:06:45.861+0000] {logging_mixin.py:188} INFO - [2026-04-08T15:06:45.859+0000] {dagbag.py:545} INFO - Filling up the DagBag from /opt/airflow/dags/pipeline.py
[2026-04-08T15:06:46.494+0000] {processor.py:840} INFO - DAG(s) 'pipeline' retrieved from /opt/airflow/dags/pipeline.py
[2026-04-08T15:06:46.603+0000] {logging_mixin.py:188} INFO - [2026-04-08T15:06:46.603+0000] {dag.py:3089} INFO - Sync 1 DAGs
[2026-04-08T15:06:46.650+0000] {logging_mixin.py:188} INFO - [2026-04-08T15:06:46.650+0000] {dag.py:3947} INFO - Setting next_dagrun for pipeline to 2026-04-08 00:00:00+00:00, run_after=2026-04-09 00:00:00+00:00
[2026-04-08T15:06:46.696+0000] {processor.py:183} INFO - Processing /opt/airflow/dags/pipeline.py took 0.867 seconds
[2026-04-08T15:07:17.765+0000] {processor.py:161} INFO - Started process (PID=247) to work on /opt/airflow/dags/pipeline.py
[2026-04-08T15:07:17.767+0000] {processor.py:830} INFO - Processing file /opt/airflow/dags/pipeline.py for tasks to queue
[2026-04-08T15:07:17.775+0000] {logging_mixin.py:188} INFO - [2026-04-08T15:07:17.774+0000] {dagbag.py:545} INFO - Filling up the DagBag from /opt/airflow/dags/pipeline.py
[2026-04-08T15:07:18.666+0000] {processor.py:840} INFO - DAG(s) 'pipeline' retrieved from /opt/airflow/dags/pipeline.py
[2026-04-08T15:07:18.880+0000] {logging_mixin.py:188} INFO - [2026-04-08T15:07:18.879+0000] {dag.py:3089} INFO - Sync 1 DAGs
[2026-04-08T15:07:18.981+0000] {logging_mixin.py:188} INFO - [2026-04-08T15:07:18.981+0000] {dag.py:3947} INFO - Setting next_dagrun for pipeline to 2026-04-08 00:00:00+00:00, run_after=2026-04-09 00:00:00+00:00
[2026-04-08T15:07:19.076+0000] {processor.py:183} INFO - Processing /opt/airflow/dags/pipeline.py took 1.334 seconds
[2026-04-08T15:07:49.773+0000] {processor.py:161} INFO - Started process (PID=259) to work on /opt/airflow/dags/pipeline.py
[2026-04-08T15:07:49.775+0000] {processor.py:830} INFO - Processing file /opt/airflow/dags/pipeline.py for tasks to queue
[2026-04-08T15:07:49.778+0000] {logging_mixin.py:188} INFO - [2026-04-08T15:07:49.777+0000] {dagbag.py:545} INFO - Filling up the DagBag from /opt/airflow/dags/pipeline.py
[2026-04-08T15:07:50.575+0000] {processor.py:840} INFO - DAG(s) 'pipeline' retrieved from /opt/airflow/dags/pipeline.py
[2026-04-08T15:07:50.664+0000] {logging_mixin.py:188} INFO - [2026-04-08T15:07:50.664+0000] {dag.py:3089} INFO - Sync 1 DAGs
[2026-04-08T15:07:50.718+0000] {logging_mixin.py:188} INFO - [2026-04-08T15:07:50.717+0000] {dag.py:3947} INFO - Setting next_dagrun for pipeline to 2026-04-08 00:00:00+00:00, run_after=2026-04-09 00:00:00+00:00
[2026-04-08T15:07:50.773+0000] {processor.py:183} INFO - Processing /opt/airflow/dags/pipeline.py took 1.011 seconds
[2026-04-08T15:08:21.006+0000] {processor.py:161} INFO - Started process (PID=269) to work on /opt/airflow/dags/pipeline.py
[2026-04-08T15:08:21.009+0000] {processor.py:830} INFO - Processing file /opt/airflow/dags/pipeline.py for tasks to queue
[2026-04-08T15:08:21.014+0000] {logging_mixin.py:188} INFO - [2026-04-08T15:08:21.012+0000] {dagbag.py:545} INFO - Filling up the DagBag from /opt/airflow/dags/pipeline.py
[2026-04-08T15:08:21.669+0000] {processor.py:840} INFO - DAG(s) 'pipeline' retrieved from /opt/airflow/dags/pipeline.py
[2026-04-08T15:08:21.802+0000] {logging_mixin.py:188} INFO - [2026-04-08T15:08:21.802+0000] {dag.py:3089} INFO - Sync 1 DAGs
[2026-04-08T15:08:21.891+0000] {logging_mixin.py:188} INFO - [2026-04-08T15:08:21.891+0000] {dag.py:3947} INFO - Setting next_dagrun for pipeline to 2026-04-08 00:00:00+00:00, run_after=2026-04-09 00:00:00+00:00
[2026-04-08T15:08:21.961+0000] {processor.py:183} INFO - Processing /opt/airflow/dags/pipeline.py took 0.976 seconds
[2026-04-08T15:08:52.881+0000] {processor.py:161} INFO - Started process (PID=279) to work on /opt/airflow/dags/pipeline.py
[2026-04-08T15:08:52.886+0000] {processor.py:830} INFO - Processing file /opt/airflow/dags/pipeline.py for tasks to queue
[2026-04-08T15:08:52.898+0000] {logging_mixin.py:188} INFO - [2026-04-08T15:08:52.896+0000] {dagbag.py:545} INFO - Filling up the DagBag from /opt/airflow/dags/pipeline.py
[2026-04-08T15:08:53.801+0000] {processor.py:840} INFO - DAG(s) 'pipeline' retrieved from /opt/airflow/dags/pipeline.py
[2026-04-08T15:08:53.935+0000] {logging_mixin.py:188} INFO - [2026-04-08T15:08:53.935+0000] {dag.py:3089} INFO - Sync 1 DAGs
[2026-04-08T15:08:54.008+0000] {logging_mixin.py:188} INFO - [2026-04-08T15:08:54.007+0000] {dag.py:3947} INFO - Setting next_dagrun for pipeline to 2026-04-08 00:00:00+00:00, run_after=2026-04-09 00:00:00+00:00
[2026-04-08T15:08:54.076+0000] {processor.py:183} INFO - Processing /opt/airflow/dags/pipeline.py took 1.223 seconds
[2026-04-08T15:09:24.316+0000] {processor.py:161} INFO - Started process (PID=289) to work on /opt/airflow/dags/pipeline.py
[2026-04-08T15:09:24.318+0000] {processor.py:830} INFO - Processing file /opt/airflow/dags/pipeline.py for tasks to queue
[2026-04-08T15:09:24.320+0000] {logging_mixin.py:188} INFO - [2026-04-08T15:09:24.320+0000] {dagbag.py:545} INFO - Filling up the DagBag from /opt/airflow/dags/pipeline.py
[2026-04-08T15:09:25.194+0000] {processor.py:840} INFO - DAG(s) 'pipeline' retrieved from /opt/airflow/dags/pipeline.py
[2026-04-08T15:09:25.310+0000] {logging_mixin.py:188} INFO - [2026-04-08T15:09:25.309+0000] {dag.py:3089} INFO - Sync 1 DAGs
[2026-04-08T15:09:25.369+0000] {logging_mixin.py:188} INFO - [2026-04-08T15:09:25.369+0000] {dag.py:3947} INFO - Setting next_dagrun for pipeline to 2026-04-08 00:00:00+00:00, run_after=2026-04-09 00:00:00+00:00
[2026-04-08T15:09:25.416+0000] {processor.py:183} INFO - Processing /opt/airflow/dags/pipeline.py took 1.123 seconds
[2026-04-08T15:09:56.089+0000] {processor.py:161} INFO - Started process (PID=299) to work on /opt/airflow/dags/pipeline.py
[2026-04-08T15:09:56.091+0000] {processor.py:830} INFO - Processing file /opt/airflow/dags/pipeline.py for tasks to queue
[2026-04-08T15:09:56.093+0000] {logging_mixin.py:188} INFO - [2026-04-08T15:09:56.093+0000] {dagbag.py:545} INFO - Filling up the DagBag from /opt/airflow/dags/pipeline.py
[2026-04-08T15:09:56.641+0000] {processor.py:840} INFO - DAG(s) 'pipeline' retrieved from /opt/airflow/dags/pipeline.py
[2026-04-08T15:09:56.724+0000] {logging_mixin.py:188} INFO - [2026-04-08T15:09:56.724+0000] {dag.py:3089} INFO - Sync 1 DAGs
[2026-04-08T15:09:56.771+0000] {logging_mixin.py:188} INFO - [2026-04-08T15:09:56.771+0000] {dag.py:3947} INFO - Setting next_dagrun for pipeline to 2026-04-08 00:00:00+00:00, run_after=2026-04-09 00:00:00+00:00
[2026-04-08T15:09:56.849+0000] {processor.py:183} INFO - Processing /opt/airflow/dags/pipeline.py took 0.772 seconds
[2026-04-08T15:10:27.121+0000] {processor.py:161} INFO - Started process (PID=309) to work on /opt/airflow/dags/pipeline.py
[2026-04-08T15:10:27.127+0000] {processor.py:830} INFO - Processing file /opt/airflow/dags/pipeline.py for tasks to queue
[2026-04-08T15:10:27.133+0000] {logging_mixin.py:188} INFO - [2026-04-08T15:10:27.132+0000] {dagbag.py:545} INFO - Filling up the DagBag from /opt/airflow/dags/pipeline.py
[2026-04-08T15:10:27.909+0000] {processor.py:840} INFO - DAG(s) 'pipeline' retrieved from /opt/airflow/dags/pipeline.py
[2026-04-08T15:10:28.023+0000] {logging_mixin.py:188} INFO - [2026-04-08T15:10:28.023+0000] {dag.py:3089} INFO - Sync 1 DAGs
[2026-04-08T15:10:28.065+0000] {logging_mixin.py:188} INFO - [2026-04-08T15:10:28.065+0000] {dag.py:3947} INFO - Setting next_dagrun for pipeline to 2026-04-08 00:00:00+00:00, run_after=2026-04-09 00:00:00+00:00
[2026-04-08T15:10:28.112+0000] {processor.py:183} INFO - Processing /opt/airflow/dags/pipeline.py took 1.016 seconds
[2026-04-08T15:10:58.871+0000] {processor.py:161} INFO - Started process (PID=319) to work on /opt/airflow/dags/pipeline.py
[2026-04-08T15:10:58.874+0000] {processor.py:830} INFO - Processing file /opt/airflow/dags/pipeline.py for tasks to queue
[2026-04-08T15:10:58.878+0000] {logging_mixin.py:188} INFO - [2026-04-08T15:10:58.877+0000] {dagbag.py:545} INFO - Filling up the DagBag from /opt/airflow/dags/pipeline.py
[2026-04-08T15:10:59.614+0000] {processor.py:840} INFO - DAG(s) 'pipeline' retrieved from /opt/airflow/dags/pipeline.py
[2026-04-08T15:10:59.969+0000] {logging_mixin.py:188} INFO - [2026-04-08T15:10:59.968+0000] {dag.py:3089} INFO - Sync 1 DAGs
[2026-04-08T15:11:00.052+0000] {logging_mixin.py:188} INFO - [2026-04-08T15:11:00.052+0000] {dag.py:3947} INFO - Setting next_dagrun for pipeline to 2026-04-08 00:00:00+00:00, run_after=2026-04-09 00:00:00+00:00
[2026-04-08T15:11:00.129+0000] {processor.py:183} INFO - Processing /opt/airflow/dags/pipeline.py took 1.275 seconds
[2026-04-08T15:11:30.592+0000] {processor.py:161} INFO - Started process (PID=329) to work on /opt/airflow/dags/pipeline.py
[2026-04-08T15:11:30.596+0000] {processor.py:830} INFO - Processing file /opt/airflow/dags/pipeline.py for tasks to queue
[2026-04-08T15:11:30.605+0000] {logging_mixin.py:188} INFO - [2026-04-08T15:11:30.603+0000] {dagbag.py:545} INFO - Filling up the DagBag from /opt/airflow/dags/pipeline.py
[2026-04-08T15:11:31.469+0000] {processor.py:840} INFO - DAG(s) 'pipeline' retrieved from /opt/airflow/dags/pipeline.py
[2026-04-08T15:11:31.599+0000] {logging_mixin.py:188} INFO - [2026-04-08T15:11:31.599+0000] {dag.py:3089} INFO - Sync 1 DAGs
[2026-04-08T15:11:31.707+0000] {logging_mixin.py:188} INFO - [2026-04-08T15:11:31.706+0000] {dag.py:3947} INFO - Setting next_dagrun for pipeline to 2026-04-08 00:00:00+00:00, run_after=2026-04-09 00:00:00+00:00
[2026-04-08T15:11:31.781+0000] {processor.py:183} INFO - Processing /opt/airflow/dags/pipeline.py took 1.221 seconds
[2026-04-08T15:12:02.502+0000] {processor.py:161} INFO - Started process (PID=339) to work on /opt/airflow/dags/pipeline.py
[2026-04-08T15:12:02.507+0000] {processor.py:830} INFO - Processing file /opt/airflow/dags/pipeline.py for tasks to queue
[2026-04-08T15:12:02.519+0000] {logging_mixin.py:188} INFO - [2026-04-08T15:12:02.516+0000] {dagbag.py:545} INFO - Filling up the DagBag from /opt/airflow/dags/pipeline.py
[2026-04-08T15:12:03.648+0000] {processor.py:840} INFO - DAG(s) 'pipeline' retrieved from /opt/airflow/dags/pipeline.py
[2026-04-08T15:12:03.786+0000] {logging_mixin.py:188} INFO - [2026-04-08T15:12:03.786+0000] {dag.py:3089} INFO - Sync 1 DAGs
[2026-04-08T15:12:03.847+0000] {logging_mixin.py:188} INFO - [2026-04-08T15:12:03.847+0000] {dag.py:3947} INFO - Setting next_dagrun for pipeline to 2026-04-08 00:00:00+00:00, run_after=2026-04-09 00:00:00+00:00
[2026-04-08T15:12:03.896+0000] {processor.py:183} INFO - Processing /opt/airflow/dags/pipeline.py took 1.428 seconds
[2026-04-08T15:12:34.575+0000] {processor.py:161} INFO - Started process (PID=349) to work on /opt/airflow/dags/pipeline.py
[2026-04-08T15:12:34.577+0000] {processor.py:830} INFO - Processing file /opt/airflow/dags/pipeline.py for tasks to queue
[2026-04-08T15:12:34.581+0000] {logging_mixin.py:188} INFO - [2026-04-08T15:12:34.580+0000] {dagbag.py:545} INFO - Filling up the DagBag from /opt/airflow/dags/pipeline.py
[2026-04-08T15:12:35.355+0000] {processor.py:840} INFO - DAG(s) 'pipeline' retrieved from /opt/airflow/dags/pipeline.py
[2026-04-08T15:12:35.436+0000] {logging_mixin.py:188} INFO - [2026-04-08T15:12:35.436+0000] {dag.py:3089} INFO - Sync 1 DAGs
[2026-04-08T15:12:35.485+0000] {logging_mixin.py:188} INFO - [2026-04-08T15:12:35.485+0000] {dag.py:3947} INFO - Setting next_dagrun for pipeline to 2026-04-08 00:00:00+00:00, run_after=2026-04-09 00:00:00+00:00
[2026-04-08T15:12:35.548+0000] {processor.py:183} INFO - Processing /opt/airflow/dags/pipeline.py took 0.984 seconds
[2026-04-08T15:13:05.734+0000] {processor.py:161} INFO - Started process (PID=359) to work on /opt/airflow/dags/pipeline.py
[2026-04-08T15:13:05.736+0000] {processor.py:830} INFO - Processing file /opt/airflow/dags/pipeline.py for tasks to queue
[2026-04-08T15:13:05.741+0000] {logging_mixin.py:188} INFO - [2026-04-08T15:13:05.740+0000] {dagbag.py:545} INFO - Filling up the DagBag from /opt/airflow/dags/pipeline.py
[2026-04-08T15:13:06.649+0000] {processor.py:840} INFO - DAG(s) 'pipeline' retrieved from /opt/airflow/dags/pipeline.py
[2026-04-08T15:13:06.779+0000] {logging_mixin.py:188} INFO - [2026-04-08T15:13:06.779+0000] {dag.py:3089} INFO - Sync 1 DAGs
[2026-04-08T15:13:06.830+0000] {logging_mixin.py:188} INFO - [2026-04-08T15:13:06.829+0000] {dag.py:3947} INFO - Setting next_dagrun for pipeline to 2026-04-08 00:00:00+00:00, run_after=2026-04-09 00:00:00+00:00
[2026-04-08T15:13:06.914+0000] {processor.py:183} INFO - Processing /opt/airflow/dags/pipeline.py took 1.198 seconds
[2026-04-08T15:13:37.548+0000] {processor.py:161} INFO - Started process (PID=369) to work on /opt/airflow/dags/pipeline.py
[2026-04-08T15:13:37.550+0000] {processor.py:830} INFO - Processing file /opt/airflow/dags/pipeline.py for tasks to queue
[2026-04-08T15:13:37.554+0000] {logging_mixin.py:188} INFO - [2026-04-08T15:13:37.553+0000] {dagbag.py:545} INFO - Filling up the DagBag from /opt/airflow/dags/pipeline.py
[2026-04-08T15:13:38.293+0000] {processor.py:840} INFO - DAG(s) 'pipeline' retrieved from /opt/airflow/dags/pipeline.py
[2026-04-08T15:13:38.381+0000] {logging_mixin.py:188} INFO - [2026-04-08T15:13:38.381+0000] {dag.py:3089} INFO - Sync 1 DAGs
[2026-04-08T15:13:38.436+0000] {logging_mixin.py:188} INFO - [2026-04-08T15:13:38.436+0000] {dag.py:3947} INFO - Setting next_dagrun for pipeline to 2026-04-08 00:00:00+00:00, run_after=2026-04-09 00:00:00+00:00
[2026-04-08T15:13:38.489+0000] {processor.py:183} INFO - Processing /opt/airflow/dags/pipeline.py took 0.958 seconds
[2026-04-08T15:14:08.679+0000] {processor.py:161} INFO - Started process (PID=379) to work on /opt/airflow/dags/pipeline.py
[2026-04-08T15:14:08.683+0000] {processor.py:830} INFO - Processing file /opt/airflow/dags/pipeline.py for tasks to queue
[2026-04-08T15:14:08.693+0000] {logging_mixin.py:188} INFO - [2026-04-08T15:14:08.691+0000] {dagbag.py:545} INFO - Filling up the DagBag from /opt/airflow/dags/pipeline.py
[2026-04-08T15:14:09.612+0000] {processor.py:840} INFO - DAG(s) 'pipeline' retrieved from /opt/airflow/dags/pipeline.py
[2026-04-08T15:14:09.736+0000] {logging_mixin.py:188} INFO - [2026-04-08T15:14:09.736+0000] {dag.py:3089} INFO - Sync 1 DAGs
[2026-04-08T15:14:09.807+0000] {logging_mixin.py:188} INFO - [2026-04-08T15:14:09.807+0000] {dag.py:3947} INFO - Setting next_dagrun for pipeline to 2026-04-08 00:00:00+00:00, run_after=2026-04-09 00:00:00+00:00
[2026-04-08T15:14:09.867+0000] {processor.py:183} INFO - Processing /opt/airflow/dags/pipeline.py took 1.220 seconds
[2026-04-08T15:14:40.654+0000] {processor.py:161} INFO - Started process (PID=389) to work on /opt/airflow/dags/pipeline.py
[2026-04-08T15:14:40.656+0000] {processor.py:830} INFO - Processing file /opt/airflow/dags/pipeline.py for tasks to queue
[2026-04-08T15:14:40.660+0000] {logging_mixin.py:188} INFO - [2026-04-08T15:14:40.659+0000] {dagbag.py:545} INFO - Filling up the DagBag from /opt/airflow/dags/pipeline.py
[2026-04-08T15:14:41.304+0000] {processor.py:840} INFO - DAG(s) 'pipeline' retrieved from /opt/airflow/dags/pipeline.py
[2026-04-08T15:14:41.422+0000] {logging_mixin.py:188} INFO - [2026-04-08T15:14:41.421+0000] {dag.py:3089} INFO - Sync 1 DAGs
[2026-04-08T15:14:41.464+0000] {logging_mixin.py:188} INFO - [2026-04-08T15:14:41.464+0000] {dag.py:3947} INFO - Setting next_dagrun for pipeline to 2026-04-08 00:00:00+00:00, run_after=2026-04-09 00:00:00+00:00
[2026-04-08T15:14:41.521+0000] {processor.py:183} INFO - Processing /opt/airflow/dags/pipeline.py took 0.882 seconds
[2026-04-08T15:17:15.832+0000] {processor.py:161} INFO - Started process (PID=184) to work on /opt/airflow/dags/pipeline.py
[2026-04-08T15:17:15.837+0000] {processor.py:830} INFO - Processing file /opt/airflow/dags/pipeline.py for tasks to queue
[2026-04-08T15:17:15.843+0000] {logging_mixin.py:188} INFO - [2026-04-08T15:17:15.842+0000] {dagbag.py:545} INFO - Filling up the DagBag from /opt/airflow/dags/pipeline.py
[2026-04-08T15:17:17.347+0000] {processor.py:840} INFO - DAG(s) 'pipeline' retrieved from /opt/airflow/dags/pipeline.py
[2026-04-08T15:17:17.437+0000] {logging_mixin.py:188} INFO - [2026-04-08T15:17:17.437+0000] {dag.py:3089} INFO - Sync 1 DAGs
[2026-04-08T15:17:17.488+0000] {logging_mixin.py:188} INFO - [2026-04-08T15:17:17.487+0000] {dag.py:3947} INFO - Setting next_dagrun for pipeline to 2026-04-08 00:00:00+00:00, run_after=2026-04-09 00:00:00+00:00
[2026-04-08T15:17:17.558+0000] {processor.py:183} INFO - Processing /opt/airflow/dags/pipeline.py took 1.743 seconds
[2026-04-08T15:17:47.711+0000] {processor.py:161} INFO - Started process (PID=194) to work on /opt/airflow/dags/pipeline.py
[2026-04-08T15:17:47.714+0000] {processor.py:830} INFO - Processing file /opt/airflow/dags/pipeline.py for tasks to queue
[2026-04-08T15:17:47.718+0000] {logging_mixin.py:188} INFO - [2026-04-08T15:17:47.716+0000] {dagbag.py:545} INFO - Filling up the DagBag from /opt/airflow/dags/pipeline.py
[2026-04-08T15:17:49.180+0000] {processor.py:840} INFO - DAG(s) 'pipeline' retrieved from /opt/airflow/dags/pipeline.py
[2026-04-08T15:17:49.394+0000] {logging_mixin.py:188} INFO - [2026-04-08T15:17:49.394+0000] {dag.py:3089} INFO - Sync 1 DAGs
[2026-04-08T15:17:49.429+0000] {logging_mixin.py:188} INFO - [2026-04-08T15:17:49.429+0000] {dag.py:3947} INFO - Setting next_dagrun for pipeline to 2026-04-08 00:00:00+00:00, run_after=2026-04-09 00:00:00+00:00
[2026-04-08T15:17:49.471+0000] {processor.py:183} INFO - Processing /opt/airflow/dags/pipeline.py took 1.775 seconds
[2026-04-08T15:18:19.987+0000] {processor.py:161} INFO - Started process (PID=206) to work on /opt/airflow/dags/pipeline.py
[2026-04-08T15:18:19.989+0000] {processor.py:830} INFO - Processing file /opt/airflow/dags/pipeline.py for tasks to queue
[2026-04-08T15:18:19.992+0000] {logging_mixin.py:188} INFO - [2026-04-08T15:18:19.991+0000] {dagbag.py:545} INFO - Filling up the DagBag from /opt/airflow/dags/pipeline.py
[2026-04-08T15:18:21.290+0000] {processor.py:840} INFO - DAG(s) 'pipeline' retrieved from /opt/airflow/dags/pipeline.py
[2026-04-08T15:18:21.379+0000] {logging_mixin.py:188} INFO - [2026-04-08T15:18:21.379+0000] {dag.py:3089} INFO - Sync 1 DAGs
[2026-04-08T15:18:21.419+0000] {logging_mixin.py:188} INFO - [2026-04-08T15:18:21.419+0000] {dag.py:3947} INFO - Setting next_dagrun for pipeline to 2026-04-08 00:00:00+00:00, run_after=2026-04-09 00:00:00+00:00
[2026-04-08T15:18:21.462+0000] {processor.py:183} INFO - Processing /opt/airflow/dags/pipeline.py took 1.487 seconds
[2026-04-08T15:18:51.905+0000] {processor.py:161} INFO - Started process (PID=220) to work on /opt/airflow/dags/pipeline.py
[2026-04-08T15:18:51.907+0000] {processor.py:830} INFO - Processing file /opt/airflow/dags/pipeline.py for tasks to queue
[2026-04-08T15:18:51.911+0000] {logging_mixin.py:188} INFO - [2026-04-08T15:18:51.910+0000] {dagbag.py:545} INFO - Filling up the DagBag from /opt/airflow/dags/pipeline.py
[2026-04-08T15:18:52.703+0000] {processor.py:840} INFO - DAG(s) 'pipeline' retrieved from /opt/airflow/dags/pipeline.py
[2026-04-08T15:18:52.792+0000] {logging_mixin.py:188} INFO - [2026-04-08T15:18:52.792+0000] {dag.py:3089} INFO - Sync 1 DAGs
[2026-04-08T15:18:52.834+0000] {logging_mixin.py:188} INFO - [2026-04-08T15:18:52.833+0000] {dag.py:3947} INFO - Setting next_dagrun for pipeline to 2026-04-08 00:00:00+00:00, run_after=2026-04-09 00:00:00+00:00
[2026-04-08T15:18:52.885+0000] {processor.py:183} INFO - Processing /opt/airflow/dags/pipeline.py took 0.990 seconds
[2026-04-08T15:19:23.735+0000] {processor.py:161} INFO - Started process (PID=230) to work on /opt/airflow/dags/pipeline.py
[2026-04-08T15:19:23.737+0000] {processor.py:830} INFO - Processing file /opt/airflow/dags/pipeline.py for tasks to queue
[2026-04-08T15:19:23.747+0000] {logging_mixin.py:188} INFO - [2026-04-08T15:19:23.746+0000] {dagbag.py:545} INFO - Filling up the DagBag from /opt/airflow/dags/pipeline.py
[2026-04-08T15:19:24.679+0000] {processor.py:840} INFO - DAG(s) 'pipeline' retrieved from /opt/airflow/dags/pipeline.py
[2026-04-08T15:19:24.764+0000] {logging_mixin.py:188} INFO - [2026-04-08T15:19:24.764+0000] {dag.py:3089} INFO - Sync 1 DAGs
[2026-04-08T15:19:24.808+0000] {logging_mixin.py:188} INFO - [2026-04-08T15:19:24.807+0000] {dag.py:3947} INFO - Setting next_dagrun for pipeline to 2026-04-08 00:00:00+00:00, run_after=2026-04-09 00:00:00+00:00
[2026-04-08T15:19:24.853+0000] {processor.py:183} INFO - Processing /opt/airflow/dags/pipeline.py took 1.133 seconds
[2026-04-08T15:19:55.073+0000] {processor.py:161} INFO - Started process (PID=240) to work on /opt/airflow/dags/pipeline.py
[2026-04-08T15:19:55.075+0000] {processor.py:830} INFO - Processing file /opt/airflow/dags/pipeline.py for tasks to queue
[2026-04-08T15:19:55.080+0000] {logging_mixin.py:188} INFO - [2026-04-08T15:19:55.079+0000] {dagbag.py:545} INFO - Filling up the DagBag from /opt/airflow/dags/pipeline.py
[2026-04-08T15:19:55.863+0000] {processor.py:840} INFO - DAG(s) 'pipeline' retrieved from /opt/airflow/dags/pipeline.py
[2026-04-08T15:19:55.948+0000] {logging_mixin.py:188} INFO - [2026-04-08T15:19:55.948+0000] {dag.py:3089} INFO - Sync 1 DAGs
[2026-04-08T15:19:55.995+0000] {logging_mixin.py:188} INFO - [2026-04-08T15:19:55.995+0000] {dag.py:3947} INFO - Setting next_dagrun for pipeline to 2026-04-08 00:00:00+00:00, run_after=2026-04-09 00:00:00+00:00
[2026-04-08T15:19:56.049+0000] {processor.py:183} INFO - Processing /opt/airflow/dags/pipeline.py took 0.993 seconds
[2026-04-08T15:20:26.229+0000] {processor.py:161} INFO - Started process (PID=250) to work on /opt/airflow/dags/pipeline.py
[2026-04-08T15:20:26.232+0000] {processor.py:830} INFO - Processing file /opt/airflow/dags/pipeline.py for tasks to queue
[2026-04-08T15:20:26.236+0000] {logging_mixin.py:188} INFO - [2026-04-08T15:20:26.236+0000] {dagbag.py:545} INFO - Filling up the DagBag from /opt/airflow/dags/pipeline.py
[2026-04-08T15:20:26.888+0000] {processor.py:840} INFO - DAG(s) 'pipeline' retrieved from /opt/airflow/dags/pipeline.py
[2026-04-08T15:20:26.974+0000] {logging_mixin.py:188} INFO - [2026-04-08T15:20:26.974+0000] {dag.py:3089} INFO - Sync 1 DAGs
[2026-04-08T15:20:27.016+0000] {logging_mixin.py:188} INFO - [2026-04-08T15:20:27.015+0000] {dag.py:3947} INFO - Setting next_dagrun for pipeline to 2026-04-08 00:00:00+00:00, run_after=2026-04-09 00:00:00+00:00
[2026-04-08T15:20:27.067+0000] {processor.py:183} INFO - Processing /opt/airflow/dags/pipeline.py took 0.871 seconds
[2026-04-08T15:20:57.834+0000] {processor.py:161} INFO - Started process (PID=260) to work on /opt/airflow/dags/pipeline.py
[2026-04-08T15:20:57.841+0000] {processor.py:830} INFO - Processing file /opt/airflow/dags/pipeline.py for tasks to queue
[2026-04-08T15:20:57.847+0000] {logging_mixin.py:188} INFO - [2026-04-08T15:20:57.845+0000] {dagbag.py:545} INFO - Filling up the DagBag from /opt/airflow/dags/pipeline.py
[2026-04-08T15:20:58.483+0000] {processor.py:840} INFO - DAG(s) 'pipeline' retrieved from /opt/airflow/dags/pipeline.py
[2026-04-08T15:20:58.592+0000] {logging_mixin.py:188} INFO - [2026-04-08T15:20:58.591+0000] {dag.py:3089} INFO - Sync 1 DAGs
[2026-04-08T15:20:58.637+0000] {logging_mixin.py:188} INFO - [2026-04-08T15:20:58.637+0000] {dag.py:3947} INFO - Setting next_dagrun for pipeline to 2026-04-08 00:00:00+00:00, run_after=2026-04-09 00:00:00+00:00
[2026-04-08T15:20:58.707+0000] {processor.py:183} INFO - Processing /opt/airflow/dags/pipeline.py took 0.894 seconds
[2026-04-08T15:21:28.815+0000] {processor.py:161} INFO - Started process (PID=270) to work on /opt/airflow/dags/pipeline.py
[2026-04-08T15:21:28.816+0000] {processor.py:830} INFO - Processing file /opt/airflow/dags/pipeline.py for tasks to queue
[2026-04-08T15:21:28.820+0000] {logging_mixin.py:188} INFO - [2026-04-08T15:21:28.819+0000] {dagbag.py:545} INFO - Filling up the DagBag from /opt/airflow/dags/pipeline.py
[2026-04-08T15:21:29.585+0000] {processor.py:840} INFO - DAG(s) 'pipeline' retrieved from /opt/airflow/dags/pipeline.py
[2026-04-08T15:21:29.671+0000] {logging_mixin.py:188} INFO - [2026-04-08T15:21:29.671+0000] {dag.py:3089} INFO - Sync 1 DAGs
[2026-04-08T15:21:29.713+0000] {logging_mixin.py:188} INFO - [2026-04-08T15:21:29.713+0000] {dag.py:3947} INFO - Setting next_dagrun for pipeline to 2026-04-08 00:00:00+00:00, run_after=2026-04-09 00:00:00+00:00
[2026-04-08T15:21:29.763+0000] {processor.py:183} INFO - Processing /opt/airflow/dags/pipeline.py took 0.959 seconds
[2026-04-08T15:22:00.496+0000] {processor.py:161} INFO - Started process (PID=280) to work on /opt/airflow/dags/pipeline.py
[2026-04-08T15:22:00.499+0000] {processor.py:830} INFO - Processing file /opt/airflow/dags/pipeline.py for tasks to queue
[2026-04-08T15:22:00.504+0000] {logging_mixin.py:188} INFO - [2026-04-08T15:22:00.503+0000] {dagbag.py:545} INFO - Filling up the DagBag from /opt/airflow/dags/pipeline.py
[2026-04-08T15:22:02.742+0000] {processor.py:840} INFO - DAG(s) 'pipeline' retrieved from /opt/airflow/dags/pipeline.py
[2026-04-08T15:22:02.936+0000] {logging_mixin.py:188} INFO - [2026-04-08T15:22:02.936+0000] {dag.py:3089} INFO - Sync 1 DAGs
[2026-04-08T15:22:03.058+0000] {logging_mixin.py:188} INFO - [2026-04-08T15:22:03.058+0000] {dag.py:3947} INFO - Setting next_dagrun for pipeline to 2026-04-08 00:00:00+00:00, run_after=2026-04-09 00:00:00+00:00
[2026-04-08T15:22:03.169+0000] {processor.py:183} INFO - Processing /opt/airflow/dags/pipeline.py took 2.689 seconds
[2026-04-08T15:22:33.288+0000] {processor.py:161} INFO - Started process (PID=290) to work on /opt/airflow/dags/pipeline.py
[2026-04-08T15:22:33.290+0000] {processor.py:830} INFO - Processing file /opt/airflow/dags/pipeline.py for tasks to queue
[2026-04-08T15:22:33.294+0000] {logging_mixin.py:188} INFO - [2026-04-08T15:22:33.293+0000] {dagbag.py:545} INFO - Filling up the DagBag from /opt/airflow/dags/pipeline.py
[2026-04-08T15:22:34.028+0000] {processor.py:840} INFO - DAG(s) 'pipeline' retrieved from /opt/airflow/dags/pipeline.py
[2026-04-08T15:22:34.175+0000] {logging_mixin.py:188} INFO - [2026-04-08T15:22:34.174+0000] {dag.py:3089} INFO - Sync 1 DAGs
[2026-04-08T15:22:34.239+0000] {logging_mixin.py:188} INFO - [2026-04-08T15:22:34.239+0000] {dag.py:3947} INFO - Setting next_dagrun for pipeline to 2026-04-08 00:00:00+00:00, run_after=2026-04-09 00:00:00+00:00
[2026-04-08T15:22:34.289+0000] {processor.py:183} INFO - Processing /opt/airflow/dags/pipeline.py took 1.018 seconds
[2026-04-08T15:23:04.715+0000] {processor.py:161} INFO - Started process (PID=300) to work on /opt/airflow/dags/pipeline.py
[2026-04-08T15:23:04.718+0000] {processor.py:830} INFO - Processing file /opt/airflow/dags/pipeline.py for tasks to queue
[2026-04-08T15:23:04.723+0000] {logging_mixin.py:188} INFO - [2026-04-08T15:23:04.722+0000] {dagbag.py:545} INFO - Filling up the DagBag from /opt/airflow/dags/pipeline.py
[2026-04-08T15:23:05.536+0000] {processor.py:840} INFO - DAG(s) 'pipeline' retrieved from /opt/airflow/dags/pipeline.py
[2026-04-08T15:23:05.669+0000] {logging_mixin.py:188} INFO - [2026-04-08T15:23:05.669+0000] {dag.py:3089} INFO - Sync 1 DAGs
[2026-04-08T15:23:05.743+0000] {logging_mixin.py:188} INFO - [2026-04-08T15:23:05.742+0000] {dag.py:3947} INFO - Setting next_dagrun for pipeline to 2026-04-08 00:00:00+00:00, run_after=2026-04-09 00:00:00+00:00
[2026-04-08T15:23:05.810+0000] {processor.py:183} INFO - Processing /opt/airflow/dags/pipeline.py took 1.113 seconds
[2026-04-08T15:23:36.544+0000] {processor.py:161} INFO - Started process (PID=310) to work on /opt/airflow/dags/pipeline.py
[2026-04-08T15:23:36.547+0000] {processor.py:830} INFO - Processing file /opt/airflow/dags/pipeline.py for tasks to queue
[2026-04-08T15:23:36.550+0000] {logging_mixin.py:188} INFO - [2026-04-08T15:23:36.549+0000] {dagbag.py:545} INFO - Filling up the DagBag from /opt/airflow/dags/pipeline.py
[2026-04-08T15:23:37.477+0000] {processor.py:840} INFO - DAG(s) 'pipeline' retrieved from /opt/airflow/dags/pipeline.py
[2026-04-08T15:23:37.592+0000] {logging_mixin.py:188} INFO - [2026-04-08T15:23:37.591+0000] {dag.py:3089} INFO - Sync 1 DAGs
[2026-04-08T15:23:37.644+0000] {logging_mixin.py:188} INFO - [2026-04-08T15:23:37.643+0000] {dag.py:3947} INFO - Setting next_dagrun for pipeline to 2026-04-08 00:00:00+00:00, run_after=2026-04-09 00:00:00+00:00
[2026-04-08T15:23:37.695+0000] {processor.py:183} INFO - Processing /opt/airflow/dags/pipeline.py took 1.169 seconds
[2026-04-08T15:24:08.507+0000] {processor.py:161} INFO - Started process (PID=320) to work on /opt/airflow/dags/pipeline.py
[2026-04-08T15:24:08.512+0000] {processor.py:830} INFO - Processing file /opt/airflow/dags/pipeline.py for tasks to queue
[2026-04-08T15:24:08.530+0000] {logging_mixin.py:188} INFO - [2026-04-08T15:24:08.529+0000] {dagbag.py:545} INFO - Filling up the DagBag from /opt/airflow/dags/pipeline.py
[2026-04-08T15:24:09.167+0000] {processor.py:840} INFO - DAG(s) 'pipeline' retrieved from /opt/airflow/dags/pipeline.py
[2026-04-08T15:24:09.256+0000] {logging_mixin.py:188} INFO - [2026-04-08T15:24:09.255+0000] {dag.py:3089} INFO - Sync 1 DAGs
[2026-04-08T15:24:09.294+0000] {logging_mixin.py:188} INFO - [2026-04-08T15:24:09.294+0000] {dag.py:3947} INFO - Setting next_dagrun for pipeline to 2026-04-08 00:00:00+00:00, run_after=2026-04-09 00:00:00+00:00
[2026-04-08T15:24:09.334+0000] {processor.py:183} INFO - Processing /opt/airflow/dags/pipeline.py took 0.858 seconds
[2026-04-08T15:26:52.774+0000] {processor.py:161} INFO - Started process (PID=184) to work on /opt/airflow/dags/pipeline.py
[2026-04-08T15:26:52.780+0000] {processor.py:830} INFO - Processing file /opt/airflow/dags/pipeline.py for tasks to queue
[2026-04-08T15:26:52.809+0000] {logging_mixin.py:188} INFO - [2026-04-08T15:26:52.808+0000] {dagbag.py:545} INFO - Filling up the DagBag from /opt/airflow/dags/pipeline.py
[2026-04-08T15:26:54.836+0000] {processor.py:840} INFO - DAG(s) 'pipeline' retrieved from /opt/airflow/dags/pipeline.py
[2026-04-08T15:26:54.927+0000] {logging_mixin.py:188} INFO - [2026-04-08T15:26:54.927+0000] {dag.py:3089} INFO - Sync 1 DAGs
[2026-04-08T15:26:54.974+0000] {logging_mixin.py:188} INFO - [2026-04-08T15:26:54.973+0000] {dag.py:3947} INFO - Setting next_dagrun for pipeline to 2026-04-08 00:00:00+00:00, run_after=2026-04-09 00:00:00+00:00
[2026-04-08T15:26:55.032+0000] {processor.py:183} INFO - Processing /opt/airflow/dags/pipeline.py took 2.299 seconds
[2026-04-08T15:27:25.621+0000] {processor.py:161} INFO - Started process (PID=194) to work on /opt/airflow/dags/pipeline.py
[2026-04-08T15:27:25.623+0000] {processor.py:830} INFO - Processing file /opt/airflow/dags/pipeline.py for tasks to queue
[2026-04-08T15:27:25.631+0000] {logging_mixin.py:188} INFO - [2026-04-08T15:27:25.631+0000] {dagbag.py:545} INFO - Filling up the DagBag from /opt/airflow/dags/pipeline.py
[2026-04-08T15:27:27.441+0000] {processor.py:840} INFO - DAG(s) 'pipeline' retrieved from /opt/airflow/dags/pipeline.py
[2026-04-08T15:27:27.675+0000] {logging_mixin.py:188} INFO - [2026-04-08T15:27:27.675+0000] {dag.py:3089} INFO - Sync 1 DAGs
[2026-04-08T15:27:27.725+0000] {logging_mixin.py:188} INFO - [2026-04-08T15:27:27.724+0000] {dag.py:3947} INFO - Setting next_dagrun for pipeline to 2026-04-08 00:00:00+00:00, run_after=2026-04-09 00:00:00+00:00
[2026-04-08T15:27:27.786+0000] {processor.py:183} INFO - Processing /opt/airflow/dags/pipeline.py took 2.204 seconds
[2026-04-08T15:27:58.317+0000] {processor.py:161} INFO - Started process (PID=206) to work on /opt/airflow/dags/pipeline.py
[2026-04-08T15:27:58.318+0000] {processor.py:830} INFO - Processing file /opt/airflow/dags/pipeline.py for tasks to queue
[2026-04-08T15:27:58.324+0000] {logging_mixin.py:188} INFO - [2026-04-08T15:27:58.322+0000] {dagbag.py:545} INFO - Filling up the DagBag from /opt/airflow/dags/pipeline.py
[2026-04-08T15:27:59.792+0000] {processor.py:840} INFO - DAG(s) 'pipeline' retrieved from /opt/airflow/dags/pipeline.py
[2026-04-08T15:27:59.968+0000] {logging_mixin.py:188} INFO - [2026-04-08T15:27:59.968+0000] {dag.py:3089} INFO - Sync 1 DAGs
[2026-04-08T15:28:00.068+0000] {logging_mixin.py:188} INFO - [2026-04-08T15:28:00.068+0000] {dag.py:3947} INFO - Setting next_dagrun for pipeline to 2026-04-08 00:00:00+00:00, run_after=2026-04-09 00:00:00+00:00
[2026-04-08T15:28:00.152+0000] {processor.py:183} INFO - Processing /opt/airflow/dags/pipeline.py took 1.850 seconds
[2026-04-08T15:28:31.120+0000] {processor.py:161} INFO - Started process (PID=218) to work on /opt/airflow/dags/pipeline.py
[2026-04-08T15:28:31.122+0000] {processor.py:830} INFO - Processing file /opt/airflow/dags/pipeline.py for tasks to queue
[2026-04-08T15:28:31.128+0000] {logging_mixin.py:188} INFO - [2026-04-08T15:28:31.127+0000] {dagbag.py:545} INFO - Filling up the DagBag from /opt/airflow/dags/pipeline.py
[2026-04-08T15:28:32.321+0000] {processor.py:840} INFO - DAG(s) 'pipeline' retrieved from /opt/airflow/dags/pipeline.py
[2026-04-08T15:28:32.411+0000] {logging_mixin.py:188} INFO - [2026-04-08T15:28:32.411+0000] {dag.py:3089} INFO - Sync 1 DAGs
[2026-04-08T15:28:32.462+0000] {logging_mixin.py:188} INFO - [2026-04-08T15:28:32.461+0000] {dag.py:3947} INFO - Setting next_dagrun for pipeline to 2026-04-08 00:00:00+00:00, run_after=2026-04-09 00:00:00+00:00
[2026-04-08T15:28:32.549+0000] {processor.py:183} INFO - Processing /opt/airflow/dags/pipeline.py took 1.459 seconds
[2026-04-08T15:29:03.011+0000] {processor.py:161} INFO - Started process (PID=228) to work on /opt/airflow/dags/pipeline.py
[2026-04-08T15:29:03.017+0000] {processor.py:830} INFO - Processing file /opt/airflow/dags/pipeline.py for tasks to queue
[2026-04-08T15:29:03.029+0000] {logging_mixin.py:188} INFO - [2026-04-08T15:29:03.027+0000] {dagbag.py:545} INFO - Filling up the DagBag from /opt/airflow/dags/pipeline.py
[2026-04-08T15:29:04.167+0000] {processor.py:840} INFO - DAG(s) 'pipeline' retrieved from /opt/airflow/dags/pipeline.py
[2026-04-08T15:29:04.266+0000] {logging_mixin.py:188} INFO - [2026-04-08T15:29:04.266+0000] {dag.py:3089} INFO - Sync 1 DAGs
[2026-04-08T15:29:04.320+0000] {logging_mixin.py:188} INFO - [2026-04-08T15:29:04.319+0000] {dag.py:3947} INFO - Setting next_dagrun for pipeline to 2026-04-08 00:00:00+00:00, run_after=2026-04-09 00:00:00+00:00
[2026-04-08T15:29:04.378+0000] {processor.py:183} INFO - Processing /opt/airflow/dags/pipeline.py took 1.418 seconds
[2026-04-08T15:29:35.048+0000] {processor.py:161} INFO - Started process (PID=238) to work on /opt/airflow/dags/pipeline.py
[2026-04-08T15:29:35.055+0000] {processor.py:830} INFO - Processing file /opt/airflow/dags/pipeline.py for tasks to queue
[2026-04-08T15:29:35.070+0000] {logging_mixin.py:188} INFO - [2026-04-08T15:29:35.068+0000] {dagbag.py:545} INFO - Filling up the DagBag from /opt/airflow/dags/pipeline.py
[2026-04-08T15:29:35.954+0000] {processor.py:840} INFO - DAG(s) 'pipeline' retrieved from /opt/airflow/dags/pipeline.py
[2026-04-08T15:29:36.325+0000] {logging_mixin.py:188} INFO - [2026-04-08T15:29:36.325+0000] {dag.py:3089} INFO - Sync 1 DAGs
[2026-04-08T15:29:36.379+0000] {logging_mixin.py:188} INFO - [2026-04-08T15:29:36.379+0000] {dag.py:3947} INFO - Setting next_dagrun for pipeline to 2026-04-08 00:00:00+00:00, run_after=2026-04-09 00:00:00+00:00
[2026-04-08T15:29:36.426+0000] {processor.py:183} INFO - Processing /opt/airflow/dags/pipeline.py took 1.424 seconds
[2026-04-08T15:30:07.100+0000] {processor.py:161} INFO - Started process (PID=248) to work on /opt/airflow/dags/pipeline.py
[2026-04-08T15:30:07.102+0000] {processor.py:830} INFO - Processing file /opt/airflow/dags/pipeline.py for tasks to queue
[2026-04-08T15:30:07.106+0000] {logging_mixin.py:188} INFO - [2026-04-08T15:30:07.105+0000] {dagbag.py:545} INFO - Filling up the DagBag from /opt/airflow/dags/pipeline.py
[2026-04-08T15:30:07.708+0000] {processor.py:840} INFO - DAG(s) 'pipeline' retrieved from /opt/airflow/dags/pipeline.py
[2026-04-08T15:30:07.811+0000] {logging_mixin.py:188} INFO - [2026-04-08T15:30:07.811+0000] {dag.py:3089} INFO - Sync 1 DAGs
[2026-04-08T15:30:07.866+0000] {logging_mixin.py:188} INFO - [2026-04-08T15:30:07.866+0000] {dag.py:3947} INFO - Setting next_dagrun for pipeline to 2026-04-08 00:00:00+00:00, run_after=2026-04-09 00:00:00+00:00
[2026-04-08T15:30:07.918+0000] {processor.py:183} INFO - Processing /opt/airflow/dags/pipeline.py took 0.833 seconds
[2026-04-08T15:30:38.008+0000] {processor.py:161} INFO - Started process (PID=258) to work on /opt/airflow/dags/pipeline.py
[2026-04-08T15:30:38.010+0000] {processor.py:830} INFO - Processing file /opt/airflow/dags/pipeline.py for tasks to queue
[2026-04-08T15:30:38.017+0000] {logging_mixin.py:188} INFO - [2026-04-08T15:30:38.016+0000] {dagbag.py:545} INFO - Filling up the DagBag from /opt/airflow/dags/pipeline.py
[2026-04-08T15:30:38.723+0000] {processor.py:840} INFO - DAG(s) 'pipeline' retrieved from /opt/airflow/dags/pipeline.py
[2026-04-08T15:30:38.814+0000] {logging_mixin.py:188} INFO - [2026-04-08T15:30:38.814+0000] {dag.py:3089} INFO - Sync 1 DAGs
[2026-04-08T15:30:38.869+0000] {logging_mixin.py:188} INFO - [2026-04-08T15:30:38.869+0000] {dag.py:3947} INFO - Setting next_dagrun for pipeline to 2026-04-08 00:00:00+00:00, run_after=2026-04-09 00:00:00+00:00
[2026-04-08T15:30:38.943+0000] {processor.py:183} INFO - Processing /opt/airflow/dags/pipeline.py took 0.951 seconds
[2026-04-08T15:31:09.641+0000] {processor.py:161} INFO - Started process (PID=268) to work on /opt/airflow/dags/pipeline.py
[2026-04-08T15:31:09.643+0000] {processor.py:830} INFO - Processing file /opt/airflow/dags/pipeline.py for tasks to queue
[2026-04-08T15:31:09.646+0000] {logging_mixin.py:188} INFO - [2026-04-08T15:31:09.645+0000] {dagbag.py:545} INFO - Filling up the DagBag from /opt/airflow/dags/pipeline.py
[2026-04-08T15:31:10.194+0000] {processor.py:840} INFO - DAG(s) 'pipeline' retrieved from /opt/airflow/dags/pipeline.py
[2026-04-08T15:31:10.307+0000] {logging_mixin.py:188} INFO - [2026-04-08T15:31:10.306+0000] {dag.py:3089} INFO - Sync 1 DAGs
[2026-04-08T15:31:10.351+0000] {logging_mixin.py:188} INFO - [2026-04-08T15:31:10.351+0000] {dag.py:3947} INFO - Setting next_dagrun for pipeline to 2026-04-08 00:00:00+00:00, run_after=2026-04-09 00:00:00+00:00
[2026-04-08T15:31:10.394+0000] {processor.py:183} INFO - Processing /opt/airflow/dags/pipeline.py took 0.763 seconds
[2026-04-08T15:31:40.614+0000] {processor.py:161} INFO - Started process (PID=278) to work on /opt/airflow/dags/pipeline.py
[2026-04-08T15:31:40.619+0000] {processor.py:830} INFO - Processing file /opt/airflow/dags/pipeline.py for tasks to queue
[2026-04-08T15:31:40.624+0000] {logging_mixin.py:188} INFO - [2026-04-08T15:31:40.624+0000] {dagbag.py:545} INFO - Filling up the DagBag from /opt/airflow/dags/pipeline.py
[2026-04-08T15:31:41.336+0000] {processor.py:840} INFO - DAG(s) 'pipeline' retrieved from /opt/airflow/dags/pipeline.py
[2026-04-08T15:31:41.434+0000] {logging_mixin.py:188} INFO - [2026-04-08T15:31:41.434+0000] {dag.py:3089} INFO - Sync 1 DAGs
[2026-04-08T15:31:41.492+0000] {logging_mixin.py:188} INFO - [2026-04-08T15:31:41.491+0000] {dag.py:3947} INFO - Setting next_dagrun for pipeline to 2026-04-08 00:00:00+00:00, run_after=2026-04-09 00:00:00+00:00
[2026-04-08T15:31:41.557+0000] {processor.py:183} INFO - Processing /opt/airflow/dags/pipeline.py took 0.961 seconds
[2026-04-08T15:32:11.741+0000] {processor.py:161} INFO - Started process (PID=288) to work on /opt/airflow/dags/pipeline.py
[2026-04-08T15:32:11.744+0000] {processor.py:830} INFO - Processing file /opt/airflow/dags/pipeline.py for tasks to queue
[2026-04-08T15:32:11.759+0000] {logging_mixin.py:188} INFO - [2026-04-08T15:32:11.758+0000] {dagbag.py:545} INFO - Filling up the DagBag from /opt/airflow/dags/pipeline.py
[2026-04-08T15:32:12.798+0000] {processor.py:840} INFO - DAG(s) 'pipeline' retrieved from /opt/airflow/dags/pipeline.py
[2026-04-08T15:32:12.917+0000] {logging_mixin.py:188} INFO - [2026-04-08T15:32:12.916+0000] {dag.py:3089} INFO - Sync 1 DAGs
[2026-04-08T15:32:12.969+0000] {logging_mixin.py:188} INFO - [2026-04-08T15:32:12.969+0000] {dag.py:3947} INFO - Setting next_dagrun for pipeline to 2026-04-08 00:00:00+00:00, run_after=2026-04-09 00:00:00+00:00
[2026-04-08T15:32:13.027+0000] {processor.py:183} INFO - Processing /opt/airflow/dags/pipeline.py took 1.301 seconds
[2026-04-08T15:32:43.733+0000] {processor.py:161} INFO - Started process (PID=300) to work on /opt/airflow/dags/pipeline.py
[2026-04-08T15:32:43.735+0000] {processor.py:830} INFO - Processing file /opt/airflow/dags/pipeline.py for tasks to queue
[2026-04-08T15:32:43.737+0000] {logging_mixin.py:188} INFO - [2026-04-08T15:32:43.737+0000] {dagbag.py:545} INFO - Filling up the DagBag from /opt/airflow/dags/pipeline.py
[2026-04-08T15:32:44.540+0000] {processor.py:840} INFO - DAG(s) 'pipeline' retrieved from /opt/airflow/dags/pipeline.py
[2026-04-08T15:32:44.644+0000] {logging_mixin.py:188} INFO - [2026-04-08T15:32:44.644+0000] {dag.py:3089} INFO - Sync 1 DAGs
[2026-04-08T15:32:44.696+0000] {logging_mixin.py:188} INFO - [2026-04-08T15:32:44.695+0000] {dag.py:3947} INFO - Setting next_dagrun for pipeline to 2026-04-08 00:00:00+00:00, run_after=2026-04-09 00:00:00+00:00
[2026-04-08T15:32:44.746+0000] {processor.py:183} INFO - Processing /opt/airflow/dags/pipeline.py took 1.022 seconds
[2026-04-08T15:33:15.614+0000] {processor.py:161} INFO - Started process (PID=310) to work on /opt/airflow/dags/pipeline.py
[2026-04-08T15:33:15.621+0000] {processor.py:830} INFO - Processing file /opt/airflow/dags/pipeline.py for tasks to queue
[2026-04-08T15:33:15.630+0000] {logging_mixin.py:188} INFO - [2026-04-08T15:33:15.628+0000] {dagbag.py:545} INFO - Filling up the DagBag from /opt/airflow/dags/pipeline.py
[2026-04-08T15:33:16.471+0000] {processor.py:840} INFO - DAG(s) 'pipeline' retrieved from /opt/airflow/dags/pipeline.py
[2026-04-08T15:33:16.666+0000] {logging_mixin.py:188} INFO - [2026-04-08T15:33:16.665+0000] {dag.py:3089} INFO - Sync 1 DAGs
[2026-04-08T15:33:16.727+0000] {logging_mixin.py:188} INFO - [2026-04-08T15:33:16.727+0000] {dag.py:3947} INFO - Setting next_dagrun for pipeline to 2026-04-08 00:00:00+00:00, run_after=2026-04-09 00:00:00+00:00
[2026-04-08T15:33:16.796+0000] {processor.py:183} INFO - Processing /opt/airflow/dags/pipeline.py took 1.218 seconds
[2026-04-08T15:33:47.536+0000] {processor.py:161} INFO - Started process (PID=322) to work on /opt/airflow/dags/pipeline.py
[2026-04-08T15:33:47.539+0000] {processor.py:830} INFO - Processing file /opt/airflow/dags/pipeline.py for tasks to queue
[2026-04-08T15:33:47.545+0000] {logging_mixin.py:188} INFO - [2026-04-08T15:33:47.544+0000] {dagbag.py:545} INFO - Filling up the DagBag from /opt/airflow/dags/pipeline.py
[2026-04-08T15:33:48.378+0000] {processor.py:840} INFO - DAG(s) 'pipeline' retrieved from /opt/airflow/dags/pipeline.py
[2026-04-08T15:33:48.461+0000] {logging_mixin.py:188} INFO - [2026-04-08T15:33:48.461+0000] {dag.py:3089} INFO - Sync 1 DAGs
[2026-04-08T15:33:48.499+0000] {logging_mixin.py:188} INFO - [2026-04-08T15:33:48.499+0000] {dag.py:3947} INFO - Setting next_dagrun for pipeline to 2026-04-08 00:00:00+00:00, run_after=2026-04-09 00:00:00+00:00
[2026-04-08T15:33:48.541+0000] {processor.py:183} INFO - Processing /opt/airflow/dags/pipeline.py took 1.019 seconds
[2026-04-08T15:34:18.701+0000] {processor.py:161} INFO - Started process (PID=332) to work on /opt/airflow/dags/pipeline.py
[2026-04-08T15:34:18.704+0000] {processor.py:830} INFO - Processing file /opt/airflow/dags/pipeline.py for tasks to queue
[2026-04-08T15:34:18.708+0000] {logging_mixin.py:188} INFO - [2026-04-08T15:34:18.707+0000] {dagbag.py:545} INFO - Filling up the DagBag from /opt/airflow/dags/pipeline.py
[2026-04-08T15:34:19.571+0000] {processor.py:840} INFO - DAG(s) 'pipeline' retrieved from /opt/airflow/dags/pipeline.py
[2026-04-08T15:34:19.813+0000] {logging_mixin.py:188} INFO - [2026-04-08T15:34:19.813+0000] {dag.py:3089} INFO - Sync 1 DAGs
[2026-04-08T15:34:19.866+0000] {logging_mixin.py:188} INFO - [2026-04-08T15:34:19.866+0000] {dag.py:3947} INFO - Setting next_dagrun for pipeline to 2026-04-08 00:00:00+00:00, run_after=2026-04-09 00:00:00+00:00
[2026-04-08T15:34:19.935+0000] {processor.py:183} INFO - Processing /opt/airflow/dags/pipeline.py took 1.253 seconds
[2026-04-08T15:34:50.177+0000] {processor.py:161} INFO - Started process (PID=342) to work on /opt/airflow/dags/pipeline.py
[2026-04-08T15:34:50.181+0000] {processor.py:830} INFO - Processing file /opt/airflow/dags/pipeline.py for tasks to queue
[2026-04-08T15:34:50.186+0000] {logging_mixin.py:188} INFO - [2026-04-08T15:34:50.185+0000] {dagbag.py:545} INFO - Filling up the DagBag from /opt/airflow/dags/pipeline.py
[2026-04-08T15:34:51.596+0000] {processor.py:840} INFO - DAG(s) 'pipeline' retrieved from /opt/airflow/dags/pipeline.py
[2026-04-08T15:34:51.816+0000] {logging_mixin.py:188} INFO - [2026-04-08T15:34:51.816+0000] {dag.py:3089} INFO - Sync 1 DAGs
[2026-04-08T15:34:51.890+0000] {logging_mixin.py:188} INFO - [2026-04-08T15:34:51.889+0000] {dag.py:3947} INFO - Setting next_dagrun for pipeline to 2026-04-08 00:00:00+00:00, run_after=2026-04-09 00:00:00+00:00
[2026-04-08T15:34:51.950+0000] {processor.py:183} INFO - Processing /opt/airflow/dags/pipeline.py took 1.804 seconds
[2026-04-08T15:35:22.426+0000] {processor.py:161} INFO - Started process (PID=352) to work on /opt/airflow/dags/pipeline.py
[2026-04-08T15:35:22.433+0000] {processor.py:830} INFO - Processing file /opt/airflow/dags/pipeline.py for tasks to queue
[2026-04-08T15:35:22.440+0000] {logging_mixin.py:188} INFO - [2026-04-08T15:35:22.439+0000] {dagbag.py:545} INFO - Filling up the DagBag from /opt/airflow/dags/pipeline.py
[2026-04-08T15:35:23.348+0000] {processor.py:840} INFO - DAG(s) 'pipeline' retrieved from /opt/airflow/dags/pipeline.py
[2026-04-08T15:35:23.436+0000] {logging_mixin.py:188} INFO - [2026-04-08T15:35:23.436+0000] {dag.py:3089} INFO - Sync 1 DAGs
[2026-04-08T15:35:23.487+0000] {logging_mixin.py:188} INFO - [2026-04-08T15:35:23.486+0000] {dag.py:3947} INFO - Setting next_dagrun for pipeline to 2026-04-08 00:00:00+00:00, run_after=2026-04-09 00:00:00+00:00
[2026-04-08T15:35:23.534+0000] {processor.py:183} INFO - Processing /opt/airflow/dags/pipeline.py took 1.136 seconds
[2026-04-08T15:35:54.218+0000] {processor.py:161} INFO - Started process (PID=362) to work on /opt/airflow/dags/pipeline.py
[2026-04-08T15:35:54.220+0000] {processor.py:830} INFO - Processing file /opt/airflow/dags/pipeline.py for tasks to queue
[2026-04-08T15:35:54.225+0000] {logging_mixin.py:188} INFO - [2026-04-08T15:35:54.224+0000] {dagbag.py:545} INFO - Filling up the DagBag from /opt/airflow/dags/pipeline.py
[2026-04-08T15:35:54.915+0000] {processor.py:840} INFO - DAG(s) 'pipeline' retrieved from /opt/airflow/dags/pipeline.py
[2026-04-08T15:35:55.010+0000] {logging_mixin.py:188} INFO - [2026-04-08T15:35:55.009+0000] {dag.py:3089} INFO - Sync 1 DAGs
[2026-04-08T15:35:55.056+0000] {logging_mixin.py:188} INFO - [2026-04-08T15:35:55.056+0000] {dag.py:3947} INFO - Setting next_dagrun for pipeline to 2026-04-08 00:00:00+00:00, run_after=2026-04-09 00:00:00+00:00
[2026-04-08T15:35:55.104+0000] {processor.py:183} INFO - Processing /opt/airflow/dags/pipeline.py took 0.898 seconds
[2026-04-08T15:38:08.870+0000] {processor.py:161} INFO - Started process (PID=189) to work on /opt/airflow/dags/pipeline.py
[2026-04-08T15:38:08.872+0000] {processor.py:830} INFO - Processing file /opt/airflow/dags/pipeline.py for tasks to queue
[2026-04-08T15:38:08.877+0000] {logging_mixin.py:188} INFO - [2026-04-08T15:38:08.876+0000] {dagbag.py:545} INFO - Filling up the DagBag from /opt/airflow/dags/pipeline.py
[2026-04-08T15:38:12.340+0000] {processor.py:840} INFO - DAG(s) 'pipeline' retrieved from /opt/airflow/dags/pipeline.py
[2026-04-08T15:38:12.435+0000] {logging_mixin.py:188} INFO - [2026-04-08T15:38:12.434+0000] {dag.py:3089} INFO - Sync 1 DAGs
[2026-04-08T15:38:12.474+0000] {logging_mixin.py:188} INFO - [2026-04-08T15:38:12.474+0000] {dag.py:3947} INFO - Setting next_dagrun for pipeline to 2026-04-08 00:00:00+00:00, run_after=2026-04-09 00:00:00+00:00
[2026-04-08T15:38:12.529+0000] {processor.py:183} INFO - Processing /opt/airflow/dags/pipeline.py took 3.678 seconds
[2026-04-08T15:38:45.656+0000] {processor.py:161} INFO - Started process (PID=204) to work on /opt/airflow/dags/pipeline.py
[2026-04-08T15:38:45.659+0000] {processor.py:830} INFO - Processing file /opt/airflow/dags/pipeline.py for tasks to queue
[2026-04-08T15:38:45.700+0000] {logging_mixin.py:188} INFO - [2026-04-08T15:38:45.698+0000] {dagbag.py:545} INFO - Filling up the DagBag from /opt/airflow/dags/pipeline.py
[2026-04-08T15:39:02.034+0000] {processor.py:840} INFO - DAG(s) 'pipeline' retrieved from /opt/airflow/dags/pipeline.py
[2026-04-08T15:39:03.681+0000] {logging_mixin.py:188} INFO - [2026-04-08T15:39:03.680+0000] {dag.py:3089} INFO - Sync 1 DAGs
[2026-04-08T15:39:03.807+0000] {logging_mixin.py:188} INFO - [2026-04-08T15:39:03.806+0000] {dag.py:3947} INFO - Setting next_dagrun for pipeline to 2026-04-08 00:00:00+00:00, run_after=2026-04-09 00:00:00+00:00
[2026-04-08T15:39:04.018+0000] {processor.py:183} INFO - Processing /opt/airflow/dags/pipeline.py took 18.405 seconds
[2026-04-08T15:39:34.520+0000] {processor.py:161} INFO - Started process (PID=221) to work on /opt/airflow/dags/pipeline.py
[2026-04-08T15:39:34.521+0000] {processor.py:830} INFO - Processing file /opt/airflow/dags/pipeline.py for tasks to queue
[2026-04-08T15:39:34.523+0000] {logging_mixin.py:188} INFO - [2026-04-08T15:39:34.523+0000] {dagbag.py:545} INFO - Filling up the DagBag from /opt/airflow/dags/pipeline.py
[2026-04-08T15:39:36.310+0000] {processor.py:840} INFO - DAG(s) 'pipeline' retrieved from /opt/airflow/dags/pipeline.py
[2026-04-08T15:39:36.429+0000] {logging_mixin.py:188} INFO - [2026-04-08T15:39:36.428+0000] {dag.py:3089} INFO - Sync 1 DAGs
[2026-04-08T15:39:36.491+0000] {logging_mixin.py:188} INFO - [2026-04-08T15:39:36.491+0000] {dag.py:3947} INFO - Setting next_dagrun for pipeline to 2026-04-08 00:00:00+00:00, run_after=2026-04-09 00:00:00+00:00
[2026-04-08T15:39:36.559+0000] {processor.py:183} INFO - Processing /opt/airflow/dags/pipeline.py took 2.050 seconds
[2026-04-08T15:40:07.302+0000] {processor.py:161} INFO - Started process (PID=238) to work on /opt/airflow/dags/pipeline.py
[2026-04-08T15:40:07.303+0000] {processor.py:830} INFO - Processing file /opt/airflow/dags/pipeline.py for tasks to queue
[2026-04-08T15:40:07.313+0000] {logging_mixin.py:188} INFO - [2026-04-08T15:40:07.307+0000] {dagbag.py:545} INFO - Filling up the DagBag from /opt/airflow/dags/pipeline.py
[2026-04-08T15:40:08.391+0000] {processor.py:840} INFO - DAG(s) 'pipeline' retrieved from /opt/airflow/dags/pipeline.py
[2026-04-08T15:40:08.680+0000] {logging_mixin.py:188} INFO - [2026-04-08T15:40:08.680+0000] {dag.py:3089} INFO - Sync 1 DAGs
[2026-04-08T15:40:08.752+0000] {logging_mixin.py:188} INFO - [2026-04-08T15:40:08.749+0000] {dag.py:3947} INFO - Setting next_dagrun for pipeline to 2026-04-08 00:00:00+00:00, run_after=2026-04-09 00:00:00+00:00
[2026-04-08T15:40:08.833+0000] {processor.py:183} INFO - Processing /opt/airflow/dags/pipeline.py took 1.542 seconds
[2026-04-08T15:40:39.609+0000] {processor.py:161} INFO - Started process (PID=253) to work on /opt/airflow/dags/pipeline.py
[2026-04-08T15:40:39.611+0000] {processor.py:830} INFO - Processing file /opt/airflow/dags/pipeline.py for tasks to queue
[2026-04-08T15:40:39.614+0000] {logging_mixin.py:188} INFO - [2026-04-08T15:40:39.613+0000] {dagbag.py:545} INFO - Filling up the DagBag from /opt/airflow/dags/pipeline.py
[2026-04-08T15:40:40.557+0000] {processor.py:840} INFO - DAG(s) 'pipeline' retrieved from /opt/airflow/dags/pipeline.py
[2026-04-08T15:40:40.642+0000] {logging_mixin.py:188} INFO - [2026-04-08T15:40:40.642+0000] {dag.py:3089} INFO - Sync 1 DAGs
[2026-04-08T15:40:40.676+0000] {logging_mixin.py:188} INFO - [2026-04-08T15:40:40.676+0000] {dag.py:3947} INFO - Setting next_dagrun for pipeline to 2026-04-08 00:00:00+00:00, run_after=2026-04-09 00:00:00+00:00
[2026-04-08T15:40:40.715+0000] {processor.py:183} INFO - Processing /opt/airflow/dags/pipeline.py took 1.117 seconds
[2026-04-08T15:41:11.564+0000] {processor.py:161} INFO - Started process (PID=268) to work on /opt/airflow/dags/pipeline.py
[2026-04-08T15:41:11.567+0000] {processor.py:830} INFO - Processing file /opt/airflow/dags/pipeline.py for tasks to queue
[2026-04-08T15:41:11.575+0000] {logging_mixin.py:188} INFO - [2026-04-08T15:41:11.573+0000] {dagbag.py:545} INFO - Filling up the DagBag from /opt/airflow/dags/pipeline.py
[2026-04-08T15:41:12.506+0000] {processor.py:840} INFO - DAG(s) 'pipeline' retrieved from /opt/airflow/dags/pipeline.py
[2026-04-08T15:41:12.604+0000] {logging_mixin.py:188} INFO - [2026-04-08T15:41:12.604+0000] {dag.py:3089} INFO - Sync 1 DAGs
[2026-04-08T15:41:12.647+0000] {logging_mixin.py:188} INFO - [2026-04-08T15:41:12.646+0000] {dag.py:3947} INFO - Setting next_dagrun for pipeline to 2026-04-08 00:00:00+00:00, run_after=2026-04-09 00:00:00+00:00
[2026-04-08T15:41:12.704+0000] {processor.py:183} INFO - Processing /opt/airflow/dags/pipeline.py took 1.160 seconds
[2026-04-08T15:41:42.884+0000] {processor.py:161} INFO - Started process (PID=283) to work on /opt/airflow/dags/pipeline.py
[2026-04-08T15:41:42.886+0000] {processor.py:830} INFO - Processing file /opt/airflow/dags/pipeline.py for tasks to queue
[2026-04-08T15:41:42.890+0000] {logging_mixin.py:188} INFO - [2026-04-08T15:41:42.889+0000] {dagbag.py:545} INFO - Filling up the DagBag from /opt/airflow/dags/pipeline.py
[2026-04-08T15:41:43.792+0000] {processor.py:840} INFO - DAG(s) 'pipeline' retrieved from /opt/airflow/dags/pipeline.py
[2026-04-08T15:41:43.898+0000] {logging_mixin.py:188} INFO - [2026-04-08T15:41:43.897+0000] {dag.py:3089} INFO - Sync 1 DAGs
[2026-04-08T15:41:43.956+0000] {logging_mixin.py:188} INFO - [2026-04-08T15:41:43.956+0000] {dag.py:3947} INFO - Setting next_dagrun for pipeline to 2026-04-08 00:00:00+00:00, run_after=2026-04-09 00:00:00+00:00
[2026-04-08T15:41:44.008+0000] {processor.py:183} INFO - Processing /opt/airflow/dags/pipeline.py took 1.134 seconds
[2026-04-08T15:42:14.343+0000] {processor.py:161} INFO - Started process (PID=298) to work on /opt/airflow/dags/pipeline.py
[2026-04-08T15:42:14.347+0000] {processor.py:830} INFO - Processing file /opt/airflow/dags/pipeline.py for tasks to queue
[2026-04-08T15:42:14.352+0000] {logging_mixin.py:188} INFO - [2026-04-08T15:42:14.351+0000] {dagbag.py:545} INFO - Filling up the DagBag from /opt/airflow/dags/pipeline.py
[2026-04-08T15:42:15.162+0000] {processor.py:840} INFO - DAG(s) 'pipeline' retrieved from /opt/airflow/dags/pipeline.py
[2026-04-08T15:42:15.246+0000] {logging_mixin.py:188} INFO - [2026-04-08T15:42:15.245+0000] {dag.py:3089} INFO - Sync 1 DAGs
[2026-04-08T15:42:15.286+0000] {logging_mixin.py:188} INFO - [2026-04-08T15:42:15.285+0000] {dag.py:3947} INFO - Setting next_dagrun for pipeline to 2026-04-08 00:00:00+00:00, run_after=2026-04-09 00:00:00+00:00
[2026-04-08T15:42:15.342+0000] {processor.py:183} INFO - Processing /opt/airflow/dags/pipeline.py took 1.024 seconds
[2026-04-08T15:42:45.785+0000] {processor.py:161} INFO - Started process (PID=313) to work on /opt/airflow/dags/pipeline.py
[2026-04-08T15:42:45.789+0000] {processor.py:830} INFO - Processing file /opt/airflow/dags/pipeline.py for tasks to queue
[2026-04-08T15:42:45.794+0000] {logging_mixin.py:188} INFO - [2026-04-08T15:42:45.793+0000] {dagbag.py:545} INFO - Filling up the DagBag from /opt/airflow/dags/pipeline.py
[2026-04-08T15:42:46.372+0000] {processor.py:840} INFO - DAG(s) 'pipeline' retrieved from /opt/airflow/dags/pipeline.py
[2026-04-08T15:42:46.483+0000] {logging_mixin.py:188} INFO - [2026-04-08T15:42:46.483+0000] {dag.py:3089} INFO - Sync 1 DAGs
[2026-04-08T15:42:46.524+0000] {logging_mixin.py:188} INFO - [2026-04-08T15:42:46.524+0000] {dag.py:3947} INFO - Setting next_dagrun for pipeline to 2026-04-08 00:00:00+00:00, run_after=2026-04-09 00:00:00+00:00
[2026-04-08T15:42:46.593+0000] {processor.py:183} INFO - Processing /opt/airflow/dags/pipeline.py took 0.842 seconds
[2026-04-08T15:43:17.291+0000] {processor.py:161} INFO - Started process (PID=328) to work on /opt/airflow/dags/pipeline.py
[2026-04-08T15:43:17.296+0000] {processor.py:830} INFO - Processing file /opt/airflow/dags/pipeline.py for tasks to queue
[2026-04-08T15:43:17.308+0000] {logging_mixin.py:188} INFO - [2026-04-08T15:43:17.305+0000] {dagbag.py:545} INFO - Filling up the DagBag from /opt/airflow/dags/pipeline.py
[2026-04-08T15:43:18.403+0000] {processor.py:840} INFO - DAG(s) 'pipeline' retrieved from /opt/airflow/dags/pipeline.py
[2026-04-08T15:43:18.520+0000] {logging_mixin.py:188} INFO - [2026-04-08T15:43:18.520+0000] {dag.py:3089} INFO - Sync 1 DAGs
[2026-04-08T15:43:18.575+0000] {logging_mixin.py:188} INFO - [2026-04-08T15:43:18.575+0000] {dag.py:3947} INFO - Setting next_dagrun for pipeline to 2026-04-08 00:00:00+00:00, run_after=2026-04-09 00:00:00+00:00
[2026-04-08T15:43:18.623+0000] {processor.py:183} INFO - Processing /opt/airflow/dags/pipeline.py took 1.372 seconds
[2026-04-08T15:43:49.614+0000] {processor.py:161} INFO - Started process (PID=346) to work on /opt/airflow/dags/pipeline.py
[2026-04-08T15:43:49.616+0000] {processor.py:830} INFO - Processing file /opt/airflow/dags/pipeline.py for tasks to queue
[2026-04-08T15:43:49.620+0000] {logging_mixin.py:188} INFO - [2026-04-08T15:43:49.620+0000] {dagbag.py:545} INFO - Filling up the DagBag from /opt/airflow/dags/pipeline.py
[2026-04-08T15:43:50.427+0000] {processor.py:840} INFO - DAG(s) 'pipeline' retrieved from /opt/airflow/dags/pipeline.py
[2026-04-08T15:43:50.541+0000] {logging_mixin.py:188} INFO - [2026-04-08T15:43:50.541+0000] {dag.py:3089} INFO - Sync 1 DAGs
[2026-04-08T15:43:50.589+0000] {logging_mixin.py:188} INFO - [2026-04-08T15:43:50.588+0000] {dag.py:3947} INFO - Setting next_dagrun for pipeline to 2026-04-08 00:00:00+00:00, run_after=2026-04-09 00:00:00+00:00
[2026-04-08T15:43:50.650+0000] {processor.py:183} INFO - Processing /opt/airflow/dags/pipeline.py took 1.049 seconds
[2026-04-08T15:44:21.077+0000] {processor.py:161} INFO - Started process (PID=363) to work on /opt/airflow/dags/pipeline.py
[2026-04-08T15:44:21.078+0000] {processor.py:830} INFO - Processing file /opt/airflow/dags/pipeline.py for tasks to queue
[2026-04-08T15:44:21.085+0000] {logging_mixin.py:188} INFO - [2026-04-08T15:44:21.085+0000] {dagbag.py:545} INFO - Filling up the DagBag from /opt/airflow/dags/pipeline.py
[2026-04-08T15:44:22.260+0000] {processor.py:840} INFO - DAG(s) 'pipeline' retrieved from /opt/airflow/dags/pipeline.py
[2026-04-08T15:44:22.378+0000] {logging_mixin.py:188} INFO - [2026-04-08T15:44:22.378+0000] {dag.py:3089} INFO - Sync 1 DAGs
[2026-04-08T15:44:22.427+0000] {logging_mixin.py:188} INFO - [2026-04-08T15:44:22.427+0000] {dag.py:3947} INFO - Setting next_dagrun for pipeline to 2026-04-08 00:00:00+00:00, run_after=2026-04-09 00:00:00+00:00
[2026-04-08T15:44:22.497+0000] {processor.py:183} INFO - Processing /opt/airflow/dags/pipeline.py took 1.435 seconds
[2026-04-08T15:44:52.786+0000] {processor.py:161} INFO - Started process (PID=378) to work on /opt/airflow/dags/pipeline.py
[2026-04-08T15:44:52.788+0000] {processor.py:830} INFO - Processing file /opt/airflow/dags/pipeline.py for tasks to queue
[2026-04-08T15:44:52.793+0000] {logging_mixin.py:188} INFO - [2026-04-08T15:44:52.792+0000] {dagbag.py:545} INFO - Filling up the DagBag from /opt/airflow/dags/pipeline.py
[2026-04-08T15:44:53.432+0000] {processor.py:840} INFO - DAG(s) 'pipeline' retrieved from /opt/airflow/dags/pipeline.py
[2026-04-08T15:44:53.841+0000] {logging_mixin.py:188} INFO - [2026-04-08T15:44:53.838+0000] {dag.py:3089} INFO - Sync 1 DAGs
[2026-04-08T15:44:53.943+0000] {logging_mixin.py:188} INFO - [2026-04-08T15:44:53.942+0000] {dag.py:3947} INFO - Setting next_dagrun for pipeline to 2026-04-08 00:00:00+00:00, run_after=2026-04-09 00:00:00+00:00
[2026-04-08T15:44:54.024+0000] {processor.py:183} INFO - Processing /opt/airflow/dags/pipeline.py took 1.255 seconds
[2026-04-08T15:45:24.343+0000] {processor.py:161} INFO - Started process (PID=393) to work on /opt/airflow/dags/pipeline.py
[2026-04-08T15:45:24.349+0000] {processor.py:830} INFO - Processing file /opt/airflow/dags/pipeline.py for tasks to queue
[2026-04-08T15:45:24.359+0000] {logging_mixin.py:188} INFO - [2026-04-08T15:45:24.358+0000] {dagbag.py:545} INFO - Filling up the DagBag from /opt/airflow/dags/pipeline.py
[2026-04-08T15:45:25.106+0000] {processor.py:840} INFO - DAG(s) 'pipeline' retrieved from /opt/airflow/dags/pipeline.py
[2026-04-08T15:45:25.210+0000] {logging_mixin.py:188} INFO - [2026-04-08T15:45:25.209+0000] {dag.py:3089} INFO - Sync 1 DAGs
[2026-04-08T15:45:25.248+0000] {logging_mixin.py:188} INFO - [2026-04-08T15:45:25.248+0000] {dag.py:3947} INFO - Setting next_dagrun for pipeline to 2026-04-08 00:00:00+00:00, run_after=2026-04-09 00:00:00+00:00
[2026-04-08T15:45:25.308+0000] {processor.py:183} INFO - Processing /opt/airflow/dags/pipeline.py took 1.002 seconds
[2026-04-08T15:45:55.657+0000] {processor.py:161} INFO - Started process (PID=408) to work on /opt/airflow/dags/pipeline.py
[2026-04-08T15:45:55.660+0000] {processor.py:830} INFO - Processing file /opt/airflow/dags/pipeline.py for tasks to queue
[2026-04-08T15:45:55.664+0000] {logging_mixin.py:188} INFO - [2026-04-08T15:45:55.664+0000] {dagbag.py:545} INFO - Filling up the DagBag from /opt/airflow/dags/pipeline.py
[2026-04-08T15:45:56.529+0000] {processor.py:840} INFO - DAG(s) 'pipeline' retrieved from /opt/airflow/dags/pipeline.py
[2026-04-08T15:45:56.646+0000] {logging_mixin.py:188} INFO - [2026-04-08T15:45:56.646+0000] {dag.py:3089} INFO - Sync 1 DAGs
[2026-04-08T15:45:56.686+0000] {logging_mixin.py:188} INFO - [2026-04-08T15:45:56.686+0000] {dag.py:3947} INFO - Setting next_dagrun for pipeline to 2026-04-08 00:00:00+00:00, run_after=2026-04-09 00:00:00+00:00
[2026-04-08T15:45:56.738+0000] {processor.py:183} INFO - Processing /opt/airflow/dags/pipeline.py took 1.095 seconds
[2026-04-08T15:46:26.948+0000] {processor.py:161} INFO - Started process (PID=423) to work on /opt/airflow/dags/pipeline.py
[2026-04-08T15:46:26.951+0000] {processor.py:830} INFO - Processing file /opt/airflow/dags/pipeline.py for tasks to queue
[2026-04-08T15:46:26.957+0000] {logging_mixin.py:188} INFO - [2026-04-08T15:46:26.955+0000] {dagbag.py:545} INFO - Filling up the DagBag from /opt/airflow/dags/pipeline.py
[2026-04-08T15:46:27.805+0000] {processor.py:840} INFO - DAG(s) 'pipeline' retrieved from /opt/airflow/dags/pipeline.py
[2026-04-08T15:46:28.154+0000] {logging_mixin.py:188} INFO - [2026-04-08T15:46:28.154+0000] {dag.py:3089} INFO - Sync 1 DAGs
[2026-04-08T15:46:28.207+0000] {logging_mixin.py:188} INFO - [2026-04-08T15:46:28.207+0000] {dag.py:3947} INFO - Setting next_dagrun for pipeline to 2026-04-08 00:00:00+00:00, run_after=2026-04-09 00:00:00+00:00
[2026-04-08T15:46:28.249+0000] {processor.py:183} INFO - Processing /opt/airflow/dags/pipeline.py took 1.314 seconds
[2026-04-08T15:46:59.054+0000] {processor.py:161} INFO - Started process (PID=438) to work on /opt/airflow/dags/pipeline.py
[2026-04-08T15:46:59.055+0000] {processor.py:830} INFO - Processing file /opt/airflow/dags/pipeline.py for tasks to queue
[2026-04-08T15:46:59.058+0000] {logging_mixin.py:188} INFO - [2026-04-08T15:46:59.057+0000] {dagbag.py:545} INFO - Filling up the DagBag from /opt/airflow/dags/pipeline.py
[2026-04-08T15:46:59.745+0000] {processor.py:840} INFO - DAG(s) 'pipeline' retrieved from /opt/airflow/dags/pipeline.py
[2026-04-08T15:46:59.874+0000] {logging_mixin.py:188} INFO - [2026-04-08T15:46:59.873+0000] {dag.py:3089} INFO - Sync 1 DAGs
[2026-04-08T15:46:59.981+0000] {logging_mixin.py:188} INFO - [2026-04-08T15:46:59.981+0000] {dag.py:3947} INFO - Setting next_dagrun for pipeline to 2026-04-08 00:00:00+00:00, run_after=2026-04-09 00:00:00+00:00
[2026-04-08T15:47:00.061+0000] {processor.py:183} INFO - Processing /opt/airflow/dags/pipeline.py took 1.018 seconds
[2026-04-08T15:47:30.676+0000] {processor.py:161} INFO - Started process (PID=453) to work on /opt/airflow/dags/pipeline.py
[2026-04-08T15:47:30.679+0000] {processor.py:830} INFO - Processing file /opt/airflow/dags/pipeline.py for tasks to queue
[2026-04-08T15:47:30.684+0000] {logging_mixin.py:188} INFO - [2026-04-08T15:47:30.683+0000] {dagbag.py:545} INFO - Filling up the DagBag from /opt/airflow/dags/pipeline.py
[2026-04-08T15:47:31.335+0000] {processor.py:840} INFO - DAG(s) 'pipeline' retrieved from /opt/airflow/dags/pipeline.py
[2026-04-08T15:47:31.448+0000] {logging_mixin.py:188} INFO - [2026-04-08T15:47:31.448+0000] {dag.py:3089} INFO - Sync 1 DAGs
[2026-04-08T15:47:31.497+0000] {logging_mixin.py:188} INFO - [2026-04-08T15:47:31.496+0000] {dag.py:3947} INFO - Setting next_dagrun for pipeline to 2026-04-08 00:00:00+00:00, run_after=2026-04-09 00:00:00+00:00
[2026-04-08T15:47:31.567+0000] {processor.py:183} INFO - Processing /opt/airflow/dags/pipeline.py took 0.905 seconds
[2026-04-08T15:48:01.941+0000] {processor.py:161} INFO - Started process (PID=468) to work on /opt/airflow/dags/pipeline.py
[2026-04-08T15:48:01.944+0000] {processor.py:830} INFO - Processing file /opt/airflow/dags/pipeline.py for tasks to queue
[2026-04-08T15:48:01.951+0000] {logging_mixin.py:188} INFO - [2026-04-08T15:48:01.950+0000] {dagbag.py:545} INFO - Filling up the DagBag from /opt/airflow/dags/pipeline.py
[2026-04-08T15:48:02.734+0000] {processor.py:840} INFO - DAG(s) 'pipeline' retrieved from /opt/airflow/dags/pipeline.py
[2026-04-08T15:48:02.836+0000] {logging_mixin.py:188} INFO - [2026-04-08T15:48:02.836+0000] {dag.py:3089} INFO - Sync 1 DAGs
[2026-04-08T15:48:02.887+0000] {logging_mixin.py:188} INFO - [2026-04-08T15:48:02.887+0000] {dag.py:3947} INFO - Setting next_dagrun for pipeline to 2026-04-08 00:00:00+00:00, run_after=2026-04-09 00:00:00+00:00
[2026-04-08T15:48:02.951+0000] {processor.py:183} INFO - Processing /opt/airflow/dags/pipeline.py took 1.030 seconds
[2026-04-08T15:48:33.395+0000] {processor.py:161} INFO - Started process (PID=483) to work on /opt/airflow/dags/pipeline.py
[2026-04-08T15:48:33.400+0000] {processor.py:830} INFO - Processing file /opt/airflow/dags/pipeline.py for tasks to queue
[2026-04-08T15:48:33.414+0000] {logging_mixin.py:188} INFO - [2026-04-08T15:48:33.412+0000] {dagbag.py:545} INFO - Filling up the DagBag from /opt/airflow/dags/pipeline.py
[2026-04-08T15:48:34.147+0000] {processor.py:840} INFO - DAG(s) 'pipeline' retrieved from /opt/airflow/dags/pipeline.py
[2026-04-08T15:48:34.272+0000] {logging_mixin.py:188} INFO - [2026-04-08T15:48:34.272+0000] {dag.py:3089} INFO - Sync 1 DAGs
[2026-04-08T15:48:34.313+0000] {logging_mixin.py:188} INFO - [2026-04-08T15:48:34.313+0000] {dag.py:3947} INFO - Setting next_dagrun for pipeline to 2026-04-08 00:00:00+00:00, run_after=2026-04-09 00:00:00+00:00
[2026-04-08T15:48:34.354+0000] {processor.py:183} INFO - Processing /opt/airflow/dags/pipeline.py took 0.996 seconds
[2026-04-08T15:51:05.711+0000] {processor.py:161} INFO - Started process (PID=191) to work on /opt/airflow/dags/pipeline.py
[2026-04-08T15:51:05.714+0000] {processor.py:830} INFO - Processing file /opt/airflow/dags/pipeline.py for tasks to queue
[2026-04-08T15:51:05.719+0000] {logging_mixin.py:188} INFO - [2026-04-08T15:51:05.717+0000] {dagbag.py:545} INFO - Filling up the DagBag from /opt/airflow/dags/pipeline.py
[2026-04-08T15:51:08.096+0000] {processor.py:840} INFO - DAG(s) 'pipeline' retrieved from /opt/airflow/dags/pipeline.py
[2026-04-08T15:51:08.182+0000] {logging_mixin.py:188} INFO - [2026-04-08T15:51:08.181+0000] {dag.py:3089} INFO - Sync 1 DAGs
[2026-04-08T15:51:08.297+0000] {logging_mixin.py:188} INFO - [2026-04-08T15:51:08.296+0000] {dag.py:3947} INFO - Setting next_dagrun for pipeline to 2026-04-08 00:00:00+00:00, run_after=2026-04-09 00:00:00+00:00
[2026-04-08T15:51:08.395+0000] {processor.py:183} INFO - Processing /opt/airflow/dags/pipeline.py took 2.701 seconds
[2026-04-08T15:51:38.957+0000] {processor.py:161} INFO - Started process (PID=206) to work on /opt/airflow/dags/pipeline.py
[2026-04-08T15:51:38.960+0000] {processor.py:830} INFO - Processing file /opt/airflow/dags/pipeline.py for tasks to queue
[2026-04-08T15:51:38.966+0000] {logging_mixin.py:188} INFO - [2026-04-08T15:51:38.964+0000] {dagbag.py:545} INFO - Filling up the DagBag from /opt/airflow/dags/pipeline.py
[2026-04-08T15:51:40.726+0000] {processor.py:840} INFO - DAG(s) 'pipeline' retrieved from /opt/airflow/dags/pipeline.py
[2026-04-08T15:51:41.361+0000] {logging_mixin.py:188} INFO - [2026-04-08T15:51:41.360+0000] {dag.py:3089} INFO - Sync 1 DAGs
[2026-04-08T15:51:41.436+0000] {logging_mixin.py:188} INFO - [2026-04-08T15:51:41.435+0000] {dag.py:3947} INFO - Setting next_dagrun for pipeline to 2026-04-08 00:00:00+00:00, run_after=2026-04-09 00:00:00+00:00
[2026-04-08T15:51:41.515+0000] {processor.py:183} INFO - Processing /opt/airflow/dags/pipeline.py took 2.578 seconds
[2026-04-08T15:52:12.735+0000] {processor.py:161} INFO - Started process (PID=223) to work on /opt/airflow/dags/pipeline.py
[2026-04-08T15:52:12.741+0000] {processor.py:830} INFO - Processing file /opt/airflow/dags/pipeline.py for tasks to queue
[2026-04-08T15:52:12.752+0000] {logging_mixin.py:188} INFO - [2026-04-08T15:52:12.751+0000] {dagbag.py:545} INFO - Filling up the DagBag from /opt/airflow/dags/pipeline.py
[2026-04-08T15:52:14.414+0000] {processor.py:840} INFO - DAG(s) 'pipeline' retrieved from /opt/airflow/dags/pipeline.py
[2026-04-08T15:52:14.624+0000] {logging_mixin.py:188} INFO - [2026-04-08T15:52:14.624+0000] {dag.py:3089} INFO - Sync 1 DAGs
[2026-04-08T15:52:14.691+0000] {logging_mixin.py:188} INFO - [2026-04-08T15:52:14.691+0000] {dag.py:3947} INFO - Setting next_dagrun for pipeline to 2026-04-08 00:00:00+00:00, run_after=2026-04-09 00:00:00+00:00
[2026-04-08T15:52:14.743+0000] {processor.py:183} INFO - Processing /opt/airflow/dags/pipeline.py took 2.044 seconds
[2026-04-08T15:52:45.696+0000] {processor.py:161} INFO - Started process (PID=238) to work on /opt/airflow/dags/pipeline.py
[2026-04-08T15:52:45.697+0000] {processor.py:830} INFO - Processing file /opt/airflow/dags/pipeline.py for tasks to queue
[2026-04-08T15:52:45.702+0000] {logging_mixin.py:188} INFO - [2026-04-08T15:52:45.701+0000] {dagbag.py:545} INFO - Filling up the DagBag from /opt/airflow/dags/pipeline.py
[2026-04-08T15:52:46.765+0000] {processor.py:840} INFO - DAG(s) 'pipeline' retrieved from /opt/airflow/dags/pipeline.py
[2026-04-08T15:52:46.845+0000] {logging_mixin.py:188} INFO - [2026-04-08T15:52:46.845+0000] {dag.py:3089} INFO - Sync 1 DAGs
[2026-04-08T15:52:46.881+0000] {logging_mixin.py:188} INFO - [2026-04-08T15:52:46.881+0000] {dag.py:3947} INFO - Setting next_dagrun for pipeline to 2026-04-08 00:00:00+00:00, run_after=2026-04-09 00:00:00+00:00
[2026-04-08T15:52:46.932+0000] {processor.py:183} INFO - Processing /opt/airflow/dags/pipeline.py took 1.245 seconds
[2026-04-08T15:53:17.761+0000] {processor.py:161} INFO - Started process (PID=253) to work on /opt/airflow/dags/pipeline.py
[2026-04-08T15:53:17.763+0000] {processor.py:830} INFO - Processing file /opt/airflow/dags/pipeline.py for tasks to queue
[2026-04-08T15:53:17.767+0000] {logging_mixin.py:188} INFO - [2026-04-08T15:53:17.767+0000] {dagbag.py:545} INFO - Filling up the DagBag from /opt/airflow/dags/pipeline.py
[2026-04-08T15:53:18.703+0000] {processor.py:840} INFO - DAG(s) 'pipeline' retrieved from /opt/airflow/dags/pipeline.py
[2026-04-08T15:53:18.815+0000] {logging_mixin.py:188} INFO - [2026-04-08T15:53:18.814+0000] {dag.py:3089} INFO - Sync 1 DAGs
[2026-04-08T15:53:18.864+0000] {logging_mixin.py:188} INFO - [2026-04-08T15:53:18.864+0000] {dag.py:3947} INFO - Setting next_dagrun for pipeline to 2026-04-08 00:00:00+00:00, run_after=2026-04-09 00:00:00+00:00
[2026-04-08T15:53:18.928+0000] {processor.py:183} INFO - Processing /opt/airflow/dags/pipeline.py took 1.183 seconds
[2026-04-08T15:53:49.457+0000] {processor.py:161} INFO - Started process (PID=268) to work on /opt/airflow/dags/pipeline.py
[2026-04-08T15:53:49.459+0000] {processor.py:830} INFO - Processing file /opt/airflow/dags/pipeline.py for tasks to queue
[2026-04-08T15:53:49.463+0000] {logging_mixin.py:188} INFO - [2026-04-08T15:53:49.462+0000] {dagbag.py:545} INFO - Filling up the DagBag from /opt/airflow/dags/pipeline.py
[2026-04-08T15:53:50.165+0000] {processor.py:840} INFO - DAG(s) 'pipeline' retrieved from /opt/airflow/dags/pipeline.py
[2026-04-08T15:53:50.338+0000] {logging_mixin.py:188} INFO - [2026-04-08T15:53:50.337+0000] {dag.py:3089} INFO - Sync 1 DAGs
[2026-04-08T15:53:50.465+0000] {logging_mixin.py:188} INFO - [2026-04-08T15:53:50.465+0000] {dag.py:3947} INFO - Setting next_dagrun for pipeline to 2026-04-08 00:00:00+00:00, run_after=2026-04-09 00:00:00+00:00
[2026-04-08T15:53:50.553+0000] {processor.py:183} INFO - Processing /opt/airflow/dags/pipeline.py took 1.108 seconds
[2026-04-08T15:54:20.719+0000] {processor.py:161} INFO - Started process (PID=283) to work on /opt/airflow/dags/pipeline.py
[2026-04-08T15:54:20.722+0000] {processor.py:830} INFO - Processing file /opt/airflow/dags/pipeline.py for tasks to queue
[2026-04-08T15:54:20.732+0000] {logging_mixin.py:188} INFO - [2026-04-08T15:54:20.731+0000] {dagbag.py:545} INFO - Filling up the DagBag from /opt/airflow/dags/pipeline.py
[2026-04-08T15:54:21.870+0000] {processor.py:840} INFO - DAG(s) 'pipeline' retrieved from /opt/airflow/dags/pipeline.py
[2026-04-08T15:54:22.042+0000] {logging_mixin.py:188} INFO - [2026-04-08T15:54:22.042+0000] {dag.py:3089} INFO - Sync 1 DAGs
[2026-04-08T15:54:22.102+0000] {logging_mixin.py:188} INFO - [2026-04-08T15:54:22.102+0000] {dag.py:3947} INFO - Setting next_dagrun for pipeline to 2026-04-08 00:00:00+00:00, run_after=2026-04-09 00:00:00+00:00
[2026-04-08T15:54:22.184+0000] {processor.py:183} INFO - Processing /opt/airflow/dags/pipeline.py took 1.487 seconds
[2026-04-08T15:54:52.311+0000] {processor.py:161} INFO - Started process (PID=298) to work on /opt/airflow/dags/pipeline.py
[2026-04-08T15:54:52.312+0000] {processor.py:830} INFO - Processing file /opt/airflow/dags/pipeline.py for tasks to queue
[2026-04-08T15:54:52.316+0000] {logging_mixin.py:188} INFO - [2026-04-08T15:54:52.316+0000] {dagbag.py:545} INFO - Filling up the DagBag from /opt/airflow/dags/pipeline.py
[2026-04-08T15:54:53.085+0000] {processor.py:840} INFO - DAG(s) 'pipeline' retrieved from /opt/airflow/dags/pipeline.py
[2026-04-08T15:54:53.206+0000] {logging_mixin.py:188} INFO - [2026-04-08T15:54:53.205+0000] {dag.py:3089} INFO - Sync 1 DAGs
[2026-04-08T15:54:53.328+0000] {logging_mixin.py:188} INFO - [2026-04-08T15:54:53.327+0000] {dag.py:3947} INFO - Setting next_dagrun for pipeline to 2026-04-08 00:00:00+00:00, run_after=2026-04-09 00:00:00+00:00
[2026-04-08T15:54:53.478+0000] {processor.py:183} INFO - Processing /opt/airflow/dags/pipeline.py took 1.182 seconds
[2026-04-08T15:55:24.403+0000] {processor.py:161} INFO - Started process (PID=313) to work on /opt/airflow/dags/pipeline.py
[2026-04-08T15:55:24.406+0000] {processor.py:830} INFO - Processing file /opt/airflow/dags/pipeline.py for tasks to queue
[2026-04-08T15:55:24.417+0000] {logging_mixin.py:188} INFO - [2026-04-08T15:55:24.416+0000] {dagbag.py:545} INFO - Filling up the DagBag from /opt/airflow/dags/pipeline.py
[2026-04-08T15:55:25.609+0000] {processor.py:840} INFO - DAG(s) 'pipeline' retrieved from /opt/airflow/dags/pipeline.py
[2026-04-08T15:55:25.702+0000] {logging_mixin.py:188} INFO - [2026-04-08T15:55:25.701+0000] {dag.py:3089} INFO - Sync 1 DAGs
[2026-04-08T15:55:25.764+0000] {logging_mixin.py:188} INFO - [2026-04-08T15:55:25.764+0000] {dag.py:3947} INFO - Setting next_dagrun for pipeline to 2026-04-08 00:00:00+00:00, run_after=2026-04-09 00:00:00+00:00
[2026-04-08T15:55:25.827+0000] {processor.py:183} INFO - Processing /opt/airflow/dags/pipeline.py took 1.446 seconds
[2026-04-08T15:59:27.557+0000] {processor.py:161} INFO - Started process (PID=191) to work on /opt/airflow/dags/pipeline.py
[2026-04-08T15:59:27.560+0000] {processor.py:830} INFO - Processing file /opt/airflow/dags/pipeline.py for tasks to queue
[2026-04-08T15:59:27.564+0000] {logging_mixin.py:188} INFO - [2026-04-08T15:59:27.563+0000] {dagbag.py:545} INFO - Filling up the DagBag from /opt/airflow/dags/pipeline.py
[2026-04-08T15:59:29.454+0000] {processor.py:840} INFO - DAG(s) 'pipeline' retrieved from /opt/airflow/dags/pipeline.py
[2026-04-08T15:59:29.552+0000] {logging_mixin.py:188} INFO - [2026-04-08T15:59:29.552+0000] {dag.py:3089} INFO - Sync 1 DAGs
[2026-04-08T15:59:29.598+0000] {logging_mixin.py:188} INFO - [2026-04-08T15:59:29.598+0000] {dag.py:3947} INFO - Setting next_dagrun for pipeline to 2026-04-08 00:00:00+00:00, run_after=2026-04-09 00:00:00+00:00
[2026-04-08T15:59:29.652+0000] {processor.py:183} INFO - Processing /opt/airflow/dags/pipeline.py took 2.110 seconds
[2026-04-08T16:00:02.287+0000] {processor.py:161} INFO - Started process (PID=206) to work on /opt/airflow/dags/pipeline.py
[2026-04-08T16:00:02.289+0000] {processor.py:830} INFO - Processing file /opt/airflow/dags/pipeline.py for tasks to queue
[2026-04-08T16:00:02.293+0000] {logging_mixin.py:188} INFO - [2026-04-08T16:00:02.293+0000] {dagbag.py:545} INFO - Filling up the DagBag from /opt/airflow/dags/pipeline.py
[2026-04-08T16:00:03.836+0000] {processor.py:840} INFO - DAG(s) 'pipeline' retrieved from /opt/airflow/dags/pipeline.py
[2026-04-08T16:00:04.224+0000] {logging_mixin.py:188} INFO - [2026-04-08T16:00:04.224+0000] {dag.py:3089} INFO - Sync 1 DAGs
[2026-04-08T16:00:04.301+0000] {logging_mixin.py:188} INFO - [2026-04-08T16:00:04.301+0000] {dag.py:3947} INFO - Setting next_dagrun for pipeline to 2026-04-08 00:00:00+00:00, run_after=2026-04-09 00:00:00+00:00
[2026-04-08T16:00:04.408+0000] {processor.py:183} INFO - Processing /opt/airflow/dags/pipeline.py took 2.137 seconds
[2026-04-08T16:00:35.153+0000] {processor.py:161} INFO - Started process (PID=221) to work on /opt/airflow/dags/pipeline.py
[2026-04-08T16:00:35.157+0000] {processor.py:830} INFO - Processing file /opt/airflow/dags/pipeline.py for tasks to queue
[2026-04-08T16:00:35.166+0000] {logging_mixin.py:188} INFO - [2026-04-08T16:00:35.164+0000] {dagbag.py:545} INFO - Filling up the DagBag from /opt/airflow/dags/pipeline.py
[2026-04-08T16:00:36.608+0000] {processor.py:840} INFO - DAG(s) 'pipeline' retrieved from /opt/airflow/dags/pipeline.py
[2026-04-08T16:00:36.713+0000] {logging_mixin.py:188} INFO - [2026-04-08T16:00:36.713+0000] {dag.py:3089} INFO - Sync 1 DAGs
[2026-04-08T16:00:36.760+0000] {logging_mixin.py:188} INFO - [2026-04-08T16:00:36.760+0000] {dag.py:3947} INFO - Setting next_dagrun for pipeline to 2026-04-08 00:00:00+00:00, run_after=2026-04-09 00:00:00+00:00
[2026-04-08T16:00:36.824+0000] {processor.py:183} INFO - Processing /opt/airflow/dags/pipeline.py took 1.695 seconds
[2026-04-08T16:01:07.279+0000] {processor.py:161} INFO - Started process (PID=240) to work on /opt/airflow/dags/pipeline.py
[2026-04-08T16:01:07.281+0000] {processor.py:830} INFO - Processing file /opt/airflow/dags/pipeline.py for tasks to queue
[2026-04-08T16:01:07.286+0000] {logging_mixin.py:188} INFO - [2026-04-08T16:01:07.284+0000] {dagbag.py:545} INFO - Filling up the DagBag from /opt/airflow/dags/pipeline.py
[2026-04-08T16:01:08.339+0000] {processor.py:840} INFO - DAG(s) 'pipeline' retrieved from /opt/airflow/dags/pipeline.py
[2026-04-08T16:01:08.423+0000] {logging_mixin.py:188} INFO - [2026-04-08T16:01:08.423+0000] {dag.py:3089} INFO - Sync 1 DAGs
[2026-04-08T16:01:08.468+0000] {logging_mixin.py:188} INFO - [2026-04-08T16:01:08.467+0000] {dag.py:3947} INFO - Setting next_dagrun for pipeline to 2026-04-08 00:00:00+00:00, run_after=2026-04-09 00:00:00+00:00
[2026-04-08T16:01:08.519+0000] {processor.py:183} INFO - Processing /opt/airflow/dags/pipeline.py took 1.249 seconds
[2026-04-08T16:01:38.863+0000] {processor.py:161} INFO - Started process (PID=253) to work on /opt/airflow/dags/pipeline.py
[2026-04-08T16:01:38.865+0000] {processor.py:830} INFO - Processing file /opt/airflow/dags/pipeline.py for tasks to queue
[2026-04-08T16:01:38.870+0000] {logging_mixin.py:188} INFO - [2026-04-08T16:01:38.869+0000] {dagbag.py:545} INFO - Filling up the DagBag from /opt/airflow/dags/pipeline.py
[2026-04-08T16:01:39.957+0000] {processor.py:840} INFO - DAG(s) 'pipeline' retrieved from /opt/airflow/dags/pipeline.py
[2026-04-08T16:01:40.040+0000] {logging_mixin.py:188} INFO - [2026-04-08T16:01:40.039+0000] {dag.py:3089} INFO - Sync 1 DAGs
[2026-04-08T16:01:40.077+0000] {logging_mixin.py:188} INFO - [2026-04-08T16:01:40.077+0000] {dag.py:3947} INFO - Setting next_dagrun for pipeline to 2026-04-08 00:00:00+00:00, run_after=2026-04-09 00:00:00+00:00
[2026-04-08T16:01:40.118+0000] {processor.py:183} INFO - Processing /opt/airflow/dags/pipeline.py took 1.274 seconds
[2026-04-08T16:02:10.428+0000] {processor.py:161} INFO - Started process (PID=270) to work on /opt/airflow/dags/pipeline.py
[2026-04-08T16:02:10.430+0000] {processor.py:830} INFO - Processing file /opt/airflow/dags/pipeline.py for tasks to queue
[2026-04-08T16:02:10.434+0000] {logging_mixin.py:188} INFO - [2026-04-08T16:02:10.433+0000] {dagbag.py:545} INFO - Filling up the DagBag from /opt/airflow/dags/pipeline.py
[2026-04-08T16:02:11.209+0000] {processor.py:840} INFO - DAG(s) 'pipeline' retrieved from /opt/airflow/dags/pipeline.py
[2026-04-08T16:02:11.314+0000] {logging_mixin.py:188} INFO - [2026-04-08T16:02:11.314+0000] {dag.py:3089} INFO - Sync 1 DAGs
[2026-04-08T16:02:11.372+0000] {logging_mixin.py:188} INFO - [2026-04-08T16:02:11.372+0000] {dag.py:3947} INFO - Setting next_dagrun for pipeline to 2026-04-08 00:00:00+00:00, run_after=2026-04-09 00:00:00+00:00
[2026-04-08T16:02:11.613+0000] {processor.py:183} INFO - Processing /opt/airflow/dags/pipeline.py took 1.196 seconds
[2026-04-08T16:02:42.586+0000] {processor.py:161} INFO - Started process (PID=285) to work on /opt/airflow/dags/pipeline.py
[2026-04-08T16:02:42.589+0000] {processor.py:830} INFO - Processing file /opt/airflow/dags/pipeline.py for tasks to queue
[2026-04-08T16:02:42.595+0000] {logging_mixin.py:188} INFO - [2026-04-08T16:02:42.594+0000] {dagbag.py:545} INFO - Filling up the DagBag from /opt/airflow/dags/pipeline.py
[2026-04-08T16:02:43.456+0000] {processor.py:840} INFO - DAG(s) 'pipeline' retrieved from /opt/airflow/dags/pipeline.py
[2026-04-08T16:02:43.616+0000] {logging_mixin.py:188} INFO - [2026-04-08T16:02:43.615+0000] {dag.py:3089} INFO - Sync 1 DAGs
[2026-04-08T16:02:43.685+0000] {logging_mixin.py:188} INFO - [2026-04-08T16:02:43.683+0000] {dag.py:3947} INFO - Setting next_dagrun for pipeline to 2026-04-08 00:00:00+00:00, run_after=2026-04-09 00:00:00+00:00
[2026-04-08T16:02:43.753+0000] {processor.py:183} INFO - Processing /opt/airflow/dags/pipeline.py took 1.185 seconds
[2026-04-08T16:03:14.491+0000] {processor.py:161} INFO - Started process (PID=300) to work on /opt/airflow/dags/pipeline.py
[2026-04-08T16:03:14.494+0000] {processor.py:830} INFO - Processing file /opt/airflow/dags/pipeline.py for tasks to queue
[2026-04-08T16:03:14.499+0000] {logging_mixin.py:188} INFO - [2026-04-08T16:03:14.498+0000] {dagbag.py:545} INFO - Filling up the DagBag from /opt/airflow/dags/pipeline.py
[2026-04-08T16:03:15.079+0000] {processor.py:840} INFO - DAG(s) 'pipeline' retrieved from /opt/airflow/dags/pipeline.py
[2026-04-08T16:03:15.250+0000] {logging_mixin.py:188} INFO - [2026-04-08T16:03:15.249+0000] {dag.py:3089} INFO - Sync 1 DAGs
[2026-04-08T16:03:15.324+0000] {logging_mixin.py:188} INFO - [2026-04-08T16:03:15.323+0000] {dag.py:3947} INFO - Setting next_dagrun for pipeline to 2026-04-08 00:00:00+00:00, run_after=2026-04-09 00:00:00+00:00
[2026-04-08T16:03:15.385+0000] {processor.py:183} INFO - Processing /opt/airflow/dags/pipeline.py took 0.913 seconds
[2026-04-08T16:03:46.380+0000] {processor.py:161} INFO - Started process (PID=315) to work on /opt/airflow/dags/pipeline.py
[2026-04-08T16:03:46.381+0000] {processor.py:830} INFO - Processing file /opt/airflow/dags/pipeline.py for tasks to queue
[2026-04-08T16:03:46.384+0000] {logging_mixin.py:188} INFO - [2026-04-08T16:03:46.384+0000] {dagbag.py:545} INFO - Filling up the DagBag from /opt/airflow/dags/pipeline.py
[2026-04-08T16:03:47.010+0000] {processor.py:840} INFO - DAG(s) 'pipeline' retrieved from /opt/airflow/dags/pipeline.py
[2026-04-08T16:03:47.096+0000] {logging_mixin.py:188} INFO - [2026-04-08T16:03:47.096+0000] {dag.py:3089} INFO - Sync 1 DAGs
[2026-04-08T16:03:47.137+0000] {logging_mixin.py:188} INFO - [2026-04-08T16:03:47.137+0000] {dag.py:3947} INFO - Setting next_dagrun for pipeline to 2026-04-08 00:00:00+00:00, run_after=2026-04-09 00:00:00+00:00
[2026-04-08T16:03:47.178+0000] {processor.py:183} INFO - Processing /opt/airflow/dags/pipeline.py took 0.807 seconds
[2026-04-08T16:04:17.426+0000] {processor.py:161} INFO - Started process (PID=330) to work on /opt/airflow/dags/pipeline.py
[2026-04-08T16:04:17.428+0000] {processor.py:830} INFO - Processing file /opt/airflow/dags/pipeline.py for tasks to queue
[2026-04-08T16:04:17.435+0000] {logging_mixin.py:188} INFO - [2026-04-08T16:04:17.434+0000] {dagbag.py:545} INFO - Filling up the DagBag from /opt/airflow/dags/pipeline.py
[2026-04-08T16:04:18.318+0000] {processor.py:840} INFO - DAG(s) 'pipeline' retrieved from /opt/airflow/dags/pipeline.py
[2026-04-08T16:04:18.436+0000] {logging_mixin.py:188} INFO - [2026-04-08T16:04:18.435+0000] {dag.py:3089} INFO - Sync 1 DAGs
[2026-04-08T16:04:18.494+0000] {logging_mixin.py:188} INFO - [2026-04-08T16:04:18.494+0000] {dag.py:3947} INFO - Setting next_dagrun for pipeline to 2026-04-08 00:00:00+00:00, run_after=2026-04-09 00:00:00+00:00
[2026-04-08T16:04:18.566+0000] {processor.py:183} INFO - Processing /opt/airflow/dags/pipeline.py took 1.154 seconds
[2026-04-08T16:04:49.547+0000] {processor.py:161} INFO - Started process (PID=345) to work on /opt/airflow/dags/pipeline.py
[2026-04-08T16:04:49.549+0000] {processor.py:830} INFO - Processing file /opt/airflow/dags/pipeline.py for tasks to queue
[2026-04-08T16:04:49.553+0000] {logging_mixin.py:188} INFO - [2026-04-08T16:04:49.552+0000] {dagbag.py:545} INFO - Filling up the DagBag from /opt/airflow/dags/pipeline.py
[2026-04-08T16:04:50.380+0000] {processor.py:840} INFO - DAG(s) 'pipeline' retrieved from /opt/airflow/dags/pipeline.py
[2026-04-08T16:04:50.503+0000] {logging_mixin.py:188} INFO - [2026-04-08T16:04:50.503+0000] {dag.py:3089} INFO - Sync 1 DAGs
[2026-04-08T16:04:50.560+0000] {logging_mixin.py:188} INFO - [2026-04-08T16:04:50.560+0000] {dag.py:3947} INFO - Setting next_dagrun for pipeline to 2026-04-08 00:00:00+00:00, run_after=2026-04-09 00:00:00+00:00
[2026-04-08T16:04:50.632+0000] {processor.py:183} INFO - Processing /opt/airflow/dags/pipeline.py took 1.095 seconds
[2026-04-08T16:05:21.005+0000] {processor.py:161} INFO - Started process (PID=360) to work on /opt/airflow/dags/pipeline.py
[2026-04-08T16:05:21.007+0000] {processor.py:830} INFO - Processing file /opt/airflow/dags/pipeline.py for tasks to queue
[2026-04-08T16:05:21.009+0000] {logging_mixin.py:188} INFO - [2026-04-08T16:05:21.009+0000] {dagbag.py:545} INFO - Filling up the DagBag from /opt/airflow/dags/pipeline.py
[2026-04-08T16:05:21.737+0000] {processor.py:840} INFO - DAG(s) 'pipeline' retrieved from /opt/airflow/dags/pipeline.py
[2026-04-08T16:05:21.832+0000] {logging_mixin.py:188} INFO - [2026-04-08T16:05:21.832+0000] {dag.py:3089} INFO - Sync 1 DAGs
[2026-04-08T16:05:21.878+0000] {logging_mixin.py:188} INFO - [2026-04-08T16:05:21.878+0000] {dag.py:3947} INFO - Setting next_dagrun for pipeline to 2026-04-08 00:00:00+00:00, run_after=2026-04-09 00:00:00+00:00
[2026-04-08T16:05:21.924+0000] {processor.py:183} INFO - Processing /opt/airflow/dags/pipeline.py took 0.932 seconds
[2026-04-08T16:05:52.178+0000] {processor.py:161} INFO - Started process (PID=375) to work on /opt/airflow/dags/pipeline.py
[2026-04-08T16:05:52.179+0000] {processor.py:830} INFO - Processing file /opt/airflow/dags/pipeline.py for tasks to queue
[2026-04-08T16:05:52.186+0000] {logging_mixin.py:188} INFO - [2026-04-08T16:05:52.185+0000] {dagbag.py:545} INFO - Filling up the DagBag from /opt/airflow/dags/pipeline.py
[2026-04-08T16:05:52.956+0000] {processor.py:840} INFO - DAG(s) 'pipeline' retrieved from /opt/airflow/dags/pipeline.py
[2026-04-08T16:05:53.176+0000] {logging_mixin.py:188} INFO - [2026-04-08T16:05:53.176+0000] {dag.py:3089} INFO - Sync 1 DAGs
[2026-04-08T16:05:53.265+0000] {logging_mixin.py:188} INFO - [2026-04-08T16:05:53.264+0000] {dag.py:3947} INFO - Setting next_dagrun for pipeline to 2026-04-08 00:00:00+00:00, run_after=2026-04-09 00:00:00+00:00
[2026-04-08T16:05:53.355+0000] {processor.py:183} INFO - Processing /opt/airflow/dags/pipeline.py took 1.191 seconds
[2026-04-08T16:06:24.469+0000] {processor.py:161} INFO - Started process (PID=390) to work on /opt/airflow/dags/pipeline.py
[2026-04-08T16:06:24.475+0000] {processor.py:830} INFO - Processing file /opt/airflow/dags/pipeline.py for tasks to queue
[2026-04-08T16:06:24.486+0000] {logging_mixin.py:188} INFO - [2026-04-08T16:06:24.484+0000] {dagbag.py:545} INFO - Filling up the DagBag from /opt/airflow/dags/pipeline.py
[2026-04-08T16:06:25.615+0000] {processor.py:840} INFO - DAG(s) 'pipeline' retrieved from /opt/airflow/dags/pipeline.py
[2026-04-08T16:06:25.728+0000] {logging_mixin.py:188} INFO - [2026-04-08T16:06:25.728+0000] {dag.py:3089} INFO - Sync 1 DAGs
[2026-04-08T16:06:25.779+0000] {logging_mixin.py:188} INFO - [2026-04-08T16:06:25.779+0000] {dag.py:3947} INFO - Setting next_dagrun for pipeline to 2026-04-08 00:00:00+00:00, run_after=2026-04-09 00:00:00+00:00
[2026-04-08T16:06:25.832+0000] {processor.py:183} INFO - Processing /opt/airflow/dags/pipeline.py took 1.390 seconds
[2026-04-08T16:06:55.930+0000] {processor.py:161} INFO - Started process (PID=405) to work on /opt/airflow/dags/pipeline.py
[2026-04-08T16:06:55.932+0000] {processor.py:830} INFO - Processing file /opt/airflow/dags/pipeline.py for tasks to queue
[2026-04-08T16:06:55.940+0000] {logging_mixin.py:188} INFO - [2026-04-08T16:06:55.937+0000] {dagbag.py:545} INFO - Filling up the DagBag from /opt/airflow/dags/pipeline.py
[2026-04-08T16:06:56.566+0000] {processor.py:840} INFO - DAG(s) 'pipeline' retrieved from /opt/airflow/dags/pipeline.py
[2026-04-08T16:06:56.827+0000] {logging_mixin.py:188} INFO - [2026-04-08T16:06:56.826+0000] {dag.py:3089} INFO - Sync 1 DAGs
[2026-04-08T16:06:56.868+0000] {logging_mixin.py:188} INFO - [2026-04-08T16:06:56.868+0000] {dag.py:3947} INFO - Setting next_dagrun for pipeline to 2026-04-08 00:00:00+00:00, run_after=2026-04-09 00:00:00+00:00
[2026-04-08T16:06:56.914+0000] {processor.py:183} INFO - Processing /opt/airflow/dags/pipeline.py took 0.997 seconds
[2026-04-08T16:07:27.031+0000] {processor.py:161} INFO - Started process (PID=420) to work on /opt/airflow/dags/pipeline.py
[2026-04-08T16:07:27.032+0000] {processor.py:830} INFO - Processing file /opt/airflow/dags/pipeline.py for tasks to queue
[2026-04-08T16:07:27.036+0000] {logging_mixin.py:188} INFO - [2026-04-08T16:07:27.035+0000] {dagbag.py:545} INFO - Filling up the DagBag from /opt/airflow/dags/pipeline.py
[2026-04-08T16:07:27.920+0000] {processor.py:840} INFO - DAG(s) 'pipeline' retrieved from /opt/airflow/dags/pipeline.py
[2026-04-08T16:07:28.081+0000] {logging_mixin.py:188} INFO - [2026-04-08T16:07:28.081+0000] {dag.py:3089} INFO - Sync 1 DAGs
[2026-04-08T16:07:28.138+0000] {logging_mixin.py:188} INFO - [2026-04-08T16:07:28.138+0000] {dag.py:3947} INFO - Setting next_dagrun for pipeline to 2026-04-08 00:00:00+00:00, run_after=2026-04-09 00:00:00+00:00
[2026-04-08T16:07:28.185+0000] {processor.py:183} INFO - Processing /opt/airflow/dags/pipeline.py took 1.165 seconds
[2026-04-08T16:07:59.283+0000] {processor.py:161} INFO - Started process (PID=435) to work on /opt/airflow/dags/pipeline.py
[2026-04-08T16:07:59.287+0000] {processor.py:830} INFO - Processing file /opt/airflow/dags/pipeline.py for tasks to queue
[2026-04-08T16:07:59.297+0000] {logging_mixin.py:188} INFO - [2026-04-08T16:07:59.295+0000] {dagbag.py:545} INFO - Filling up the DagBag from /opt/airflow/dags/pipeline.py
[2026-04-08T16:08:00.229+0000] {processor.py:840} INFO - DAG(s) 'pipeline' retrieved from /opt/airflow/dags/pipeline.py
[2026-04-08T16:08:00.328+0000] {logging_mixin.py:188} INFO - [2026-04-08T16:08:00.328+0000] {dag.py:3089} INFO - Sync 1 DAGs
[2026-04-08T16:08:00.368+0000] {logging_mixin.py:188} INFO - [2026-04-08T16:08:00.368+0000] {dag.py:3947} INFO - Setting next_dagrun for pipeline to 2026-04-08 00:00:00+00:00, run_after=2026-04-09 00:00:00+00:00
[2026-04-08T16:08:00.419+0000] {processor.py:183} INFO - Processing /opt/airflow/dags/pipeline.py took 1.175 seconds
[2026-04-08T16:08:31.405+0000] {processor.py:161} INFO - Started process (PID=450) to work on /opt/airflow/dags/pipeline.py
[2026-04-08T16:08:31.407+0000] {processor.py:830} INFO - Processing file /opt/airflow/dags/pipeline.py for tasks to queue
[2026-04-08T16:08:31.410+0000] {logging_mixin.py:188} INFO - [2026-04-08T16:08:31.410+0000] {dagbag.py:545} INFO - Filling up the DagBag from /opt/airflow/dags/pipeline.py
[2026-04-08T16:08:32.017+0000] {processor.py:840} INFO - DAG(s) 'pipeline' retrieved from /opt/airflow/dags/pipeline.py
[2026-04-08T16:08:32.111+0000] {logging_mixin.py:188} INFO - [2026-04-08T16:08:32.111+0000] {dag.py:3089} INFO - Sync 1 DAGs
[2026-04-08T16:08:32.158+0000] {logging_mixin.py:188} INFO - [2026-04-08T16:08:32.157+0000] {dag.py:3947} INFO - Setting next_dagrun for pipeline to 2026-04-08 00:00:00+00:00, run_after=2026-04-09 00:00:00+00:00
[2026-04-08T16:08:32.207+0000] {processor.py:183} INFO - Processing /opt/airflow/dags/pipeline.py took 0.813 seconds
[2026-04-08T16:09:02.553+0000] {processor.py:161} INFO - Started process (PID=465) to work on /opt/airflow/dags/pipeline.py
[2026-04-08T16:09:02.558+0000] {processor.py:830} INFO - Processing file /opt/airflow/dags/pipeline.py for tasks to queue
[2026-04-08T16:09:02.565+0000] {logging_mixin.py:188} INFO - [2026-04-08T16:09:02.564+0000] {dagbag.py:545} INFO - Filling up the DagBag from /opt/airflow/dags/pipeline.py
[2026-04-08T16:09:03.140+0000] {processor.py:840} INFO - DAG(s) 'pipeline' retrieved from /opt/airflow/dags/pipeline.py
[2026-04-08T16:09:03.479+0000] {logging_mixin.py:188} INFO - [2026-04-08T16:09:03.479+0000] {dag.py:3089} INFO - Sync 1 DAGs
[2026-04-08T16:09:03.556+0000] {logging_mixin.py:188} INFO - [2026-04-08T16:09:03.555+0000] {dag.py:3947} INFO - Setting next_dagrun for pipeline to 2026-04-08 00:00:00+00:00, run_after=2026-04-09 00:00:00+00:00
[2026-04-08T16:09:03.628+0000] {processor.py:183} INFO - Processing /opt/airflow/dags/pipeline.py took 1.104 seconds
[2026-04-08T16:09:34.122+0000] {processor.py:161} INFO - Started process (PID=482) to work on /opt/airflow/dags/pipeline.py
[2026-04-08T16:09:34.125+0000] {processor.py:830} INFO - Processing file /opt/airflow/dags/pipeline.py for tasks to queue
[2026-04-08T16:09:34.141+0000] {logging_mixin.py:188} INFO - [2026-04-08T16:09:34.137+0000] {dagbag.py:545} INFO - Filling up the DagBag from /opt/airflow/dags/pipeline.py
[2026-04-08T16:09:35.784+0000] {processor.py:840} INFO - DAG(s) 'pipeline' retrieved from /opt/airflow/dags/pipeline.py
[2026-04-08T16:09:36.238+0000] {logging_mixin.py:188} INFO - [2026-04-08T16:09:36.237+0000] {dag.py:3089} INFO - Sync 1 DAGs
[2026-04-08T16:09:36.319+0000] {logging_mixin.py:188} INFO - [2026-04-08T16:09:36.319+0000] {dag.py:3947} INFO - Setting next_dagrun for pipeline to 2026-04-08 00:00:00+00:00, run_after=2026-04-09 00:00:00+00:00
[2026-04-08T16:09:36.408+0000] {processor.py:183} INFO - Processing /opt/airflow/dags/pipeline.py took 2.335 seconds
[2026-04-08T16:10:06.755+0000] {processor.py:161} INFO - Started process (PID=497) to work on /opt/airflow/dags/pipeline.py
[2026-04-08T16:10:06.757+0000] {processor.py:830} INFO - Processing file /opt/airflow/dags/pipeline.py for tasks to queue
[2026-04-08T16:10:06.762+0000] {logging_mixin.py:188} INFO - [2026-04-08T16:10:06.762+0000] {dagbag.py:545} INFO - Filling up the DagBag from /opt/airflow/dags/pipeline.py
[2026-04-08T16:10:07.315+0000] {processor.py:840} INFO - DAG(s) 'pipeline' retrieved from /opt/airflow/dags/pipeline.py
[2026-04-08T16:10:07.643+0000] {logging_mixin.py:188} INFO - [2026-04-08T16:10:07.642+0000] {dag.py:3089} INFO - Sync 1 DAGs
[2026-04-08T16:10:07.683+0000] {logging_mixin.py:188} INFO - [2026-04-08T16:10:07.683+0000] {dag.py:3947} INFO - Setting next_dagrun for pipeline to 2026-04-08 00:00:00+00:00, run_after=2026-04-09 00:00:00+00:00
[2026-04-08T16:10:07.761+0000] {processor.py:183} INFO - Processing /opt/airflow/dags/pipeline.py took 1.018 seconds
[2026-04-08T16:10:38.044+0000] {processor.py:161} INFO - Started process (PID=512) to work on /opt/airflow/dags/pipeline.py
[2026-04-08T16:10:38.046+0000] {processor.py:830} INFO - Processing file /opt/airflow/dags/pipeline.py for tasks to queue
[2026-04-08T16:10:38.049+0000] {logging_mixin.py:188} INFO - [2026-04-08T16:10:38.048+0000] {dagbag.py:545} INFO - Filling up the DagBag from /opt/airflow/dags/pipeline.py
[2026-04-08T16:10:38.976+0000] {processor.py:840} INFO - DAG(s) 'pipeline' retrieved from /opt/airflow/dags/pipeline.py
[2026-04-08T16:10:39.317+0000] {logging_mixin.py:188} INFO - [2026-04-08T16:10:39.316+0000] {dag.py:3089} INFO - Sync 1 DAGs
[2026-04-08T16:10:39.367+0000] {logging_mixin.py:188} INFO - [2026-04-08T16:10:39.367+0000] {dag.py:3947} INFO - Setting next_dagrun for pipeline to 2026-04-08 00:00:00+00:00, run_after=2026-04-09 00:00:00+00:00
[2026-04-08T16:10:39.429+0000] {processor.py:183} INFO - Processing /opt/airflow/dags/pipeline.py took 1.398 seconds
[2026-04-08T16:11:09.738+0000] {processor.py:161} INFO - Started process (PID=527) to work on /opt/airflow/dags/pipeline.py
[2026-04-08T16:11:09.741+0000] {processor.py:830} INFO - Processing file /opt/airflow/dags/pipeline.py for tasks to queue
[2026-04-08T16:11:09.745+0000] {logging_mixin.py:188} INFO - [2026-04-08T16:11:09.744+0000] {dagbag.py:545} INFO - Filling up the DagBag from /opt/airflow/dags/pipeline.py
[2026-04-08T16:11:10.439+0000] {processor.py:840} INFO - DAG(s) 'pipeline' retrieved from /opt/airflow/dags/pipeline.py
[2026-04-08T16:11:10.518+0000] {logging_mixin.py:188} INFO - [2026-04-08T16:11:10.518+0000] {dag.py:3089} INFO - Sync 1 DAGs
[2026-04-08T16:11:10.555+0000] {logging_mixin.py:188} INFO - [2026-04-08T16:11:10.555+0000] {dag.py:3947} INFO - Setting next_dagrun for pipeline to 2026-04-08 00:00:00+00:00, run_after=2026-04-09 00:00:00+00:00
[2026-04-08T16:11:10.604+0000] {processor.py:183} INFO - Processing /opt/airflow/dags/pipeline.py took 0.881 seconds
[2026-04-08T16:11:41.241+0000] {processor.py:161} INFO - Started process (PID=542) to work on /opt/airflow/dags/pipeline.py
[2026-04-08T16:11:41.246+0000] {processor.py:830} INFO - Processing file /opt/airflow/dags/pipeline.py for tasks to queue
[2026-04-08T16:11:41.255+0000] {logging_mixin.py:188} INFO - [2026-04-08T16:11:41.253+0000] {dagbag.py:545} INFO - Filling up the DagBag from /opt/airflow/dags/pipeline.py
[2026-04-08T16:11:42.068+0000] {processor.py:840} INFO - DAG(s) 'pipeline' retrieved from /opt/airflow/dags/pipeline.py
[2026-04-08T16:11:42.149+0000] {logging_mixin.py:188} INFO - [2026-04-08T16:11:42.149+0000] {dag.py:3089} INFO - Sync 1 DAGs
[2026-04-08T16:11:42.185+0000] {logging_mixin.py:188} INFO - [2026-04-08T16:11:42.185+0000] {dag.py:3947} INFO - Setting next_dagrun for pipeline to 2026-04-08 00:00:00+00:00, run_after=2026-04-09 00:00:00+00:00
[2026-04-08T16:11:42.238+0000] {processor.py:183} INFO - Processing /opt/airflow/dags/pipeline.py took 1.033 seconds
[2026-04-08T16:12:12.476+0000] {processor.py:161} INFO - Started process (PID=557) to work on /opt/airflow/dags/pipeline.py
[2026-04-08T16:12:12.481+0000] {processor.py:830} INFO - Processing file /opt/airflow/dags/pipeline.py for tasks to queue
[2026-04-08T16:12:12.494+0000] {logging_mixin.py:188} INFO - [2026-04-08T16:12:12.493+0000] {dagbag.py:545} INFO - Filling up the DagBag from /opt/airflow/dags/pipeline.py
[2026-04-08T16:12:13.499+0000] {processor.py:840} INFO - DAG(s) 'pipeline' retrieved from /opt/airflow/dags/pipeline.py
[2026-04-08T16:12:13.603+0000] {logging_mixin.py:188} INFO - [2026-04-08T16:12:13.603+0000] {dag.py:3089} INFO - Sync 1 DAGs
[2026-04-08T16:12:13.645+0000] {logging_mixin.py:188} INFO - [2026-04-08T16:12:13.645+0000] {dag.py:3947} INFO - Setting next_dagrun for pipeline to 2026-04-08 00:00:00+00:00, run_after=2026-04-09 00:00:00+00:00
[2026-04-08T16:12:13.756+0000] {processor.py:183} INFO - Processing /opt/airflow/dags/pipeline.py took 1.311 seconds
[2026-04-08T17:48:48.051+0000] {processor.py:161} INFO - Started process (PID=189) to work on /opt/airflow/dags/pipeline.py
[2026-04-08T17:48:48.054+0000] {processor.py:830} INFO - Processing file /opt/airflow/dags/pipeline.py for tasks to queue
[2026-04-08T17:48:48.058+0000] {logging_mixin.py:188} INFO - [2026-04-08T17:48:48.057+0000] {dagbag.py:545} INFO - Filling up the DagBag from /opt/airflow/dags/pipeline.py
[2026-04-08T17:48:49.972+0000] {processor.py:840} INFO - DAG(s) 'pipeline' retrieved from /opt/airflow/dags/pipeline.py
[2026-04-08T17:48:50.049+0000] {logging_mixin.py:188} INFO - [2026-04-08T17:48:50.048+0000] {dag.py:3089} INFO - Sync 1 DAGs
[2026-04-08T17:48:50.108+0000] {logging_mixin.py:188} INFO - [2026-04-08T17:48:50.108+0000] {dag.py:3947} INFO - Setting next_dagrun for pipeline to 2026-04-08 00:00:00+00:00, run_after=2026-04-09 00:00:00+00:00
[2026-04-08T17:48:50.163+0000] {processor.py:183} INFO - Processing /opt/airflow/dags/pipeline.py took 2.126 seconds
[2026-04-08T17:49:23.799+0000] {processor.py:161} INFO - Started process (PID=206) to work on /opt/airflow/dags/pipeline.py
[2026-04-08T17:49:23.801+0000] {processor.py:830} INFO - Processing file /opt/airflow/dags/pipeline.py for tasks to queue
[2026-04-08T17:49:23.806+0000] {logging_mixin.py:188} INFO - [2026-04-08T17:49:23.805+0000] {dagbag.py:545} INFO - Filling up the DagBag from /opt/airflow/dags/pipeline.py
[2026-04-08T17:49:25.192+0000] {processor.py:840} INFO - DAG(s) 'pipeline' retrieved from /opt/airflow/dags/pipeline.py
[2026-04-08T17:49:25.582+0000] {logging_mixin.py:188} INFO - [2026-04-08T17:49:25.582+0000] {dag.py:3089} INFO - Sync 1 DAGs
[2026-04-08T17:49:25.729+0000] {logging_mixin.py:188} INFO - [2026-04-08T17:49:25.729+0000] {dag.py:3947} INFO - Setting next_dagrun for pipeline to 2026-04-08 00:00:00+00:00, run_after=2026-04-09 00:00:00+00:00
[2026-04-08T17:49:25.826+0000] {processor.py:183} INFO - Processing /opt/airflow/dags/pipeline.py took 2.041 seconds
[2026-04-08T17:49:56.530+0000] {processor.py:161} INFO - Started process (PID=221) to work on /opt/airflow/dags/pipeline.py
[2026-04-08T17:49:56.534+0000] {processor.py:830} INFO - Processing file /opt/airflow/dags/pipeline.py for tasks to queue
[2026-04-08T17:49:56.542+0000] {logging_mixin.py:188} INFO - [2026-04-08T17:49:56.537+0000] {dagbag.py:545} INFO - Filling up the DagBag from /opt/airflow/dags/pipeline.py
[2026-04-08T17:49:57.456+0000] {processor.py:840} INFO - DAG(s) 'pipeline' retrieved from /opt/airflow/dags/pipeline.py
[2026-04-08T17:49:57.572+0000] {logging_mixin.py:188} INFO - [2026-04-08T17:49:57.572+0000] {dag.py:3089} INFO - Sync 1 DAGs
[2026-04-08T17:49:57.611+0000] {logging_mixin.py:188} INFO - [2026-04-08T17:49:57.611+0000] {dag.py:3947} INFO - Setting next_dagrun for pipeline to 2026-04-08 00:00:00+00:00, run_after=2026-04-09 00:00:00+00:00
[2026-04-08T17:49:57.666+0000] {processor.py:183} INFO - Processing /opt/airflow/dags/pipeline.py took 1.153 seconds
[2026-04-08T17:50:27.853+0000] {processor.py:161} INFO - Started process (PID=236) to work on /opt/airflow/dags/pipeline.py
[2026-04-08T17:50:27.855+0000] {processor.py:830} INFO - Processing file /opt/airflow/dags/pipeline.py for tasks to queue
[2026-04-08T17:50:27.859+0000] {logging_mixin.py:188} INFO - [2026-04-08T17:50:27.858+0000] {dagbag.py:545} INFO - Filling up the DagBag from /opt/airflow/dags/pipeline.py
[2026-04-08T17:50:28.715+0000] {processor.py:840} INFO - DAG(s) 'pipeline' retrieved from /opt/airflow/dags/pipeline.py
[2026-04-08T17:50:28.794+0000] {logging_mixin.py:188} INFO - [2026-04-08T17:50:28.794+0000] {dag.py:3089} INFO - Sync 1 DAGs
[2026-04-08T17:50:28.835+0000] {logging_mixin.py:188} INFO - [2026-04-08T17:50:28.835+0000] {dag.py:3947} INFO - Setting next_dagrun for pipeline to 2026-04-08 00:00:00+00:00, run_after=2026-04-09 00:00:00+00:00
[2026-04-08T17:50:28.887+0000] {processor.py:183} INFO - Processing /opt/airflow/dags/pipeline.py took 1.047 seconds
[2026-04-08T17:50:59.571+0000] {processor.py:161} INFO - Started process (PID=251) to work on /opt/airflow/dags/pipeline.py
[2026-04-08T17:50:59.581+0000] {processor.py:830} INFO - Processing file /opt/airflow/dags/pipeline.py for tasks to queue
[2026-04-08T17:50:59.585+0000] {logging_mixin.py:188} INFO - [2026-04-08T17:50:59.585+0000] {dagbag.py:545} INFO - Filling up the DagBag from /opt/airflow/dags/pipeline.py
[2026-04-08T17:51:01.164+0000] {processor.py:840} INFO - DAG(s) 'pipeline' retrieved from /opt/airflow/dags/pipeline.py
[2026-04-08T17:51:01.298+0000] {logging_mixin.py:188} INFO - [2026-04-08T17:51:01.298+0000] {dag.py:3089} INFO - Sync 1 DAGs
[2026-04-08T17:51:01.364+0000] {logging_mixin.py:188} INFO - [2026-04-08T17:51:01.364+0000] {dag.py:3947} INFO - Setting next_dagrun for pipeline to 2026-04-08 00:00:00+00:00, run_after=2026-04-09 00:00:00+00:00
[2026-04-08T17:51:01.424+0000] {processor.py:183} INFO - Processing /opt/airflow/dags/pipeline.py took 1.882 seconds
[2026-04-08T17:51:32.211+0000] {processor.py:161} INFO - Started process (PID=266) to work on /opt/airflow/dags/pipeline.py
[2026-04-08T17:51:32.213+0000] {processor.py:830} INFO - Processing file /opt/airflow/dags/pipeline.py for tasks to queue
[2026-04-08T17:51:32.217+0000] {logging_mixin.py:188} INFO - [2026-04-08T17:51:32.216+0000] {dagbag.py:545} INFO - Filling up the DagBag from /opt/airflow/dags/pipeline.py
[2026-04-08T17:51:33.235+0000] {processor.py:840} INFO - DAG(s) 'pipeline' retrieved from /opt/airflow/dags/pipeline.py
[2026-04-08T17:51:33.382+0000] {logging_mixin.py:188} INFO - [2026-04-08T17:51:33.381+0000] {dag.py:3089} INFO - Sync 1 DAGs
[2026-04-08T17:51:33.459+0000] {logging_mixin.py:188} INFO - [2026-04-08T17:51:33.458+0000] {dag.py:3947} INFO - Setting next_dagrun for pipeline to 2026-04-08 00:00:00+00:00, run_after=2026-04-09 00:00:00+00:00
[2026-04-08T17:51:33.558+0000] {processor.py:183} INFO - Processing /opt/airflow/dags/pipeline.py took 1.361 seconds
[2026-04-08T17:52:03.971+0000] {processor.py:161} INFO - Started process (PID=281) to work on /opt/airflow/dags/pipeline.py
[2026-04-08T17:52:03.972+0000] {processor.py:830} INFO - Processing file /opt/airflow/dags/pipeline.py for tasks to queue
[2026-04-08T17:52:03.976+0000] {logging_mixin.py:188} INFO - [2026-04-08T17:52:03.976+0000] {dagbag.py:545} INFO - Filling up the DagBag from /opt/airflow/dags/pipeline.py
[2026-04-08T17:52:04.842+0000] {processor.py:840} INFO - DAG(s) 'pipeline' retrieved from /opt/airflow/dags/pipeline.py
[2026-04-08T17:52:04.954+0000] {logging_mixin.py:188} INFO - [2026-04-08T17:52:04.954+0000] {dag.py:3089} INFO - Sync 1 DAGs
[2026-04-08T17:52:05.013+0000] {logging_mixin.py:188} INFO - [2026-04-08T17:52:05.013+0000] {dag.py:3947} INFO - Setting next_dagrun for pipeline to 2026-04-08 00:00:00+00:00, run_after=2026-04-09 00:00:00+00:00
[2026-04-08T17:52:05.065+0000] {processor.py:183} INFO - Processing /opt/airflow/dags/pipeline.py took 1.104 seconds
[2026-04-08T17:52:35.390+0000] {processor.py:161} INFO - Started process (PID=296) to work on /opt/airflow/dags/pipeline.py
[2026-04-08T17:52:35.393+0000] {processor.py:830} INFO - Processing file /opt/airflow/dags/pipeline.py for tasks to queue
[2026-04-08T17:52:35.397+0000] {logging_mixin.py:188} INFO - [2026-04-08T17:52:35.396+0000] {dagbag.py:545} INFO - Filling up the DagBag from /opt/airflow/dags/pipeline.py
[2026-04-08T17:52:36.238+0000] {processor.py:840} INFO - DAG(s) 'pipeline' retrieved from /opt/airflow/dags/pipeline.py
[2026-04-08T17:52:36.357+0000] {logging_mixin.py:188} INFO - [2026-04-08T17:52:36.357+0000] {dag.py:3089} INFO - Sync 1 DAGs
[2026-04-08T17:52:36.412+0000] {logging_mixin.py:188} INFO - [2026-04-08T17:52:36.412+0000] {dag.py:3947} INFO - Setting next_dagrun for pipeline to 2026-04-08 00:00:00+00:00, run_after=2026-04-09 00:00:00+00:00
[2026-04-08T17:52:36.459+0000] {processor.py:183} INFO - Processing /opt/airflow/dags/pipeline.py took 1.080 seconds
[2026-04-08T17:53:06.943+0000] {processor.py:161} INFO - Started process (PID=311) to work on /opt/airflow/dags/pipeline.py
[2026-04-08T17:53:06.948+0000] {processor.py:830} INFO - Processing file /opt/airflow/dags/pipeline.py for tasks to queue
[2026-04-08T17:53:06.960+0000] {logging_mixin.py:188} INFO - [2026-04-08T17:53:06.959+0000] {dagbag.py:545} INFO - Filling up the DagBag from /opt/airflow/dags/pipeline.py
[2026-04-08T17:53:08.684+0000] {processor.py:840} INFO - DAG(s) 'pipeline' retrieved from /opt/airflow/dags/pipeline.py
[2026-04-08T17:53:08.925+0000] {logging_mixin.py:188} INFO - [2026-04-08T17:53:08.924+0000] {dag.py:3089} INFO - Sync 1 DAGs
[2026-04-08T17:53:09.055+0000] {logging_mixin.py:188} INFO - [2026-04-08T17:53:09.054+0000] {dag.py:3947} INFO - Setting next_dagrun for pipeline to 2026-04-08 00:00:00+00:00, run_after=2026-04-09 00:00:00+00:00
[2026-04-08T17:53:09.285+0000] {processor.py:183} INFO - Processing /opt/airflow/dags/pipeline.py took 2.384 seconds
[2026-04-08T17:53:40.037+0000] {processor.py:161} INFO - Started process (PID=326) to work on /opt/airflow/dags/pipeline.py
[2026-04-08T17:53:40.043+0000] {processor.py:830} INFO - Processing file /opt/airflow/dags/pipeline.py for tasks to queue
[2026-04-08T17:53:40.055+0000] {logging_mixin.py:188} INFO - [2026-04-08T17:53:40.053+0000] {dagbag.py:545} INFO - Filling up the DagBag from /opt/airflow/dags/pipeline.py
[2026-04-08T17:53:40.824+0000] {processor.py:840} INFO - DAG(s) 'pipeline' retrieved from /opt/airflow/dags/pipeline.py
[2026-04-08T17:53:40.917+0000] {logging_mixin.py:188} INFO - [2026-04-08T17:53:40.916+0000] {dag.py:3089} INFO - Sync 1 DAGs
[2026-04-08T17:53:40.958+0000] {logging_mixin.py:188} INFO - [2026-04-08T17:53:40.957+0000] {dag.py:3947} INFO - Setting next_dagrun for pipeline to 2026-04-08 00:00:00+00:00, run_after=2026-04-09 00:00:00+00:00
[2026-04-08T17:53:41.000+0000] {processor.py:183} INFO - Processing /opt/airflow/dags/pipeline.py took 0.993 seconds
[2026-04-08T17:54:11.498+0000] {processor.py:161} INFO - Started process (PID=341) to work on /opt/airflow/dags/pipeline.py
[2026-04-08T17:54:11.506+0000] {processor.py:830} INFO - Processing file /opt/airflow/dags/pipeline.py for tasks to queue
[2026-04-08T17:54:11.517+0000] {logging_mixin.py:188} INFO - [2026-04-08T17:54:11.517+0000] {dagbag.py:545} INFO - Filling up the DagBag from /opt/airflow/dags/pipeline.py
[2026-04-08T17:54:12.192+0000] {processor.py:840} INFO - DAG(s) 'pipeline' retrieved from /opt/airflow/dags/pipeline.py
[2026-04-08T17:54:12.556+0000] {logging_mixin.py:188} INFO - [2026-04-08T17:54:12.556+0000] {dag.py:3089} INFO - Sync 1 DAGs
[2026-04-08T17:54:12.622+0000] {logging_mixin.py:188} INFO - [2026-04-08T17:54:12.622+0000] {dag.py:3947} INFO - Setting next_dagrun for pipeline to 2026-04-08 00:00:00+00:00, run_after=2026-04-09 00:00:00+00:00
[2026-04-08T17:54:12.686+0000] {processor.py:183} INFO - Processing /opt/airflow/dags/pipeline.py took 1.233 seconds
[2026-04-08T17:54:42.910+0000] {processor.py:161} INFO - Started process (PID=356) to work on /opt/airflow/dags/pipeline.py
[2026-04-08T17:54:42.913+0000] {processor.py:830} INFO - Processing file /opt/airflow/dags/pipeline.py for tasks to queue
[2026-04-08T17:54:42.919+0000] {logging_mixin.py:188} INFO - [2026-04-08T17:54:42.918+0000] {dagbag.py:545} INFO - Filling up the DagBag from /opt/airflow/dags/pipeline.py
[2026-04-08T17:54:43.932+0000] {processor.py:840} INFO - DAG(s) 'pipeline' retrieved from /opt/airflow/dags/pipeline.py
[2026-04-08T17:54:44.036+0000] {logging_mixin.py:188} INFO - [2026-04-08T17:54:44.036+0000] {dag.py:3089} INFO - Sync 1 DAGs
[2026-04-08T17:54:44.093+0000] {logging_mixin.py:188} INFO - [2026-04-08T17:54:44.093+0000] {dag.py:3947} INFO - Setting next_dagrun for pipeline to 2026-04-08 00:00:00+00:00, run_after=2026-04-09 00:00:00+00:00
[2026-04-08T17:54:44.148+0000] {processor.py:183} INFO - Processing /opt/airflow/dags/pipeline.py took 1.287 seconds
[2026-04-08T17:55:15.039+0000] {processor.py:161} INFO - Started process (PID=371) to work on /opt/airflow/dags/pipeline.py
[2026-04-08T17:55:15.041+0000] {processor.py:830} INFO - Processing file /opt/airflow/dags/pipeline.py for tasks to queue
[2026-04-08T17:55:15.044+0000] {logging_mixin.py:188} INFO - [2026-04-08T17:55:15.044+0000] {dagbag.py:545} INFO - Filling up the DagBag from /opt/airflow/dags/pipeline.py
[2026-04-08T17:55:15.755+0000] {processor.py:840} INFO - DAG(s) 'pipeline' retrieved from /opt/airflow/dags/pipeline.py
[2026-04-08T17:55:15.871+0000] {logging_mixin.py:188} INFO - [2026-04-08T17:55:15.871+0000] {dag.py:3089} INFO - Sync 1 DAGs
[2026-04-08T17:55:15.915+0000] {logging_mixin.py:188} INFO - [2026-04-08T17:55:15.915+0000] {dag.py:3947} INFO - Setting next_dagrun for pipeline to 2026-04-08 00:00:00+00:00, run_after=2026-04-09 00:00:00+00:00
[2026-04-08T17:55:15.957+0000] {processor.py:183} INFO - Processing /opt/airflow/dags/pipeline.py took 0.928 seconds
[2026-04-08T17:55:46.029+0000] {processor.py:161} INFO - Started process (PID=386) to work on /opt/airflow/dags/pipeline.py
[2026-04-08T17:55:46.031+0000] {processor.py:830} INFO - Processing file /opt/airflow/dags/pipeline.py for tasks to queue
[2026-04-08T17:55:46.034+0000] {logging_mixin.py:188} INFO - [2026-04-08T17:55:46.034+0000] {dagbag.py:545} INFO - Filling up the DagBag from /opt/airflow/dags/pipeline.py
[2026-04-08T17:55:46.689+0000] {processor.py:840} INFO - DAG(s) 'pipeline' retrieved from /opt/airflow/dags/pipeline.py
[2026-04-08T17:55:46.781+0000] {logging_mixin.py:188} INFO - [2026-04-08T17:55:46.781+0000] {dag.py:3089} INFO - Sync 1 DAGs
[2026-04-08T17:55:46.820+0000] {logging_mixin.py:188} INFO - [2026-04-08T17:55:46.820+0000] {dag.py:3947} INFO - Setting next_dagrun for pipeline to 2026-04-08 00:00:00+00:00, run_after=2026-04-09 00:00:00+00:00
[2026-04-08T17:55:46.888+0000] {processor.py:183} INFO - Processing /opt/airflow/dags/pipeline.py took 0.868 seconds
[2026-04-08T17:56:17.015+0000] {processor.py:161} INFO - Started process (PID=401) to work on /opt/airflow/dags/pipeline.py
[2026-04-08T17:56:17.031+0000] {processor.py:830} INFO - Processing file /opt/airflow/dags/pipeline.py for tasks to queue
[2026-04-08T17:56:17.056+0000] {logging_mixin.py:188} INFO - [2026-04-08T17:56:17.056+0000] {dagbag.py:545} INFO - Filling up the DagBag from /opt/airflow/dags/pipeline.py
[2026-04-08T17:56:17.713+0000] {processor.py:840} INFO - DAG(s) 'pipeline' retrieved from /opt/airflow/dags/pipeline.py
[2026-04-08T17:56:17.839+0000] {logging_mixin.py:188} INFO - [2026-04-08T17:56:17.839+0000] {dag.py:3089} INFO - Sync 1 DAGs
[2026-04-08T17:56:17.895+0000] {logging_mixin.py:188} INFO - [2026-04-08T17:56:17.895+0000] {dag.py:3947} INFO - Setting next_dagrun for pipeline to 2026-04-08 00:00:00+00:00, run_after=2026-04-09 00:00:00+00:00
[2026-04-08T17:56:17.946+0000] {processor.py:183} INFO - Processing /opt/airflow/dags/pipeline.py took 0.948 seconds
[2026-04-08T17:56:48.146+0000] {processor.py:161} INFO - Started process (PID=416) to work on /opt/airflow/dags/pipeline.py
[2026-04-08T17:56:48.149+0000] {processor.py:830} INFO - Processing file /opt/airflow/dags/pipeline.py for tasks to queue
[2026-04-08T17:56:48.156+0000] {logging_mixin.py:188} INFO - [2026-04-08T17:56:48.153+0000] {dagbag.py:545} INFO - Filling up the DagBag from /opt/airflow/dags/pipeline.py
[2026-04-08T17:56:48.717+0000] {processor.py:840} INFO - DAG(s) 'pipeline' retrieved from /opt/airflow/dags/pipeline.py
[2026-04-08T17:56:48.817+0000] {logging_mixin.py:188} INFO - [2026-04-08T17:56:48.817+0000] {dag.py:3089} INFO - Sync 1 DAGs
[2026-04-08T17:56:48.856+0000] {logging_mixin.py:188} INFO - [2026-04-08T17:56:48.856+0000] {dag.py:3947} INFO - Setting next_dagrun for pipeline to 2026-04-08 00:00:00+00:00, run_after=2026-04-09 00:00:00+00:00
[2026-04-08T17:56:48.907+0000] {processor.py:183} INFO - Processing /opt/airflow/dags/pipeline.py took 0.781 seconds
[2026-04-08T17:57:19.088+0000] {processor.py:161} INFO - Started process (PID=431) to work on /opt/airflow/dags/pipeline.py
[2026-04-08T17:57:19.092+0000] {processor.py:830} INFO - Processing file /opt/airflow/dags/pipeline.py for tasks to queue
[2026-04-08T17:57:19.101+0000] {logging_mixin.py:188} INFO - [2026-04-08T17:57:19.100+0000] {dagbag.py:545} INFO - Filling up the DagBag from /opt/airflow/dags/pipeline.py
[2026-04-08T17:57:19.807+0000] {processor.py:840} INFO - DAG(s) 'pipeline' retrieved from /opt/airflow/dags/pipeline.py
[2026-04-08T17:57:19.892+0000] {logging_mixin.py:188} INFO - [2026-04-08T17:57:19.892+0000] {dag.py:3089} INFO - Sync 1 DAGs
[2026-04-08T17:57:19.935+0000] {logging_mixin.py:188} INFO - [2026-04-08T17:57:19.934+0000] {dag.py:3947} INFO - Setting next_dagrun for pipeline to 2026-04-08 00:00:00+00:00, run_after=2026-04-09 00:00:00+00:00
[2026-04-08T17:57:19.974+0000] {processor.py:183} INFO - Processing /opt/airflow/dags/pipeline.py took 0.908 seconds
[2026-04-08T17:57:50.125+0000] {processor.py:161} INFO - Started process (PID=446) to work on /opt/airflow/dags/pipeline.py
[2026-04-08T17:57:50.127+0000] {processor.py:830} INFO - Processing file /opt/airflow/dags/pipeline.py for tasks to queue
[2026-04-08T17:57:50.139+0000] {logging_mixin.py:188} INFO - [2026-04-08T17:57:50.137+0000] {dagbag.py:545} INFO - Filling up the DagBag from /opt/airflow/dags/pipeline.py
[2026-04-08T17:57:50.844+0000] {processor.py:840} INFO - DAG(s) 'pipeline' retrieved from /opt/airflow/dags/pipeline.py
[2026-04-08T17:57:50.942+0000] {logging_mixin.py:188} INFO - [2026-04-08T17:57:50.942+0000] {dag.py:3089} INFO - Sync 1 DAGs
[2026-04-08T17:57:50.985+0000] {logging_mixin.py:188} INFO - [2026-04-08T17:57:50.984+0000] {dag.py:3947} INFO - Setting next_dagrun for pipeline to 2026-04-08 00:00:00+00:00, run_after=2026-04-09 00:00:00+00:00
[2026-04-08T17:57:51.046+0000] {processor.py:183} INFO - Processing /opt/airflow/dags/pipeline.py took 0.942 seconds
[2026-04-08T17:58:21.193+0000] {processor.py:161} INFO - Started process (PID=461) to work on /opt/airflow/dags/pipeline.py
[2026-04-08T17:58:21.194+0000] {processor.py:830} INFO - Processing file /opt/airflow/dags/pipeline.py for tasks to queue
[2026-04-08T17:58:21.197+0000] {logging_mixin.py:188} INFO - [2026-04-08T17:58:21.196+0000] {dagbag.py:545} INFO - Filling up the DagBag from /opt/airflow/dags/pipeline.py
[2026-04-08T17:58:21.789+0000] {processor.py:840} INFO - DAG(s) 'pipeline' retrieved from /opt/airflow/dags/pipeline.py
[2026-04-08T17:58:21.899+0000] {logging_mixin.py:188} INFO - [2026-04-08T17:58:21.898+0000] {dag.py:3089} INFO - Sync 1 DAGs
[2026-04-08T17:58:21.941+0000] {logging_mixin.py:188} INFO - [2026-04-08T17:58:21.941+0000] {dag.py:3947} INFO - Setting next_dagrun for pipeline to 2026-04-08 00:00:00+00:00, run_after=2026-04-09 00:00:00+00:00
[2026-04-08T17:58:21.992+0000] {processor.py:183} INFO - Processing /opt/airflow/dags/pipeline.py took 0.810 seconds
[2026-04-08T17:58:52.552+0000] {processor.py:161} INFO - Started process (PID=476) to work on /opt/airflow/dags/pipeline.py
[2026-04-08T17:58:52.556+0000] {processor.py:830} INFO - Processing file /opt/airflow/dags/pipeline.py for tasks to queue
[2026-04-08T17:58:52.560+0000] {logging_mixin.py:188} INFO - [2026-04-08T17:58:52.559+0000] {dagbag.py:545} INFO - Filling up the DagBag from /opt/airflow/dags/pipeline.py
[2026-04-08T17:58:53.318+0000] {processor.py:840} INFO - DAG(s) 'pipeline' retrieved from /opt/airflow/dags/pipeline.py
[2026-04-08T17:58:53.419+0000] {logging_mixin.py:188} INFO - [2026-04-08T17:58:53.419+0000] {dag.py:3089} INFO - Sync 1 DAGs
[2026-04-08T17:58:53.470+0000] {logging_mixin.py:188} INFO - [2026-04-08T17:58:53.470+0000] {dag.py:3947} INFO - Setting next_dagrun for pipeline to 2026-04-08 00:00:00+00:00, run_after=2026-04-09 00:00:00+00:00
[2026-04-08T17:58:53.525+0000] {processor.py:183} INFO - Processing /opt/airflow/dags/pipeline.py took 1.082 seconds
[2026-04-08T17:59:23.784+0000] {processor.py:161} INFO - Started process (PID=491) to work on /opt/airflow/dags/pipeline.py
[2026-04-08T17:59:23.786+0000] {processor.py:830} INFO - Processing file /opt/airflow/dags/pipeline.py for tasks to queue
[2026-04-08T17:59:23.792+0000] {logging_mixin.py:188} INFO - [2026-04-08T17:59:23.791+0000] {dagbag.py:545} INFO - Filling up the DagBag from /opt/airflow/dags/pipeline.py
[2026-04-08T17:59:24.398+0000] {processor.py:840} INFO - DAG(s) 'pipeline' retrieved from /opt/airflow/dags/pipeline.py
[2026-04-08T17:59:24.642+0000] {logging_mixin.py:188} INFO - [2026-04-08T17:59:24.642+0000] {dag.py:3089} INFO - Sync 1 DAGs
[2026-04-08T17:59:24.737+0000] {logging_mixin.py:188} INFO - [2026-04-08T17:59:24.737+0000] {dag.py:3947} INFO - Setting next_dagrun for pipeline to 2026-04-08 00:00:00+00:00, run_after=2026-04-09 00:00:00+00:00
[2026-04-08T17:59:24.784+0000] {processor.py:183} INFO - Processing /opt/airflow/dags/pipeline.py took 1.011 seconds
[2026-04-08T17:59:54.995+0000] {processor.py:161} INFO - Started process (PID=506) to work on /opt/airflow/dags/pipeline.py
[2026-04-08T17:59:55.000+0000] {processor.py:830} INFO - Processing file /opt/airflow/dags/pipeline.py for tasks to queue
[2026-04-08T17:59:55.010+0000] {logging_mixin.py:188} INFO - [2026-04-08T17:59:55.007+0000] {dagbag.py:545} INFO - Filling up the DagBag from /opt/airflow/dags/pipeline.py
[2026-04-08T17:59:55.883+0000] {processor.py:840} INFO - DAG(s) 'pipeline' retrieved from /opt/airflow/dags/pipeline.py
[2026-04-08T17:59:55.973+0000] {logging_mixin.py:188} INFO - [2026-04-08T17:59:55.972+0000] {dag.py:3089} INFO - Sync 1 DAGs
[2026-04-08T17:59:56.032+0000] {logging_mixin.py:188} INFO - [2026-04-08T17:59:56.032+0000] {dag.py:3947} INFO - Setting next_dagrun for pipeline to 2026-04-08 00:00:00+00:00, run_after=2026-04-09 00:00:00+00:00
[2026-04-08T17:59:56.103+0000] {processor.py:183} INFO - Processing /opt/airflow/dags/pipeline.py took 1.143 seconds
[2026-04-08T18:00:26.319+0000] {processor.py:161} INFO - Started process (PID=521) to work on /opt/airflow/dags/pipeline.py
[2026-04-08T18:00:26.324+0000] {processor.py:830} INFO - Processing file /opt/airflow/dags/pipeline.py for tasks to queue
[2026-04-08T18:00:26.332+0000] {logging_mixin.py:188} INFO - [2026-04-08T18:00:26.331+0000] {dagbag.py:545} INFO - Filling up the DagBag from /opt/airflow/dags/pipeline.py
[2026-04-08T18:00:27.142+0000] {processor.py:840} INFO - DAG(s) 'pipeline' retrieved from /opt/airflow/dags/pipeline.py
[2026-04-08T18:00:27.235+0000] {logging_mixin.py:188} INFO - [2026-04-08T18:00:27.235+0000] {dag.py:3089} INFO - Sync 1 DAGs
[2026-04-08T18:00:27.276+0000] {logging_mixin.py:188} INFO - [2026-04-08T18:00:27.276+0000] {dag.py:3947} INFO - Setting next_dagrun for pipeline to 2026-04-08 00:00:00+00:00, run_after=2026-04-09 00:00:00+00:00
[2026-04-08T18:00:27.329+0000] {processor.py:183} INFO - Processing /opt/airflow/dags/pipeline.py took 1.040 seconds
[2026-04-08T18:00:57.646+0000] {processor.py:161} INFO - Started process (PID=536) to work on /opt/airflow/dags/pipeline.py
[2026-04-08T18:00:57.658+0000] {processor.py:830} INFO - Processing file /opt/airflow/dags/pipeline.py for tasks to queue
[2026-04-08T18:00:57.676+0000] {logging_mixin.py:188} INFO - [2026-04-08T18:00:57.675+0000] {dagbag.py:545} INFO - Filling up the DagBag from /opt/airflow/dags/pipeline.py
[2026-04-08T18:00:59.099+0000] {processor.py:840} INFO - DAG(s) 'pipeline' retrieved from /opt/airflow/dags/pipeline.py
[2026-04-08T18:00:59.260+0000] {logging_mixin.py:188} INFO - [2026-04-08T18:00:59.260+0000] {dag.py:3089} INFO - Sync 1 DAGs
[2026-04-08T18:00:59.331+0000] {logging_mixin.py:188} INFO - [2026-04-08T18:00:59.331+0000] {dag.py:3947} INFO - Setting next_dagrun for pipeline to 2026-04-08 00:00:00+00:00, run_after=2026-04-09 00:00:00+00:00
[2026-04-08T18:00:59.421+0000] {processor.py:183} INFO - Processing /opt/airflow/dags/pipeline.py took 1.886 seconds
[2026-04-08T18:01:29.550+0000] {processor.py:161} INFO - Started process (PID=551) to work on /opt/airflow/dags/pipeline.py
[2026-04-08T18:01:29.552+0000] {processor.py:830} INFO - Processing file /opt/airflow/dags/pipeline.py for tasks to queue
[2026-04-08T18:01:29.567+0000] {logging_mixin.py:188} INFO - [2026-04-08T18:01:29.555+0000] {dagbag.py:545} INFO - Filling up the DagBag from /opt/airflow/dags/pipeline.py
[2026-04-08T18:01:30.653+0000] {processor.py:840} INFO - DAG(s) 'pipeline' retrieved from /opt/airflow/dags/pipeline.py
[2026-04-08T18:01:30.759+0000] {logging_mixin.py:188} INFO - [2026-04-08T18:01:30.758+0000] {dag.py:3089} INFO - Sync 1 DAGs
[2026-04-08T18:01:30.814+0000] {logging_mixin.py:188} INFO - [2026-04-08T18:01:30.814+0000] {dag.py:3947} INFO - Setting next_dagrun for pipeline to 2026-04-08 00:00:00+00:00, run_after=2026-04-09 00:00:00+00:00
[2026-04-08T18:01:30.871+0000] {processor.py:183} INFO - Processing /opt/airflow/dags/pipeline.py took 1.332 seconds
[2026-04-08T18:02:01.453+0000] {processor.py:161} INFO - Started process (PID=566) to work on /opt/airflow/dags/pipeline.py
[2026-04-08T18:02:01.455+0000] {processor.py:830} INFO - Processing file /opt/airflow/dags/pipeline.py for tasks to queue
[2026-04-08T18:02:01.459+0000] {logging_mixin.py:188} INFO - [2026-04-08T18:02:01.458+0000] {dagbag.py:545} INFO - Filling up the DagBag from /opt/airflow/dags/pipeline.py
[2026-04-08T18:02:02.195+0000] {processor.py:840} INFO - DAG(s) 'pipeline' retrieved from /opt/airflow/dags/pipeline.py
[2026-04-08T18:02:02.288+0000] {logging_mixin.py:188} INFO - [2026-04-08T18:02:02.288+0000] {dag.py:3089} INFO - Sync 1 DAGs
[2026-04-08T18:02:02.340+0000] {logging_mixin.py:188} INFO - [2026-04-08T18:02:02.339+0000] {dag.py:3947} INFO - Setting next_dagrun for pipeline to 2026-04-08 00:00:00+00:00, run_after=2026-04-09 00:00:00+00:00
[2026-04-08T18:02:02.402+0000] {processor.py:183} INFO - Processing /opt/airflow/dags/pipeline.py took 0.957 seconds
[2026-04-08T18:02:32.609+0000] {processor.py:161} INFO - Started process (PID=581) to work on /opt/airflow/dags/pipeline.py
[2026-04-08T18:02:32.611+0000] {processor.py:830} INFO - Processing file /opt/airflow/dags/pipeline.py for tasks to queue
[2026-04-08T18:02:32.614+0000] {logging_mixin.py:188} INFO - [2026-04-08T18:02:32.613+0000] {dagbag.py:545} INFO - Filling up the DagBag from /opt/airflow/dags/pipeline.py
[2026-04-08T18:02:33.439+0000] {processor.py:840} INFO - DAG(s) 'pipeline' retrieved from /opt/airflow/dags/pipeline.py
[2026-04-08T18:02:33.845+0000] {logging_mixin.py:188} INFO - [2026-04-08T18:02:33.845+0000] {dag.py:3089} INFO - Sync 1 DAGs
[2026-04-08T18:02:33.901+0000] {logging_mixin.py:188} INFO - [2026-04-08T18:02:33.901+0000] {dag.py:3947} INFO - Setting next_dagrun for pipeline to 2026-04-08 00:00:00+00:00, run_after=2026-04-09 00:00:00+00:00
[2026-04-08T18:02:33.962+0000] {processor.py:183} INFO - Processing /opt/airflow/dags/pipeline.py took 1.362 seconds
[2026-04-08T18:03:04.483+0000] {processor.py:161} INFO - Started process (PID=596) to work on /opt/airflow/dags/pipeline.py
[2026-04-08T18:03:04.485+0000] {processor.py:830} INFO - Processing file /opt/airflow/dags/pipeline.py for tasks to queue
[2026-04-08T18:03:04.489+0000] {logging_mixin.py:188} INFO - [2026-04-08T18:03:04.488+0000] {dagbag.py:545} INFO - Filling up the DagBag from /opt/airflow/dags/pipeline.py
[2026-04-08T18:03:05.233+0000] {processor.py:840} INFO - DAG(s) 'pipeline' retrieved from /opt/airflow/dags/pipeline.py
[2026-04-08T18:03:05.323+0000] {logging_mixin.py:188} INFO - [2026-04-08T18:03:05.322+0000] {dag.py:3089} INFO - Sync 1 DAGs
[2026-04-08T18:03:05.365+0000] {logging_mixin.py:188} INFO - [2026-04-08T18:03:05.364+0000] {dag.py:3947} INFO - Setting next_dagrun for pipeline to 2026-04-08 00:00:00+00:00, run_after=2026-04-09 00:00:00+00:00
[2026-04-08T18:03:05.432+0000] {processor.py:183} INFO - Processing /opt/airflow/dags/pipeline.py took 0.963 seconds
[2026-04-08T18:03:36.505+0000] {processor.py:161} INFO - Started process (PID=611) to work on /opt/airflow/dags/pipeline.py
[2026-04-08T18:03:36.506+0000] {processor.py:830} INFO - Processing file /opt/airflow/dags/pipeline.py for tasks to queue
[2026-04-08T18:03:36.510+0000] {logging_mixin.py:188} INFO - [2026-04-08T18:03:36.509+0000] {dagbag.py:545} INFO - Filling up the DagBag from /opt/airflow/dags/pipeline.py
[2026-04-08T18:03:37.074+0000] {processor.py:840} INFO - DAG(s) 'pipeline' retrieved from /opt/airflow/dags/pipeline.py
[2026-04-08T18:03:37.177+0000] {logging_mixin.py:188} INFO - [2026-04-08T18:03:37.177+0000] {dag.py:3089} INFO - Sync 1 DAGs
[2026-04-08T18:03:37.223+0000] {logging_mixin.py:188} INFO - [2026-04-08T18:03:37.222+0000] {dag.py:3947} INFO - Setting next_dagrun for pipeline to 2026-04-08 00:00:00+00:00, run_after=2026-04-09 00:00:00+00:00
[2026-04-08T18:03:37.278+0000] {processor.py:183} INFO - Processing /opt/airflow/dags/pipeline.py took 0.783 seconds
[2026-04-08T18:04:07.798+0000] {processor.py:161} INFO - Started process (PID=626) to work on /opt/airflow/dags/pipeline.py
[2026-04-08T18:04:07.802+0000] {processor.py:830} INFO - Processing file /opt/airflow/dags/pipeline.py for tasks to queue
[2026-04-08T18:04:07.810+0000] {logging_mixin.py:188} INFO - [2026-04-08T18:04:07.809+0000] {dagbag.py:545} INFO - Filling up the DagBag from /opt/airflow/dags/pipeline.py
[2026-04-08T18:04:08.464+0000] {processor.py:840} INFO - DAG(s) 'pipeline' retrieved from /opt/airflow/dags/pipeline.py
[2026-04-08T18:04:08.564+0000] {logging_mixin.py:188} INFO - [2026-04-08T18:04:08.564+0000] {dag.py:3089} INFO - Sync 1 DAGs
[2026-04-08T18:04:08.628+0000] {logging_mixin.py:188} INFO - [2026-04-08T18:04:08.628+0000] {dag.py:3947} INFO - Setting next_dagrun for pipeline to 2026-04-08 00:00:00+00:00, run_after=2026-04-09 00:00:00+00:00
[2026-04-08T18:04:08.685+0000] {processor.py:183} INFO - Processing /opt/airflow/dags/pipeline.py took 0.924 seconds
[2026-04-08T18:04:38.771+0000] {processor.py:161} INFO - Started process (PID=641) to work on /opt/airflow/dags/pipeline.py
[2026-04-08T18:04:38.773+0000] {processor.py:830} INFO - Processing file /opt/airflow/dags/pipeline.py for tasks to queue
[2026-04-08T18:04:38.776+0000] {logging_mixin.py:188} INFO - [2026-04-08T18:04:38.775+0000] {dagbag.py:545} INFO - Filling up the DagBag from /opt/airflow/dags/pipeline.py
[2026-04-08T18:04:39.455+0000] {processor.py:840} INFO - DAG(s) 'pipeline' retrieved from /opt/airflow/dags/pipeline.py
[2026-04-08T18:04:39.562+0000] {logging_mixin.py:188} INFO - [2026-04-08T18:04:39.562+0000] {dag.py:3089} INFO - Sync 1 DAGs
[2026-04-08T18:04:39.613+0000] {logging_mixin.py:188} INFO - [2026-04-08T18:04:39.613+0000] {dag.py:3947} INFO - Setting next_dagrun for pipeline to 2026-04-08 00:00:00+00:00, run_after=2026-04-09 00:00:00+00:00
[2026-04-08T18:04:39.674+0000] {processor.py:183} INFO - Processing /opt/airflow/dags/pipeline.py took 0.914 seconds
[2026-04-08T18:05:09.771+0000] {processor.py:161} INFO - Started process (PID=656) to work on /opt/airflow/dags/pipeline.py
[2026-04-08T18:05:09.772+0000] {processor.py:830} INFO - Processing file /opt/airflow/dags/pipeline.py for tasks to queue
[2026-04-08T18:05:09.776+0000] {logging_mixin.py:188} INFO - [2026-04-08T18:05:09.776+0000] {dagbag.py:545} INFO - Filling up the DagBag from /opt/airflow/dags/pipeline.py
[2026-04-08T18:05:10.435+0000] {processor.py:840} INFO - DAG(s) 'pipeline' retrieved from /opt/airflow/dags/pipeline.py
[2026-04-08T18:05:10.520+0000] {logging_mixin.py:188} INFO - [2026-04-08T18:05:10.520+0000] {dag.py:3089} INFO - Sync 1 DAGs
[2026-04-08T18:05:10.559+0000] {logging_mixin.py:188} INFO - [2026-04-08T18:05:10.558+0000] {dag.py:3947} INFO - Setting next_dagrun for pipeline to 2026-04-08 00:00:00+00:00, run_after=2026-04-09 00:00:00+00:00
[2026-04-08T18:05:10.618+0000] {processor.py:183} INFO - Processing /opt/airflow/dags/pipeline.py took 0.858 seconds
[2026-04-08T18:05:40.893+0000] {processor.py:161} INFO - Started process (PID=671) to work on /opt/airflow/dags/pipeline.py
[2026-04-08T18:05:40.895+0000] {processor.py:830} INFO - Processing file /opt/airflow/dags/pipeline.py for tasks to queue
[2026-04-08T18:05:40.907+0000] {logging_mixin.py:188} INFO - [2026-04-08T18:05:40.905+0000] {dagbag.py:545} INFO - Filling up the DagBag from /opt/airflow/dags/pipeline.py
[2026-04-08T18:05:41.725+0000] {processor.py:840} INFO - DAG(s) 'pipeline' retrieved from /opt/airflow/dags/pipeline.py
[2026-04-08T18:05:41.824+0000] {logging_mixin.py:188} INFO - [2026-04-08T18:05:41.824+0000] {dag.py:3089} INFO - Sync 1 DAGs
[2026-04-08T18:05:41.864+0000] {logging_mixin.py:188} INFO - [2026-04-08T18:05:41.863+0000] {dag.py:3947} INFO - Setting next_dagrun for pipeline to 2026-04-08 00:00:00+00:00, run_after=2026-04-09 00:00:00+00:00
[2026-04-08T18:05:41.931+0000] {processor.py:183} INFO - Processing /opt/airflow/dags/pipeline.py took 1.061 seconds
[2026-04-08T18:06:12.973+0000] {processor.py:161} INFO - Started process (PID=686) to work on /opt/airflow/dags/pipeline.py
[2026-04-08T18:06:12.975+0000] {processor.py:830} INFO - Processing file /opt/airflow/dags/pipeline.py for tasks to queue
[2026-04-08T18:06:12.980+0000] {logging_mixin.py:188} INFO - [2026-04-08T18:06:12.979+0000] {dagbag.py:545} INFO - Filling up the DagBag from /opt/airflow/dags/pipeline.py
[2026-04-08T18:06:13.829+0000] {processor.py:840} INFO - DAG(s) 'pipeline' retrieved from /opt/airflow/dags/pipeline.py
[2026-04-08T18:06:13.955+0000] {logging_mixin.py:188} INFO - [2026-04-08T18:06:13.954+0000] {dag.py:3089} INFO - Sync 1 DAGs
[2026-04-08T18:06:14.009+0000] {logging_mixin.py:188} INFO - [2026-04-08T18:06:14.009+0000] {dag.py:3947} INFO - Setting next_dagrun for pipeline to 2026-04-08 00:00:00+00:00, run_after=2026-04-09 00:00:00+00:00
[2026-04-08T18:06:14.072+0000] {processor.py:183} INFO - Processing /opt/airflow/dags/pipeline.py took 1.119 seconds
[2026-04-08T18:06:45.092+0000] {processor.py:161} INFO - Started process (PID=701) to work on /opt/airflow/dags/pipeline.py
[2026-04-08T18:06:45.093+0000] {processor.py:830} INFO - Processing file /opt/airflow/dags/pipeline.py for tasks to queue
[2026-04-08T18:06:45.095+0000] {logging_mixin.py:188} INFO - [2026-04-08T18:06:45.095+0000] {dagbag.py:545} INFO - Filling up the DagBag from /opt/airflow/dags/pipeline.py
[2026-04-08T18:06:45.717+0000] {processor.py:840} INFO - DAG(s) 'pipeline' retrieved from /opt/airflow/dags/pipeline.py
[2026-04-08T18:06:45.812+0000] {logging_mixin.py:188} INFO - [2026-04-08T18:06:45.811+0000] {dag.py:3089} INFO - Sync 1 DAGs
[2026-04-08T18:06:45.852+0000] {logging_mixin.py:188} INFO - [2026-04-08T18:06:45.852+0000] {dag.py:3947} INFO - Setting next_dagrun for pipeline to 2026-04-08 00:00:00+00:00, run_after=2026-04-09 00:00:00+00:00
[2026-04-08T18:06:45.911+0000] {processor.py:183} INFO - Processing /opt/airflow/dags/pipeline.py took 0.829 seconds
[2026-04-08T18:07:16.989+0000] {processor.py:161} INFO - Started process (PID=716) to work on /opt/airflow/dags/pipeline.py
[2026-04-08T18:07:16.992+0000] {processor.py:830} INFO - Processing file /opt/airflow/dags/pipeline.py for tasks to queue
[2026-04-08T18:07:16.997+0000] {logging_mixin.py:188} INFO - [2026-04-08T18:07:16.996+0000] {dagbag.py:545} INFO - Filling up the DagBag from /opt/airflow/dags/pipeline.py
[2026-04-08T18:07:17.700+0000] {processor.py:840} INFO - DAG(s) 'pipeline' retrieved from /opt/airflow/dags/pipeline.py
[2026-04-08T18:07:17.816+0000] {logging_mixin.py:188} INFO - [2026-04-08T18:07:17.816+0000] {dag.py:3089} INFO - Sync 1 DAGs
[2026-04-08T18:07:17.865+0000] {logging_mixin.py:188} INFO - [2026-04-08T18:07:17.865+0000] {dag.py:3947} INFO - Setting next_dagrun for pipeline to 2026-04-08 00:00:00+00:00, run_after=2026-04-09 00:00:00+00:00
[2026-04-08T18:07:17.919+0000] {processor.py:183} INFO - Processing /opt/airflow/dags/pipeline.py took 0.948 seconds
[2026-04-08T18:07:48.865+0000] {processor.py:161} INFO - Started process (PID=731) to work on /opt/airflow/dags/pipeline.py
[2026-04-08T18:07:48.867+0000] {processor.py:830} INFO - Processing file /opt/airflow/dags/pipeline.py for tasks to queue
[2026-04-08T18:07:48.871+0000] {logging_mixin.py:188} INFO - [2026-04-08T18:07:48.870+0000] {dagbag.py:545} INFO - Filling up the DagBag from /opt/airflow/dags/pipeline.py
[2026-04-08T18:07:49.581+0000] {processor.py:840} INFO - DAG(s) 'pipeline' retrieved from /opt/airflow/dags/pipeline.py
[2026-04-08T18:07:49.673+0000] {logging_mixin.py:188} INFO - [2026-04-08T18:07:49.673+0000] {dag.py:3089} INFO - Sync 1 DAGs
[2026-04-08T18:07:49.713+0000] {logging_mixin.py:188} INFO - [2026-04-08T18:07:49.713+0000] {dag.py:3947} INFO - Setting next_dagrun for pipeline to 2026-04-08 00:00:00+00:00, run_after=2026-04-09 00:00:00+00:00
[2026-04-08T18:07:49.783+0000] {processor.py:183} INFO - Processing /opt/airflow/dags/pipeline.py took 0.931 seconds
[2026-04-08T18:08:20.794+0000] {processor.py:161} INFO - Started process (PID=746) to work on /opt/airflow/dags/pipeline.py
[2026-04-08T18:08:20.796+0000] {processor.py:830} INFO - Processing file /opt/airflow/dags/pipeline.py for tasks to queue
[2026-04-08T18:08:20.804+0000] {logging_mixin.py:188} INFO - [2026-04-08T18:08:20.801+0000] {dagbag.py:545} INFO - Filling up the DagBag from /opt/airflow/dags/pipeline.py
[2026-04-08T18:08:21.644+0000] {processor.py:840} INFO - DAG(s) 'pipeline' retrieved from /opt/airflow/dags/pipeline.py
[2026-04-08T18:08:21.745+0000] {logging_mixin.py:188} INFO - [2026-04-08T18:08:21.744+0000] {dag.py:3089} INFO - Sync 1 DAGs
[2026-04-08T18:08:21.804+0000] {logging_mixin.py:188} INFO - [2026-04-08T18:08:21.803+0000] {dag.py:3947} INFO - Setting next_dagrun for pipeline to 2026-04-08 00:00:00+00:00, run_after=2026-04-09 00:00:00+00:00
[2026-04-08T18:08:21.851+0000] {processor.py:183} INFO - Processing /opt/airflow/dags/pipeline.py took 1.075 seconds
[2026-04-08T18:08:52.158+0000] {processor.py:161} INFO - Started process (PID=761) to work on /opt/airflow/dags/pipeline.py
[2026-04-08T18:08:52.160+0000] {processor.py:830} INFO - Processing file /opt/airflow/dags/pipeline.py for tasks to queue
[2026-04-08T18:08:52.163+0000] {logging_mixin.py:188} INFO - [2026-04-08T18:08:52.162+0000] {dagbag.py:545} INFO - Filling up the DagBag from /opt/airflow/dags/pipeline.py
[2026-04-08T18:08:52.855+0000] {processor.py:840} INFO - DAG(s) 'pipeline' retrieved from /opt/airflow/dags/pipeline.py
[2026-04-08T18:08:52.987+0000] {logging_mixin.py:188} INFO - [2026-04-08T18:08:52.986+0000] {dag.py:3089} INFO - Sync 1 DAGs
[2026-04-08T18:08:53.082+0000] {logging_mixin.py:188} INFO - [2026-04-08T18:08:53.081+0000] {dag.py:3947} INFO - Setting next_dagrun for pipeline to 2026-04-08 00:00:00+00:00, run_after=2026-04-09 00:00:00+00:00
[2026-04-08T18:08:53.157+0000] {processor.py:183} INFO - Processing /opt/airflow/dags/pipeline.py took 1.011 seconds
[2026-04-08T18:09:24.129+0000] {processor.py:161} INFO - Started process (PID=776) to work on /opt/airflow/dags/pipeline.py
[2026-04-08T18:09:24.130+0000] {processor.py:830} INFO - Processing file /opt/airflow/dags/pipeline.py for tasks to queue
[2026-04-08T18:09:24.133+0000] {logging_mixin.py:188} INFO - [2026-04-08T18:09:24.133+0000] {dagbag.py:545} INFO - Filling up the DagBag from /opt/airflow/dags/pipeline.py
[2026-04-08T18:09:24.865+0000] {processor.py:840} INFO - DAG(s) 'pipeline' retrieved from /opt/airflow/dags/pipeline.py
[2026-04-08T18:09:24.964+0000] {logging_mixin.py:188} INFO - [2026-04-08T18:09:24.964+0000] {dag.py:3089} INFO - Sync 1 DAGs
[2026-04-08T18:09:25.014+0000] {logging_mixin.py:188} INFO - [2026-04-08T18:09:25.014+0000] {dag.py:3947} INFO - Setting next_dagrun for pipeline to 2026-04-08 00:00:00+00:00, run_after=2026-04-09 00:00:00+00:00
[2026-04-08T18:09:25.082+0000] {processor.py:183} INFO - Processing /opt/airflow/dags/pipeline.py took 0.961 seconds
[2026-04-08T18:09:56.094+0000] {processor.py:161} INFO - Started process (PID=791) to work on /opt/airflow/dags/pipeline.py
[2026-04-08T18:09:56.096+0000] {processor.py:830} INFO - Processing file /opt/airflow/dags/pipeline.py for tasks to queue
[2026-04-08T18:09:56.099+0000] {logging_mixin.py:188} INFO - [2026-04-08T18:09:56.099+0000] {dagbag.py:545} INFO - Filling up the DagBag from /opt/airflow/dags/pipeline.py
[2026-04-08T18:09:56.694+0000] {processor.py:840} INFO - DAG(s) 'pipeline' retrieved from /opt/airflow/dags/pipeline.py
[2026-04-08T18:09:56.783+0000] {logging_mixin.py:188} INFO - [2026-04-08T18:09:56.782+0000] {dag.py:3089} INFO - Sync 1 DAGs
[2026-04-08T18:09:56.822+0000] {logging_mixin.py:188} INFO - [2026-04-08T18:09:56.822+0000] {dag.py:3947} INFO - Setting next_dagrun for pipeline to 2026-04-08 00:00:00+00:00, run_after=2026-04-09 00:00:00+00:00
[2026-04-08T18:09:56.875+0000] {processor.py:183} INFO - Processing /opt/airflow/dags/pipeline.py took 0.788 seconds
[2026-04-08T18:10:27.728+0000] {processor.py:161} INFO - Started process (PID=806) to work on /opt/airflow/dags/pipeline.py
[2026-04-08T18:10:27.730+0000] {processor.py:830} INFO - Processing file /opt/airflow/dags/pipeline.py for tasks to queue
[2026-04-08T18:10:27.732+0000] {logging_mixin.py:188} INFO - [2026-04-08T18:10:27.732+0000] {dagbag.py:545} INFO - Filling up the DagBag from /opt/airflow/dags/pipeline.py
[2026-04-08T18:10:28.307+0000] {processor.py:840} INFO - DAG(s) 'pipeline' retrieved from /opt/airflow/dags/pipeline.py
[2026-04-08T18:10:28.417+0000] {logging_mixin.py:188} INFO - [2026-04-08T18:10:28.417+0000] {dag.py:3089} INFO - Sync 1 DAGs
[2026-04-08T18:10:28.459+0000] {logging_mixin.py:188} INFO - [2026-04-08T18:10:28.459+0000] {dag.py:3947} INFO - Setting next_dagrun for pipeline to 2026-04-08 00:00:00+00:00, run_after=2026-04-09 00:00:00+00:00
[2026-04-08T18:10:28.516+0000] {processor.py:183} INFO - Processing /opt/airflow/dags/pipeline.py took 0.798 seconds
[2026-04-08T18:10:58.938+0000] {processor.py:161} INFO - Started process (PID=821) to work on /opt/airflow/dags/pipeline.py
[2026-04-08T18:10:58.945+0000] {processor.py:830} INFO - Processing file /opt/airflow/dags/pipeline.py for tasks to queue
[2026-04-08T18:10:58.953+0000] {logging_mixin.py:188} INFO - [2026-04-08T18:10:58.952+0000] {dagbag.py:545} INFO - Filling up the DagBag from /opt/airflow/dags/pipeline.py
[2026-04-08T18:11:00.001+0000] {processor.py:840} INFO - DAG(s) 'pipeline' retrieved from /opt/airflow/dags/pipeline.py
[2026-04-08T18:11:00.139+0000] {logging_mixin.py:188} INFO - [2026-04-08T18:11:00.138+0000] {dag.py:3089} INFO - Sync 1 DAGs
[2026-04-08T18:11:00.188+0000] {logging_mixin.py:188} INFO - [2026-04-08T18:11:00.188+0000] {dag.py:3947} INFO - Setting next_dagrun for pipeline to 2026-04-08 00:00:00+00:00, run_after=2026-04-09 00:00:00+00:00
[2026-04-08T18:11:00.305+0000] {processor.py:183} INFO - Processing /opt/airflow/dags/pipeline.py took 1.402 seconds
[2026-04-08T18:11:30.429+0000] {processor.py:161} INFO - Started process (PID=836) to work on /opt/airflow/dags/pipeline.py
[2026-04-08T18:11:30.431+0000] {processor.py:830} INFO - Processing file /opt/airflow/dags/pipeline.py for tasks to queue
[2026-04-08T18:11:30.440+0000] {logging_mixin.py:188} INFO - [2026-04-08T18:11:30.438+0000] {dagbag.py:545} INFO - Filling up the DagBag from /opt/airflow/dags/pipeline.py
[2026-04-08T18:11:31.090+0000] {processor.py:840} INFO - DAG(s) 'pipeline' retrieved from /opt/airflow/dags/pipeline.py
[2026-04-08T18:11:31.187+0000] {logging_mixin.py:188} INFO - [2026-04-08T18:11:31.187+0000] {dag.py:3089} INFO - Sync 1 DAGs
[2026-04-08T18:11:31.231+0000] {logging_mixin.py:188} INFO - [2026-04-08T18:11:31.231+0000] {dag.py:3947} INFO - Setting next_dagrun for pipeline to 2026-04-08 00:00:00+00:00, run_after=2026-04-09 00:00:00+00:00
[2026-04-08T18:11:31.291+0000] {processor.py:183} INFO - Processing /opt/airflow/dags/pipeline.py took 0.877 seconds
[2026-04-08T18:12:02.396+0000] {processor.py:161} INFO - Started process (PID=851) to work on /opt/airflow/dags/pipeline.py
[2026-04-08T18:12:02.400+0000] {processor.py:830} INFO - Processing file /opt/airflow/dags/pipeline.py for tasks to queue
[2026-04-08T18:12:02.405+0000] {logging_mixin.py:188} INFO - [2026-04-08T18:12:02.404+0000] {dagbag.py:545} INFO - Filling up the DagBag from /opt/airflow/dags/pipeline.py
[2026-04-08T18:12:02.977+0000] {processor.py:840} INFO - DAG(s) 'pipeline' retrieved from /opt/airflow/dags/pipeline.py
[2026-04-08T18:12:03.106+0000] {logging_mixin.py:188} INFO - [2026-04-08T18:12:03.105+0000] {dag.py:3089} INFO - Sync 1 DAGs
[2026-04-08T18:12:03.174+0000] {logging_mixin.py:188} INFO - [2026-04-08T18:12:03.174+0000] {dag.py:3947} INFO - Setting next_dagrun for pipeline to 2026-04-08 00:00:00+00:00, run_after=2026-04-09 00:00:00+00:00
[2026-04-08T18:12:03.234+0000] {processor.py:183} INFO - Processing /opt/airflow/dags/pipeline.py took 0.857 seconds
[2026-04-08T18:12:33.464+0000] {processor.py:161} INFO - Started process (PID=866) to work on /opt/airflow/dags/pipeline.py
[2026-04-08T18:12:33.465+0000] {processor.py:830} INFO - Processing file /opt/airflow/dags/pipeline.py for tasks to queue
[2026-04-08T18:12:33.471+0000] {logging_mixin.py:188} INFO - [2026-04-08T18:12:33.470+0000] {dagbag.py:545} INFO - Filling up the DagBag from /opt/airflow/dags/pipeline.py
[2026-04-08T18:12:34.450+0000] {processor.py:840} INFO - DAG(s) 'pipeline' retrieved from /opt/airflow/dags/pipeline.py
[2026-04-08T18:12:34.593+0000] {logging_mixin.py:188} INFO - [2026-04-08T18:12:34.593+0000] {dag.py:3089} INFO - Sync 1 DAGs
[2026-04-08T18:12:34.659+0000] {logging_mixin.py:188} INFO - [2026-04-08T18:12:34.659+0000] {dag.py:3947} INFO - Setting next_dagrun for pipeline to 2026-04-08 00:00:00+00:00, run_after=2026-04-09 00:00:00+00:00
[2026-04-08T18:12:34.737+0000] {processor.py:183} INFO - Processing /opt/airflow/dags/pipeline.py took 1.284 seconds
[2026-04-08T18:13:04.962+0000] {processor.py:161} INFO - Started process (PID=881) to work on /opt/airflow/dags/pipeline.py
[2026-04-08T18:13:04.964+0000] {processor.py:830} INFO - Processing file /opt/airflow/dags/pipeline.py for tasks to queue
[2026-04-08T18:13:04.967+0000] {logging_mixin.py:188} INFO - [2026-04-08T18:13:04.966+0000] {dagbag.py:545} INFO - Filling up the DagBag from /opt/airflow/dags/pipeline.py
[2026-04-08T18:13:05.578+0000] {processor.py:840} INFO - DAG(s) 'pipeline' retrieved from /opt/airflow/dags/pipeline.py
[2026-04-08T18:13:05.682+0000] {logging_mixin.py:188} INFO - [2026-04-08T18:13:05.681+0000] {dag.py:3089} INFO - Sync 1 DAGs
[2026-04-08T18:13:05.732+0000] {logging_mixin.py:188} INFO - [2026-04-08T18:13:05.732+0000] {dag.py:3947} INFO - Setting next_dagrun for pipeline to 2026-04-08 00:00:00+00:00, run_after=2026-04-09 00:00:00+00:00
[2026-04-08T18:13:05.775+0000] {processor.py:183} INFO - Processing /opt/airflow/dags/pipeline.py took 0.830 seconds
[2026-04-08T18:13:36.062+0000] {processor.py:161} INFO - Started process (PID=896) to work on /opt/airflow/dags/pipeline.py
[2026-04-08T18:13:36.064+0000] {processor.py:830} INFO - Processing file /opt/airflow/dags/pipeline.py for tasks to queue
[2026-04-08T18:13:36.071+0000] {logging_mixin.py:188} INFO - [2026-04-08T18:13:36.069+0000] {dagbag.py:545} INFO - Filling up the DagBag from /opt/airflow/dags/pipeline.py
[2026-04-08T18:13:36.708+0000] {processor.py:840} INFO - DAG(s) 'pipeline' retrieved from /opt/airflow/dags/pipeline.py
[2026-04-08T18:13:36.797+0000] {logging_mixin.py:188} INFO - [2026-04-08T18:13:36.796+0000] {dag.py:3089} INFO - Sync 1 DAGs
[2026-04-08T18:13:36.836+0000] {logging_mixin.py:188} INFO - [2026-04-08T18:13:36.836+0000] {dag.py:3947} INFO - Setting next_dagrun for pipeline to 2026-04-08 00:00:00+00:00, run_after=2026-04-09 00:00:00+00:00
[2026-04-08T18:13:36.899+0000] {processor.py:183} INFO - Processing /opt/airflow/dags/pipeline.py took 0.850 seconds
[2026-04-08T18:14:07.378+0000] {processor.py:161} INFO - Started process (PID=911) to work on /opt/airflow/dags/pipeline.py
[2026-04-08T18:14:07.381+0000] {processor.py:830} INFO - Processing file /opt/airflow/dags/pipeline.py for tasks to queue
[2026-04-08T18:14:07.386+0000] {logging_mixin.py:188} INFO - [2026-04-08T18:14:07.385+0000] {dagbag.py:545} INFO - Filling up the DagBag from /opt/airflow/dags/pipeline.py
[2026-04-08T18:14:08.146+0000] {processor.py:840} INFO - DAG(s) 'pipeline' retrieved from /opt/airflow/dags/pipeline.py
[2026-04-08T18:14:08.272+0000] {logging_mixin.py:188} INFO - [2026-04-08T18:14:08.272+0000] {dag.py:3089} INFO - Sync 1 DAGs
[2026-04-08T18:14:08.338+0000] {logging_mixin.py:188} INFO - [2026-04-08T18:14:08.337+0000] {dag.py:3947} INFO - Setting next_dagrun for pipeline to 2026-04-08 00:00:00+00:00, run_after=2026-04-09 00:00:00+00:00
[2026-04-08T18:14:08.419+0000] {processor.py:183} INFO - Processing /opt/airflow/dags/pipeline.py took 1.058 seconds
[2026-04-08T18:14:38.774+0000] {processor.py:161} INFO - Started process (PID=926) to work on /opt/airflow/dags/pipeline.py
[2026-04-08T18:14:38.777+0000] {processor.py:830} INFO - Processing file /opt/airflow/dags/pipeline.py for tasks to queue
[2026-04-08T18:14:38.781+0000] {logging_mixin.py:188} INFO - [2026-04-08T18:14:38.780+0000] {dagbag.py:545} INFO - Filling up the DagBag from /opt/airflow/dags/pipeline.py
[2026-04-08T18:14:39.541+0000] {processor.py:840} INFO - DAG(s) 'pipeline' retrieved from /opt/airflow/dags/pipeline.py
[2026-04-08T18:14:39.626+0000] {logging_mixin.py:188} INFO - [2026-04-08T18:14:39.626+0000] {dag.py:3089} INFO - Sync 1 DAGs
[2026-04-08T18:14:39.669+0000] {logging_mixin.py:188} INFO - [2026-04-08T18:14:39.669+0000] {dag.py:3947} INFO - Setting next_dagrun for pipeline to 2026-04-08 00:00:00+00:00, run_after=2026-04-09 00:00:00+00:00
[2026-04-08T18:14:39.723+0000] {processor.py:183} INFO - Processing /opt/airflow/dags/pipeline.py took 0.967 seconds
[2026-04-08T18:15:10.355+0000] {processor.py:161} INFO - Started process (PID=941) to work on /opt/airflow/dags/pipeline.py
[2026-04-08T18:15:10.360+0000] {processor.py:830} INFO - Processing file /opt/airflow/dags/pipeline.py for tasks to queue
[2026-04-08T18:15:10.374+0000] {logging_mixin.py:188} INFO - [2026-04-08T18:15:10.371+0000] {dagbag.py:545} INFO - Filling up the DagBag from /opt/airflow/dags/pipeline.py
[2026-04-08T18:15:11.293+0000] {processor.py:840} INFO - DAG(s) 'pipeline' retrieved from /opt/airflow/dags/pipeline.py
[2026-04-08T18:15:11.406+0000] {logging_mixin.py:188} INFO - [2026-04-08T18:15:11.405+0000] {dag.py:3089} INFO - Sync 1 DAGs
[2026-04-08T18:15:11.458+0000] {logging_mixin.py:188} INFO - [2026-04-08T18:15:11.458+0000] {dag.py:3947} INFO - Setting next_dagrun for pipeline to 2026-04-08 00:00:00+00:00, run_after=2026-04-09 00:00:00+00:00
[2026-04-08T18:15:11.509+0000] {processor.py:183} INFO - Processing /opt/airflow/dags/pipeline.py took 1.178 seconds
[2026-04-08T18:35:51.848+0000] {processor.py:161} INFO - Started process (PID=189) to work on /opt/airflow/dags/pipeline.py
[2026-04-08T18:35:51.850+0000] {processor.py:830} INFO - Processing file /opt/airflow/dags/pipeline.py for tasks to queue
[2026-04-08T18:35:51.856+0000] {logging_mixin.py:188} INFO - [2026-04-08T18:35:51.855+0000] {dagbag.py:545} INFO - Filling up the DagBag from /opt/airflow/dags/pipeline.py
[2026-04-08T18:35:55.244+0000] {processor.py:840} INFO - DAG(s) 'pipeline' retrieved from /opt/airflow/dags/pipeline.py
[2026-04-08T18:35:55.338+0000] {logging_mixin.py:188} INFO - [2026-04-08T18:35:55.337+0000] {dag.py:3089} INFO - Sync 1 DAGs
[2026-04-08T18:35:55.427+0000] {logging_mixin.py:188} INFO - [2026-04-08T18:35:55.426+0000] {dag.py:3947} INFO - Setting next_dagrun for pipeline to 2026-04-08 00:00:00+00:00, run_after=2026-04-09 00:00:00+00:00
[2026-04-08T18:35:55.523+0000] {processor.py:183} INFO - Processing /opt/airflow/dags/pipeline.py took 3.707 seconds
[2026-04-08T18:36:27.422+0000] {processor.py:161} INFO - Started process (PID=206) to work on /opt/airflow/dags/pipeline.py
[2026-04-08T18:36:27.426+0000] {processor.py:830} INFO - Processing file /opt/airflow/dags/pipeline.py for tasks to queue
[2026-04-08T18:36:27.437+0000] {logging_mixin.py:188} INFO - [2026-04-08T18:36:27.431+0000] {dagbag.py:545} INFO - Filling up the DagBag from /opt/airflow/dags/pipeline.py
[2026-04-08T18:36:29.708+0000] {processor.py:840} INFO - DAG(s) 'pipeline' retrieved from /opt/airflow/dags/pipeline.py
[2026-04-08T18:36:30.028+0000] {logging_mixin.py:188} INFO - [2026-04-08T18:36:30.027+0000] {dag.py:3089} INFO - Sync 1 DAGs
[2026-04-08T18:36:30.082+0000] {logging_mixin.py:188} INFO - [2026-04-08T18:36:30.082+0000] {dag.py:3947} INFO - Setting next_dagrun for pipeline to 2026-04-08 00:00:00+00:00, run_after=2026-04-09 00:00:00+00:00
[2026-04-08T18:36:30.152+0000] {processor.py:183} INFO - Processing /opt/airflow/dags/pipeline.py took 2.748 seconds
[2026-04-08T18:37:14.697+0000] {processor.py:161} INFO - Started process (PID=221) to work on /opt/airflow/dags/pipeline.py
[2026-04-08T18:37:14.701+0000] {processor.py:830} INFO - Processing file /opt/airflow/dags/pipeline.py for tasks to queue
[2026-04-08T18:37:14.752+0000] {logging_mixin.py:188} INFO - [2026-04-08T18:37:14.747+0000] {dagbag.py:545} INFO - Filling up the DagBag from /opt/airflow/dags/pipeline.py
[2026-04-08T18:37:21.379+0000] {processor.py:840} INFO - DAG(s) 'pipeline' retrieved from /opt/airflow/dags/pipeline.py
[2026-04-08T18:37:21.660+0000] {logging_mixin.py:188} INFO - [2026-04-08T18:37:21.660+0000] {dag.py:3089} INFO - Sync 1 DAGs
[2026-04-08T18:37:21.800+0000] {logging_mixin.py:188} INFO - [2026-04-08T18:37:21.800+0000] {dag.py:3947} INFO - Setting next_dagrun for pipeline to 2026-04-08 00:00:00+00:00, run_after=2026-04-09 00:00:00+00:00
[2026-04-08T18:37:21.951+0000] {processor.py:183} INFO - Processing /opt/airflow/dags/pipeline.py took 7.330 seconds
[2026-04-08T18:37:52.662+0000] {processor.py:161} INFO - Started process (PID=237) to work on /opt/airflow/dags/pipeline.py
[2026-04-08T18:37:52.674+0000] {processor.py:830} INFO - Processing file /opt/airflow/dags/pipeline.py for tasks to queue
[2026-04-08T18:37:52.685+0000] {logging_mixin.py:188} INFO - [2026-04-08T18:37:52.684+0000] {dagbag.py:545} INFO - Filling up the DagBag from /opt/airflow/dags/pipeline.py
[2026-04-08T18:37:55.909+0000] {processor.py:840} INFO - DAG(s) 'pipeline' retrieved from /opt/airflow/dags/pipeline.py
[2026-04-08T18:37:56.178+0000] {logging_mixin.py:188} INFO - [2026-04-08T18:37:56.178+0000] {dag.py:3089} INFO - Sync 1 DAGs
[2026-04-08T18:37:56.275+0000] {logging_mixin.py:188} INFO - [2026-04-08T18:37:56.274+0000] {dag.py:3947} INFO - Setting next_dagrun for pipeline to 2026-04-08 00:00:00+00:00, run_after=2026-04-09 00:00:00+00:00
[2026-04-08T18:37:56.380+0000] {processor.py:183} INFO - Processing /opt/airflow/dags/pipeline.py took 3.763 seconds
[2026-04-08T18:38:27.074+0000] {processor.py:161} INFO - Started process (PID=255) to work on /opt/airflow/dags/pipeline.py
[2026-04-08T18:38:27.078+0000] {processor.py:830} INFO - Processing file /opt/airflow/dags/pipeline.py for tasks to queue
[2026-04-08T18:38:27.085+0000] {logging_mixin.py:188} INFO - [2026-04-08T18:38:27.084+0000] {dagbag.py:545} INFO - Filling up the DagBag from /opt/airflow/dags/pipeline.py
[2026-04-08T18:38:28.629+0000] {processor.py:840} INFO - DAG(s) 'pipeline' retrieved from /opt/airflow/dags/pipeline.py
[2026-04-08T18:38:28.868+0000] {logging_mixin.py:188} INFO - [2026-04-08T18:38:28.868+0000] {dag.py:3089} INFO - Sync 1 DAGs
[2026-04-08T18:38:28.997+0000] {logging_mixin.py:188} INFO - [2026-04-08T18:38:28.997+0000] {dag.py:3947} INFO - Setting next_dagrun for pipeline to 2026-04-08 00:00:00+00:00, run_after=2026-04-09 00:00:00+00:00
[2026-04-08T18:38:29.117+0000] {processor.py:183} INFO - Processing /opt/airflow/dags/pipeline.py took 2.110 seconds
[2026-04-08T18:38:59.335+0000] {processor.py:161} INFO - Started process (PID=270) to work on /opt/airflow/dags/pipeline.py
[2026-04-08T18:38:59.336+0000] {processor.py:830} INFO - Processing file /opt/airflow/dags/pipeline.py for tasks to queue
[2026-04-08T18:38:59.341+0000] {logging_mixin.py:188} INFO - [2026-04-08T18:38:59.341+0000] {dagbag.py:545} INFO - Filling up the DagBag from /opt/airflow/dags/pipeline.py
[2026-04-08T18:39:00.083+0000] {processor.py:840} INFO - DAG(s) 'pipeline' retrieved from /opt/airflow/dags/pipeline.py
[2026-04-08T18:39:00.194+0000] {logging_mixin.py:188} INFO - [2026-04-08T18:39:00.193+0000] {dag.py:3089} INFO - Sync 1 DAGs
[2026-04-08T18:39:00.235+0000] {logging_mixin.py:188} INFO - [2026-04-08T18:39:00.235+0000] {dag.py:3947} INFO - Setting next_dagrun for pipeline to 2026-04-08 00:00:00+00:00, run_after=2026-04-09 00:00:00+00:00
[2026-04-08T18:39:00.282+0000] {processor.py:183} INFO - Processing /opt/airflow/dags/pipeline.py took 0.963 seconds
[2026-04-08T18:39:30.530+0000] {processor.py:161} INFO - Started process (PID=285) to work on /opt/airflow/dags/pipeline.py
[2026-04-08T18:39:30.533+0000] {processor.py:830} INFO - Processing file /opt/airflow/dags/pipeline.py for tasks to queue
[2026-04-08T18:39:30.537+0000] {logging_mixin.py:188} INFO - [2026-04-08T18:39:30.537+0000] {dagbag.py:545} INFO - Filling up the DagBag from /opt/airflow/dags/pipeline.py
[2026-04-08T18:39:31.204+0000] {processor.py:840} INFO - DAG(s) 'pipeline' retrieved from /opt/airflow/dags/pipeline.py
[2026-04-08T18:39:31.333+0000] {logging_mixin.py:188} INFO - [2026-04-08T18:39:31.333+0000] {dag.py:3089} INFO - Sync 1 DAGs
[2026-04-08T18:39:31.427+0000] {logging_mixin.py:188} INFO - [2026-04-08T18:39:31.427+0000] {dag.py:3947} INFO - Setting next_dagrun for pipeline to 2026-04-08 00:00:00+00:00, run_after=2026-04-09 00:00:00+00:00
[2026-04-08T18:39:31.508+0000] {processor.py:183} INFO - Processing /opt/airflow/dags/pipeline.py took 1.011 seconds
[2026-04-08T18:40:01.741+0000] {processor.py:161} INFO - Started process (PID=300) to work on /opt/airflow/dags/pipeline.py
[2026-04-08T18:40:01.745+0000] {processor.py:830} INFO - Processing file /opt/airflow/dags/pipeline.py for tasks to queue
[2026-04-08T18:40:01.750+0000] {logging_mixin.py:188} INFO - [2026-04-08T18:40:01.749+0000] {dagbag.py:545} INFO - Filling up the DagBag from /opt/airflow/dags/pipeline.py
[2026-04-08T18:40:02.382+0000] {processor.py:840} INFO - DAG(s) 'pipeline' retrieved from /opt/airflow/dags/pipeline.py
[2026-04-08T18:40:02.503+0000] {logging_mixin.py:188} INFO - [2026-04-08T18:40:02.503+0000] {dag.py:3089} INFO - Sync 1 DAGs
[2026-04-08T18:40:02.565+0000] {logging_mixin.py:188} INFO - [2026-04-08T18:40:02.565+0000] {dag.py:3947} INFO - Setting next_dagrun for pipeline to 2026-04-08 00:00:00+00:00, run_after=2026-04-09 00:00:00+00:00
[2026-04-08T18:40:02.618+0000] {processor.py:183} INFO - Processing /opt/airflow/dags/pipeline.py took 0.903 seconds
[2026-04-08T18:40:32.692+0000] {processor.py:161} INFO - Started process (PID=315) to work on /opt/airflow/dags/pipeline.py
[2026-04-08T18:40:32.694+0000] {processor.py:830} INFO - Processing file /opt/airflow/dags/pipeline.py for tasks to queue
[2026-04-08T18:40:32.698+0000] {logging_mixin.py:188} INFO - [2026-04-08T18:40:32.697+0000] {dagbag.py:545} INFO - Filling up the DagBag from /opt/airflow/dags/pipeline.py
[2026-04-08T18:40:33.434+0000] {processor.py:840} INFO - DAG(s) 'pipeline' retrieved from /opt/airflow/dags/pipeline.py
[2026-04-08T18:40:33.541+0000] {logging_mixin.py:188} INFO - [2026-04-08T18:40:33.540+0000] {dag.py:3089} INFO - Sync 1 DAGs
[2026-04-08T18:40:33.594+0000] {logging_mixin.py:188} INFO - [2026-04-08T18:40:33.594+0000] {dag.py:3947} INFO - Setting next_dagrun for pipeline to 2026-04-08 00:00:00+00:00, run_after=2026-04-09 00:00:00+00:00
[2026-04-08T18:40:33.646+0000] {processor.py:183} INFO - Processing /opt/airflow/dags/pipeline.py took 0.967 seconds
[2026-04-08T18:41:04.683+0000] {processor.py:161} INFO - Started process (PID=330) to work on /opt/airflow/dags/pipeline.py
[2026-04-08T18:41:04.685+0000] {processor.py:830} INFO - Processing file /opt/airflow/dags/pipeline.py for tasks to queue
[2026-04-08T18:41:04.689+0000] {logging_mixin.py:188} INFO - [2026-04-08T18:41:04.688+0000] {dagbag.py:545} INFO - Filling up the DagBag from /opt/airflow/dags/pipeline.py
[2026-04-08T18:41:05.304+0000] {processor.py:840} INFO - DAG(s) 'pipeline' retrieved from /opt/airflow/dags/pipeline.py
[2026-04-08T18:41:05.403+0000] {logging_mixin.py:188} INFO - [2026-04-08T18:41:05.403+0000] {dag.py:3089} INFO - Sync 1 DAGs
[2026-04-08T18:41:05.457+0000] {logging_mixin.py:188} INFO - [2026-04-08T18:41:05.457+0000] {dag.py:3947} INFO - Setting next_dagrun for pipeline to 2026-04-08 00:00:00+00:00, run_after=2026-04-09 00:00:00+00:00
[2026-04-08T18:41:05.514+0000] {processor.py:183} INFO - Processing /opt/airflow/dags/pipeline.py took 0.847 seconds
[2026-04-08T18:41:36.422+0000] {processor.py:161} INFO - Started process (PID=345) to work on /opt/airflow/dags/pipeline.py
[2026-04-08T18:41:36.424+0000] {processor.py:830} INFO - Processing file /opt/airflow/dags/pipeline.py for tasks to queue
[2026-04-08T18:41:36.427+0000] {logging_mixin.py:188} INFO - [2026-04-08T18:41:36.427+0000] {dagbag.py:545} INFO - Filling up the DagBag from /opt/airflow/dags/pipeline.py
[2026-04-08T18:41:37.244+0000] {processor.py:840} INFO - DAG(s) 'pipeline' retrieved from /opt/airflow/dags/pipeline.py
[2026-04-08T18:41:37.359+0000] {logging_mixin.py:188} INFO - [2026-04-08T18:41:37.359+0000] {dag.py:3089} INFO - Sync 1 DAGs
[2026-04-08T18:41:37.413+0000] {logging_mixin.py:188} INFO - [2026-04-08T18:41:37.412+0000] {dag.py:3947} INFO - Setting next_dagrun for pipeline to 2026-04-08 00:00:00+00:00, run_after=2026-04-09 00:00:00+00:00
[2026-04-08T18:41:37.470+0000] {processor.py:183} INFO - Processing /opt/airflow/dags/pipeline.py took 1.062 seconds
[2026-04-08T18:42:07.708+0000] {processor.py:161} INFO - Started process (PID=360) to work on /opt/airflow/dags/pipeline.py
[2026-04-08T18:42:07.710+0000] {processor.py:830} INFO - Processing file /opt/airflow/dags/pipeline.py for tasks to queue
[2026-04-08T18:42:07.714+0000] {logging_mixin.py:188} INFO - [2026-04-08T18:42:07.714+0000] {dagbag.py:545} INFO - Filling up the DagBag from /opt/airflow/dags/pipeline.py
[2026-04-08T18:42:08.541+0000] {processor.py:840} INFO - DAG(s) 'pipeline' retrieved from /opt/airflow/dags/pipeline.py
[2026-04-08T18:42:08.650+0000] {logging_mixin.py:188} INFO - [2026-04-08T18:42:08.649+0000] {dag.py:3089} INFO - Sync 1 DAGs
[2026-04-08T18:42:08.700+0000] {logging_mixin.py:188} INFO - [2026-04-08T18:42:08.700+0000] {dag.py:3947} INFO - Setting next_dagrun for pipeline to 2026-04-08 00:00:00+00:00, run_after=2026-04-09 00:00:00+00:00
[2026-04-08T18:42:08.760+0000] {processor.py:183} INFO - Processing /opt/airflow/dags/pipeline.py took 1.078 seconds
[2026-04-08T18:42:39.685+0000] {processor.py:161} INFO - Started process (PID=375) to work on /opt/airflow/dags/pipeline.py
[2026-04-08T18:42:39.686+0000] {processor.py:830} INFO - Processing file /opt/airflow/dags/pipeline.py for tasks to queue
[2026-04-08T18:42:39.689+0000] {logging_mixin.py:188} INFO - [2026-04-08T18:42:39.688+0000] {dagbag.py:545} INFO - Filling up the DagBag from /opt/airflow/dags/pipeline.py
[2026-04-08T18:42:40.280+0000] {processor.py:840} INFO - DAG(s) 'pipeline' retrieved from /opt/airflow/dags/pipeline.py
[2026-04-08T18:42:40.372+0000] {logging_mixin.py:188} INFO - [2026-04-08T18:42:40.371+0000] {dag.py:3089} INFO - Sync 1 DAGs
[2026-04-08T18:42:40.415+0000] {logging_mixin.py:188} INFO - [2026-04-08T18:42:40.414+0000] {dag.py:3947} INFO - Setting next_dagrun for pipeline to 2026-04-08 00:00:00+00:00, run_after=2026-04-09 00:00:00+00:00
[2026-04-08T18:42:40.457+0000] {processor.py:183} INFO - Processing /opt/airflow/dags/pipeline.py took 0.783 seconds
[2026-04-08T18:43:10.644+0000] {processor.py:161} INFO - Started process (PID=390) to work on /opt/airflow/dags/pipeline.py
[2026-04-08T18:43:10.646+0000] {processor.py:830} INFO - Processing file /opt/airflow/dags/pipeline.py for tasks to queue
[2026-04-08T18:43:10.651+0000] {logging_mixin.py:188} INFO - [2026-04-08T18:43:10.651+0000] {dagbag.py:545} INFO - Filling up the DagBag from /opt/airflow/dags/pipeline.py
[2026-04-08T18:43:11.287+0000] {processor.py:840} INFO - DAG(s) 'pipeline' retrieved from /opt/airflow/dags/pipeline.py
[2026-04-08T18:43:11.653+0000] {logging_mixin.py:188} INFO - [2026-04-08T18:43:11.653+0000] {dag.py:3089} INFO - Sync 1 DAGs
[2026-04-08T18:43:11.732+0000] {logging_mixin.py:188} INFO - [2026-04-08T18:43:11.731+0000] {dag.py:3947} INFO - Setting next_dagrun for pipeline to 2026-04-08 00:00:00+00:00, run_after=2026-04-09 00:00:00+00:00
[2026-04-08T18:43:11.789+0000] {processor.py:183} INFO - Processing /opt/airflow/dags/pipeline.py took 1.162 seconds
[2026-04-08T18:43:42.808+0000] {processor.py:161} INFO - Started process (PID=405) to work on /opt/airflow/dags/pipeline.py
[2026-04-08T18:43:42.810+0000] {processor.py:830} INFO - Processing file /opt/airflow/dags/pipeline.py for tasks to queue
[2026-04-08T18:43:42.813+0000] {logging_mixin.py:188} INFO - [2026-04-08T18:43:42.813+0000] {dagbag.py:545} INFO - Filling up the DagBag from /opt/airflow/dags/pipeline.py
[2026-04-08T18:43:43.564+0000] {processor.py:840} INFO - DAG(s) 'pipeline' retrieved from /opt/airflow/dags/pipeline.py
[2026-04-08T18:43:43.778+0000] {logging_mixin.py:188} INFO - [2026-04-08T18:43:43.778+0000] {dag.py:3089} INFO - Sync 1 DAGs
[2026-04-08T18:43:43.826+0000] {logging_mixin.py:188} INFO - [2026-04-08T18:43:43.826+0000] {dag.py:3947} INFO - Setting next_dagrun for pipeline to 2026-04-08 00:00:00+00:00, run_after=2026-04-09 00:00:00+00:00
[2026-04-08T18:43:43.873+0000] {processor.py:183} INFO - Processing /opt/airflow/dags/pipeline.py took 1.077 seconds
[2026-04-08T18:44:14.156+0000] {processor.py:161} INFO - Started process (PID=420) to work on /opt/airflow/dags/pipeline.py
[2026-04-08T18:44:14.162+0000] {processor.py:830} INFO - Processing file /opt/airflow/dags/pipeline.py for tasks to queue
[2026-04-08T18:44:14.179+0000] {logging_mixin.py:188} INFO - [2026-04-08T18:44:14.176+0000] {dagbag.py:545} INFO - Filling up the DagBag from /opt/airflow/dags/pipeline.py
[2026-04-08T18:44:15.067+0000] {processor.py:840} INFO - DAG(s) 'pipeline' retrieved from /opt/airflow/dags/pipeline.py
[2026-04-08T18:44:15.167+0000] {logging_mixin.py:188} INFO - [2026-04-08T18:44:15.167+0000] {dag.py:3089} INFO - Sync 1 DAGs
[2026-04-08T18:44:15.206+0000] {logging_mixin.py:188} INFO - [2026-04-08T18:44:15.206+0000] {dag.py:3947} INFO - Setting next_dagrun for pipeline to 2026-04-08 00:00:00+00:00, run_after=2026-04-09 00:00:00+00:00
[2026-04-08T18:44:15.252+0000] {processor.py:183} INFO - Processing /opt/airflow/dags/pipeline.py took 1.145 seconds
[2026-04-08T18:44:46.210+0000] {processor.py:161} INFO - Started process (PID=435) to work on /opt/airflow/dags/pipeline.py
[2026-04-08T18:44:46.216+0000] {processor.py:830} INFO - Processing file /opt/airflow/dags/pipeline.py for tasks to queue
[2026-04-08T18:44:46.222+0000] {logging_mixin.py:188} INFO - [2026-04-08T18:44:46.221+0000] {dagbag.py:545} INFO - Filling up the DagBag from /opt/airflow/dags/pipeline.py
[2026-04-08T18:44:47.060+0000] {processor.py:840} INFO - DAG(s) 'pipeline' retrieved from /opt/airflow/dags/pipeline.py
[2026-04-08T18:44:47.239+0000] {logging_mixin.py:188} INFO - [2026-04-08T18:44:47.239+0000] {dag.py:3089} INFO - Sync 1 DAGs
[2026-04-08T18:44:47.307+0000] {logging_mixin.py:188} INFO - [2026-04-08T18:44:47.306+0000] {dag.py:3947} INFO - Setting next_dagrun for pipeline to 2026-04-08 00:00:00+00:00, run_after=2026-04-09 00:00:00+00:00
[2026-04-08T18:44:47.418+0000] {processor.py:183} INFO - Processing /opt/airflow/dags/pipeline.py took 1.237 seconds
[2026-04-08T18:45:17.816+0000] {processor.py:161} INFO - Started process (PID=450) to work on /opt/airflow/dags/pipeline.py
[2026-04-08T18:45:17.819+0000] {processor.py:830} INFO - Processing file /opt/airflow/dags/pipeline.py for tasks to queue
[2026-04-08T18:45:17.832+0000] {logging_mixin.py:188} INFO - [2026-04-08T18:45:17.830+0000] {dagbag.py:545} INFO - Filling up the DagBag from /opt/airflow/dags/pipeline.py
[2026-04-08T18:45:18.777+0000] {processor.py:840} INFO - DAG(s) 'pipeline' retrieved from /opt/airflow/dags/pipeline.py
[2026-04-08T18:45:18.872+0000] {logging_mixin.py:188} INFO - [2026-04-08T18:45:18.871+0000] {dag.py:3089} INFO - Sync 1 DAGs
[2026-04-08T18:45:18.916+0000] {logging_mixin.py:188} INFO - [2026-04-08T18:45:18.915+0000] {dag.py:3947} INFO - Setting next_dagrun for pipeline to 2026-04-08 00:00:00+00:00, run_after=2026-04-09 00:00:00+00:00
[2026-04-08T18:45:18.958+0000] {processor.py:183} INFO - Processing /opt/airflow/dags/pipeline.py took 1.165 seconds
[2026-04-08T18:45:49.934+0000] {processor.py:161} INFO - Started process (PID=465) to work on /opt/airflow/dags/pipeline.py
[2026-04-08T18:45:49.935+0000] {processor.py:830} INFO - Processing file /opt/airflow/dags/pipeline.py for tasks to queue
[2026-04-08T18:45:49.938+0000] {logging_mixin.py:188} INFO - [2026-04-08T18:45:49.937+0000] {dagbag.py:545} INFO - Filling up the DagBag from /opt/airflow/dags/pipeline.py
[2026-04-08T18:45:50.676+0000] {processor.py:840} INFO - DAG(s) 'pipeline' retrieved from /opt/airflow/dags/pipeline.py
[2026-04-08T18:45:50.773+0000] {logging_mixin.py:188} INFO - [2026-04-08T18:45:50.773+0000] {dag.py:3089} INFO - Sync 1 DAGs
[2026-04-08T18:45:50.814+0000] {logging_mixin.py:188} INFO - [2026-04-08T18:45:50.814+0000] {dag.py:3947} INFO - Setting next_dagrun for pipeline to 2026-04-08 00:00:00+00:00, run_after=2026-04-09 00:00:00+00:00
[2026-04-08T18:45:50.876+0000] {processor.py:183} INFO - Processing /opt/airflow/dags/pipeline.py took 0.954 seconds
[2026-04-08T18:46:21.925+0000] {processor.py:161} INFO - Started process (PID=480) to work on /opt/airflow/dags/pipeline.py
[2026-04-08T18:46:21.928+0000] {processor.py:830} INFO - Processing file /opt/airflow/dags/pipeline.py for tasks to queue
[2026-04-08T18:46:21.933+0000] {logging_mixin.py:188} INFO - [2026-04-08T18:46:21.932+0000] {dagbag.py:545} INFO - Filling up the DagBag from /opt/airflow/dags/pipeline.py
[2026-04-08T18:46:22.893+0000] {processor.py:840} INFO - DAG(s) 'pipeline' retrieved from /opt/airflow/dags/pipeline.py
[2026-04-08T18:46:23.035+0000] {logging_mixin.py:188} INFO - [2026-04-08T18:46:23.035+0000] {dag.py:3089} INFO - Sync 1 DAGs
[2026-04-08T18:46:23.103+0000] {logging_mixin.py:188} INFO - [2026-04-08T18:46:23.102+0000] {dag.py:3947} INFO - Setting next_dagrun for pipeline to 2026-04-08 00:00:00+00:00, run_after=2026-04-09 00:00:00+00:00
[2026-04-08T18:46:23.166+0000] {processor.py:183} INFO - Processing /opt/airflow/dags/pipeline.py took 1.259 seconds
[2026-04-08T18:46:53.789+0000] {processor.py:161} INFO - Started process (PID=495) to work on /opt/airflow/dags/pipeline.py
[2026-04-08T18:46:53.793+0000] {processor.py:830} INFO - Processing file /opt/airflow/dags/pipeline.py for tasks to queue
[2026-04-08T18:46:53.800+0000] {logging_mixin.py:188} INFO - [2026-04-08T18:46:53.799+0000] {dagbag.py:545} INFO - Filling up the DagBag from /opt/airflow/dags/pipeline.py
[2026-04-08T18:46:55.200+0000] {processor.py:840} INFO - DAG(s) 'pipeline' retrieved from /opt/airflow/dags/pipeline.py
[2026-04-08T18:46:55.357+0000] {logging_mixin.py:188} INFO - [2026-04-08T18:46:55.356+0000] {dag.py:3089} INFO - Sync 1 DAGs
[2026-04-08T18:46:55.429+0000] {logging_mixin.py:188} INFO - [2026-04-08T18:46:55.429+0000] {dag.py:3947} INFO - Setting next_dagrun for pipeline to 2026-04-08 00:00:00+00:00, run_after=2026-04-09 00:00:00+00:00
[2026-04-08T18:46:55.519+0000] {processor.py:183} INFO - Processing /opt/airflow/dags/pipeline.py took 1.750 seconds
[2026-04-08T18:47:26.048+0000] {processor.py:161} INFO - Started process (PID=510) to work on /opt/airflow/dags/pipeline.py
[2026-04-08T18:47:26.050+0000] {processor.py:830} INFO - Processing file /opt/airflow/dags/pipeline.py for tasks to queue
[2026-04-08T18:47:26.053+0000] {logging_mixin.py:188} INFO - [2026-04-08T18:47:26.053+0000] {dagbag.py:545} INFO - Filling up the DagBag from /opt/airflow/dags/pipeline.py
[2026-04-08T18:47:26.668+0000] {processor.py:840} INFO - DAG(s) 'pipeline' retrieved from /opt/airflow/dags/pipeline.py
[2026-04-08T18:47:26.764+0000] {logging_mixin.py:188} INFO - [2026-04-08T18:47:26.764+0000] {dag.py:3089} INFO - Sync 1 DAGs
[2026-04-08T18:47:26.805+0000] {logging_mixin.py:188} INFO - [2026-04-08T18:47:26.805+0000] {dag.py:3947} INFO - Setting next_dagrun for pipeline to 2026-04-08 00:00:00+00:00, run_after=2026-04-09 00:00:00+00:00
[2026-04-08T18:47:26.854+0000] {processor.py:183} INFO - Processing /opt/airflow/dags/pipeline.py took 0.820 seconds
[2026-04-08T18:47:57.003+0000] {processor.py:161} INFO - Started process (PID=525) to work on /opt/airflow/dags/pipeline.py
[2026-04-08T18:47:57.006+0000] {processor.py:830} INFO - Processing file /opt/airflow/dags/pipeline.py for tasks to queue
[2026-04-08T18:47:57.012+0000] {logging_mixin.py:188} INFO - [2026-04-08T18:47:57.011+0000] {dagbag.py:545} INFO - Filling up the DagBag from /opt/airflow/dags/pipeline.py
[2026-04-08T18:47:57.831+0000] {processor.py:840} INFO - DAG(s) 'pipeline' retrieved from /opt/airflow/dags/pipeline.py
[2026-04-08T18:47:57.918+0000] {logging_mixin.py:188} INFO - [2026-04-08T18:47:57.918+0000] {dag.py:3089} INFO - Sync 1 DAGs
[2026-04-08T18:47:57.985+0000] {logging_mixin.py:188} INFO - [2026-04-08T18:47:57.984+0000] {dag.py:3947} INFO - Setting next_dagrun for pipeline to 2026-04-08 00:00:00+00:00, run_after=2026-04-09 00:00:00+00:00
[2026-04-08T18:47:58.043+0000] {processor.py:183} INFO - Processing /opt/airflow/dags/pipeline.py took 1.056 seconds
[2026-04-08T18:56:59.524+0000] {processor.py:161} INFO - Started process (PID=191) to work on /opt/airflow/dags/pipeline.py
[2026-04-08T18:56:59.540+0000] {processor.py:830} INFO - Processing file /opt/airflow/dags/pipeline.py for tasks to queue
[2026-04-08T18:56:59.547+0000] {logging_mixin.py:188} INFO - [2026-04-08T18:56:59.545+0000] {dagbag.py:545} INFO - Filling up the DagBag from /opt/airflow/dags/pipeline.py
[2026-04-08T18:57:05.007+0000] {processor.py:840} INFO - DAG(s) 'pipeline' retrieved from /opt/airflow/dags/pipeline.py
[2026-04-08T18:57:05.105+0000] {logging_mixin.py:188} INFO - [2026-04-08T18:57:05.104+0000] {dag.py:3089} INFO - Sync 1 DAGs
[2026-04-08T18:57:05.216+0000] {logging_mixin.py:188} INFO - [2026-04-08T18:57:05.215+0000] {dag.py:3947} INFO - Setting next_dagrun for pipeline to 2026-04-08 00:00:00+00:00, run_after=2026-04-09 00:00:00+00:00
[2026-04-08T18:57:05.327+0000] {processor.py:183} INFO - Processing /opt/airflow/dags/pipeline.py took 5.830 seconds
[2026-04-08T18:57:51.347+0000] {processor.py:161} INFO - Started process (PID=206) to work on /opt/airflow/dags/pipeline.py
[2026-04-08T18:57:51.358+0000] {processor.py:830} INFO - Processing file /opt/airflow/dags/pipeline.py for tasks to queue
[2026-04-08T18:57:51.390+0000] {logging_mixin.py:188} INFO - [2026-04-08T18:57:51.381+0000] {dagbag.py:545} INFO - Filling up the DagBag from /opt/airflow/dags/pipeline.py
[2026-04-08T18:57:56.810+0000] {processor.py:840} INFO - DAG(s) 'pipeline' retrieved from /opt/airflow/dags/pipeline.py
[2026-04-08T18:57:57.893+0000] {logging_mixin.py:188} INFO - [2026-04-08T18:57:57.893+0000] {dag.py:3089} INFO - Sync 1 DAGs
[2026-04-08T18:57:58.058+0000] {logging_mixin.py:188} INFO - [2026-04-08T18:57:58.057+0000] {dag.py:3947} INFO - Setting next_dagrun for pipeline to 2026-04-08 00:00:00+00:00, run_after=2026-04-09 00:00:00+00:00
[2026-04-08T18:57:58.598+0000] {processor.py:183} INFO - Processing /opt/airflow/dags/pipeline.py took 7.307 seconds
[2026-04-08T19:01:33.727+0000] {processor.py:161} INFO - Started process (PID=191) to work on /opt/airflow/dags/pipeline.py
[2026-04-08T19:01:33.730+0000] {processor.py:830} INFO - Processing file /opt/airflow/dags/pipeline.py for tasks to queue
[2026-04-08T19:01:33.734+0000] {logging_mixin.py:188} INFO - [2026-04-08T19:01:33.733+0000] {dagbag.py:545} INFO - Filling up the DagBag from /opt/airflow/dags/pipeline.py
[2026-04-08T19:01:35.978+0000] {processor.py:840} INFO - DAG(s) 'pipeline' retrieved from /opt/airflow/dags/pipeline.py
[2026-04-08T19:01:36.083+0000] {logging_mixin.py:188} INFO - [2026-04-08T19:01:36.083+0000] {dag.py:3089} INFO - Sync 1 DAGs
[2026-04-08T19:01:36.165+0000] {logging_mixin.py:188} INFO - [2026-04-08T19:01:36.165+0000] {dag.py:3947} INFO - Setting next_dagrun for pipeline to 2026-04-08 00:00:00+00:00, run_after=2026-04-09 00:00:00+00:00
[2026-04-08T19:01:36.258+0000] {processor.py:183} INFO - Processing /opt/airflow/dags/pipeline.py took 2.542 seconds
[2026-04-08T19:02:16.999+0000] {processor.py:161} INFO - Started process (PID=211) to work on /opt/airflow/dags/pipeline.py
[2026-04-08T19:02:17.004+0000] {processor.py:830} INFO - Processing file /opt/airflow/dags/pipeline.py for tasks to queue
[2026-04-08T19:02:17.026+0000] {logging_mixin.py:188} INFO - [2026-04-08T19:02:17.025+0000] {dagbag.py:545} INFO - Filling up the DagBag from /opt/airflow/dags/pipeline.py
[2026-04-08T22:12:52.789+0000] {processor.py:186} INFO - Started process (PID=194) to work on /opt/airflow/dags/pipeline.py
[2026-04-08T22:12:52.792+0000] {processor.py:914} INFO - Processing file /opt/airflow/dags/pipeline.py for tasks to queue
[2026-04-08T22:12:52.804+0000] {logging_mixin.py:190} INFO - [2026-04-08T22:12:52.803+0000] {dagbag.py:588} INFO - Filling up the DagBag from /opt/airflow/dags/pipeline.py
[2026-04-08T22:12:56.182+0000] {processor.py:925} INFO - DAG(s) 'pipeline' retrieved from /opt/airflow/dags/pipeline.py
[2026-04-08T22:12:56.262+0000] {logging_mixin.py:190} INFO - [2026-04-08T22:12:56.262+0000] {dag.py:3239} INFO - Sync 1 DAGs
[2026-04-08T22:12:56.304+0000] {logging_mixin.py:190} INFO - [2026-04-08T22:12:56.304+0000] {dag.py:4180} INFO - Setting next_dagrun for pipeline to 2026-04-08 00:00:00+00:00, run_after=2026-04-09 00:00:00+00:00
[2026-04-08T22:12:56.354+0000] {processor.py:208} INFO - Processing /opt/airflow/dags/pipeline.py took 3.600 seconds
[2026-04-08T22:13:26.837+0000] {processor.py:186} INFO - Started process (PID=209) to work on /opt/airflow/dags/pipeline.py
[2026-04-08T22:13:26.852+0000] {processor.py:914} INFO - Processing file /opt/airflow/dags/pipeline.py for tasks to queue
[2026-04-08T22:13:26.868+0000] {logging_mixin.py:190} INFO - [2026-04-08T22:13:26.866+0000] {dagbag.py:588} INFO - Filling up the DagBag from /opt/airflow/dags/pipeline.py
[2026-04-08T22:13:33.991+0000] {processor.py:925} INFO - DAG(s) 'pipeline' retrieved from /opt/airflow/dags/pipeline.py
[2026-04-08T22:13:35.119+0000] {logging_mixin.py:190} INFO - [2026-04-08T22:13:35.119+0000] {dag.py:3239} INFO - Sync 1 DAGs
[2026-04-08T22:13:35.235+0000] {logging_mixin.py:190} INFO - [2026-04-08T22:13:35.234+0000] {dag.py:4180} INFO - Setting next_dagrun for pipeline to 2026-04-08 00:00:00+00:00, run_after=2026-04-09 00:00:00+00:00
[2026-04-08T22:13:35.572+0000] {processor.py:208} INFO - Processing /opt/airflow/dags/pipeline.py took 8.864 seconds
[2026-04-08T22:14:06.838+0000] {processor.py:186} INFO - Started process (PID=224) to work on /opt/airflow/dags/pipeline.py
[2026-04-08T22:14:06.840+0000] {processor.py:914} INFO - Processing file /opt/airflow/dags/pipeline.py for tasks to queue
[2026-04-08T22:14:06.845+0000] {logging_mixin.py:190} INFO - [2026-04-08T22:14:06.845+0000] {dagbag.py:588} INFO - Filling up the DagBag from /opt/airflow/dags/pipeline.py
[2026-04-08T22:22:03.830+0000] {processor.py:186} INFO - Started process (PID=195) to work on /opt/airflow/dags/pipeline.py
[2026-04-08T22:22:03.838+0000] {processor.py:914} INFO - Processing file /opt/airflow/dags/pipeline.py for tasks to queue
[2026-04-08T22:22:03.856+0000] {logging_mixin.py:190} INFO - [2026-04-08T22:22:03.855+0000] {dagbag.py:588} INFO - Filling up the DagBag from /opt/airflow/dags/pipeline.py
[2026-04-08T22:22:12.475+0000] {processor.py:925} INFO - DAG(s) 'pipeline' retrieved from /opt/airflow/dags/pipeline.py
[2026-04-08T22:22:12.764+0000] {logging_mixin.py:190} INFO - [2026-04-08T22:22:12.764+0000] {dag.py:3239} INFO - Sync 1 DAGs
[2026-04-08T22:22:12.915+0000] {logging_mixin.py:190} INFO - [2026-04-08T22:22:12.915+0000] {dag.py:4180} INFO - Setting next_dagrun for pipeline to 2026-04-08 00:00:00+00:00, run_after=2026-04-09 00:00:00+00:00
[2026-04-08T22:22:13.098+0000] {processor.py:208} INFO - Processing /opt/airflow/dags/pipeline.py took 9.302 seconds
[2026-04-08T22:22:43.818+0000] {processor.py:186} INFO - Started process (PID=210) to work on /opt/airflow/dags/pipeline.py
[2026-04-08T22:22:43.821+0000] {processor.py:914} INFO - Processing file /opt/airflow/dags/pipeline.py for tasks to queue
[2026-04-08T22:22:43.828+0000] {logging_mixin.py:190} INFO - [2026-04-08T22:22:43.825+0000] {dagbag.py:588} INFO - Filling up the DagBag from /opt/airflow/dags/pipeline.py
[2026-04-08T22:22:47.597+0000] {processor.py:925} INFO - DAG(s) 'pipeline' retrieved from /opt/airflow/dags/pipeline.py
[2026-04-08T22:22:47.933+0000] {logging_mixin.py:190} INFO - [2026-04-08T22:22:47.919+0000] {dag.py:3239} INFO - Sync 1 DAGs
[2026-04-08T22:22:48.065+0000] {logging_mixin.py:190} INFO - [2026-04-08T22:22:48.065+0000] {dag.py:4180} INFO - Setting next_dagrun for pipeline to 2026-04-08 00:00:00+00:00, run_after=2026-04-09 00:00:00+00:00
[2026-04-08T22:22:48.234+0000] {processor.py:208} INFO - Processing /opt/airflow/dags/pipeline.py took 4.461 seconds
[2026-04-08T22:24:50.662+0000] {processor.py:186} INFO - Started process (PID=230) to work on /opt/airflow/dags/pipeline.py
[2026-04-08T22:24:50.666+0000] {processor.py:914} INFO - Processing file /opt/airflow/dags/pipeline.py for tasks to queue
[2026-04-08T22:24:50.671+0000] {logging_mixin.py:190} INFO - [2026-04-08T22:24:50.670+0000] {dagbag.py:588} INFO - Filling up the DagBag from /opt/airflow/dags/pipeline.py
[2026-04-08T22:32:13.709+0000] {processor.py:186} INFO - Started process (PID=194) to work on /opt/airflow/dags/pipeline.py
[2026-04-08T22:32:13.711+0000] {processor.py:914} INFO - Processing file /opt/airflow/dags/pipeline.py for tasks to queue
[2026-04-08T22:32:13.715+0000] {logging_mixin.py:190} INFO - [2026-04-08T22:32:13.715+0000] {dagbag.py:588} INFO - Filling up the DagBag from /opt/airflow/dags/pipeline.py
[2026-04-08T22:32:18.240+0000] {processor.py:925} INFO - DAG(s) 'pipeline' retrieved from /opt/airflow/dags/pipeline.py
[2026-04-08T22:32:18.375+0000] {logging_mixin.py:190} INFO - [2026-04-08T22:32:18.374+0000] {dag.py:3239} INFO - Sync 1 DAGs
[2026-04-08T22:32:18.438+0000] {logging_mixin.py:190} INFO - [2026-04-08T22:32:18.437+0000] {dag.py:4180} INFO - Setting next_dagrun for pipeline to 2026-04-08 00:00:00+00:00, run_after=2026-04-09 00:00:00+00:00
[2026-04-08T22:32:18.498+0000] {processor.py:208} INFO - Processing /opt/airflow/dags/pipeline.py took 4.800 seconds
[2026-04-08T22:32:49.048+0000] {processor.py:186} INFO - Started process (PID=209) to work on /opt/airflow/dags/pipeline.py
[2026-04-08T22:32:49.074+0000] {processor.py:914} INFO - Processing file /opt/airflow/dags/pipeline.py for tasks to queue
[2026-04-08T22:32:49.087+0000] {logging_mixin.py:190} INFO - [2026-04-08T22:32:49.086+0000] {dagbag.py:588} INFO - Filling up the DagBag from /opt/airflow/dags/pipeline.py
[2026-04-08T22:32:58.835+0000] {processor.py:925} INFO - DAG(s) 'pipeline' retrieved from /opt/airflow/dags/pipeline.py
[2026-04-08T22:32:59.534+0000] {logging_mixin.py:190} INFO - [2026-04-08T22:32:59.531+0000] {dag.py:3239} INFO - Sync 1 DAGs
[2026-04-08T22:32:59.855+0000] {logging_mixin.py:190} INFO - [2026-04-08T22:32:59.854+0000] {dag.py:4180} INFO - Setting next_dagrun for pipeline to 2026-04-08 00:00:00+00:00, run_after=2026-04-09 00:00:00+00:00
[2026-04-08T22:33:00.356+0000] {processor.py:208} INFO - Processing /opt/airflow/dags/pipeline.py took 11.417 seconds
[2026-04-08T22:33:30.842+0000] {processor.py:186} INFO - Started process (PID=224) to work on /opt/airflow/dags/pipeline.py
[2026-04-08T22:33:30.849+0000] {processor.py:914} INFO - Processing file /opt/airflow/dags/pipeline.py for tasks to queue
[2026-04-08T22:33:30.854+0000] {logging_mixin.py:190} INFO - [2026-04-08T22:33:30.853+0000] {dagbag.py:588} INFO - Filling up the DagBag from /opt/airflow/dags/pipeline.py
[2026-04-08T22:33:40.547+0000] {processor.py:925} INFO - DAG(s) 'pipeline' retrieved from /opt/airflow/dags/pipeline.py
[2026-04-08T22:33:40.674+0000] {logging_mixin.py:190} INFO - [2026-04-08T22:33:40.673+0000] {dag.py:3239} INFO - Sync 1 DAGs
[2026-04-08T22:33:40.735+0000] {logging_mixin.py:190} INFO - [2026-04-08T22:33:40.735+0000] {dag.py:4180} INFO - Setting next_dagrun for pipeline to 2026-04-08 00:00:00+00:00, run_after=2026-04-09 00:00:00+00:00
[2026-04-08T22:33:40.785+0000] {processor.py:208} INFO - Processing /opt/airflow/dags/pipeline.py took 10.016 seconds
[2026-04-08T22:34:11.354+0000] {processor.py:186} INFO - Started process (PID=245) to work on /opt/airflow/dags/pipeline.py
[2026-04-08T22:34:11.356+0000] {processor.py:914} INFO - Processing file /opt/airflow/dags/pipeline.py for tasks to queue
[2026-04-08T22:34:11.365+0000] {logging_mixin.py:190} INFO - [2026-04-08T22:34:11.364+0000] {dagbag.py:588} INFO - Filling up the DagBag from /opt/airflow/dags/pipeline.py
[2026-04-08T22:34:17.354+0000] {processor.py:925} INFO - DAG(s) 'pipeline' retrieved from /opt/airflow/dags/pipeline.py
[2026-04-08T22:34:17.451+0000] {logging_mixin.py:190} INFO - [2026-04-08T22:34:17.451+0000] {dag.py:3239} INFO - Sync 1 DAGs
[2026-04-08T22:34:17.498+0000] {logging_mixin.py:190} INFO - [2026-04-08T22:34:17.498+0000] {dag.py:4180} INFO - Setting next_dagrun for pipeline to 2026-04-08 00:00:00+00:00, run_after=2026-04-09 00:00:00+00:00
[2026-04-08T22:34:17.540+0000] {processor.py:208} INFO - Processing /opt/airflow/dags/pipeline.py took 6.210 seconds
[2026-04-08T22:34:48.638+0000] {processor.py:186} INFO - Started process (PID=260) to work on /opt/airflow/dags/pipeline.py
[2026-04-08T22:34:48.669+0000] {processor.py:914} INFO - Processing file /opt/airflow/dags/pipeline.py for tasks to queue
[2026-04-08T22:34:48.746+0000] {logging_mixin.py:190} INFO - [2026-04-08T22:34:48.744+0000] {dagbag.py:588} INFO - Filling up the DagBag from /opt/airflow/dags/pipeline.py
[2026-04-08T22:34:55.372+0000] {processor.py:925} INFO - DAG(s) 'pipeline' retrieved from /opt/airflow/dags/pipeline.py
[2026-04-08T22:34:55.830+0000] {logging_mixin.py:190} INFO - [2026-04-08T22:34:55.829+0000] {dag.py:3239} INFO - Sync 1 DAGs
[2026-04-08T22:34:56.000+0000] {logging_mixin.py:190} INFO - [2026-04-08T22:34:56.000+0000] {dag.py:4180} INFO - Setting next_dagrun for pipeline to 2026-04-08 00:00:00+00:00, run_after=2026-04-09 00:00:00+00:00
[2026-04-08T22:34:56.226+0000] {processor.py:208} INFO - Processing /opt/airflow/dags/pipeline.py took 7.664 seconds
[2026-04-08T22:35:27.017+0000] {processor.py:186} INFO - Started process (PID=285) to work on /opt/airflow/dags/pipeline.py
[2026-04-08T22:35:27.039+0000] {processor.py:914} INFO - Processing file /opt/airflow/dags/pipeline.py for tasks to queue
[2026-04-08T22:35:27.056+0000] {logging_mixin.py:190} INFO - [2026-04-08T22:35:27.050+0000] {dagbag.py:588} INFO - Filling up the DagBag from /opt/airflow/dags/pipeline.py
[2026-04-08T22:35:30.921+0000] {processor.py:925} INFO - DAG(s) 'pipeline' retrieved from /opt/airflow/dags/pipeline.py
[2026-04-08T22:35:31.117+0000] {logging_mixin.py:190} INFO - [2026-04-08T22:35:31.117+0000] {dag.py:3239} INFO - Sync 1 DAGs
[2026-04-08T22:35:31.208+0000] {logging_mixin.py:190} INFO - [2026-04-08T22:35:31.207+0000] {dag.py:4180} INFO - Setting next_dagrun for pipeline to 2026-04-08 00:00:00+00:00, run_after=2026-04-09 00:00:00+00:00
[2026-04-08T22:35:31.287+0000] {processor.py:208} INFO - Processing /opt/airflow/dags/pipeline.py took 4.310 seconds
[2026-04-08T22:36:01.524+0000] {processor.py:186} INFO - Started process (PID=300) to work on /opt/airflow/dags/pipeline.py
[2026-04-08T22:36:01.527+0000] {processor.py:914} INFO - Processing file /opt/airflow/dags/pipeline.py for tasks to queue
[2026-04-08T22:36:01.534+0000] {logging_mixin.py:190} INFO - [2026-04-08T22:36:01.534+0000] {dagbag.py:588} INFO - Filling up the DagBag from /opt/airflow/dags/pipeline.py
[2026-04-08T22:36:04.454+0000] {processor.py:925} INFO - DAG(s) 'pipeline' retrieved from /opt/airflow/dags/pipeline.py
[2026-04-08T22:36:04.640+0000] {logging_mixin.py:190} INFO - [2026-04-08T22:36:04.638+0000] {dag.py:3239} INFO - Sync 1 DAGs
[2026-04-08T22:36:04.715+0000] {logging_mixin.py:190} INFO - [2026-04-08T22:36:04.714+0000] {dag.py:4180} INFO - Setting next_dagrun for pipeline to 2026-04-08 00:00:00+00:00, run_after=2026-04-09 00:00:00+00:00
[2026-04-08T22:36:04.775+0000] {processor.py:208} INFO - Processing /opt/airflow/dags/pipeline.py took 3.287 seconds
[2026-04-08T22:36:35.203+0000] {processor.py:186} INFO - Started process (PID=315) to work on /opt/airflow/dags/pipeline.py
[2026-04-08T22:36:35.206+0000] {processor.py:914} INFO - Processing file /opt/airflow/dags/pipeline.py for tasks to queue
[2026-04-08T22:36:35.212+0000] {logging_mixin.py:190} INFO - [2026-04-08T22:36:35.211+0000] {dagbag.py:588} INFO - Filling up the DagBag from /opt/airflow/dags/pipeline.py
[2026-04-08T22:36:37.351+0000] {processor.py:925} INFO - DAG(s) 'pipeline' retrieved from /opt/airflow/dags/pipeline.py
[2026-04-08T22:36:37.432+0000] {logging_mixin.py:190} INFO - [2026-04-08T22:36:37.432+0000] {dag.py:3239} INFO - Sync 1 DAGs
[2026-04-08T22:36:37.474+0000] {logging_mixin.py:190} INFO - [2026-04-08T22:36:37.474+0000] {dag.py:4180} INFO - Setting next_dagrun for pipeline to 2026-04-08 00:00:00+00:00, run_after=2026-04-09 00:00:00+00:00
[2026-04-08T22:36:37.515+0000] {processor.py:208} INFO - Processing /opt/airflow/dags/pipeline.py took 2.326 seconds
[2026-04-08T22:37:07.773+0000] {processor.py:186} INFO - Started process (PID=330) to work on /opt/airflow/dags/pipeline.py
[2026-04-08T22:37:07.775+0000] {processor.py:914} INFO - Processing file /opt/airflow/dags/pipeline.py for tasks to queue
[2026-04-08T22:37:07.781+0000] {logging_mixin.py:190} INFO - [2026-04-08T22:37:07.780+0000] {dagbag.py:588} INFO - Filling up the DagBag from /opt/airflow/dags/pipeline.py
[2026-04-08T22:37:09.930+0000] {processor.py:925} INFO - DAG(s) 'pipeline' retrieved from /opt/airflow/dags/pipeline.py
[2026-04-08T22:37:10.090+0000] {logging_mixin.py:190} INFO - [2026-04-08T22:37:10.089+0000] {dag.py:3239} INFO - Sync 1 DAGs
[2026-04-08T22:37:10.213+0000] {logging_mixin.py:190} INFO - [2026-04-08T22:37:10.212+0000] {dag.py:4180} INFO - Setting next_dagrun for pipeline to 2026-04-08 00:00:00+00:00, run_after=2026-04-09 00:00:00+00:00
[2026-04-08T22:37:10.283+0000] {processor.py:208} INFO - Processing /opt/airflow/dags/pipeline.py took 2.529 seconds
[2026-04-08T22:37:40.431+0000] {processor.py:186} INFO - Started process (PID=345) to work on /opt/airflow/dags/pipeline.py
[2026-04-08T22:37:40.434+0000] {processor.py:914} INFO - Processing file /opt/airflow/dags/pipeline.py for tasks to queue
[2026-04-08T22:37:40.439+0000] {logging_mixin.py:190} INFO - [2026-04-08T22:37:40.439+0000] {dagbag.py:588} INFO - Filling up the DagBag from /opt/airflow/dags/pipeline.py
[2026-04-08T22:37:42.060+0000] {processor.py:925} INFO - DAG(s) 'pipeline' retrieved from /opt/airflow/dags/pipeline.py
[2026-04-08T22:37:42.426+0000] {logging_mixin.py:190} INFO - [2026-04-08T22:37:42.425+0000] {dag.py:3239} INFO - Sync 1 DAGs
[2026-04-08T22:37:42.480+0000] {logging_mixin.py:190} INFO - [2026-04-08T22:37:42.479+0000] {dag.py:4180} INFO - Setting next_dagrun for pipeline to 2026-04-08 00:00:00+00:00, run_after=2026-04-09 00:00:00+00:00
[2026-04-08T22:37:42.532+0000] {processor.py:208} INFO - Processing /opt/airflow/dags/pipeline.py took 2.113 seconds
[2026-04-08T22:38:12.703+0000] {processor.py:186} INFO - Started process (PID=360) to work on /opt/airflow/dags/pipeline.py
[2026-04-08T22:38:12.705+0000] {processor.py:914} INFO - Processing file /opt/airflow/dags/pipeline.py for tasks to queue
[2026-04-08T22:38:12.709+0000] {logging_mixin.py:190} INFO - [2026-04-08T22:38:12.708+0000] {dagbag.py:588} INFO - Filling up the DagBag from /opt/airflow/dags/pipeline.py
[2026-04-08T22:38:14.390+0000] {processor.py:925} INFO - DAG(s) 'pipeline' retrieved from /opt/airflow/dags/pipeline.py
[2026-04-08T22:38:14.495+0000] {logging_mixin.py:190} INFO - [2026-04-08T22:38:14.495+0000] {dag.py:3239} INFO - Sync 1 DAGs
[2026-04-08T22:38:14.550+0000] {logging_mixin.py:190} INFO - [2026-04-08T22:38:14.550+0000] {dag.py:4180} INFO - Setting next_dagrun for pipeline to 2026-04-08 00:00:00+00:00, run_after=2026-04-09 00:00:00+00:00
[2026-04-08T22:38:14.598+0000] {processor.py:208} INFO - Processing /opt/airflow/dags/pipeline.py took 1.910 seconds
[2026-04-08T22:38:45.101+0000] {processor.py:186} INFO - Started process (PID=375) to work on /opt/airflow/dags/pipeline.py
[2026-04-08T22:38:45.103+0000] {processor.py:914} INFO - Processing file /opt/airflow/dags/pipeline.py for tasks to queue
[2026-04-08T22:38:45.109+0000] {logging_mixin.py:190} INFO - [2026-04-08T22:38:45.108+0000] {dagbag.py:588} INFO - Filling up the DagBag from /opt/airflow/dags/pipeline.py
[2026-04-08T22:38:46.240+0000] {processor.py:925} INFO - DAG(s) 'pipeline' retrieved from /opt/airflow/dags/pipeline.py
[2026-04-08T22:38:46.344+0000] {logging_mixin.py:190} INFO - [2026-04-08T22:38:46.344+0000] {dag.py:3239} INFO - Sync 1 DAGs
[2026-04-08T22:38:46.396+0000] {logging_mixin.py:190} INFO - [2026-04-08T22:38:46.395+0000] {dag.py:4180} INFO - Setting next_dagrun for pipeline to 2026-04-08 00:00:00+00:00, run_after=2026-04-09 00:00:00+00:00
[2026-04-08T22:38:46.439+0000] {processor.py:208} INFO - Processing /opt/airflow/dags/pipeline.py took 1.349 seconds
[2026-04-08T22:39:17.221+0000] {processor.py:186} INFO - Started process (PID=390) to work on /opt/airflow/dags/pipeline.py
[2026-04-08T22:39:17.231+0000] {processor.py:914} INFO - Processing file /opt/airflow/dags/pipeline.py for tasks to queue
[2026-04-08T22:39:17.241+0000] {logging_mixin.py:190} INFO - [2026-04-08T22:39:17.240+0000] {dagbag.py:588} INFO - Filling up the DagBag from /opt/airflow/dags/pipeline.py
[2026-04-08T22:39:19.206+0000] {processor.py:925} INFO - DAG(s) 'pipeline' retrieved from /opt/airflow/dags/pipeline.py
[2026-04-08T22:39:19.570+0000] {logging_mixin.py:190} INFO - [2026-04-08T22:39:19.570+0000] {dag.py:3239} INFO - Sync 1 DAGs
[2026-04-08T22:39:19.620+0000] {logging_mixin.py:190} INFO - [2026-04-08T22:39:19.620+0000] {dag.py:4180} INFO - Setting next_dagrun for pipeline to 2026-04-08 00:00:00+00:00, run_after=2026-04-09 00:00:00+00:00
[2026-04-08T22:39:19.664+0000] {processor.py:208} INFO - Processing /opt/airflow/dags/pipeline.py took 2.475 seconds
[2026-04-08T22:39:50.600+0000] {processor.py:186} INFO - Started process (PID=405) to work on /opt/airflow/dags/pipeline.py
[2026-04-08T22:39:50.602+0000] {processor.py:914} INFO - Processing file /opt/airflow/dags/pipeline.py for tasks to queue
[2026-04-08T22:39:50.607+0000] {logging_mixin.py:190} INFO - [2026-04-08T22:39:50.607+0000] {dagbag.py:588} INFO - Filling up the DagBag from /opt/airflow/dags/pipeline.py
[2026-04-08T22:39:51.889+0000] {processor.py:925} INFO - DAG(s) 'pipeline' retrieved from /opt/airflow/dags/pipeline.py
[2026-04-08T22:39:52.029+0000] {logging_mixin.py:190} INFO - [2026-04-08T22:39:52.029+0000] {dag.py:3239} INFO - Sync 1 DAGs
[2026-04-08T22:39:52.086+0000] {logging_mixin.py:190} INFO - [2026-04-08T22:39:52.086+0000] {dag.py:4180} INFO - Setting next_dagrun for pipeline to 2026-04-08 00:00:00+00:00, run_after=2026-04-09 00:00:00+00:00
[2026-04-08T22:39:52.145+0000] {processor.py:208} INFO - Processing /opt/airflow/dags/pipeline.py took 1.567 seconds
[2026-04-08T22:40:23.143+0000] {processor.py:186} INFO - Started process (PID=420) to work on /opt/airflow/dags/pipeline.py
[2026-04-08T22:40:23.145+0000] {processor.py:914} INFO - Processing file /opt/airflow/dags/pipeline.py for tasks to queue
[2026-04-08T22:40:23.148+0000] {logging_mixin.py:190} INFO - [2026-04-08T22:40:23.148+0000] {dagbag.py:588} INFO - Filling up the DagBag from /opt/airflow/dags/pipeline.py
[2026-04-08T22:40:24.282+0000] {processor.py:925} INFO - DAG(s) 'pipeline' retrieved from /opt/airflow/dags/pipeline.py
[2026-04-08T22:40:24.364+0000] {logging_mixin.py:190} INFO - [2026-04-08T22:40:24.363+0000] {dag.py:3239} INFO - Sync 1 DAGs
[2026-04-08T22:40:24.402+0000] {logging_mixin.py:190} INFO - [2026-04-08T22:40:24.402+0000] {dag.py:4180} INFO - Setting next_dagrun for pipeline to 2026-04-08 00:00:00+00:00, run_after=2026-04-09 00:00:00+00:00
[2026-04-08T22:40:24.440+0000] {processor.py:208} INFO - Processing /opt/airflow/dags/pipeline.py took 1.307 seconds
[2026-04-08T22:40:54.587+0000] {processor.py:186} INFO - Started process (PID=435) to work on /opt/airflow/dags/pipeline.py
[2026-04-08T22:40:54.588+0000] {processor.py:914} INFO - Processing file /opt/airflow/dags/pipeline.py for tasks to queue
[2026-04-08T22:40:54.592+0000] {logging_mixin.py:190} INFO - [2026-04-08T22:40:54.592+0000] {dagbag.py:588} INFO - Filling up the DagBag from /opt/airflow/dags/pipeline.py
[2026-04-08T22:40:55.722+0000] {processor.py:925} INFO - DAG(s) 'pipeline' retrieved from /opt/airflow/dags/pipeline.py
[2026-04-08T22:40:55.820+0000] {logging_mixin.py:190} INFO - [2026-04-08T22:40:55.820+0000] {dag.py:3239} INFO - Sync 1 DAGs
[2026-04-08T22:40:55.859+0000] {logging_mixin.py:190} INFO - [2026-04-08T22:40:55.859+0000] {dag.py:4180} INFO - Setting next_dagrun for pipeline to 2026-04-08 00:00:00+00:00, run_after=2026-04-09 00:00:00+00:00
[2026-04-08T22:40:55.898+0000] {processor.py:208} INFO - Processing /opt/airflow/dags/pipeline.py took 1.321 seconds
[2026-04-08T22:41:26.072+0000] {processor.py:186} INFO - Started process (PID=450) to work on /opt/airflow/dags/pipeline.py
[2026-04-08T22:41:26.074+0000] {processor.py:914} INFO - Processing file /opt/airflow/dags/pipeline.py for tasks to queue
[2026-04-08T22:41:26.081+0000] {logging_mixin.py:190} INFO - [2026-04-08T22:41:26.080+0000] {dagbag.py:588} INFO - Filling up the DagBag from /opt/airflow/dags/pipeline.py
[2026-04-08T22:41:27.178+0000] {processor.py:925} INFO - DAG(s) 'pipeline' retrieved from /opt/airflow/dags/pipeline.py
[2026-04-08T22:41:27.384+0000] {logging_mixin.py:190} INFO - [2026-04-08T22:41:27.384+0000] {dag.py:3239} INFO - Sync 1 DAGs
[2026-04-08T22:41:27.491+0000] {logging_mixin.py:190} INFO - [2026-04-08T22:41:27.491+0000] {dag.py:4180} INFO - Setting next_dagrun for pipeline to 2026-04-08 00:00:00+00:00, run_after=2026-04-09 00:00:00+00:00
[2026-04-08T22:41:27.571+0000] {processor.py:208} INFO - Processing /opt/airflow/dags/pipeline.py took 1.515 seconds
[2026-04-08T22:41:58.014+0000] {processor.py:186} INFO - Started process (PID=465) to work on /opt/airflow/dags/pipeline.py
[2026-04-08T22:41:58.017+0000] {processor.py:914} INFO - Processing file /opt/airflow/dags/pipeline.py for tasks to queue
[2026-04-08T22:41:58.022+0000] {logging_mixin.py:190} INFO - [2026-04-08T22:41:58.021+0000] {dagbag.py:588} INFO - Filling up the DagBag from /opt/airflow/dags/pipeline.py
[2026-04-08T22:41:59.165+0000] {processor.py:925} INFO - DAG(s) 'pipeline' retrieved from /opt/airflow/dags/pipeline.py
[2026-04-08T22:41:59.261+0000] {logging_mixin.py:190} INFO - [2026-04-08T22:41:59.260+0000] {dag.py:3239} INFO - Sync 1 DAGs
[2026-04-08T22:41:59.305+0000] {logging_mixin.py:190} INFO - [2026-04-08T22:41:59.305+0000] {dag.py:4180} INFO - Setting next_dagrun for pipeline to 2026-04-08 00:00:00+00:00, run_after=2026-04-09 00:00:00+00:00
[2026-04-08T22:41:59.347+0000] {processor.py:208} INFO - Processing /opt/airflow/dags/pipeline.py took 1.346 seconds
[2026-04-08T22:42:29.667+0000] {processor.py:186} INFO - Started process (PID=480) to work on /opt/airflow/dags/pipeline.py
[2026-04-08T22:42:29.670+0000] {processor.py:914} INFO - Processing file /opt/airflow/dags/pipeline.py for tasks to queue
[2026-04-08T22:42:29.683+0000] {logging_mixin.py:190} INFO - [2026-04-08T22:42:29.682+0000] {dagbag.py:588} INFO - Filling up the DagBag from /opt/airflow/dags/pipeline.py
[2026-04-08T22:42:31.929+0000] {processor.py:925} INFO - DAG(s) 'pipeline' retrieved from /opt/airflow/dags/pipeline.py
[2026-04-08T22:42:32.075+0000] {logging_mixin.py:190} INFO - [2026-04-08T22:42:32.074+0000] {dag.py:3239} INFO - Sync 1 DAGs
[2026-04-08T22:42:32.196+0000] {logging_mixin.py:190} INFO - [2026-04-08T22:42:32.196+0000] {dag.py:4180} INFO - Setting next_dagrun for pipeline to 2026-04-08 00:00:00+00:00, run_after=2026-04-09 00:00:00+00:00
[2026-04-08T22:42:32.258+0000] {processor.py:208} INFO - Processing /opt/airflow/dags/pipeline.py took 2.609 seconds
[2026-04-08T22:43:02.653+0000] {processor.py:186} INFO - Started process (PID=498) to work on /opt/airflow/dags/pipeline.py
[2026-04-08T22:43:02.657+0000] {processor.py:914} INFO - Processing file /opt/airflow/dags/pipeline.py for tasks to queue
[2026-04-08T22:43:02.668+0000] {logging_mixin.py:190} INFO - [2026-04-08T22:43:02.667+0000] {dagbag.py:588} INFO - Filling up the DagBag from /opt/airflow/dags/pipeline.py
[2026-04-08T22:43:04.492+0000] {processor.py:925} INFO - DAG(s) 'pipeline' retrieved from /opt/airflow/dags/pipeline.py
[2026-04-08T22:43:04.606+0000] {logging_mixin.py:190} INFO - [2026-04-08T22:43:04.605+0000] {dag.py:3239} INFO - Sync 1 DAGs
[2026-04-08T22:43:04.682+0000] {logging_mixin.py:190} INFO - [2026-04-08T22:43:04.682+0000] {dag.py:4180} INFO - Setting next_dagrun for pipeline to 2026-04-08 00:00:00+00:00, run_after=2026-04-09 00:00:00+00:00
[2026-04-08T22:43:04.742+0000] {processor.py:208} INFO - Processing /opt/airflow/dags/pipeline.py took 2.110 seconds
[2026-04-08T22:43:35.187+0000] {processor.py:186} INFO - Started process (PID=513) to work on /opt/airflow/dags/pipeline.py
[2026-04-08T22:43:35.189+0000] {processor.py:914} INFO - Processing file /opt/airflow/dags/pipeline.py for tasks to queue
[2026-04-08T22:43:35.197+0000] {logging_mixin.py:190} INFO - [2026-04-08T22:43:35.196+0000] {dagbag.py:588} INFO - Filling up the DagBag from /opt/airflow/dags/pipeline.py
[2026-04-08T22:43:36.993+0000] {processor.py:925} INFO - DAG(s) 'pipeline' retrieved from /opt/airflow/dags/pipeline.py
[2026-04-08T22:43:37.084+0000] {logging_mixin.py:190} INFO - [2026-04-08T22:43:37.084+0000] {dag.py:3239} INFO - Sync 1 DAGs
[2026-04-08T22:43:37.169+0000] {logging_mixin.py:190} INFO - [2026-04-08T22:43:37.169+0000] {dag.py:4180} INFO - Setting next_dagrun for pipeline to 2026-04-08 00:00:00+00:00, run_after=2026-04-09 00:00:00+00:00
[2026-04-08T22:43:37.234+0000] {processor.py:208} INFO - Processing /opt/airflow/dags/pipeline.py took 2.062 seconds
[2026-04-08T22:44:07.511+0000] {processor.py:186} INFO - Started process (PID=538) to work on /opt/airflow/dags/pipeline.py
[2026-04-08T22:44:07.514+0000] {processor.py:914} INFO - Processing file /opt/airflow/dags/pipeline.py for tasks to queue
[2026-04-08T22:44:07.526+0000] {logging_mixin.py:190} INFO - [2026-04-08T22:44:07.525+0000] {dagbag.py:588} INFO - Filling up the DagBag from /opt/airflow/dags/pipeline.py
[2026-04-08T22:44:11.187+0000] {processor.py:925} INFO - DAG(s) 'pipeline' retrieved from /opt/airflow/dags/pipeline.py
[2026-04-08T22:44:11.381+0000] {logging_mixin.py:190} INFO - [2026-04-08T22:44:11.380+0000] {dag.py:3239} INFO - Sync 1 DAGs
[2026-04-08T22:44:11.559+0000] {logging_mixin.py:190} INFO - [2026-04-08T22:44:11.558+0000] {dag.py:4180} INFO - Setting next_dagrun for pipeline to 2026-04-08 00:00:00+00:00, run_after=2026-04-09 00:00:00+00:00
[2026-04-08T22:44:11.648+0000] {processor.py:208} INFO - Processing /opt/airflow/dags/pipeline.py took 4.158 seconds
[2026-04-08T22:44:42.740+0000] {processor.py:186} INFO - Started process (PID=556) to work on /opt/airflow/dags/pipeline.py
[2026-04-08T22:44:42.743+0000] {processor.py:914} INFO - Processing file /opt/airflow/dags/pipeline.py for tasks to queue
[2026-04-08T22:44:42.758+0000] {logging_mixin.py:190} INFO - [2026-04-08T22:44:42.757+0000] {dagbag.py:588} INFO - Filling up the DagBag from /opt/airflow/dags/pipeline.py
[2026-04-08T22:44:44.275+0000] {processor.py:925} INFO - DAG(s) 'pipeline' retrieved from /opt/airflow/dags/pipeline.py
[2026-04-08T22:44:44.400+0000] {logging_mixin.py:190} INFO - [2026-04-08T22:44:44.400+0000] {dag.py:3239} INFO - Sync 1 DAGs
[2026-04-08T22:44:44.460+0000] {logging_mixin.py:190} INFO - [2026-04-08T22:44:44.459+0000] {dag.py:4180} INFO - Setting next_dagrun for pipeline to 2026-04-08 00:00:00+00:00, run_after=2026-04-09 00:00:00+00:00
[2026-04-08T22:44:44.542+0000] {processor.py:208} INFO - Processing /opt/airflow/dags/pipeline.py took 1.824 seconds
[2026-04-08T22:45:15.229+0000] {processor.py:186} INFO - Started process (PID=571) to work on /opt/airflow/dags/pipeline.py
[2026-04-08T22:45:15.234+0000] {processor.py:914} INFO - Processing file /opt/airflow/dags/pipeline.py for tasks to queue
[2026-04-08T22:45:15.245+0000] {logging_mixin.py:190} INFO - [2026-04-08T22:45:15.243+0000] {dagbag.py:588} INFO - Filling up the DagBag from /opt/airflow/dags/pipeline.py
[2026-04-08T22:45:16.785+0000] {processor.py:925} INFO - DAG(s) 'pipeline' retrieved from /opt/airflow/dags/pipeline.py
[2026-04-08T22:45:17.012+0000] {logging_mixin.py:190} INFO - [2026-04-08T22:45:17.006+0000] {dag.py:3239} INFO - Sync 1 DAGs
[2026-04-08T22:45:17.128+0000] {logging_mixin.py:190} INFO - [2026-04-08T22:45:17.127+0000] {dag.py:4180} INFO - Setting next_dagrun for pipeline to 2026-04-08 00:00:00+00:00, run_after=2026-04-09 00:00:00+00:00
[2026-04-08T22:45:17.219+0000] {processor.py:208} INFO - Processing /opt/airflow/dags/pipeline.py took 2.020 seconds
[2026-04-08T22:45:48.037+0000] {processor.py:186} INFO - Started process (PID=589) to work on /opt/airflow/dags/pipeline.py
[2026-04-08T22:45:48.039+0000] {processor.py:914} INFO - Processing file /opt/airflow/dags/pipeline.py for tasks to queue
[2026-04-08T22:45:48.043+0000] {logging_mixin.py:190} INFO - [2026-04-08T22:45:48.043+0000] {dagbag.py:588} INFO - Filling up the DagBag from /opt/airflow/dags/pipeline.py
[2026-04-08T22:45:49.452+0000] {processor.py:925} INFO - DAG(s) 'pipeline' retrieved from /opt/airflow/dags/pipeline.py
[2026-04-08T22:45:49.569+0000] {logging_mixin.py:190} INFO - [2026-04-08T22:45:49.569+0000] {dag.py:3239} INFO - Sync 1 DAGs
[2026-04-08T22:45:49.614+0000] {logging_mixin.py:190} INFO - [2026-04-08T22:45:49.613+0000] {dag.py:4180} INFO - Setting next_dagrun for pipeline to 2026-04-08 00:00:00+00:00, run_after=2026-04-09 00:00:00+00:00
[2026-04-08T22:45:49.673+0000] {processor.py:208} INFO - Processing /opt/airflow/dags/pipeline.py took 1.646 seconds
[2026-04-08T22:46:20.479+0000] {processor.py:186} INFO - Started process (PID=604) to work on /opt/airflow/dags/pipeline.py
[2026-04-08T22:46:20.481+0000] {processor.py:914} INFO - Processing file /opt/airflow/dags/pipeline.py for tasks to queue
[2026-04-08T22:46:20.486+0000] {logging_mixin.py:190} INFO - [2026-04-08T22:46:20.486+0000] {dagbag.py:588} INFO - Filling up the DagBag from /opt/airflow/dags/pipeline.py
[2026-04-08T22:46:21.722+0000] {processor.py:925} INFO - DAG(s) 'pipeline' retrieved from /opt/airflow/dags/pipeline.py
[2026-04-08T22:46:21.830+0000] {logging_mixin.py:190} INFO - [2026-04-08T22:46:21.830+0000] {dag.py:3239} INFO - Sync 1 DAGs
[2026-04-08T22:46:21.876+0000] {logging_mixin.py:190} INFO - [2026-04-08T22:46:21.875+0000] {dag.py:4180} INFO - Setting next_dagrun for pipeline to 2026-04-08 00:00:00+00:00, run_after=2026-04-09 00:00:00+00:00
[2026-04-08T22:46:21.928+0000] {processor.py:208} INFO - Processing /opt/airflow/dags/pipeline.py took 1.462 seconds
[2026-04-08T22:46:52.358+0000] {processor.py:186} INFO - Started process (PID=619) to work on /opt/airflow/dags/pipeline.py
[2026-04-08T22:46:52.363+0000] {processor.py:914} INFO - Processing file /opt/airflow/dags/pipeline.py for tasks to queue
[2026-04-08T22:46:52.369+0000] {logging_mixin.py:190} INFO - [2026-04-08T22:46:52.368+0000] {dagbag.py:588} INFO - Filling up the DagBag from /opt/airflow/dags/pipeline.py
[2026-04-08T22:46:53.856+0000] {processor.py:925} INFO - DAG(s) 'pipeline' retrieved from /opt/airflow/dags/pipeline.py
[2026-04-08T22:46:53.971+0000] {logging_mixin.py:190} INFO - [2026-04-08T22:46:53.970+0000] {dag.py:3239} INFO - Sync 1 DAGs
[2026-04-08T22:46:54.027+0000] {logging_mixin.py:190} INFO - [2026-04-08T22:46:54.026+0000] {dag.py:4180} INFO - Setting next_dagrun for pipeline to 2026-04-08 00:00:00+00:00, run_after=2026-04-09 00:00:00+00:00
[2026-04-08T22:46:54.094+0000] {processor.py:208} INFO - Processing /opt/airflow/dags/pipeline.py took 1.758 seconds
[2026-04-08T22:47:24.845+0000] {processor.py:186} INFO - Started process (PID=634) to work on /opt/airflow/dags/pipeline.py
[2026-04-08T22:47:24.849+0000] {processor.py:914} INFO - Processing file /opt/airflow/dags/pipeline.py for tasks to queue
[2026-04-08T22:47:24.906+0000] {logging_mixin.py:190} INFO - [2026-04-08T22:47:24.905+0000] {dagbag.py:588} INFO - Filling up the DagBag from /opt/airflow/dags/pipeline.py
[2026-04-08T22:47:25.987+0000] {processor.py:925} INFO - DAG(s) 'pipeline' retrieved from /opt/airflow/dags/pipeline.py
[2026-04-08T22:47:26.067+0000] {logging_mixin.py:190} INFO - [2026-04-08T22:47:26.066+0000] {dag.py:3239} INFO - Sync 1 DAGs
[2026-04-08T22:47:26.109+0000] {logging_mixin.py:190} INFO - [2026-04-08T22:47:26.109+0000] {dag.py:4180} INFO - Setting next_dagrun for pipeline to 2026-04-08 00:00:00+00:00, run_after=2026-04-09 00:00:00+00:00
[2026-04-08T22:47:26.148+0000] {processor.py:208} INFO - Processing /opt/airflow/dags/pipeline.py took 1.334 seconds
[2026-04-08T22:47:56.472+0000] {processor.py:186} INFO - Started process (PID=649) to work on /opt/airflow/dags/pipeline.py
[2026-04-08T22:47:56.475+0000] {processor.py:914} INFO - Processing file /opt/airflow/dags/pipeline.py for tasks to queue
[2026-04-08T22:47:56.480+0000] {logging_mixin.py:190} INFO - [2026-04-08T22:47:56.479+0000] {dagbag.py:588} INFO - Filling up the DagBag from /opt/airflow/dags/pipeline.py
[2026-04-08T22:47:58.187+0000] {processor.py:925} INFO - DAG(s) 'pipeline' retrieved from /opt/airflow/dags/pipeline.py
[2026-04-08T22:47:58.305+0000] {logging_mixin.py:190} INFO - [2026-04-08T22:47:58.304+0000] {dag.py:3239} INFO - Sync 1 DAGs
[2026-04-08T22:47:58.367+0000] {logging_mixin.py:190} INFO - [2026-04-08T22:47:58.366+0000] {dag.py:4180} INFO - Setting next_dagrun for pipeline to 2026-04-08 00:00:00+00:00, run_after=2026-04-09 00:00:00+00:00
[2026-04-08T22:47:58.447+0000] {processor.py:208} INFO - Processing /opt/airflow/dags/pipeline.py took 1.994 seconds
[2026-04-08T22:48:29.054+0000] {processor.py:186} INFO - Started process (PID=664) to work on /opt/airflow/dags/pipeline.py
[2026-04-08T22:48:29.056+0000] {processor.py:914} INFO - Processing file /opt/airflow/dags/pipeline.py for tasks to queue
[2026-04-08T22:48:29.060+0000] {logging_mixin.py:190} INFO - [2026-04-08T22:48:29.059+0000] {dagbag.py:588} INFO - Filling up the DagBag from /opt/airflow/dags/pipeline.py
[2026-04-08T22:48:31.094+0000] {processor.py:925} INFO - DAG(s) 'pipeline' retrieved from /opt/airflow/dags/pipeline.py
[2026-04-08T22:48:31.210+0000] {logging_mixin.py:190} INFO - [2026-04-08T22:48:31.210+0000] {dag.py:3239} INFO - Sync 1 DAGs
[2026-04-08T22:48:31.264+0000] {logging_mixin.py:190} INFO - [2026-04-08T22:48:31.263+0000] {dag.py:4180} INFO - Setting next_dagrun for pipeline to 2026-04-08 00:00:00+00:00, run_after=2026-04-09 00:00:00+00:00
[2026-04-08T22:48:31.323+0000] {processor.py:208} INFO - Processing /opt/airflow/dags/pipeline.py took 2.280 seconds
[2026-04-08T22:49:02.074+0000] {processor.py:186} INFO - Started process (PID=685) to work on /opt/airflow/dags/pipeline.py
[2026-04-08T22:49:02.091+0000] {processor.py:914} INFO - Processing file /opt/airflow/dags/pipeline.py for tasks to queue
[2026-04-08T22:49:02.102+0000] {logging_mixin.py:190} INFO - [2026-04-08T22:49:02.101+0000] {dagbag.py:588} INFO - Filling up the DagBag from /opt/airflow/dags/pipeline.py
[2026-04-08T22:49:05.337+0000] {processor.py:925} INFO - DAG(s) 'pipeline' retrieved from /opt/airflow/dags/pipeline.py
[2026-04-08T22:49:05.525+0000] {logging_mixin.py:190} INFO - [2026-04-08T22:49:05.525+0000] {dag.py:3239} INFO - Sync 1 DAGs
[2026-04-08T22:49:05.609+0000] {logging_mixin.py:190} INFO - [2026-04-08T22:49:05.608+0000] {dag.py:4180} INFO - Setting next_dagrun for pipeline to 2026-04-08 00:00:00+00:00, run_after=2026-04-09 00:00:00+00:00
[2026-04-08T22:49:05.702+0000] {processor.py:208} INFO - Processing /opt/airflow/dags/pipeline.py took 3.662 seconds
[2026-04-08T22:49:36.713+0000] {processor.py:186} INFO - Started process (PID=703) to work on /opt/airflow/dags/pipeline.py
[2026-04-08T22:49:36.715+0000] {processor.py:914} INFO - Processing file /opt/airflow/dags/pipeline.py for tasks to queue
[2026-04-08T22:49:36.719+0000] {logging_mixin.py:190} INFO - [2026-04-08T22:49:36.718+0000] {dagbag.py:588} INFO - Filling up the DagBag from /opt/airflow/dags/pipeline.py
[2026-04-08T22:49:38.480+0000] {processor.py:925} INFO - DAG(s) 'pipeline' retrieved from /opt/airflow/dags/pipeline.py
[2026-04-08T22:49:38.619+0000] {logging_mixin.py:190} INFO - [2026-04-08T22:49:38.619+0000] {dag.py:3239} INFO - Sync 1 DAGs
[2026-04-08T22:49:38.686+0000] {logging_mixin.py:190} INFO - [2026-04-08T22:49:38.685+0000] {dag.py:4180} INFO - Setting next_dagrun for pipeline to 2026-04-08 00:00:00+00:00, run_after=2026-04-09 00:00:00+00:00
[2026-04-08T22:49:38.756+0000] {processor.py:208} INFO - Processing /opt/airflow/dags/pipeline.py took 2.058 seconds
[2026-04-08T22:50:08.987+0000] {processor.py:186} INFO - Started process (PID=718) to work on /opt/airflow/dags/pipeline.py
[2026-04-08T22:50:08.989+0000] {processor.py:914} INFO - Processing file /opt/airflow/dags/pipeline.py for tasks to queue
[2026-04-08T22:50:08.993+0000] {logging_mixin.py:190} INFO - [2026-04-08T22:50:08.992+0000] {dagbag.py:588} INFO - Filling up the DagBag from /opt/airflow/dags/pipeline.py
[2026-04-08T22:50:10.193+0000] {processor.py:925} INFO - DAG(s) 'pipeline' retrieved from /opt/airflow/dags/pipeline.py
[2026-04-08T22:50:10.406+0000] {logging_mixin.py:190} INFO - [2026-04-08T22:50:10.406+0000] {dag.py:3239} INFO - Sync 1 DAGs
[2026-04-08T22:50:10.459+0000] {logging_mixin.py:190} INFO - [2026-04-08T22:50:10.459+0000] {dag.py:4180} INFO - Setting next_dagrun for pipeline to 2026-04-08 00:00:00+00:00, run_after=2026-04-09 00:00:00+00:00
[2026-04-08T22:50:10.508+0000] {processor.py:208} INFO - Processing /opt/airflow/dags/pipeline.py took 1.520 seconds
[2026-04-08T22:50:40.681+0000] {processor.py:186} INFO - Started process (PID=733) to work on /opt/airflow/dags/pipeline.py
[2026-04-08T22:50:40.685+0000] {processor.py:914} INFO - Processing file /opt/airflow/dags/pipeline.py for tasks to queue
[2026-04-08T22:50:40.692+0000] {logging_mixin.py:190} INFO - [2026-04-08T22:50:40.691+0000] {dagbag.py:588} INFO - Filling up the DagBag from /opt/airflow/dags/pipeline.py
[2026-04-08T22:50:42.266+0000] {processor.py:925} INFO - DAG(s) 'pipeline' retrieved from /opt/airflow/dags/pipeline.py
[2026-04-08T22:50:42.405+0000] {logging_mixin.py:190} INFO - [2026-04-08T22:50:42.404+0000] {dag.py:3239} INFO - Sync 1 DAGs
[2026-04-08T22:50:42.476+0000] {logging_mixin.py:190} INFO - [2026-04-08T22:50:42.476+0000] {dag.py:4180} INFO - Setting next_dagrun for pipeline to 2026-04-08 00:00:00+00:00, run_after=2026-04-09 00:00:00+00:00
[2026-04-08T22:50:42.530+0000] {processor.py:208} INFO - Processing /opt/airflow/dags/pipeline.py took 1.864 seconds
[2026-04-08T22:51:12.614+0000] {processor.py:186} INFO - Started process (PID=748) to work on /opt/airflow/dags/pipeline.py
[2026-04-08T22:51:12.616+0000] {processor.py:914} INFO - Processing file /opt/airflow/dags/pipeline.py for tasks to queue
[2026-04-08T22:51:12.620+0000] {logging_mixin.py:190} INFO - [2026-04-08T22:51:12.620+0000] {dagbag.py:588} INFO - Filling up the DagBag from /opt/airflow/dags/pipeline.py
[2026-04-08T22:51:13.720+0000] {processor.py:925} INFO - DAG(s) 'pipeline' retrieved from /opt/airflow/dags/pipeline.py
[2026-04-08T22:51:13.812+0000] {logging_mixin.py:190} INFO - [2026-04-08T22:51:13.812+0000] {dag.py:3239} INFO - Sync 1 DAGs
[2026-04-08T22:51:13.853+0000] {logging_mixin.py:190} INFO - [2026-04-08T22:51:13.853+0000] {dag.py:4180} INFO - Setting next_dagrun for pipeline to 2026-04-08 00:00:00+00:00, run_after=2026-04-09 00:00:00+00:00
[2026-04-08T22:51:13.914+0000] {processor.py:208} INFO - Processing /opt/airflow/dags/pipeline.py took 1.310 seconds
[2026-04-08T22:51:44.843+0000] {processor.py:186} INFO - Started process (PID=763) to work on /opt/airflow/dags/pipeline.py
[2026-04-08T22:51:44.845+0000] {processor.py:914} INFO - Processing file /opt/airflow/dags/pipeline.py for tasks to queue
[2026-04-08T22:51:44.849+0000] {logging_mixin.py:190} INFO - [2026-04-08T22:51:44.848+0000] {dagbag.py:588} INFO - Filling up the DagBag from /opt/airflow/dags/pipeline.py
[2026-04-08T22:51:46.290+0000] {processor.py:925} INFO - DAG(s) 'pipeline' retrieved from /opt/airflow/dags/pipeline.py
[2026-04-08T22:51:46.390+0000] {logging_mixin.py:190} INFO - [2026-04-08T22:51:46.389+0000] {dag.py:3239} INFO - Sync 1 DAGs
[2026-04-08T22:51:46.432+0000] {logging_mixin.py:190} INFO - [2026-04-08T22:51:46.432+0000] {dag.py:4180} INFO - Setting next_dagrun for pipeline to 2026-04-08 00:00:00+00:00, run_after=2026-04-09 00:00:00+00:00
[2026-04-08T22:51:46.474+0000] {processor.py:208} INFO - Processing /opt/airflow/dags/pipeline.py took 1.641 seconds
[2026-04-08T22:52:17.525+0000] {processor.py:186} INFO - Started process (PID=778) to work on /opt/airflow/dags/pipeline.py
[2026-04-08T22:52:17.527+0000] {processor.py:914} INFO - Processing file /opt/airflow/dags/pipeline.py for tasks to queue
[2026-04-08T22:52:17.532+0000] {logging_mixin.py:190} INFO - [2026-04-08T22:52:17.531+0000] {dagbag.py:588} INFO - Filling up the DagBag from /opt/airflow/dags/pipeline.py
[2026-04-08T22:52:18.973+0000] {processor.py:925} INFO - DAG(s) 'pipeline' retrieved from /opt/airflow/dags/pipeline.py
[2026-04-08T22:52:19.069+0000] {logging_mixin.py:190} INFO - [2026-04-08T22:52:19.069+0000] {dag.py:3239} INFO - Sync 1 DAGs
[2026-04-08T22:52:19.123+0000] {logging_mixin.py:190} INFO - [2026-04-08T22:52:19.122+0000] {dag.py:4180} INFO - Setting next_dagrun for pipeline to 2026-04-08 00:00:00+00:00, run_after=2026-04-09 00:00:00+00:00
[2026-04-08T22:52:19.181+0000] {processor.py:208} INFO - Processing /opt/airflow/dags/pipeline.py took 1.669 seconds
[2026-04-08T22:52:50.242+0000] {processor.py:186} INFO - Started process (PID=793) to work on /opt/airflow/dags/pipeline.py
[2026-04-08T22:52:50.244+0000] {processor.py:914} INFO - Processing file /opt/airflow/dags/pipeline.py for tasks to queue
[2026-04-08T22:52:50.249+0000] {logging_mixin.py:190} INFO - [2026-04-08T22:52:50.248+0000] {dagbag.py:588} INFO - Filling up the DagBag from /opt/airflow/dags/pipeline.py
[2026-04-08T22:52:51.882+0000] {processor.py:925} INFO - DAG(s) 'pipeline' retrieved from /opt/airflow/dags/pipeline.py
[2026-04-08T22:52:52.107+0000] {logging_mixin.py:190} INFO - [2026-04-08T22:52:52.106+0000] {dag.py:3239} INFO - Sync 1 DAGs
[2026-04-08T22:52:52.149+0000] {logging_mixin.py:190} INFO - [2026-04-08T22:52:52.149+0000] {dag.py:4180} INFO - Setting next_dagrun for pipeline to 2026-04-08 00:00:00+00:00, run_after=2026-04-09 00:00:00+00:00
[2026-04-08T22:52:52.208+0000] {processor.py:208} INFO - Processing /opt/airflow/dags/pipeline.py took 1.978 seconds
[2026-04-08T22:53:22.324+0000] {processor.py:186} INFO - Started process (PID=823) to work on /opt/airflow/dags/pipeline.py
[2026-04-08T22:53:22.326+0000] {processor.py:914} INFO - Processing file /opt/airflow/dags/pipeline.py for tasks to queue
[2026-04-08T22:53:22.330+0000] {logging_mixin.py:190} INFO - [2026-04-08T22:53:22.329+0000] {dagbag.py:588} INFO - Filling up the DagBag from /opt/airflow/dags/pipeline.py
[2026-04-08T22:53:24.591+0000] {processor.py:925} INFO - DAG(s) 'pipeline' retrieved from /opt/airflow/dags/pipeline.py
[2026-04-08T22:53:24.710+0000] {logging_mixin.py:190} INFO - [2026-04-08T22:53:24.709+0000] {dag.py:3239} INFO - Sync 1 DAGs
[2026-04-08T22:53:24.777+0000] {logging_mixin.py:190} INFO - [2026-04-08T22:53:24.776+0000] {dag.py:4180} INFO - Setting next_dagrun for pipeline to 2026-04-08 00:00:00+00:00, run_after=2026-04-09 00:00:00+00:00
[2026-04-08T22:53:24.846+0000] {processor.py:208} INFO - Processing /opt/airflow/dags/pipeline.py took 2.532 seconds
[2026-04-08T22:53:55.677+0000] {processor.py:186} INFO - Started process (PID=848) to work on /opt/airflow/dags/pipeline.py
[2026-04-08T22:53:55.679+0000] {processor.py:914} INFO - Processing file /opt/airflow/dags/pipeline.py for tasks to queue
[2026-04-08T22:53:55.685+0000] {logging_mixin.py:190} INFO - [2026-04-08T22:53:55.685+0000] {dagbag.py:588} INFO - Filling up the DagBag from /opt/airflow/dags/pipeline.py
[2026-04-08T22:53:57.229+0000] {processor.py:925} INFO - DAG(s) 'pipeline' retrieved from /opt/airflow/dags/pipeline.py
[2026-04-08T22:53:57.352+0000] {logging_mixin.py:190} INFO - [2026-04-08T22:53:57.351+0000] {dag.py:3239} INFO - Sync 1 DAGs
[2026-04-08T22:53:57.466+0000] {logging_mixin.py:190} INFO - [2026-04-08T22:53:57.465+0000] {dag.py:4180} INFO - Setting next_dagrun for pipeline to 2026-04-08 00:00:00+00:00, run_after=2026-04-09 00:00:00+00:00
[2026-04-08T22:53:57.524+0000] {processor.py:208} INFO - Processing /opt/airflow/dags/pipeline.py took 1.857 seconds
[2026-04-08T22:54:27.626+0000] {processor.py:186} INFO - Started process (PID=863) to work on /opt/airflow/dags/pipeline.py
[2026-04-08T22:54:27.628+0000] {processor.py:914} INFO - Processing file /opt/airflow/dags/pipeline.py for tasks to queue
[2026-04-08T22:54:27.634+0000] {logging_mixin.py:190} INFO - [2026-04-08T22:54:27.634+0000] {dagbag.py:588} INFO - Filling up the DagBag from /opt/airflow/dags/pipeline.py
[2026-04-08T22:54:29.481+0000] {processor.py:925} INFO - DAG(s) 'pipeline' retrieved from /opt/airflow/dags/pipeline.py
[2026-04-08T22:54:29.598+0000] {logging_mixin.py:190} INFO - [2026-04-08T22:54:29.598+0000] {dag.py:3239} INFO - Sync 1 DAGs
[2026-04-08T22:54:29.643+0000] {logging_mixin.py:190} INFO - [2026-04-08T22:54:29.643+0000] {dag.py:4180} INFO - Setting next_dagrun for pipeline to 2026-04-08 00:00:00+00:00, run_after=2026-04-09 00:00:00+00:00
[2026-04-08T22:54:29.688+0000] {processor.py:208} INFO - Processing /opt/airflow/dags/pipeline.py took 2.074 seconds
[2026-04-08T22:55:00.199+0000] {processor.py:186} INFO - Started process (PID=878) to work on /opt/airflow/dags/pipeline.py
[2026-04-08T22:55:00.201+0000] {processor.py:914} INFO - Processing file /opt/airflow/dags/pipeline.py for tasks to queue
[2026-04-08T22:55:00.206+0000] {logging_mixin.py:190} INFO - [2026-04-08T22:55:00.205+0000] {dagbag.py:588} INFO - Filling up the DagBag from /opt/airflow/dags/pipeline.py
[2026-04-08T22:55:02.626+0000] {processor.py:925} INFO - DAG(s) 'pipeline' retrieved from /opt/airflow/dags/pipeline.py
[2026-04-08T22:55:02.836+0000] {logging_mixin.py:190} INFO - [2026-04-08T22:55:02.835+0000] {dag.py:3239} INFO - Sync 1 DAGs
[2026-04-08T22:55:03.003+0000] {logging_mixin.py:190} INFO - [2026-04-08T22:55:03.002+0000] {dag.py:4180} INFO - Setting next_dagrun for pipeline to 2026-04-08 00:00:00+00:00, run_after=2026-04-09 00:00:00+00:00
[2026-04-08T22:55:03.094+0000] {processor.py:208} INFO - Processing /opt/airflow/dags/pipeline.py took 2.907 seconds
[2026-04-08T22:58:01.350+0000] {processor.py:186} INFO - Started process (PID=194) to work on /opt/airflow/dags/pipeline.py
[2026-04-08T22:58:01.387+0000] {processor.py:914} INFO - Processing file /opt/airflow/dags/pipeline.py for tasks to queue
[2026-04-08T22:58:01.414+0000] {logging_mixin.py:190} INFO - [2026-04-08T22:58:01.408+0000] {dagbag.py:588} INFO - Filling up the DagBag from /opt/airflow/dags/pipeline.py
[2026-04-08T22:58:12.084+0000] {processor.py:925} INFO - DAG(s) 'pipeline' retrieved from /opt/airflow/dags/pipeline.py
[2026-04-08T22:58:12.376+0000] {logging_mixin.py:190} INFO - [2026-04-08T22:58:12.375+0000] {dag.py:3239} INFO - Sync 1 DAGs
[2026-04-08T22:58:12.477+0000] {logging_mixin.py:190} INFO - [2026-04-08T22:58:12.476+0000] {dag.py:4180} INFO - Setting next_dagrun for pipeline to 2026-04-08 00:00:00+00:00, run_after=2026-04-09 00:00:00+00:00
[2026-04-08T22:58:12.559+0000] {processor.py:208} INFO - Processing /opt/airflow/dags/pipeline.py took 11.261 seconds
[2026-04-08T22:58:43.306+0000] {processor.py:186} INFO - Started process (PID=209) to work on /opt/airflow/dags/pipeline.py
[2026-04-08T22:58:43.314+0000] {processor.py:914} INFO - Processing file /opt/airflow/dags/pipeline.py for tasks to queue
[2026-04-08T22:58:43.336+0000] {logging_mixin.py:190} INFO - [2026-04-08T22:58:43.330+0000] {dagbag.py:588} INFO - Filling up the DagBag from /opt/airflow/dags/pipeline.py
[2026-04-08T22:58:46.477+0000] {processor.py:925} INFO - DAG(s) 'pipeline' retrieved from /opt/airflow/dags/pipeline.py
[2026-04-08T22:58:46.727+0000] {logging_mixin.py:190} INFO - [2026-04-08T22:58:46.726+0000] {dag.py:3239} INFO - Sync 1 DAGs
[2026-04-08T22:58:46.797+0000] {logging_mixin.py:190} INFO - [2026-04-08T22:58:46.797+0000] {dag.py:4180} INFO - Setting next_dagrun for pipeline to 2026-04-08 00:00:00+00:00, run_after=2026-04-09 00:00:00+00:00
[2026-04-08T22:58:46.893+0000] {processor.py:208} INFO - Processing /opt/airflow/dags/pipeline.py took 3.618 seconds
[2026-04-08T22:59:17.375+0000] {processor.py:186} INFO - Started process (PID=224) to work on /opt/airflow/dags/pipeline.py
[2026-04-08T22:59:17.377+0000] {processor.py:914} INFO - Processing file /opt/airflow/dags/pipeline.py for tasks to queue
[2026-04-08T22:59:17.384+0000] {logging_mixin.py:190} INFO - [2026-04-08T22:59:17.383+0000] {dagbag.py:588} INFO - Filling up the DagBag from /opt/airflow/dags/pipeline.py
[2026-04-08T23:01:20.677+0000] {processor.py:186} INFO - Started process (PID=194) to work on /opt/airflow/dags/pipeline.py
[2026-04-08T23:01:20.692+0000] {processor.py:914} INFO - Processing file /opt/airflow/dags/pipeline.py for tasks to queue
[2026-04-08T23:01:20.720+0000] {logging_mixin.py:190} INFO - [2026-04-08T23:01:20.719+0000] {dagbag.py:588} INFO - Filling up the DagBag from /opt/airflow/dags/pipeline.py
[2026-04-08T23:01:27.574+0000] {processor.py:925} INFO - DAG(s) 'pipeline' retrieved from /opt/airflow/dags/pipeline.py
[2026-04-08T23:01:27.787+0000] {logging_mixin.py:190} INFO - [2026-04-08T23:01:27.786+0000] {dag.py:3239} INFO - Sync 1 DAGs
[2026-04-08T23:01:27.898+0000] {logging_mixin.py:190} INFO - [2026-04-08T23:01:27.897+0000] {dag.py:4180} INFO - Setting next_dagrun for pipeline to 2026-04-08 00:00:00+00:00, run_after=2026-04-09 00:00:00+00:00
[2026-04-08T23:01:28.055+0000] {processor.py:208} INFO - Processing /opt/airflow/dags/pipeline.py took 7.406 seconds
[2026-04-08T23:02:00.147+0000] {processor.py:186} INFO - Started process (PID=209) to work on /opt/airflow/dags/pipeline.py
[2026-04-08T23:02:00.166+0000] {processor.py:914} INFO - Processing file /opt/airflow/dags/pipeline.py for tasks to queue
[2026-04-08T23:02:00.211+0000] {logging_mixin.py:190} INFO - [2026-04-08T23:02:00.210+0000] {dagbag.py:588} INFO - Filling up the DagBag from /opt/airflow/dags/pipeline.py
[2026-04-08T23:02:09.490+0000] {processor.py:925} INFO - DAG(s) 'pipeline' retrieved from /opt/airflow/dags/pipeline.py
[2026-04-08T23:02:09.664+0000] {logging_mixin.py:190} INFO - [2026-04-08T23:02:09.663+0000] {dag.py:3239} INFO - Sync 1 DAGs
[2026-04-08T23:02:09.755+0000] {logging_mixin.py:190} INFO - [2026-04-08T23:02:09.754+0000] {dag.py:4180} INFO - Setting next_dagrun for pipeline to 2026-04-08 00:00:00+00:00, run_after=2026-04-09 00:00:00+00:00
[2026-04-08T23:02:09.843+0000] {processor.py:208} INFO - Processing /opt/airflow/dags/pipeline.py took 9.764 seconds
[2026-04-08T23:02:40.739+0000] {processor.py:186} INFO - Started process (PID=224) to work on /opt/airflow/dags/pipeline.py
[2026-04-08T23:02:40.741+0000] {processor.py:914} INFO - Processing file /opt/airflow/dags/pipeline.py for tasks to queue
[2026-04-08T23:02:40.748+0000] {logging_mixin.py:190} INFO - [2026-04-08T23:02:40.747+0000] {dagbag.py:588} INFO - Filling up the DagBag from /opt/airflow/dags/pipeline.py
[2026-04-08T23:05:29.336+0000] {processor.py:186} INFO - Started process (PID=194) to work on /opt/airflow/dags/pipeline.py
[2026-04-08T23:05:29.348+0000] {processor.py:914} INFO - Processing file /opt/airflow/dags/pipeline.py for tasks to queue
[2026-04-08T23:05:29.367+0000] {logging_mixin.py:190} INFO - [2026-04-08T23:05:29.366+0000] {dagbag.py:588} INFO - Filling up the DagBag from /opt/airflow/dags/pipeline.py
[2026-04-08T23:05:34.649+0000] {processor.py:925} INFO - DAG(s) 'pipeline' retrieved from /opt/airflow/dags/pipeline.py
[2026-04-08T23:05:35.054+0000] {logging_mixin.py:190} INFO - [2026-04-08T23:05:35.054+0000] {dag.py:3239} INFO - Sync 1 DAGs
[2026-04-08T23:05:35.211+0000] {logging_mixin.py:190} INFO - [2026-04-08T23:05:35.211+0000] {dag.py:4180} INFO - Setting next_dagrun for pipeline to 2026-04-08 00:00:00+00:00, run_after=2026-04-09 00:00:00+00:00
[2026-04-08T23:05:35.310+0000] {processor.py:208} INFO - Processing /opt/airflow/dags/pipeline.py took 5.989 seconds
[2026-04-08T23:06:06.521+0000] {processor.py:186} INFO - Started process (PID=209) to work on /opt/airflow/dags/pipeline.py
[2026-04-08T23:06:06.526+0000] {processor.py:914} INFO - Processing file /opt/airflow/dags/pipeline.py for tasks to queue
[2026-04-08T23:06:06.534+0000] {logging_mixin.py:190} INFO - [2026-04-08T23:06:06.532+0000] {dagbag.py:588} INFO - Filling up the DagBag from /opt/airflow/dags/pipeline.py
[2026-04-08T23:06:21.695+0000] {processor.py:925} INFO - DAG(s) 'pipeline' retrieved from /opt/airflow/dags/pipeline.py
[2026-04-08T23:06:21.883+0000] {logging_mixin.py:190} INFO - [2026-04-08T23:06:21.882+0000] {dag.py:3239} INFO - Sync 1 DAGs
[2026-04-08T23:06:21.986+0000] {logging_mixin.py:190} INFO - [2026-04-08T23:06:21.985+0000] {dag.py:4180} INFO - Setting next_dagrun for pipeline to 2026-04-08 00:00:00+00:00, run_after=2026-04-09 00:00:00+00:00
[2026-04-08T23:06:22.088+0000] {processor.py:208} INFO - Processing /opt/airflow/dags/pipeline.py took 15.584 seconds
[2026-04-08T23:06:52.641+0000] {processor.py:186} INFO - Started process (PID=224) to work on /opt/airflow/dags/pipeline.py
[2026-04-08T23:06:52.649+0000] {processor.py:914} INFO - Processing file /opt/airflow/dags/pipeline.py for tasks to queue
[2026-04-08T23:06:52.670+0000] {logging_mixin.py:190} INFO - [2026-04-08T23:06:52.669+0000] {dagbag.py:588} INFO - Filling up the DagBag from /opt/airflow/dags/pipeline.py
[2026-04-08T23:07:00.639+0000] {processor.py:925} INFO - DAG(s) 'pipeline' retrieved from /opt/airflow/dags/pipeline.py
[2026-04-08T23:07:00.893+0000] {logging_mixin.py:190} INFO - [2026-04-08T23:07:00.892+0000] {dag.py:3239} INFO - Sync 1 DAGs
[2026-04-08T23:07:01.046+0000] {logging_mixin.py:190} INFO - [2026-04-08T23:07:01.046+0000] {dag.py:4180} INFO - Setting next_dagrun for pipeline to 2026-04-08 00:00:00+00:00, run_after=2026-04-09 00:00:00+00:00
[2026-04-08T23:07:01.304+0000] {processor.py:208} INFO - Processing /opt/airflow/dags/pipeline.py took 8.780 seconds
[2026-04-08T23:07:32.726+0000] {processor.py:186} INFO - Started process (PID=239) to work on /opt/airflow/dags/pipeline.py
[2026-04-08T23:07:32.786+0000] {processor.py:914} INFO - Processing file /opt/airflow/dags/pipeline.py for tasks to queue
[2026-04-08T23:07:32.895+0000] {logging_mixin.py:190} INFO - [2026-04-08T23:07:32.889+0000] {dagbag.py:588} INFO - Filling up the DagBag from /opt/airflow/dags/pipeline.py
[2026-04-08T23:10:15.040+0000] {processor.py:186} INFO - Started process (PID=194) to work on /opt/airflow/dags/pipeline.py
[2026-04-08T23:10:15.043+0000] {processor.py:914} INFO - Processing file /opt/airflow/dags/pipeline.py for tasks to queue
[2026-04-08T23:10:15.048+0000] {logging_mixin.py:190} INFO - [2026-04-08T23:10:15.047+0000] {dagbag.py:588} INFO - Filling up the DagBag from /opt/airflow/dags/pipeline.py
[2026-04-08T23:10:18.683+0000] {processor.py:925} INFO - DAG(s) 'pipeline' retrieved from /opt/airflow/dags/pipeline.py
[2026-04-08T23:10:18.801+0000] {logging_mixin.py:190} INFO - [2026-04-08T23:10:18.801+0000] {dag.py:3239} INFO - Sync 1 DAGs
[2026-04-08T23:10:18.861+0000] {logging_mixin.py:190} INFO - [2026-04-08T23:10:18.861+0000] {dag.py:4180} INFO - Setting next_dagrun for pipeline to 2026-04-08 00:00:00+00:00, run_after=2026-04-09 00:00:00+00:00
[2026-04-08T23:10:18.916+0000] {processor.py:208} INFO - Processing /opt/airflow/dags/pipeline.py took 3.888 seconds
[2026-04-08T23:10:50.330+0000] {processor.py:186} INFO - Started process (PID=209) to work on /opt/airflow/dags/pipeline.py
[2026-04-08T23:10:50.358+0000] {processor.py:914} INFO - Processing file /opt/airflow/dags/pipeline.py for tasks to queue
[2026-04-08T23:10:50.414+0000] {logging_mixin.py:190} INFO - [2026-04-08T23:10:50.411+0000] {dagbag.py:588} INFO - Filling up the DagBag from /opt/airflow/dags/pipeline.py
[2026-04-08T23:15:13.422+0000] {processor.py:186} INFO - Started process (PID=193) to work on /opt/airflow/dags/pipeline.py
[2026-04-08T23:15:13.432+0000] {processor.py:914} INFO - Processing file /opt/airflow/dags/pipeline.py for tasks to queue
[2026-04-08T23:15:13.442+0000] {logging_mixin.py:190} INFO - [2026-04-08T23:15:13.441+0000] {dagbag.py:588} INFO - Filling up the DagBag from /opt/airflow/dags/pipeline.py
[2026-04-08T23:15:17.919+0000] {processor.py:925} INFO - DAG(s) 'pipeline' retrieved from /opt/airflow/dags/pipeline.py
[2026-04-08T23:15:18.120+0000] {logging_mixin.py:190} INFO - [2026-04-08T23:15:18.119+0000] {dag.py:3239} INFO - Sync 1 DAGs
[2026-04-08T23:15:18.232+0000] {logging_mixin.py:190} INFO - [2026-04-08T23:15:18.231+0000] {dag.py:4180} INFO - Setting next_dagrun for pipeline to 2026-04-08 00:00:00+00:00, run_after=2026-04-09 00:00:00+00:00
[2026-04-08T23:15:18.319+0000] {processor.py:208} INFO - Processing /opt/airflow/dags/pipeline.py took 4.914 seconds
[2026-04-08T23:19:32.958+0000] {processor.py:186} INFO - Started process (PID=194) to work on /opt/airflow/dags/pipeline.py
[2026-04-08T23:19:32.961+0000] {processor.py:914} INFO - Processing file /opt/airflow/dags/pipeline.py for tasks to queue
[2026-04-08T23:19:32.974+0000] {logging_mixin.py:190} INFO - [2026-04-08T23:19:32.973+0000] {dagbag.py:588} INFO - Filling up the DagBag from /opt/airflow/dags/pipeline.py
[2026-04-08T23:19:46.183+0000] {processor.py:925} INFO - DAG(s) 'pipeline' retrieved from /opt/airflow/dags/pipeline.py
[2026-04-08T23:19:46.480+0000] {logging_mixin.py:190} INFO - [2026-04-08T23:19:46.480+0000] {dag.py:3239} INFO - Sync 1 DAGs
[2026-04-08T23:19:46.594+0000] {logging_mixin.py:190} INFO - [2026-04-08T23:19:46.593+0000] {dag.py:4180} INFO - Setting next_dagrun for pipeline to 2026-04-08 00:00:00+00:00, run_after=2026-04-09 00:00:00+00:00
[2026-04-08T23:19:46.737+0000] {processor.py:208} INFO - Processing /opt/airflow/dags/pipeline.py took 13.817 seconds
[2026-04-08T23:20:17.220+0000] {processor.py:186} INFO - Started process (PID=209) to work on /opt/airflow/dags/pipeline.py
[2026-04-08T23:20:17.223+0000] {processor.py:914} INFO - Processing file /opt/airflow/dags/pipeline.py for tasks to queue
[2026-04-08T23:20:17.243+0000] {logging_mixin.py:190} INFO - [2026-04-08T23:20:17.238+0000] {dagbag.py:588} INFO - Filling up the DagBag from /opt/airflow/dags/pipeline.py
[2026-04-08T23:20:25.354+0000] {processor.py:925} INFO - DAG(s) 'pipeline' retrieved from /opt/airflow/dags/pipeline.py
[2026-04-08T23:20:25.749+0000] {logging_mixin.py:190} INFO - [2026-04-08T23:20:25.748+0000] {dag.py:3239} INFO - Sync 1 DAGs
[2026-04-08T23:20:25.931+0000] {logging_mixin.py:190} INFO - [2026-04-08T23:20:25.931+0000] {dag.py:4180} INFO - Setting next_dagrun for pipeline to 2026-04-08 00:00:00+00:00, run_after=2026-04-09 00:00:00+00:00
[2026-04-08T23:20:26.142+0000] {processor.py:208} INFO - Processing /opt/airflow/dags/pipeline.py took 8.983 seconds
[2026-04-08T23:23:58.997+0000] {processor.py:186} INFO - Started process (PID=177) to work on /opt/airflow/dags/pipeline.py
[2026-04-08T23:23:59.000+0000] {processor.py:914} INFO - Processing file /opt/airflow/dags/pipeline.py for tasks to queue
[2026-04-08T23:23:59.004+0000] {logging_mixin.py:190} INFO - [2026-04-08T23:23:59.004+0000] {dagbag.py:588} INFO - Filling up the DagBag from /opt/airflow/dags/pipeline.py
[2026-04-08T23:24:02.382+0000] {processor.py:925} INFO - DAG(s) 'pipeline' retrieved from /opt/airflow/dags/pipeline.py
[2026-04-08T23:24:02.500+0000] {logging_mixin.py:190} INFO - [2026-04-08T23:24:02.500+0000] {dag.py:3239} INFO - Sync 1 DAGs
[2026-04-08T23:24:02.576+0000] {logging_mixin.py:190} INFO - [2026-04-08T23:24:02.576+0000] {dag.py:4180} INFO - Setting next_dagrun for pipeline to 2026-04-08 00:00:00+00:00, run_after=2026-04-09 00:00:00+00:00
[2026-04-08T23:24:02.632+0000] {processor.py:208} INFO - Processing /opt/airflow/dags/pipeline.py took 3.660 seconds
[2026-04-08T23:25:33.995+0000] {processor.py:186} INFO - Started process (PID=177) to work on /opt/airflow/dags/pipeline.py
[2026-04-08T23:25:34.000+0000] {processor.py:914} INFO - Processing file /opt/airflow/dags/pipeline.py for tasks to queue
[2026-04-08T23:25:34.008+0000] {logging_mixin.py:190} INFO - [2026-04-08T23:25:34.007+0000] {dagbag.py:588} INFO - Filling up the DagBag from /opt/airflow/dags/pipeline.py
[2026-04-08T23:25:36.652+0000] {processor.py:925} INFO - DAG(s) 'pipeline' retrieved from /opt/airflow/dags/pipeline.py
[2026-04-08T23:25:36.835+0000] {logging_mixin.py:190} INFO - [2026-04-08T23:25:36.835+0000] {dag.py:3239} INFO - Sync 1 DAGs
[2026-04-08T23:25:36.880+0000] {logging_mixin.py:190} INFO - [2026-04-08T23:25:36.880+0000] {dag.py:4180} INFO - Setting next_dagrun for pipeline to 2026-04-08 00:00:00+00:00, run_after=2026-04-09 00:00:00+00:00
[2026-04-08T23:25:36.926+0000] {processor.py:208} INFO - Processing /opt/airflow/dags/pipeline.py took 2.964 seconds
[2026-04-08T23:27:40.148+0000] {processor.py:186} INFO - Started process (PID=177) to work on /opt/airflow/dags/pipeline.py
[2026-04-08T23:27:40.149+0000] {processor.py:914} INFO - Processing file /opt/airflow/dags/pipeline.py for tasks to queue
[2026-04-08T23:27:40.151+0000] {logging_mixin.py:190} INFO - [2026-04-08T23:27:40.151+0000] {dagbag.py:588} INFO - Filling up the DagBag from /opt/airflow/dags/pipeline.py
[2026-04-08T23:27:41.871+0000] {processor.py:925} INFO - DAG(s) 'pipeline' retrieved from /opt/airflow/dags/pipeline.py
[2026-04-08T23:27:41.980+0000] {logging_mixin.py:190} INFO - [2026-04-08T23:27:41.979+0000] {dag.py:3239} INFO - Sync 1 DAGs
[2026-04-08T23:27:42.039+0000] {logging_mixin.py:190} INFO - [2026-04-08T23:27:42.038+0000] {dag.py:4180} INFO - Setting next_dagrun for pipeline to 2026-04-08 00:00:00+00:00, run_after=2026-04-09 00:00:00+00:00
[2026-04-08T23:27:42.091+0000] {processor.py:208} INFO - Processing /opt/airflow/dags/pipeline.py took 1.950 seconds
[2026-04-08T23:28:12.204+0000] {processor.py:186} INFO - Started process (PID=193) to work on /opt/airflow/dags/pipeline.py
[2026-04-08T23:28:12.207+0000] {processor.py:914} INFO - Processing file /opt/airflow/dags/pipeline.py for tasks to queue
[2026-04-08T23:28:12.211+0000] {logging_mixin.py:190} INFO - [2026-04-08T23:28:12.211+0000] {dagbag.py:588} INFO - Filling up the DagBag from /opt/airflow/dags/pipeline.py
[2026-04-08T23:28:13.158+0000] {processor.py:925} INFO - DAG(s) 'pipeline' retrieved from /opt/airflow/dags/pipeline.py
[2026-04-08T23:28:13.248+0000] {logging_mixin.py:190} INFO - [2026-04-08T23:28:13.248+0000] {dag.py:3239} INFO - Sync 1 DAGs
[2026-04-08T23:28:13.291+0000] {logging_mixin.py:190} INFO - [2026-04-08T23:28:13.290+0000] {dag.py:4180} INFO - Setting next_dagrun for pipeline to 2026-04-08 00:00:00+00:00, run_after=2026-04-09 00:00:00+00:00
[2026-04-08T23:28:13.338+0000] {processor.py:208} INFO - Processing /opt/airflow/dags/pipeline.py took 1.147 seconds
[2026-04-08T23:28:43.906+0000] {processor.py:186} INFO - Started process (PID=212) to work on /opt/airflow/dags/pipeline.py
[2026-04-08T23:28:43.909+0000] {processor.py:914} INFO - Processing file /opt/airflow/dags/pipeline.py for tasks to queue
[2026-04-08T23:28:43.914+0000] {logging_mixin.py:190} INFO - [2026-04-08T23:28:43.913+0000] {dagbag.py:588} INFO - Filling up the DagBag from /opt/airflow/dags/pipeline.py
[2026-04-08T23:28:45.274+0000] {processor.py:925} INFO - DAG(s) 'pipeline' retrieved from /opt/airflow/dags/pipeline.py
[2026-04-08T23:28:45.392+0000] {logging_mixin.py:190} INFO - [2026-04-08T23:28:45.392+0000] {dag.py:3239} INFO - Sync 1 DAGs
[2026-04-08T23:28:45.453+0000] {logging_mixin.py:190} INFO - [2026-04-08T23:28:45.453+0000] {dag.py:4180} INFO - Setting next_dagrun for pipeline to 2026-04-08 00:00:00+00:00, run_after=2026-04-09 00:00:00+00:00
[2026-04-08T23:28:45.504+0000] {processor.py:208} INFO - Processing /opt/airflow/dags/pipeline.py took 1.609 seconds
[2026-04-08T23:29:15.960+0000] {processor.py:186} INFO - Started process (PID=228) to work on /opt/airflow/dags/pipeline.py
[2026-04-08T23:29:15.966+0000] {processor.py:914} INFO - Processing file /opt/airflow/dags/pipeline.py for tasks to queue
[2026-04-08T23:29:15.972+0000] {logging_mixin.py:190} INFO - [2026-04-08T23:29:15.971+0000] {dagbag.py:588} INFO - Filling up the DagBag from /opt/airflow/dags/pipeline.py
[2026-04-08T23:29:18.083+0000] {processor.py:925} INFO - DAG(s) 'pipeline' retrieved from /opt/airflow/dags/pipeline.py
[2026-04-08T23:29:18.393+0000] {logging_mixin.py:190} INFO - [2026-04-08T23:29:18.393+0000] {dag.py:3239} INFO - Sync 1 DAGs
[2026-04-08T23:29:18.529+0000] {logging_mixin.py:190} INFO - [2026-04-08T23:29:18.529+0000] {dag.py:4180} INFO - Setting next_dagrun for pipeline to 2026-04-08 00:00:00+00:00, run_after=2026-04-09 00:00:00+00:00
[2026-04-08T23:29:18.691+0000] {processor.py:208} INFO - Processing /opt/airflow/dags/pipeline.py took 2.751 seconds
[2026-04-08T23:29:49.153+0000] {processor.py:186} INFO - Started process (PID=244) to work on /opt/airflow/dags/pipeline.py
[2026-04-08T23:29:49.155+0000] {processor.py:914} INFO - Processing file /opt/airflow/dags/pipeline.py for tasks to queue
[2026-04-08T23:29:49.161+0000] {logging_mixin.py:190} INFO - [2026-04-08T23:29:49.160+0000] {dagbag.py:588} INFO - Filling up the DagBag from /opt/airflow/dags/pipeline.py
[2026-04-08T23:29:50.500+0000] {processor.py:925} INFO - DAG(s) 'pipeline' retrieved from /opt/airflow/dags/pipeline.py
[2026-04-08T23:29:50.626+0000] {logging_mixin.py:190} INFO - [2026-04-08T23:29:50.625+0000] {dag.py:3239} INFO - Sync 1 DAGs
[2026-04-08T23:29:50.669+0000] {logging_mixin.py:190} INFO - [2026-04-08T23:29:50.669+0000] {dag.py:4180} INFO - Setting next_dagrun for pipeline to 2026-04-08 00:00:00+00:00, run_after=2026-04-09 00:00:00+00:00
[2026-04-08T23:29:50.719+0000] {processor.py:208} INFO - Processing /opt/airflow/dags/pipeline.py took 1.577 seconds
[2026-04-08T23:30:21.433+0000] {processor.py:186} INFO - Started process (PID=260) to work on /opt/airflow/dags/pipeline.py
[2026-04-08T23:30:21.437+0000] {processor.py:914} INFO - Processing file /opt/airflow/dags/pipeline.py for tasks to queue
[2026-04-08T23:30:21.450+0000] {logging_mixin.py:190} INFO - [2026-04-08T23:30:21.449+0000] {dagbag.py:588} INFO - Filling up the DagBag from /opt/airflow/dags/pipeline.py
[2026-04-08T23:30:26.258+0000] {processor.py:925} INFO - DAG(s) 'pipeline' retrieved from /opt/airflow/dags/pipeline.py
[2026-04-08T23:30:26.655+0000] {logging_mixin.py:190} INFO - [2026-04-08T23:30:26.654+0000] {dag.py:3239} INFO - Sync 1 DAGs
[2026-04-08T23:30:26.772+0000] {logging_mixin.py:190} INFO - [2026-04-08T23:30:26.770+0000] {dag.py:4180} INFO - Setting next_dagrun for pipeline to 2026-04-08 00:00:00+00:00, run_after=2026-04-09 00:00:00+00:00
[2026-04-08T23:30:26.917+0000] {processor.py:208} INFO - Processing /opt/airflow/dags/pipeline.py took 5.531 seconds
[2026-04-08T23:30:57.667+0000] {processor.py:186} INFO - Started process (PID=276) to work on /opt/airflow/dags/pipeline.py
[2026-04-08T23:30:57.669+0000] {processor.py:914} INFO - Processing file /opt/airflow/dags/pipeline.py for tasks to queue
[2026-04-08T23:30:57.677+0000] {logging_mixin.py:190} INFO - [2026-04-08T23:30:57.676+0000] {dagbag.py:588} INFO - Filling up the DagBag from /opt/airflow/dags/pipeline.py
[2026-04-08T23:30:59.093+0000] {processor.py:925} INFO - DAG(s) 'pipeline' retrieved from /opt/airflow/dags/pipeline.py
[2026-04-08T23:30:59.202+0000] {logging_mixin.py:190} INFO - [2026-04-08T23:30:59.202+0000] {dag.py:3239} INFO - Sync 1 DAGs
[2026-04-08T23:30:59.253+0000] {logging_mixin.py:190} INFO - [2026-04-08T23:30:59.253+0000] {dag.py:4180} INFO - Setting next_dagrun for pipeline to 2026-04-08 00:00:00+00:00, run_after=2026-04-09 00:00:00+00:00
[2026-04-08T23:30:59.307+0000] {processor.py:208} INFO - Processing /opt/airflow/dags/pipeline.py took 1.656 seconds
