[2026-04-07T07:54:42.886+0000] {processor.py:161} INFO - Started process (PID=163) to work on /opt/airflow/dags/maintenance_logs.py
[2026-04-07T07:54:42.897+0000] {processor.py:830} INFO - Processing file /opt/airflow/dags/maintenance_logs.py for tasks to queue
[2026-04-07T07:54:42.962+0000] {logging_mixin.py:188} INFO - [2026-04-07T07:54:42.947+0000] {dagbag.py:545} INFO - Filling up the DagBag from /opt/airflow/dags/maintenance_logs.py
[2026-04-07T07:54:44.174+0000] {processor.py:840} INFO - DAG(s) 'maintenance_cleanup_logs' retrieved from /opt/airflow/dags/maintenance_logs.py
[2026-04-07T07:54:44.449+0000] {logging_mixin.py:188} INFO - [2026-04-07T07:54:44.448+0000] {dag.py:3089} INFO - Sync 1 DAGs
[2026-04-07T07:54:44.517+0000] {logging_mixin.py:188} INFO - [2026-04-07T07:54:44.517+0000] {dag.py:3111} INFO - Creating ORM DAG for maintenance_cleanup_logs
[2026-04-07T07:54:44.566+0000] {logging_mixin.py:188} INFO - [2026-04-07T07:54:44.564+0000] {dag.py:3947} INFO - Setting next_dagrun for maintenance_cleanup_logs to 2026-04-06 00:00:00+00:00, run_after=2026-04-07 00:00:00+00:00
[2026-04-07T07:54:44.694+0000] {processor.py:183} INFO - Processing /opt/airflow/dags/maintenance_logs.py took 1.875 seconds
[2026-04-07T07:55:14.848+0000] {processor.py:161} INFO - Started process (PID=178) to work on /opt/airflow/dags/maintenance_logs.py
[2026-04-07T07:55:14.852+0000] {processor.py:830} INFO - Processing file /opt/airflow/dags/maintenance_logs.py for tasks to queue
[2026-04-07T07:55:14.859+0000] {logging_mixin.py:188} INFO - [2026-04-07T07:55:14.858+0000] {dagbag.py:545} INFO - Filling up the DagBag from /opt/airflow/dags/maintenance_logs.py
[2026-04-07T07:55:14.944+0000] {processor.py:840} INFO - DAG(s) 'maintenance_cleanup_logs' retrieved from /opt/airflow/dags/maintenance_logs.py
[2026-04-07T07:55:15.219+0000] {logging_mixin.py:188} INFO - [2026-04-07T07:55:15.218+0000] {dag.py:3089} INFO - Sync 1 DAGs
[2026-04-07T07:55:15.284+0000] {logging_mixin.py:188} INFO - [2026-04-07T07:55:15.284+0000] {dag.py:3947} INFO - Setting next_dagrun for maintenance_cleanup_logs to 2026-04-06 00:00:00+00:00, run_after=2026-04-07 00:00:00+00:00
[2026-04-07T07:55:15.340+0000] {processor.py:183} INFO - Processing /opt/airflow/dags/maintenance_logs.py took 0.520 seconds
[2026-04-07T07:55:46.033+0000] {processor.py:161} INFO - Started process (PID=189) to work on /opt/airflow/dags/maintenance_logs.py
[2026-04-07T07:55:46.036+0000] {processor.py:830} INFO - Processing file /opt/airflow/dags/maintenance_logs.py for tasks to queue
[2026-04-07T07:55:46.042+0000] {logging_mixin.py:188} INFO - [2026-04-07T07:55:46.041+0000] {dagbag.py:545} INFO - Filling up the DagBag from /opt/airflow/dags/maintenance_logs.py
[2026-04-07T07:55:46.090+0000] {processor.py:840} INFO - DAG(s) 'maintenance_cleanup_logs' retrieved from /opt/airflow/dags/maintenance_logs.py
[2026-04-07T07:55:46.238+0000] {logging_mixin.py:188} INFO - [2026-04-07T07:55:46.237+0000] {dag.py:3089} INFO - Sync 1 DAGs
[2026-04-07T07:55:46.375+0000] {logging_mixin.py:188} INFO - [2026-04-07T07:55:46.375+0000] {dag.py:3947} INFO - Setting next_dagrun for maintenance_cleanup_logs to 2026-04-06 00:00:00+00:00, run_after=2026-04-07 00:00:00+00:00
[2026-04-07T07:55:46.494+0000] {processor.py:183} INFO - Processing /opt/airflow/dags/maintenance_logs.py took 0.482 seconds
[2026-04-07T07:56:16.957+0000] {processor.py:161} INFO - Started process (PID=200) to work on /opt/airflow/dags/maintenance_logs.py
[2026-04-07T07:56:16.960+0000] {processor.py:830} INFO - Processing file /opt/airflow/dags/maintenance_logs.py for tasks to queue
[2026-04-07T07:56:16.964+0000] {logging_mixin.py:188} INFO - [2026-04-07T07:56:16.964+0000] {dagbag.py:545} INFO - Filling up the DagBag from /opt/airflow/dags/maintenance_logs.py
[2026-04-07T07:56:17.028+0000] {processor.py:840} INFO - DAG(s) 'maintenance_cleanup_logs' retrieved from /opt/airflow/dags/maintenance_logs.py
[2026-04-07T07:56:17.192+0000] {logging_mixin.py:188} INFO - [2026-04-07T07:56:17.192+0000] {dag.py:3089} INFO - Sync 1 DAGs
[2026-04-07T07:56:17.255+0000] {logging_mixin.py:188} INFO - [2026-04-07T07:56:17.254+0000] {dag.py:3947} INFO - Setting next_dagrun for maintenance_cleanup_logs to 2026-04-06 00:00:00+00:00, run_after=2026-04-07 00:00:00+00:00
[2026-04-07T07:56:17.319+0000] {processor.py:183} INFO - Processing /opt/airflow/dags/maintenance_logs.py took 0.394 seconds
[2026-04-07T07:56:47.726+0000] {processor.py:161} INFO - Started process (PID=212) to work on /opt/airflow/dags/maintenance_logs.py
[2026-04-07T07:56:47.731+0000] {processor.py:830} INFO - Processing file /opt/airflow/dags/maintenance_logs.py for tasks to queue
[2026-04-07T07:56:47.737+0000] {logging_mixin.py:188} INFO - [2026-04-07T07:56:47.736+0000] {dagbag.py:545} INFO - Filling up the DagBag from /opt/airflow/dags/maintenance_logs.py
[2026-04-07T07:56:47.794+0000] {processor.py:840} INFO - DAG(s) 'maintenance_cleanup_logs' retrieved from /opt/airflow/dags/maintenance_logs.py
[2026-04-07T07:56:47.934+0000] {logging_mixin.py:188} INFO - [2026-04-07T07:56:47.934+0000] {dag.py:3089} INFO - Sync 1 DAGs
[2026-04-07T07:56:47.986+0000] {logging_mixin.py:188} INFO - [2026-04-07T07:56:47.986+0000] {dag.py:3947} INFO - Setting next_dagrun for maintenance_cleanup_logs to 2026-04-06 00:00:00+00:00, run_after=2026-04-07 00:00:00+00:00
[2026-04-07T07:56:48.058+0000] {processor.py:183} INFO - Processing /opt/airflow/dags/maintenance_logs.py took 0.359 seconds
[2026-04-07T07:57:18.625+0000] {processor.py:161} INFO - Started process (PID=223) to work on /opt/airflow/dags/maintenance_logs.py
[2026-04-07T07:57:18.627+0000] {processor.py:830} INFO - Processing file /opt/airflow/dags/maintenance_logs.py for tasks to queue
[2026-04-07T07:57:18.630+0000] {logging_mixin.py:188} INFO - [2026-04-07T07:57:18.630+0000] {dagbag.py:545} INFO - Filling up the DagBag from /opt/airflow/dags/maintenance_logs.py
[2026-04-07T07:57:18.693+0000] {processor.py:840} INFO - DAG(s) 'maintenance_cleanup_logs' retrieved from /opt/airflow/dags/maintenance_logs.py
[2026-04-07T07:57:18.819+0000] {logging_mixin.py:188} INFO - [2026-04-07T07:57:18.818+0000] {dag.py:3089} INFO - Sync 1 DAGs
[2026-04-07T07:57:18.870+0000] {logging_mixin.py:188} INFO - [2026-04-07T07:57:18.870+0000] {dag.py:3947} INFO - Setting next_dagrun for maintenance_cleanup_logs to 2026-04-06 00:00:00+00:00, run_after=2026-04-07 00:00:00+00:00
[2026-04-07T07:57:18.932+0000] {processor.py:183} INFO - Processing /opt/airflow/dags/maintenance_logs.py took 0.322 seconds
[2026-04-07T07:57:49.337+0000] {processor.py:161} INFO - Started process (PID=238) to work on /opt/airflow/dags/maintenance_logs.py
[2026-04-07T07:57:49.339+0000] {processor.py:830} INFO - Processing file /opt/airflow/dags/maintenance_logs.py for tasks to queue
[2026-04-07T07:57:49.341+0000] {logging_mixin.py:188} INFO - [2026-04-07T07:57:49.341+0000] {dagbag.py:545} INFO - Filling up the DagBag from /opt/airflow/dags/maintenance_logs.py
[2026-04-07T07:57:49.380+0000] {processor.py:840} INFO - DAG(s) 'maintenance_cleanup_logs' retrieved from /opt/airflow/dags/maintenance_logs.py
[2026-04-07T07:57:49.582+0000] {logging_mixin.py:188} INFO - [2026-04-07T07:57:49.581+0000] {dag.py:3089} INFO - Sync 1 DAGs
[2026-04-07T07:57:49.633+0000] {logging_mixin.py:188} INFO - [2026-04-07T07:57:49.632+0000] {dag.py:3947} INFO - Setting next_dagrun for maintenance_cleanup_logs to 2026-04-07 00:00:00+00:00, run_after=2026-04-08 00:00:00+00:00
[2026-04-07T07:57:49.705+0000] {processor.py:183} INFO - Processing /opt/airflow/dags/maintenance_logs.py took 0.376 seconds
[2026-04-07T07:58:20.441+0000] {processor.py:161} INFO - Started process (PID=249) to work on /opt/airflow/dags/maintenance_logs.py
[2026-04-07T07:58:20.474+0000] {processor.py:830} INFO - Processing file /opt/airflow/dags/maintenance_logs.py for tasks to queue
[2026-04-07T07:58:20.538+0000] {logging_mixin.py:188} INFO - [2026-04-07T07:58:20.532+0000] {dagbag.py:545} INFO - Filling up the DagBag from /opt/airflow/dags/maintenance_logs.py
[2026-04-07T07:58:20.852+0000] {processor.py:840} INFO - DAG(s) 'maintenance_cleanup_logs' retrieved from /opt/airflow/dags/maintenance_logs.py
[2026-04-07T07:58:21.536+0000] {logging_mixin.py:188} INFO - [2026-04-07T07:58:21.535+0000] {dag.py:3089} INFO - Sync 1 DAGs
[2026-04-07T07:58:21.773+0000] {logging_mixin.py:188} INFO - [2026-04-07T07:58:21.773+0000] {dag.py:3947} INFO - Setting next_dagrun for maintenance_cleanup_logs to 2026-04-07 00:00:00+00:00, run_after=2026-04-08 00:00:00+00:00
[2026-04-07T07:58:21.986+0000] {processor.py:183} INFO - Processing /opt/airflow/dags/maintenance_logs.py took 1.642 seconds
[2026-04-07T07:58:52.315+0000] {processor.py:161} INFO - Started process (PID=260) to work on /opt/airflow/dags/maintenance_logs.py
[2026-04-07T07:58:52.320+0000] {processor.py:830} INFO - Processing file /opt/airflow/dags/maintenance_logs.py for tasks to queue
[2026-04-07T07:58:52.333+0000] {logging_mixin.py:188} INFO - [2026-04-07T07:58:52.332+0000] {dagbag.py:545} INFO - Filling up the DagBag from /opt/airflow/dags/maintenance_logs.py
[2026-04-07T07:58:52.427+0000] {processor.py:840} INFO - DAG(s) 'maintenance_cleanup_logs' retrieved from /opt/airflow/dags/maintenance_logs.py
[2026-04-07T07:58:52.647+0000] {logging_mixin.py:188} INFO - [2026-04-07T07:58:52.646+0000] {dag.py:3089} INFO - Sync 1 DAGs
[2026-04-07T07:58:52.757+0000] {logging_mixin.py:188} INFO - [2026-04-07T07:58:52.756+0000] {dag.py:3947} INFO - Setting next_dagrun for maintenance_cleanup_logs to 2026-04-07 00:00:00+00:00, run_after=2026-04-08 00:00:00+00:00
[2026-04-07T07:58:52.919+0000] {processor.py:183} INFO - Processing /opt/airflow/dags/maintenance_logs.py took 0.641 seconds
[2026-04-07T07:59:23.430+0000] {processor.py:161} INFO - Started process (PID=271) to work on /opt/airflow/dags/maintenance_logs.py
[2026-04-07T07:59:23.437+0000] {processor.py:830} INFO - Processing file /opt/airflow/dags/maintenance_logs.py for tasks to queue
[2026-04-07T07:59:23.450+0000] {logging_mixin.py:188} INFO - [2026-04-07T07:59:23.447+0000] {dagbag.py:545} INFO - Filling up the DagBag from /opt/airflow/dags/maintenance_logs.py
[2026-04-07T07:59:23.573+0000] {processor.py:840} INFO - DAG(s) 'maintenance_cleanup_logs' retrieved from /opt/airflow/dags/maintenance_logs.py
[2026-04-07T07:59:23.797+0000] {logging_mixin.py:188} INFO - [2026-04-07T07:59:23.797+0000] {dag.py:3089} INFO - Sync 1 DAGs
[2026-04-07T07:59:23.889+0000] {logging_mixin.py:188} INFO - [2026-04-07T07:59:23.889+0000] {dag.py:3947} INFO - Setting next_dagrun for maintenance_cleanup_logs to 2026-04-07 00:00:00+00:00, run_after=2026-04-08 00:00:00+00:00
[2026-04-07T07:59:23.944+0000] {processor.py:183} INFO - Processing /opt/airflow/dags/maintenance_logs.py took 0.582 seconds
[2026-04-07T07:59:54.312+0000] {processor.py:161} INFO - Started process (PID=291) to work on /opt/airflow/dags/maintenance_logs.py
[2026-04-07T07:59:54.314+0000] {processor.py:830} INFO - Processing file /opt/airflow/dags/maintenance_logs.py for tasks to queue
[2026-04-07T07:59:54.316+0000] {logging_mixin.py:188} INFO - [2026-04-07T07:59:54.316+0000] {dagbag.py:545} INFO - Filling up the DagBag from /opt/airflow/dags/maintenance_logs.py
[2026-04-07T07:59:54.352+0000] {processor.py:840} INFO - DAG(s) 'maintenance_cleanup_logs' retrieved from /opt/airflow/dags/maintenance_logs.py
[2026-04-07T07:59:54.447+0000] {logging_mixin.py:188} INFO - [2026-04-07T07:59:54.446+0000] {dag.py:3089} INFO - Sync 1 DAGs
[2026-04-07T07:59:54.489+0000] {logging_mixin.py:188} INFO - [2026-04-07T07:59:54.489+0000] {dag.py:3947} INFO - Setting next_dagrun for maintenance_cleanup_logs to 2026-04-07 00:00:00+00:00, run_after=2026-04-08 00:00:00+00:00
[2026-04-07T07:59:54.540+0000] {processor.py:183} INFO - Processing /opt/airflow/dags/maintenance_logs.py took 0.237 seconds
[2026-04-07T08:00:24.923+0000] {processor.py:161} INFO - Started process (PID=300) to work on /opt/airflow/dags/maintenance_logs.py
[2026-04-07T08:00:24.927+0000] {processor.py:830} INFO - Processing file /opt/airflow/dags/maintenance_logs.py for tasks to queue
[2026-04-07T08:00:24.934+0000] {logging_mixin.py:188} INFO - [2026-04-07T08:00:24.934+0000] {dagbag.py:545} INFO - Filling up the DagBag from /opt/airflow/dags/maintenance_logs.py
[2026-04-07T08:00:25.050+0000] {processor.py:840} INFO - DAG(s) 'maintenance_cleanup_logs' retrieved from /opt/airflow/dags/maintenance_logs.py
[2026-04-07T08:00:25.333+0000] {logging_mixin.py:188} INFO - [2026-04-07T08:00:25.332+0000] {dag.py:3089} INFO - Sync 1 DAGs
[2026-04-07T08:00:25.443+0000] {logging_mixin.py:188} INFO - [2026-04-07T08:00:25.443+0000] {dag.py:3947} INFO - Setting next_dagrun for maintenance_cleanup_logs to 2026-04-07 00:00:00+00:00, run_after=2026-04-08 00:00:00+00:00
[2026-04-07T08:00:25.545+0000] {processor.py:183} INFO - Processing /opt/airflow/dags/maintenance_logs.py took 0.667 seconds
[2026-04-07T08:00:56.387+0000] {processor.py:161} INFO - Started process (PID=307) to work on /opt/airflow/dags/maintenance_logs.py
[2026-04-07T08:00:56.389+0000] {processor.py:830} INFO - Processing file /opt/airflow/dags/maintenance_logs.py for tasks to queue
[2026-04-07T08:00:56.393+0000] {logging_mixin.py:188} INFO - [2026-04-07T08:00:56.392+0000] {dagbag.py:545} INFO - Filling up the DagBag from /opt/airflow/dags/maintenance_logs.py
[2026-04-07T08:00:56.475+0000] {processor.py:840} INFO - DAG(s) 'maintenance_cleanup_logs' retrieved from /opt/airflow/dags/maintenance_logs.py
[2026-04-07T08:00:56.631+0000] {logging_mixin.py:188} INFO - [2026-04-07T08:00:56.631+0000] {dag.py:3089} INFO - Sync 1 DAGs
[2026-04-07T08:00:56.702+0000] {logging_mixin.py:188} INFO - [2026-04-07T08:00:56.702+0000] {dag.py:3947} INFO - Setting next_dagrun for maintenance_cleanup_logs to 2026-04-07 00:00:00+00:00, run_after=2026-04-08 00:00:00+00:00
[2026-04-07T08:00:56.754+0000] {processor.py:183} INFO - Processing /opt/airflow/dags/maintenance_logs.py took 0.432 seconds
[2026-04-07T08:01:27.444+0000] {processor.py:161} INFO - Started process (PID=318) to work on /opt/airflow/dags/maintenance_logs.py
[2026-04-07T08:01:27.448+0000] {processor.py:830} INFO - Processing file /opt/airflow/dags/maintenance_logs.py for tasks to queue
[2026-04-07T08:01:27.452+0000] {logging_mixin.py:188} INFO - [2026-04-07T08:01:27.451+0000] {dagbag.py:545} INFO - Filling up the DagBag from /opt/airflow/dags/maintenance_logs.py
[2026-04-07T08:01:27.513+0000] {processor.py:840} INFO - DAG(s) 'maintenance_cleanup_logs' retrieved from /opt/airflow/dags/maintenance_logs.py
[2026-04-07T08:01:27.622+0000] {logging_mixin.py:188} INFO - [2026-04-07T08:01:27.622+0000] {dag.py:3089} INFO - Sync 1 DAGs
[2026-04-07T08:01:27.679+0000] {logging_mixin.py:188} INFO - [2026-04-07T08:01:27.679+0000] {dag.py:3947} INFO - Setting next_dagrun for maintenance_cleanup_logs to 2026-04-07 00:00:00+00:00, run_after=2026-04-08 00:00:00+00:00
[2026-04-07T08:01:27.735+0000] {processor.py:183} INFO - Processing /opt/airflow/dags/maintenance_logs.py took 0.304 seconds
[2026-04-07T08:01:59.162+0000] {processor.py:161} INFO - Started process (PID=329) to work on /opt/airflow/dags/maintenance_logs.py
[2026-04-07T08:01:59.177+0000] {processor.py:830} INFO - Processing file /opt/airflow/dags/maintenance_logs.py for tasks to queue
[2026-04-07T08:01:59.217+0000] {logging_mixin.py:188} INFO - [2026-04-07T08:01:59.214+0000] {dagbag.py:545} INFO - Filling up the DagBag from /opt/airflow/dags/maintenance_logs.py
[2026-04-07T08:01:59.494+0000] {processor.py:840} INFO - DAG(s) 'maintenance_cleanup_logs' retrieved from /opt/airflow/dags/maintenance_logs.py
[2026-04-07T08:01:59.838+0000] {logging_mixin.py:188} INFO - [2026-04-07T08:01:59.837+0000] {dag.py:3089} INFO - Sync 1 DAGs
[2026-04-07T08:02:00.211+0000] {logging_mixin.py:188} INFO - [2026-04-07T08:02:00.202+0000] {dag.py:3947} INFO - Setting next_dagrun for maintenance_cleanup_logs to 2026-04-07 00:00:00+00:00, run_after=2026-04-08 00:00:00+00:00
[2026-04-07T08:02:00.360+0000] {processor.py:183} INFO - Processing /opt/airflow/dags/maintenance_logs.py took 1.368 seconds
[2026-04-07T08:02:30.684+0000] {processor.py:161} INFO - Started process (PID=340) to work on /opt/airflow/dags/maintenance_logs.py
[2026-04-07T08:02:30.687+0000] {processor.py:830} INFO - Processing file /opt/airflow/dags/maintenance_logs.py for tasks to queue
[2026-04-07T08:02:30.691+0000] {logging_mixin.py:188} INFO - [2026-04-07T08:02:30.691+0000] {dagbag.py:545} INFO - Filling up the DagBag from /opt/airflow/dags/maintenance_logs.py
[2026-04-07T08:02:30.744+0000] {processor.py:840} INFO - DAG(s) 'maintenance_cleanup_logs' retrieved from /opt/airflow/dags/maintenance_logs.py
[2026-04-07T08:02:30.860+0000] {logging_mixin.py:188} INFO - [2026-04-07T08:02:30.860+0000] {dag.py:3089} INFO - Sync 1 DAGs
[2026-04-07T08:02:30.905+0000] {logging_mixin.py:188} INFO - [2026-04-07T08:02:30.905+0000] {dag.py:3947} INFO - Setting next_dagrun for maintenance_cleanup_logs to 2026-04-07 00:00:00+00:00, run_after=2026-04-08 00:00:00+00:00
[2026-04-07T08:02:30.962+0000] {processor.py:183} INFO - Processing /opt/airflow/dags/maintenance_logs.py took 0.288 seconds
[2026-04-07T08:03:01.208+0000] {processor.py:161} INFO - Started process (PID=351) to work on /opt/airflow/dags/maintenance_logs.py
[2026-04-07T08:03:01.211+0000] {processor.py:830} INFO - Processing file /opt/airflow/dags/maintenance_logs.py for tasks to queue
[2026-04-07T08:03:01.215+0000] {logging_mixin.py:188} INFO - [2026-04-07T08:03:01.215+0000] {dagbag.py:545} INFO - Filling up the DagBag from /opt/airflow/dags/maintenance_logs.py
[2026-04-07T08:03:01.261+0000] {processor.py:840} INFO - DAG(s) 'maintenance_cleanup_logs' retrieved from /opt/airflow/dags/maintenance_logs.py
[2026-04-07T08:03:01.358+0000] {logging_mixin.py:188} INFO - [2026-04-07T08:03:01.358+0000] {dag.py:3089} INFO - Sync 1 DAGs
[2026-04-07T08:03:01.407+0000] {logging_mixin.py:188} INFO - [2026-04-07T08:03:01.406+0000] {dag.py:3947} INFO - Setting next_dagrun for maintenance_cleanup_logs to 2026-04-07 00:00:00+00:00, run_after=2026-04-08 00:00:00+00:00
[2026-04-07T08:03:01.456+0000] {processor.py:183} INFO - Processing /opt/airflow/dags/maintenance_logs.py took 0.274 seconds
[2026-04-07T08:03:31.799+0000] {processor.py:161} INFO - Started process (PID=362) to work on /opt/airflow/dags/maintenance_logs.py
[2026-04-07T08:03:31.802+0000] {processor.py:830} INFO - Processing file /opt/airflow/dags/maintenance_logs.py for tasks to queue
[2026-04-07T08:03:31.808+0000] {logging_mixin.py:188} INFO - [2026-04-07T08:03:31.807+0000] {dagbag.py:545} INFO - Filling up the DagBag from /opt/airflow/dags/maintenance_logs.py
[2026-04-07T08:03:31.926+0000] {processor.py:840} INFO - DAG(s) 'maintenance_cleanup_logs' retrieved from /opt/airflow/dags/maintenance_logs.py
[2026-04-07T08:03:32.063+0000] {logging_mixin.py:188} INFO - [2026-04-07T08:03:32.062+0000] {dag.py:3089} INFO - Sync 1 DAGs
[2026-04-07T08:03:32.103+0000] {logging_mixin.py:188} INFO - [2026-04-07T08:03:32.103+0000] {dag.py:3947} INFO - Setting next_dagrun for maintenance_cleanup_logs to 2026-04-07 00:00:00+00:00, run_after=2026-04-08 00:00:00+00:00
[2026-04-07T08:03:32.147+0000] {processor.py:183} INFO - Processing /opt/airflow/dags/maintenance_logs.py took 0.384 seconds
[2026-04-07T08:04:02.505+0000] {processor.py:161} INFO - Started process (PID=373) to work on /opt/airflow/dags/maintenance_logs.py
[2026-04-07T08:04:02.510+0000] {processor.py:830} INFO - Processing file /opt/airflow/dags/maintenance_logs.py for tasks to queue
[2026-04-07T08:04:02.520+0000] {logging_mixin.py:188} INFO - [2026-04-07T08:04:02.518+0000] {dagbag.py:545} INFO - Filling up the DagBag from /opt/airflow/dags/maintenance_logs.py
[2026-04-07T08:04:02.665+0000] {processor.py:840} INFO - DAG(s) 'maintenance_cleanup_logs' retrieved from /opt/airflow/dags/maintenance_logs.py
[2026-04-07T08:04:02.787+0000] {logging_mixin.py:188} INFO - [2026-04-07T08:04:02.787+0000] {dag.py:3089} INFO - Sync 1 DAGs
[2026-04-07T08:04:02.833+0000] {logging_mixin.py:188} INFO - [2026-04-07T08:04:02.833+0000] {dag.py:3947} INFO - Setting next_dagrun for maintenance_cleanup_logs to 2026-04-07 00:00:00+00:00, run_after=2026-04-08 00:00:00+00:00
[2026-04-07T08:04:02.885+0000] {processor.py:183} INFO - Processing /opt/airflow/dags/maintenance_logs.py took 0.408 seconds
[2026-04-07T08:04:33.028+0000] {processor.py:161} INFO - Started process (PID=384) to work on /opt/airflow/dags/maintenance_logs.py
[2026-04-07T08:04:33.030+0000] {processor.py:830} INFO - Processing file /opt/airflow/dags/maintenance_logs.py for tasks to queue
[2026-04-07T08:04:33.032+0000] {logging_mixin.py:188} INFO - [2026-04-07T08:04:33.032+0000] {dagbag.py:545} INFO - Filling up the DagBag from /opt/airflow/dags/maintenance_logs.py
[2026-04-07T08:04:33.073+0000] {processor.py:840} INFO - DAG(s) 'maintenance_cleanup_logs' retrieved from /opt/airflow/dags/maintenance_logs.py
[2026-04-07T08:04:33.163+0000] {logging_mixin.py:188} INFO - [2026-04-07T08:04:33.163+0000] {dag.py:3089} INFO - Sync 1 DAGs
[2026-04-07T08:04:33.204+0000] {logging_mixin.py:188} INFO - [2026-04-07T08:04:33.204+0000] {dag.py:3947} INFO - Setting next_dagrun for maintenance_cleanup_logs to 2026-04-07 00:00:00+00:00, run_after=2026-04-08 00:00:00+00:00
[2026-04-07T08:04:33.265+0000] {processor.py:183} INFO - Processing /opt/airflow/dags/maintenance_logs.py took 0.259 seconds
[2026-04-07T08:05:03.696+0000] {processor.py:161} INFO - Started process (PID=395) to work on /opt/airflow/dags/maintenance_logs.py
[2026-04-07T08:05:03.697+0000] {processor.py:830} INFO - Processing file /opt/airflow/dags/maintenance_logs.py for tasks to queue
[2026-04-07T08:05:03.701+0000] {logging_mixin.py:188} INFO - [2026-04-07T08:05:03.701+0000] {dagbag.py:545} INFO - Filling up the DagBag from /opt/airflow/dags/maintenance_logs.py
[2026-04-07T08:05:03.745+0000] {processor.py:840} INFO - DAG(s) 'maintenance_cleanup_logs' retrieved from /opt/airflow/dags/maintenance_logs.py
[2026-04-07T08:05:03.855+0000] {logging_mixin.py:188} INFO - [2026-04-07T08:05:03.855+0000] {dag.py:3089} INFO - Sync 1 DAGs
[2026-04-07T08:05:03.900+0000] {logging_mixin.py:188} INFO - [2026-04-07T08:05:03.900+0000] {dag.py:3947} INFO - Setting next_dagrun for maintenance_cleanup_logs to 2026-04-07 00:00:00+00:00, run_after=2026-04-08 00:00:00+00:00
[2026-04-07T08:05:03.954+0000] {processor.py:183} INFO - Processing /opt/airflow/dags/maintenance_logs.py took 0.268 seconds
[2026-04-07T08:05:34.481+0000] {processor.py:161} INFO - Started process (PID=406) to work on /opt/airflow/dags/maintenance_logs.py
[2026-04-07T08:05:34.485+0000] {processor.py:830} INFO - Processing file /opt/airflow/dags/maintenance_logs.py for tasks to queue
[2026-04-07T08:05:34.493+0000] {logging_mixin.py:188} INFO - [2026-04-07T08:05:34.492+0000] {dagbag.py:545} INFO - Filling up the DagBag from /opt/airflow/dags/maintenance_logs.py
[2026-04-07T08:05:34.538+0000] {processor.py:840} INFO - DAG(s) 'maintenance_cleanup_logs' retrieved from /opt/airflow/dags/maintenance_logs.py
[2026-04-07T08:05:34.633+0000] {logging_mixin.py:188} INFO - [2026-04-07T08:05:34.633+0000] {dag.py:3089} INFO - Sync 1 DAGs
[2026-04-07T08:05:34.672+0000] {logging_mixin.py:188} INFO - [2026-04-07T08:05:34.672+0000] {dag.py:3947} INFO - Setting next_dagrun for maintenance_cleanup_logs to 2026-04-07 00:00:00+00:00, run_after=2026-04-08 00:00:00+00:00
[2026-04-07T08:05:34.727+0000] {processor.py:183} INFO - Processing /opt/airflow/dags/maintenance_logs.py took 0.260 seconds
[2026-04-07T08:06:05.185+0000] {processor.py:161} INFO - Started process (PID=417) to work on /opt/airflow/dags/maintenance_logs.py
[2026-04-07T08:06:05.187+0000] {processor.py:830} INFO - Processing file /opt/airflow/dags/maintenance_logs.py for tasks to queue
[2026-04-07T08:06:05.190+0000] {logging_mixin.py:188} INFO - [2026-04-07T08:06:05.190+0000] {dagbag.py:545} INFO - Filling up the DagBag from /opt/airflow/dags/maintenance_logs.py
[2026-04-07T08:06:05.239+0000] {processor.py:840} INFO - DAG(s) 'maintenance_cleanup_logs' retrieved from /opt/airflow/dags/maintenance_logs.py
[2026-04-07T08:06:06.694+0000] {logging_mixin.py:188} INFO - [2026-04-07T08:06:06.693+0000] {dag.py:3089} INFO - Sync 1 DAGs
[2026-04-07T08:06:06.844+0000] {logging_mixin.py:188} INFO - [2026-04-07T08:06:06.844+0000] {dag.py:3947} INFO - Setting next_dagrun for maintenance_cleanup_logs to 2026-04-07 00:00:00+00:00, run_after=2026-04-08 00:00:00+00:00
[2026-04-07T08:06:07.015+0000] {processor.py:183} INFO - Processing /opt/airflow/dags/maintenance_logs.py took 1.850 seconds
[2026-04-07T08:06:37.693+0000] {processor.py:161} INFO - Started process (PID=428) to work on /opt/airflow/dags/maintenance_logs.py
[2026-04-07T08:06:37.697+0000] {processor.py:830} INFO - Processing file /opt/airflow/dags/maintenance_logs.py for tasks to queue
[2026-04-07T08:06:37.704+0000] {logging_mixin.py:188} INFO - [2026-04-07T08:06:37.703+0000] {dagbag.py:545} INFO - Filling up the DagBag from /opt/airflow/dags/maintenance_logs.py
[2026-04-07T08:06:37.825+0000] {processor.py:840} INFO - DAG(s) 'maintenance_cleanup_logs' retrieved from /opt/airflow/dags/maintenance_logs.py
[2026-04-07T08:06:37.917+0000] {logging_mixin.py:188} INFO - [2026-04-07T08:06:37.917+0000] {dag.py:3089} INFO - Sync 1 DAGs
[2026-04-07T08:06:37.959+0000] {logging_mixin.py:188} INFO - [2026-04-07T08:06:37.959+0000] {dag.py:3947} INFO - Setting next_dagrun for maintenance_cleanup_logs to 2026-04-07 00:00:00+00:00, run_after=2026-04-08 00:00:00+00:00
[2026-04-07T08:06:38.004+0000] {processor.py:183} INFO - Processing /opt/airflow/dags/maintenance_logs.py took 0.347 seconds
[2026-04-07T08:07:08.571+0000] {processor.py:161} INFO - Started process (PID=439) to work on /opt/airflow/dags/maintenance_logs.py
[2026-04-07T08:07:08.573+0000] {processor.py:830} INFO - Processing file /opt/airflow/dags/maintenance_logs.py for tasks to queue
[2026-04-07T08:07:08.577+0000] {logging_mixin.py:188} INFO - [2026-04-07T08:07:08.576+0000] {dagbag.py:545} INFO - Filling up the DagBag from /opt/airflow/dags/maintenance_logs.py
[2026-04-07T08:07:08.629+0000] {processor.py:840} INFO - DAG(s) 'maintenance_cleanup_logs' retrieved from /opt/airflow/dags/maintenance_logs.py
[2026-04-07T08:07:08.744+0000] {logging_mixin.py:188} INFO - [2026-04-07T08:07:08.743+0000] {dag.py:3089} INFO - Sync 1 DAGs
[2026-04-07T08:07:08.796+0000] {logging_mixin.py:188} INFO - [2026-04-07T08:07:08.796+0000] {dag.py:3947} INFO - Setting next_dagrun for maintenance_cleanup_logs to 2026-04-07 00:00:00+00:00, run_after=2026-04-08 00:00:00+00:00
[2026-04-07T08:07:08.862+0000] {processor.py:183} INFO - Processing /opt/airflow/dags/maintenance_logs.py took 0.307 seconds
[2026-04-07T08:07:39.144+0000] {processor.py:161} INFO - Started process (PID=450) to work on /opt/airflow/dags/maintenance_logs.py
[2026-04-07T08:07:39.146+0000] {processor.py:830} INFO - Processing file /opt/airflow/dags/maintenance_logs.py for tasks to queue
[2026-04-07T08:07:39.150+0000] {logging_mixin.py:188} INFO - [2026-04-07T08:07:39.149+0000] {dagbag.py:545} INFO - Filling up the DagBag from /opt/airflow/dags/maintenance_logs.py
[2026-04-07T08:07:39.208+0000] {processor.py:840} INFO - DAG(s) 'maintenance_cleanup_logs' retrieved from /opt/airflow/dags/maintenance_logs.py
[2026-04-07T08:07:39.313+0000] {logging_mixin.py:188} INFO - [2026-04-07T08:07:39.313+0000] {dag.py:3089} INFO - Sync 1 DAGs
[2026-04-07T08:07:39.358+0000] {logging_mixin.py:188} INFO - [2026-04-07T08:07:39.357+0000] {dag.py:3947} INFO - Setting next_dagrun for maintenance_cleanup_logs to 2026-04-07 00:00:00+00:00, run_after=2026-04-08 00:00:00+00:00
[2026-04-07T08:07:39.410+0000] {processor.py:183} INFO - Processing /opt/airflow/dags/maintenance_logs.py took 0.294 seconds
[2026-04-07T08:08:09.707+0000] {processor.py:161} INFO - Started process (PID=461) to work on /opt/airflow/dags/maintenance_logs.py
[2026-04-07T08:08:09.716+0000] {processor.py:830} INFO - Processing file /opt/airflow/dags/maintenance_logs.py for tasks to queue
[2026-04-07T08:08:09.730+0000] {logging_mixin.py:188} INFO - [2026-04-07T08:08:09.729+0000] {dagbag.py:545} INFO - Filling up the DagBag from /opt/airflow/dags/maintenance_logs.py
[2026-04-07T08:08:09.788+0000] {processor.py:840} INFO - DAG(s) 'maintenance_cleanup_logs' retrieved from /opt/airflow/dags/maintenance_logs.py
[2026-04-07T08:08:10.008+0000] {logging_mixin.py:188} INFO - [2026-04-07T08:08:10.008+0000] {dag.py:3089} INFO - Sync 1 DAGs
[2026-04-07T08:08:10.062+0000] {logging_mixin.py:188} INFO - [2026-04-07T08:08:10.062+0000] {dag.py:3947} INFO - Setting next_dagrun for maintenance_cleanup_logs to 2026-04-07 00:00:00+00:00, run_after=2026-04-08 00:00:00+00:00
[2026-04-07T08:08:10.125+0000] {processor.py:183} INFO - Processing /opt/airflow/dags/maintenance_logs.py took 0.472 seconds
[2026-04-07T08:08:40.240+0000] {processor.py:161} INFO - Started process (PID=472) to work on /opt/airflow/dags/maintenance_logs.py
[2026-04-07T08:08:40.241+0000] {processor.py:830} INFO - Processing file /opt/airflow/dags/maintenance_logs.py for tasks to queue
[2026-04-07T08:08:40.244+0000] {logging_mixin.py:188} INFO - [2026-04-07T08:08:40.244+0000] {dagbag.py:545} INFO - Filling up the DagBag from /opt/airflow/dags/maintenance_logs.py
[2026-04-07T08:08:40.282+0000] {processor.py:840} INFO - DAG(s) 'maintenance_cleanup_logs' retrieved from /opt/airflow/dags/maintenance_logs.py
[2026-04-07T08:08:40.377+0000] {logging_mixin.py:188} INFO - [2026-04-07T08:08:40.377+0000] {dag.py:3089} INFO - Sync 1 DAGs
[2026-04-07T08:08:40.425+0000] {logging_mixin.py:188} INFO - [2026-04-07T08:08:40.425+0000] {dag.py:3947} INFO - Setting next_dagrun for maintenance_cleanup_logs to 2026-04-07 00:00:00+00:00, run_after=2026-04-08 00:00:00+00:00
[2026-04-07T08:08:40.470+0000] {processor.py:183} INFO - Processing /opt/airflow/dags/maintenance_logs.py took 0.238 seconds
[2026-04-07T08:09:11.059+0000] {processor.py:161} INFO - Started process (PID=483) to work on /opt/airflow/dags/maintenance_logs.py
[2026-04-07T08:09:11.062+0000] {processor.py:830} INFO - Processing file /opt/airflow/dags/maintenance_logs.py for tasks to queue
[2026-04-07T08:09:11.069+0000] {logging_mixin.py:188} INFO - [2026-04-07T08:09:11.068+0000] {dagbag.py:545} INFO - Filling up the DagBag from /opt/airflow/dags/maintenance_logs.py
[2026-04-07T08:09:11.137+0000] {processor.py:840} INFO - DAG(s) 'maintenance_cleanup_logs' retrieved from /opt/airflow/dags/maintenance_logs.py
[2026-04-07T08:09:11.364+0000] {logging_mixin.py:188} INFO - [2026-04-07T08:09:11.363+0000] {dag.py:3089} INFO - Sync 1 DAGs
[2026-04-07T08:09:11.493+0000] {logging_mixin.py:188} INFO - [2026-04-07T08:09:11.492+0000] {dag.py:3947} INFO - Setting next_dagrun for maintenance_cleanup_logs to 2026-04-07 00:00:00+00:00, run_after=2026-04-08 00:00:00+00:00
[2026-04-07T08:09:11.585+0000] {processor.py:183} INFO - Processing /opt/airflow/dags/maintenance_logs.py took 0.559 seconds
[2026-04-07T08:09:41.861+0000] {processor.py:161} INFO - Started process (PID=494) to work on /opt/airflow/dags/maintenance_logs.py
[2026-04-07T08:09:41.864+0000] {processor.py:830} INFO - Processing file /opt/airflow/dags/maintenance_logs.py for tasks to queue
[2026-04-07T08:09:41.868+0000] {logging_mixin.py:188} INFO - [2026-04-07T08:09:41.868+0000] {dagbag.py:545} INFO - Filling up the DagBag from /opt/airflow/dags/maintenance_logs.py
[2026-04-07T08:09:41.923+0000] {processor.py:840} INFO - DAG(s) 'maintenance_cleanup_logs' retrieved from /opt/airflow/dags/maintenance_logs.py
[2026-04-07T08:09:42.043+0000] {logging_mixin.py:188} INFO - [2026-04-07T08:09:42.042+0000] {dag.py:3089} INFO - Sync 1 DAGs
[2026-04-07T08:09:42.088+0000] {logging_mixin.py:188} INFO - [2026-04-07T08:09:42.087+0000] {dag.py:3947} INFO - Setting next_dagrun for maintenance_cleanup_logs to 2026-04-07 00:00:00+00:00, run_after=2026-04-08 00:00:00+00:00
[2026-04-07T08:09:42.136+0000] {processor.py:183} INFO - Processing /opt/airflow/dags/maintenance_logs.py took 0.314 seconds
[2026-04-07T08:10:12.466+0000] {processor.py:161} INFO - Started process (PID=505) to work on /opt/airflow/dags/maintenance_logs.py
[2026-04-07T08:10:12.469+0000] {processor.py:830} INFO - Processing file /opt/airflow/dags/maintenance_logs.py for tasks to queue
[2026-04-07T08:10:12.474+0000] {logging_mixin.py:188} INFO - [2026-04-07T08:10:12.473+0000] {dagbag.py:545} INFO - Filling up the DagBag from /opt/airflow/dags/maintenance_logs.py
[2026-04-07T08:10:12.540+0000] {processor.py:840} INFO - DAG(s) 'maintenance_cleanup_logs' retrieved from /opt/airflow/dags/maintenance_logs.py
[2026-04-07T08:10:12.629+0000] {logging_mixin.py:188} INFO - [2026-04-07T08:10:12.629+0000] {dag.py:3089} INFO - Sync 1 DAGs
[2026-04-07T08:10:12.669+0000] {logging_mixin.py:188} INFO - [2026-04-07T08:10:12.668+0000] {dag.py:3947} INFO - Setting next_dagrun for maintenance_cleanup_logs to 2026-04-07 00:00:00+00:00, run_after=2026-04-08 00:00:00+00:00
[2026-04-07T08:10:12.709+0000] {processor.py:183} INFO - Processing /opt/airflow/dags/maintenance_logs.py took 0.266 seconds
[2026-04-07T08:10:43.428+0000] {processor.py:161} INFO - Started process (PID=516) to work on /opt/airflow/dags/maintenance_logs.py
[2026-04-07T08:10:43.431+0000] {processor.py:830} INFO - Processing file /opt/airflow/dags/maintenance_logs.py for tasks to queue
[2026-04-07T08:10:43.435+0000] {logging_mixin.py:188} INFO - [2026-04-07T08:10:43.434+0000] {dagbag.py:545} INFO - Filling up the DagBag from /opt/airflow/dags/maintenance_logs.py
[2026-04-07T08:10:43.475+0000] {processor.py:840} INFO - DAG(s) 'maintenance_cleanup_logs' retrieved from /opt/airflow/dags/maintenance_logs.py
[2026-04-07T08:10:43.571+0000] {logging_mixin.py:188} INFO - [2026-04-07T08:10:43.570+0000] {dag.py:3089} INFO - Sync 1 DAGs
[2026-04-07T08:10:43.611+0000] {logging_mixin.py:188} INFO - [2026-04-07T08:10:43.611+0000] {dag.py:3947} INFO - Setting next_dagrun for maintenance_cleanup_logs to 2026-04-07 00:00:00+00:00, run_after=2026-04-08 00:00:00+00:00
[2026-04-07T08:10:43.651+0000] {processor.py:183} INFO - Processing /opt/airflow/dags/maintenance_logs.py took 0.244 seconds
[2026-04-07T08:11:14.212+0000] {processor.py:161} INFO - Started process (PID=525) to work on /opt/airflow/dags/maintenance_logs.py
[2026-04-07T08:11:14.213+0000] {processor.py:830} INFO - Processing file /opt/airflow/dags/maintenance_logs.py for tasks to queue
[2026-04-07T08:11:14.217+0000] {logging_mixin.py:188} INFO - [2026-04-07T08:11:14.216+0000] {dagbag.py:545} INFO - Filling up the DagBag from /opt/airflow/dags/maintenance_logs.py
[2026-04-07T08:11:14.260+0000] {processor.py:840} INFO - DAG(s) 'maintenance_cleanup_logs' retrieved from /opt/airflow/dags/maintenance_logs.py
[2026-04-07T08:11:14.357+0000] {logging_mixin.py:188} INFO - [2026-04-07T08:11:14.357+0000] {dag.py:3089} INFO - Sync 1 DAGs
[2026-04-07T08:11:14.397+0000] {logging_mixin.py:188} INFO - [2026-04-07T08:11:14.397+0000] {dag.py:3947} INFO - Setting next_dagrun for maintenance_cleanup_logs to 2026-04-07 00:00:00+00:00, run_after=2026-04-08 00:00:00+00:00
[2026-04-07T08:11:14.449+0000] {processor.py:183} INFO - Processing /opt/airflow/dags/maintenance_logs.py took 0.249 seconds
[2026-04-07T08:11:45.157+0000] {processor.py:161} INFO - Started process (PID=532) to work on /opt/airflow/dags/maintenance_logs.py
[2026-04-07T08:11:45.160+0000] {processor.py:830} INFO - Processing file /opt/airflow/dags/maintenance_logs.py for tasks to queue
[2026-04-07T08:11:45.166+0000] {logging_mixin.py:188} INFO - [2026-04-07T08:11:45.165+0000] {dagbag.py:545} INFO - Filling up the DagBag from /opt/airflow/dags/maintenance_logs.py
[2026-04-07T08:11:45.248+0000] {processor.py:840} INFO - DAG(s) 'maintenance_cleanup_logs' retrieved from /opt/airflow/dags/maintenance_logs.py
[2026-04-07T08:11:45.414+0000] {logging_mixin.py:188} INFO - [2026-04-07T08:11:45.413+0000] {dag.py:3089} INFO - Sync 1 DAGs
[2026-04-07T08:11:45.484+0000] {logging_mixin.py:188} INFO - [2026-04-07T08:11:45.483+0000] {dag.py:3947} INFO - Setting next_dagrun for maintenance_cleanup_logs to 2026-04-07 00:00:00+00:00, run_after=2026-04-08 00:00:00+00:00
[2026-04-07T08:11:45.558+0000] {processor.py:183} INFO - Processing /opt/airflow/dags/maintenance_logs.py took 0.418 seconds
[2026-04-07T08:12:16.269+0000] {processor.py:161} INFO - Started process (PID=543) to work on /opt/airflow/dags/maintenance_logs.py
[2026-04-07T08:12:16.272+0000] {processor.py:830} INFO - Processing file /opt/airflow/dags/maintenance_logs.py for tasks to queue
[2026-04-07T08:12:16.274+0000] {logging_mixin.py:188} INFO - [2026-04-07T08:12:16.274+0000] {dagbag.py:545} INFO - Filling up the DagBag from /opt/airflow/dags/maintenance_logs.py
[2026-04-07T08:12:16.324+0000] {processor.py:840} INFO - DAG(s) 'maintenance_cleanup_logs' retrieved from /opt/airflow/dags/maintenance_logs.py
[2026-04-07T08:12:16.455+0000] {logging_mixin.py:188} INFO - [2026-04-07T08:12:16.455+0000] {dag.py:3089} INFO - Sync 1 DAGs
[2026-04-07T08:12:16.504+0000] {logging_mixin.py:188} INFO - [2026-04-07T08:12:16.504+0000] {dag.py:3947} INFO - Setting next_dagrun for maintenance_cleanup_logs to 2026-04-07 00:00:00+00:00, run_after=2026-04-08 00:00:00+00:00
[2026-04-07T08:12:16.572+0000] {processor.py:183} INFO - Processing /opt/airflow/dags/maintenance_logs.py took 0.314 seconds
[2026-04-07T08:12:46.979+0000] {processor.py:161} INFO - Started process (PID=554) to work on /opt/airflow/dags/maintenance_logs.py
[2026-04-07T08:12:46.980+0000] {processor.py:830} INFO - Processing file /opt/airflow/dags/maintenance_logs.py for tasks to queue
[2026-04-07T08:12:46.984+0000] {logging_mixin.py:188} INFO - [2026-04-07T08:12:46.984+0000] {dagbag.py:545} INFO - Filling up the DagBag from /opt/airflow/dags/maintenance_logs.py
[2026-04-07T08:12:47.021+0000] {processor.py:840} INFO - DAG(s) 'maintenance_cleanup_logs' retrieved from /opt/airflow/dags/maintenance_logs.py
[2026-04-07T08:12:47.118+0000] {logging_mixin.py:188} INFO - [2026-04-07T08:12:47.118+0000] {dag.py:3089} INFO - Sync 1 DAGs
[2026-04-07T08:12:47.189+0000] {logging_mixin.py:188} INFO - [2026-04-07T08:12:47.189+0000] {dag.py:3947} INFO - Setting next_dagrun for maintenance_cleanup_logs to 2026-04-07 00:00:00+00:00, run_after=2026-04-08 00:00:00+00:00
[2026-04-07T08:12:47.260+0000] {processor.py:183} INFO - Processing /opt/airflow/dags/maintenance_logs.py took 0.292 seconds
[2026-04-07T08:13:17.936+0000] {processor.py:161} INFO - Started process (PID=565) to work on /opt/airflow/dags/maintenance_logs.py
[2026-04-07T08:13:17.937+0000] {processor.py:830} INFO - Processing file /opt/airflow/dags/maintenance_logs.py for tasks to queue
[2026-04-07T08:13:17.940+0000] {logging_mixin.py:188} INFO - [2026-04-07T08:13:17.940+0000] {dagbag.py:545} INFO - Filling up the DagBag from /opt/airflow/dags/maintenance_logs.py
[2026-04-07T08:13:17.983+0000] {processor.py:840} INFO - DAG(s) 'maintenance_cleanup_logs' retrieved from /opt/airflow/dags/maintenance_logs.py
[2026-04-07T08:13:18.084+0000] {logging_mixin.py:188} INFO - [2026-04-07T08:13:18.084+0000] {dag.py:3089} INFO - Sync 1 DAGs
[2026-04-07T08:13:18.129+0000] {logging_mixin.py:188} INFO - [2026-04-07T08:13:18.129+0000] {dag.py:3947} INFO - Setting next_dagrun for maintenance_cleanup_logs to 2026-04-07 00:00:00+00:00, run_after=2026-04-08 00:00:00+00:00
[2026-04-07T08:13:18.186+0000] {processor.py:183} INFO - Processing /opt/airflow/dags/maintenance_logs.py took 0.259 seconds
[2026-04-07T08:13:48.993+0000] {processor.py:161} INFO - Started process (PID=576) to work on /opt/airflow/dags/maintenance_logs.py
[2026-04-07T08:13:48.999+0000] {processor.py:830} INFO - Processing file /opt/airflow/dags/maintenance_logs.py for tasks to queue
[2026-04-07T08:13:49.007+0000] {logging_mixin.py:188} INFO - [2026-04-07T08:13:49.006+0000] {dagbag.py:545} INFO - Filling up the DagBag from /opt/airflow/dags/maintenance_logs.py
[2026-04-07T08:13:49.087+0000] {processor.py:840} INFO - DAG(s) 'maintenance_cleanup_logs' retrieved from /opt/airflow/dags/maintenance_logs.py
[2026-04-07T08:13:49.175+0000] {logging_mixin.py:188} INFO - [2026-04-07T08:13:49.175+0000] {dag.py:3089} INFO - Sync 1 DAGs
[2026-04-07T08:13:49.216+0000] {logging_mixin.py:188} INFO - [2026-04-07T08:13:49.215+0000] {dag.py:3947} INFO - Setting next_dagrun for maintenance_cleanup_logs to 2026-04-07 00:00:00+00:00, run_after=2026-04-08 00:00:00+00:00
[2026-04-07T08:13:49.268+0000] {processor.py:183} INFO - Processing /opt/airflow/dags/maintenance_logs.py took 0.306 seconds
[2026-04-07T08:14:19.839+0000] {processor.py:161} INFO - Started process (PID=587) to work on /opt/airflow/dags/maintenance_logs.py
[2026-04-07T08:14:19.842+0000] {processor.py:830} INFO - Processing file /opt/airflow/dags/maintenance_logs.py for tasks to queue
[2026-04-07T08:14:19.847+0000] {logging_mixin.py:188} INFO - [2026-04-07T08:14:19.847+0000] {dagbag.py:545} INFO - Filling up the DagBag from /opt/airflow/dags/maintenance_logs.py
[2026-04-07T08:14:19.903+0000] {processor.py:840} INFO - DAG(s) 'maintenance_cleanup_logs' retrieved from /opt/airflow/dags/maintenance_logs.py
[2026-04-07T08:14:20.048+0000] {logging_mixin.py:188} INFO - [2026-04-07T08:14:20.047+0000] {dag.py:3089} INFO - Sync 1 DAGs
[2026-04-07T08:14:20.134+0000] {logging_mixin.py:188} INFO - [2026-04-07T08:14:20.134+0000] {dag.py:3947} INFO - Setting next_dagrun for maintenance_cleanup_logs to 2026-04-07 00:00:00+00:00, run_after=2026-04-08 00:00:00+00:00
[2026-04-07T08:14:20.209+0000] {processor.py:183} INFO - Processing /opt/airflow/dags/maintenance_logs.py took 0.388 seconds
[2026-04-07T08:14:50.823+0000] {processor.py:161} INFO - Started process (PID=598) to work on /opt/airflow/dags/maintenance_logs.py
[2026-04-07T08:14:50.827+0000] {processor.py:830} INFO - Processing file /opt/airflow/dags/maintenance_logs.py for tasks to queue
[2026-04-07T08:14:50.833+0000] {logging_mixin.py:188} INFO - [2026-04-07T08:14:50.832+0000] {dagbag.py:545} INFO - Filling up the DagBag from /opt/airflow/dags/maintenance_logs.py
[2026-04-07T08:14:50.956+0000] {processor.py:840} INFO - DAG(s) 'maintenance_cleanup_logs' retrieved from /opt/airflow/dags/maintenance_logs.py
[2026-04-07T08:14:51.053+0000] {logging_mixin.py:188} INFO - [2026-04-07T08:14:51.053+0000] {dag.py:3089} INFO - Sync 1 DAGs
[2026-04-07T08:14:51.095+0000] {logging_mixin.py:188} INFO - [2026-04-07T08:14:51.095+0000] {dag.py:3947} INFO - Setting next_dagrun for maintenance_cleanup_logs to 2026-04-07 00:00:00+00:00, run_after=2026-04-08 00:00:00+00:00
[2026-04-07T08:14:51.139+0000] {processor.py:183} INFO - Processing /opt/airflow/dags/maintenance_logs.py took 0.338 seconds
[2026-04-07T08:15:21.381+0000] {processor.py:161} INFO - Started process (PID=609) to work on /opt/airflow/dags/maintenance_logs.py
[2026-04-07T08:15:21.383+0000] {processor.py:830} INFO - Processing file /opt/airflow/dags/maintenance_logs.py for tasks to queue
[2026-04-07T08:15:21.386+0000] {logging_mixin.py:188} INFO - [2026-04-07T08:15:21.385+0000] {dagbag.py:545} INFO - Filling up the DagBag from /opt/airflow/dags/maintenance_logs.py
[2026-04-07T08:15:21.424+0000] {processor.py:840} INFO - DAG(s) 'maintenance_cleanup_logs' retrieved from /opt/airflow/dags/maintenance_logs.py
[2026-04-07T08:15:21.666+0000] {logging_mixin.py:188} INFO - [2026-04-07T08:15:21.666+0000] {dag.py:3089} INFO - Sync 1 DAGs
[2026-04-07T08:15:21.720+0000] {logging_mixin.py:188} INFO - [2026-04-07T08:15:21.720+0000] {dag.py:3947} INFO - Setting next_dagrun for maintenance_cleanup_logs to 2026-04-07 00:00:00+00:00, run_after=2026-04-08 00:00:00+00:00
[2026-04-07T08:15:21.783+0000] {processor.py:183} INFO - Processing /opt/airflow/dags/maintenance_logs.py took 0.413 seconds
[2026-04-07T08:15:52.074+0000] {processor.py:161} INFO - Started process (PID=620) to work on /opt/airflow/dags/maintenance_logs.py
[2026-04-07T08:15:52.075+0000] {processor.py:830} INFO - Processing file /opt/airflow/dags/maintenance_logs.py for tasks to queue
[2026-04-07T08:15:52.078+0000] {logging_mixin.py:188} INFO - [2026-04-07T08:15:52.077+0000] {dagbag.py:545} INFO - Filling up the DagBag from /opt/airflow/dags/maintenance_logs.py
[2026-04-07T08:15:52.118+0000] {processor.py:840} INFO - DAG(s) 'maintenance_cleanup_logs' retrieved from /opt/airflow/dags/maintenance_logs.py
[2026-04-07T08:15:52.200+0000] {logging_mixin.py:188} INFO - [2026-04-07T08:15:52.200+0000] {dag.py:3089} INFO - Sync 1 DAGs
[2026-04-07T08:15:52.238+0000] {logging_mixin.py:188} INFO - [2026-04-07T08:15:52.238+0000] {dag.py:3947} INFO - Setting next_dagrun for maintenance_cleanup_logs to 2026-04-07 00:00:00+00:00, run_after=2026-04-08 00:00:00+00:00
[2026-04-07T08:15:52.290+0000] {processor.py:183} INFO - Processing /opt/airflow/dags/maintenance_logs.py took 0.226 seconds
[2026-04-07T08:16:22.618+0000] {processor.py:161} INFO - Started process (PID=631) to work on /opt/airflow/dags/maintenance_logs.py
[2026-04-07T08:16:22.622+0000] {processor.py:830} INFO - Processing file /opt/airflow/dags/maintenance_logs.py for tasks to queue
[2026-04-07T08:16:22.628+0000] {logging_mixin.py:188} INFO - [2026-04-07T08:16:22.627+0000] {dagbag.py:545} INFO - Filling up the DagBag from /opt/airflow/dags/maintenance_logs.py
[2026-04-07T08:16:22.692+0000] {processor.py:840} INFO - DAG(s) 'maintenance_cleanup_logs' retrieved from /opt/airflow/dags/maintenance_logs.py
[2026-04-07T08:16:22.778+0000] {logging_mixin.py:188} INFO - [2026-04-07T08:16:22.777+0000] {dag.py:3089} INFO - Sync 1 DAGs
[2026-04-07T08:16:22.820+0000] {logging_mixin.py:188} INFO - [2026-04-07T08:16:22.819+0000] {dag.py:3947} INFO - Setting next_dagrun for maintenance_cleanup_logs to 2026-04-07 00:00:00+00:00, run_after=2026-04-08 00:00:00+00:00
[2026-04-07T08:16:22.860+0000] {processor.py:183} INFO - Processing /opt/airflow/dags/maintenance_logs.py took 0.265 seconds
[2026-04-07T08:16:53.573+0000] {processor.py:161} INFO - Started process (PID=642) to work on /opt/airflow/dags/maintenance_logs.py
[2026-04-07T08:16:53.575+0000] {processor.py:830} INFO - Processing file /opt/airflow/dags/maintenance_logs.py for tasks to queue
[2026-04-07T08:16:53.581+0000] {logging_mixin.py:188} INFO - [2026-04-07T08:16:53.580+0000] {dagbag.py:545} INFO - Filling up the DagBag from /opt/airflow/dags/maintenance_logs.py
[2026-04-07T08:16:53.675+0000] {processor.py:840} INFO - DAG(s) 'maintenance_cleanup_logs' retrieved from /opt/airflow/dags/maintenance_logs.py
[2026-04-07T08:16:53.799+0000] {logging_mixin.py:188} INFO - [2026-04-07T08:16:53.799+0000] {dag.py:3089} INFO - Sync 1 DAGs
[2026-04-07T08:16:53.841+0000] {logging_mixin.py:188} INFO - [2026-04-07T08:16:53.840+0000] {dag.py:3947} INFO - Setting next_dagrun for maintenance_cleanup_logs to 2026-04-07 00:00:00+00:00, run_after=2026-04-08 00:00:00+00:00
[2026-04-07T08:16:53.891+0000] {processor.py:183} INFO - Processing /opt/airflow/dags/maintenance_logs.py took 0.346 seconds
[2026-04-07T08:17:24.566+0000] {processor.py:161} INFO - Started process (PID=653) to work on /opt/airflow/dags/maintenance_logs.py
[2026-04-07T08:17:24.569+0000] {processor.py:830} INFO - Processing file /opt/airflow/dags/maintenance_logs.py for tasks to queue
[2026-04-07T08:17:24.572+0000] {logging_mixin.py:188} INFO - [2026-04-07T08:17:24.571+0000] {dagbag.py:545} INFO - Filling up the DagBag from /opt/airflow/dags/maintenance_logs.py
[2026-04-07T08:17:24.641+0000] {processor.py:840} INFO - DAG(s) 'maintenance_cleanup_logs' retrieved from /opt/airflow/dags/maintenance_logs.py
[2026-04-07T08:17:24.789+0000] {logging_mixin.py:188} INFO - [2026-04-07T08:17:24.789+0000] {dag.py:3089} INFO - Sync 1 DAGs
[2026-04-07T08:17:24.842+0000] {logging_mixin.py:188} INFO - [2026-04-07T08:17:24.842+0000] {dag.py:3947} INFO - Setting next_dagrun for maintenance_cleanup_logs to 2026-04-07 00:00:00+00:00, run_after=2026-04-08 00:00:00+00:00
[2026-04-07T08:17:24.882+0000] {processor.py:183} INFO - Processing /opt/airflow/dags/maintenance_logs.py took 0.329 seconds
[2026-04-07T08:17:54.979+0000] {processor.py:161} INFO - Started process (PID=664) to work on /opt/airflow/dags/maintenance_logs.py
[2026-04-07T08:17:54.981+0000] {processor.py:830} INFO - Processing file /opt/airflow/dags/maintenance_logs.py for tasks to queue
[2026-04-07T08:17:54.983+0000] {logging_mixin.py:188} INFO - [2026-04-07T08:17:54.983+0000] {dagbag.py:545} INFO - Filling up the DagBag from /opt/airflow/dags/maintenance_logs.py
[2026-04-07T08:17:55.019+0000] {processor.py:840} INFO - DAG(s) 'maintenance_cleanup_logs' retrieved from /opt/airflow/dags/maintenance_logs.py
[2026-04-07T08:17:55.145+0000] {logging_mixin.py:188} INFO - [2026-04-07T08:17:55.144+0000] {dag.py:3089} INFO - Sync 1 DAGs
[2026-04-07T08:17:55.190+0000] {logging_mixin.py:188} INFO - [2026-04-07T08:17:55.190+0000] {dag.py:3947} INFO - Setting next_dagrun for maintenance_cleanup_logs to 2026-04-07 00:00:00+00:00, run_after=2026-04-08 00:00:00+00:00
[2026-04-07T08:17:55.291+0000] {processor.py:183} INFO - Processing /opt/airflow/dags/maintenance_logs.py took 0.320 seconds
[2026-04-07T08:18:25.780+0000] {processor.py:161} INFO - Started process (PID=675) to work on /opt/airflow/dags/maintenance_logs.py
[2026-04-07T08:18:25.790+0000] {processor.py:830} INFO - Processing file /opt/airflow/dags/maintenance_logs.py for tasks to queue
[2026-04-07T08:18:25.802+0000] {logging_mixin.py:188} INFO - [2026-04-07T08:18:25.801+0000] {dagbag.py:545} INFO - Filling up the DagBag from /opt/airflow/dags/maintenance_logs.py
[2026-04-07T08:18:25.917+0000] {processor.py:840} INFO - DAG(s) 'maintenance_cleanup_logs' retrieved from /opt/airflow/dags/maintenance_logs.py
[2026-04-07T08:18:26.081+0000] {logging_mixin.py:188} INFO - [2026-04-07T08:18:26.081+0000] {dag.py:3089} INFO - Sync 1 DAGs
[2026-04-07T08:18:26.129+0000] {logging_mixin.py:188} INFO - [2026-04-07T08:18:26.129+0000] {dag.py:3947} INFO - Setting next_dagrun for maintenance_cleanup_logs to 2026-04-07 00:00:00+00:00, run_after=2026-04-08 00:00:00+00:00
[2026-04-07T08:18:26.191+0000] {processor.py:183} INFO - Processing /opt/airflow/dags/maintenance_logs.py took 0.459 seconds
[2026-04-07T08:18:57.006+0000] {processor.py:161} INFO - Started process (PID=686) to work on /opt/airflow/dags/maintenance_logs.py
[2026-04-07T08:18:57.010+0000] {processor.py:830} INFO - Processing file /opt/airflow/dags/maintenance_logs.py for tasks to queue
[2026-04-07T08:18:57.018+0000] {logging_mixin.py:188} INFO - [2026-04-07T08:18:57.017+0000] {dagbag.py:545} INFO - Filling up the DagBag from /opt/airflow/dags/maintenance_logs.py
[2026-04-07T08:18:57.085+0000] {processor.py:840} INFO - DAG(s) 'maintenance_cleanup_logs' retrieved from /opt/airflow/dags/maintenance_logs.py
[2026-04-07T08:18:57.174+0000] {logging_mixin.py:188} INFO - [2026-04-07T08:18:57.174+0000] {dag.py:3089} INFO - Sync 1 DAGs
[2026-04-07T08:18:57.220+0000] {logging_mixin.py:188} INFO - [2026-04-07T08:18:57.220+0000] {dag.py:3947} INFO - Setting next_dagrun for maintenance_cleanup_logs to 2026-04-07 00:00:00+00:00, run_after=2026-04-08 00:00:00+00:00
[2026-04-07T08:18:57.275+0000] {processor.py:183} INFO - Processing /opt/airflow/dags/maintenance_logs.py took 0.293 seconds
[2026-04-07T08:19:27.652+0000] {processor.py:161} INFO - Started process (PID=697) to work on /opt/airflow/dags/maintenance_logs.py
[2026-04-07T08:19:27.654+0000] {processor.py:830} INFO - Processing file /opt/airflow/dags/maintenance_logs.py for tasks to queue
[2026-04-07T08:19:27.659+0000] {logging_mixin.py:188} INFO - [2026-04-07T08:19:27.658+0000] {dagbag.py:545} INFO - Filling up the DagBag from /opt/airflow/dags/maintenance_logs.py
[2026-04-07T08:19:27.712+0000] {processor.py:840} INFO - DAG(s) 'maintenance_cleanup_logs' retrieved from /opt/airflow/dags/maintenance_logs.py
[2026-04-07T08:19:27.837+0000] {logging_mixin.py:188} INFO - [2026-04-07T08:19:27.837+0000] {dag.py:3089} INFO - Sync 1 DAGs
[2026-04-07T08:19:27.880+0000] {logging_mixin.py:188} INFO - [2026-04-07T08:19:27.880+0000] {dag.py:3947} INFO - Setting next_dagrun for maintenance_cleanup_logs to 2026-04-07 00:00:00+00:00, run_after=2026-04-08 00:00:00+00:00
[2026-04-07T08:19:27.943+0000] {processor.py:183} INFO - Processing /opt/airflow/dags/maintenance_logs.py took 0.309 seconds
[2026-04-07T08:19:58.170+0000] {processor.py:161} INFO - Started process (PID=708) to work on /opt/airflow/dags/maintenance_logs.py
[2026-04-07T08:19:58.174+0000] {processor.py:830} INFO - Processing file /opt/airflow/dags/maintenance_logs.py for tasks to queue
[2026-04-07T08:19:58.179+0000] {logging_mixin.py:188} INFO - [2026-04-07T08:19:58.179+0000] {dagbag.py:545} INFO - Filling up the DagBag from /opt/airflow/dags/maintenance_logs.py
[2026-04-07T08:19:58.226+0000] {processor.py:840} INFO - DAG(s) 'maintenance_cleanup_logs' retrieved from /opt/airflow/dags/maintenance_logs.py
[2026-04-07T08:19:58.381+0000] {logging_mixin.py:188} INFO - [2026-04-07T08:19:58.381+0000] {dag.py:3089} INFO - Sync 1 DAGs
[2026-04-07T08:19:58.445+0000] {logging_mixin.py:188} INFO - [2026-04-07T08:19:58.445+0000] {dag.py:3947} INFO - Setting next_dagrun for maintenance_cleanup_logs to 2026-04-07 00:00:00+00:00, run_after=2026-04-08 00:00:00+00:00
[2026-04-07T08:19:58.512+0000] {processor.py:183} INFO - Processing /opt/airflow/dags/maintenance_logs.py took 0.375 seconds
[2026-04-07T08:20:28.842+0000] {processor.py:161} INFO - Started process (PID=719) to work on /opt/airflow/dags/maintenance_logs.py
[2026-04-07T08:20:28.844+0000] {processor.py:830} INFO - Processing file /opt/airflow/dags/maintenance_logs.py for tasks to queue
[2026-04-07T08:20:28.847+0000] {logging_mixin.py:188} INFO - [2026-04-07T08:20:28.847+0000] {dagbag.py:545} INFO - Filling up the DagBag from /opt/airflow/dags/maintenance_logs.py
[2026-04-07T08:20:28.893+0000] {processor.py:840} INFO - DAG(s) 'maintenance_cleanup_logs' retrieved from /opt/airflow/dags/maintenance_logs.py
[2026-04-07T08:20:29.017+0000] {logging_mixin.py:188} INFO - [2026-04-07T08:20:29.017+0000] {dag.py:3089} INFO - Sync 1 DAGs
[2026-04-07T08:20:29.074+0000] {logging_mixin.py:188} INFO - [2026-04-07T08:20:29.073+0000] {dag.py:3947} INFO - Setting next_dagrun for maintenance_cleanup_logs to 2026-04-07 00:00:00+00:00, run_after=2026-04-08 00:00:00+00:00
[2026-04-07T08:20:29.134+0000] {processor.py:183} INFO - Processing /opt/airflow/dags/maintenance_logs.py took 0.303 seconds
[2026-04-07T08:20:59.670+0000] {processor.py:161} INFO - Started process (PID=730) to work on /opt/airflow/dags/maintenance_logs.py
[2026-04-07T08:20:59.673+0000] {processor.py:830} INFO - Processing file /opt/airflow/dags/maintenance_logs.py for tasks to queue
[2026-04-07T08:20:59.678+0000] {logging_mixin.py:188} INFO - [2026-04-07T08:20:59.677+0000] {dagbag.py:545} INFO - Filling up the DagBag from /opt/airflow/dags/maintenance_logs.py
[2026-04-07T08:20:59.745+0000] {processor.py:840} INFO - DAG(s) 'maintenance_cleanup_logs' retrieved from /opt/airflow/dags/maintenance_logs.py
[2026-04-07T08:20:59.852+0000] {logging_mixin.py:188} INFO - [2026-04-07T08:20:59.852+0000] {dag.py:3089} INFO - Sync 1 DAGs
[2026-04-07T08:20:59.897+0000] {logging_mixin.py:188} INFO - [2026-04-07T08:20:59.897+0000] {dag.py:3947} INFO - Setting next_dagrun for maintenance_cleanup_logs to 2026-04-07 00:00:00+00:00, run_after=2026-04-08 00:00:00+00:00
[2026-04-07T08:20:59.951+0000] {processor.py:183} INFO - Processing /opt/airflow/dags/maintenance_logs.py took 0.314 seconds
[2026-04-07T08:21:30.582+0000] {processor.py:161} INFO - Started process (PID=741) to work on /opt/airflow/dags/maintenance_logs.py
[2026-04-07T08:21:30.583+0000] {processor.py:830} INFO - Processing file /opt/airflow/dags/maintenance_logs.py for tasks to queue
[2026-04-07T08:21:30.585+0000] {logging_mixin.py:188} INFO - [2026-04-07T08:21:30.585+0000] {dagbag.py:545} INFO - Filling up the DagBag from /opt/airflow/dags/maintenance_logs.py
[2026-04-07T08:21:30.625+0000] {processor.py:840} INFO - DAG(s) 'maintenance_cleanup_logs' retrieved from /opt/airflow/dags/maintenance_logs.py
[2026-04-07T08:21:30.713+0000] {logging_mixin.py:188} INFO - [2026-04-07T08:21:30.712+0000] {dag.py:3089} INFO - Sync 1 DAGs
[2026-04-07T08:21:30.752+0000] {logging_mixin.py:188} INFO - [2026-04-07T08:21:30.752+0000] {dag.py:3947} INFO - Setting next_dagrun for maintenance_cleanup_logs to 2026-04-07 00:00:00+00:00, run_after=2026-04-08 00:00:00+00:00
[2026-04-07T08:21:30.803+0000] {processor.py:183} INFO - Processing /opt/airflow/dags/maintenance_logs.py took 0.229 seconds
[2026-04-07T08:22:00.955+0000] {processor.py:161} INFO - Started process (PID=752) to work on /opt/airflow/dags/maintenance_logs.py
[2026-04-07T08:22:00.958+0000] {processor.py:830} INFO - Processing file /opt/airflow/dags/maintenance_logs.py for tasks to queue
[2026-04-07T08:22:00.962+0000] {logging_mixin.py:188} INFO - [2026-04-07T08:22:00.961+0000] {dagbag.py:545} INFO - Filling up the DagBag from /opt/airflow/dags/maintenance_logs.py
[2026-04-07T08:22:01.024+0000] {processor.py:840} INFO - DAG(s) 'maintenance_cleanup_logs' retrieved from /opt/airflow/dags/maintenance_logs.py
[2026-04-07T08:22:01.220+0000] {logging_mixin.py:188} INFO - [2026-04-07T08:22:01.219+0000] {dag.py:3089} INFO - Sync 1 DAGs
[2026-04-07T08:22:01.259+0000] {logging_mixin.py:188} INFO - [2026-04-07T08:22:01.259+0000] {dag.py:3947} INFO - Setting next_dagrun for maintenance_cleanup_logs to 2026-04-07 00:00:00+00:00, run_after=2026-04-08 00:00:00+00:00
[2026-04-07T08:22:01.310+0000] {processor.py:183} INFO - Processing /opt/airflow/dags/maintenance_logs.py took 0.374 seconds
[2026-04-07T08:22:32.099+0000] {processor.py:161} INFO - Started process (PID=763) to work on /opt/airflow/dags/maintenance_logs.py
[2026-04-07T08:22:32.101+0000] {processor.py:830} INFO - Processing file /opt/airflow/dags/maintenance_logs.py for tasks to queue
[2026-04-07T08:22:32.104+0000] {logging_mixin.py:188} INFO - [2026-04-07T08:22:32.104+0000] {dagbag.py:545} INFO - Filling up the DagBag from /opt/airflow/dags/maintenance_logs.py
[2026-04-07T08:22:32.146+0000] {processor.py:840} INFO - DAG(s) 'maintenance_cleanup_logs' retrieved from /opt/airflow/dags/maintenance_logs.py
[2026-04-07T08:22:32.236+0000] {logging_mixin.py:188} INFO - [2026-04-07T08:22:32.236+0000] {dag.py:3089} INFO - Sync 1 DAGs
[2026-04-07T08:22:32.289+0000] {logging_mixin.py:188} INFO - [2026-04-07T08:22:32.288+0000] {dag.py:3947} INFO - Setting next_dagrun for maintenance_cleanup_logs to 2026-04-07 00:00:00+00:00, run_after=2026-04-08 00:00:00+00:00
[2026-04-07T08:22:32.377+0000] {processor.py:183} INFO - Processing /opt/airflow/dags/maintenance_logs.py took 0.289 seconds
[2026-04-07T08:23:03.181+0000] {processor.py:161} INFO - Started process (PID=774) to work on /opt/airflow/dags/maintenance_logs.py
[2026-04-07T08:23:03.187+0000] {processor.py:830} INFO - Processing file /opt/airflow/dags/maintenance_logs.py for tasks to queue
[2026-04-07T08:23:03.198+0000] {logging_mixin.py:188} INFO - [2026-04-07T08:23:03.196+0000] {dagbag.py:545} INFO - Filling up the DagBag from /opt/airflow/dags/maintenance_logs.py
[2026-04-07T08:23:03.322+0000] {processor.py:840} INFO - DAG(s) 'maintenance_cleanup_logs' retrieved from /opt/airflow/dags/maintenance_logs.py
[2026-04-07T08:23:03.440+0000] {logging_mixin.py:188} INFO - [2026-04-07T08:23:03.439+0000] {dag.py:3089} INFO - Sync 1 DAGs
[2026-04-07T08:23:03.497+0000] {logging_mixin.py:188} INFO - [2026-04-07T08:23:03.497+0000] {dag.py:3947} INFO - Setting next_dagrun for maintenance_cleanup_logs to 2026-04-07 00:00:00+00:00, run_after=2026-04-08 00:00:00+00:00
[2026-04-07T08:23:03.552+0000] {processor.py:183} INFO - Processing /opt/airflow/dags/maintenance_logs.py took 0.400 seconds
[2026-04-07T08:23:34.290+0000] {processor.py:161} INFO - Started process (PID=785) to work on /opt/airflow/dags/maintenance_logs.py
[2026-04-07T08:23:34.292+0000] {processor.py:830} INFO - Processing file /opt/airflow/dags/maintenance_logs.py for tasks to queue
[2026-04-07T08:23:34.294+0000] {logging_mixin.py:188} INFO - [2026-04-07T08:23:34.294+0000] {dagbag.py:545} INFO - Filling up the DagBag from /opt/airflow/dags/maintenance_logs.py
[2026-04-07T08:23:34.339+0000] {processor.py:840} INFO - DAG(s) 'maintenance_cleanup_logs' retrieved from /opt/airflow/dags/maintenance_logs.py
[2026-04-07T08:23:34.672+0000] {logging_mixin.py:188} INFO - [2026-04-07T08:23:34.671+0000] {dag.py:3089} INFO - Sync 1 DAGs
[2026-04-07T08:23:34.815+0000] {logging_mixin.py:188} INFO - [2026-04-07T08:23:34.813+0000] {dag.py:3947} INFO - Setting next_dagrun for maintenance_cleanup_logs to 2026-04-07 00:00:00+00:00, run_after=2026-04-08 00:00:00+00:00
[2026-04-07T08:23:34.911+0000] {processor.py:183} INFO - Processing /opt/airflow/dags/maintenance_logs.py took 0.630 seconds
[2026-04-07T08:24:04.990+0000] {processor.py:161} INFO - Started process (PID=796) to work on /opt/airflow/dags/maintenance_logs.py
[2026-04-07T08:24:04.991+0000] {processor.py:830} INFO - Processing file /opt/airflow/dags/maintenance_logs.py for tasks to queue
[2026-04-07T08:24:04.994+0000] {logging_mixin.py:188} INFO - [2026-04-07T08:24:04.994+0000] {dagbag.py:545} INFO - Filling up the DagBag from /opt/airflow/dags/maintenance_logs.py
[2026-04-07T08:24:05.032+0000] {processor.py:840} INFO - DAG(s) 'maintenance_cleanup_logs' retrieved from /opt/airflow/dags/maintenance_logs.py
[2026-04-07T08:24:05.115+0000] {logging_mixin.py:188} INFO - [2026-04-07T08:24:05.114+0000] {dag.py:3089} INFO - Sync 1 DAGs
[2026-04-07T08:24:05.152+0000] {logging_mixin.py:188} INFO - [2026-04-07T08:24:05.152+0000] {dag.py:3947} INFO - Setting next_dagrun for maintenance_cleanup_logs to 2026-04-07 00:00:00+00:00, run_after=2026-04-08 00:00:00+00:00
[2026-04-07T08:24:05.203+0000] {processor.py:183} INFO - Processing /opt/airflow/dags/maintenance_logs.py took 0.222 seconds
[2026-04-07T08:24:35.865+0000] {processor.py:161} INFO - Started process (PID=801) to work on /opt/airflow/dags/maintenance_logs.py
[2026-04-07T08:24:35.870+0000] {processor.py:830} INFO - Processing file /opt/airflow/dags/maintenance_logs.py for tasks to queue
[2026-04-07T08:24:35.877+0000] {logging_mixin.py:188} INFO - [2026-04-07T08:24:35.876+0000] {dagbag.py:545} INFO - Filling up the DagBag from /opt/airflow/dags/maintenance_logs.py
[2026-04-07T08:24:36.041+0000] {processor.py:840} INFO - DAG(s) 'maintenance_cleanup_logs' retrieved from /opt/airflow/dags/maintenance_logs.py
[2026-04-07T08:24:36.221+0000] {logging_mixin.py:188} INFO - [2026-04-07T08:24:36.220+0000] {dag.py:3089} INFO - Sync 1 DAGs
[2026-04-07T08:24:36.270+0000] {logging_mixin.py:188} INFO - [2026-04-07T08:24:36.269+0000] {dag.py:3947} INFO - Setting next_dagrun for maintenance_cleanup_logs to 2026-04-07 00:00:00+00:00, run_after=2026-04-08 00:00:00+00:00
[2026-04-07T08:24:36.321+0000] {processor.py:183} INFO - Processing /opt/airflow/dags/maintenance_logs.py took 0.487 seconds
[2026-04-07T08:25:07.387+0000] {processor.py:161} INFO - Started process (PID=812) to work on /opt/airflow/dags/maintenance_logs.py
[2026-04-07T08:25:07.389+0000] {processor.py:830} INFO - Processing file /opt/airflow/dags/maintenance_logs.py for tasks to queue
[2026-04-07T08:25:07.393+0000] {logging_mixin.py:188} INFO - [2026-04-07T08:25:07.392+0000] {dagbag.py:545} INFO - Filling up the DagBag from /opt/airflow/dags/maintenance_logs.py
[2026-04-07T08:25:07.441+0000] {processor.py:840} INFO - DAG(s) 'maintenance_cleanup_logs' retrieved from /opt/airflow/dags/maintenance_logs.py
[2026-04-07T08:25:07.543+0000] {logging_mixin.py:188} INFO - [2026-04-07T08:25:07.543+0000] {dag.py:3089} INFO - Sync 1 DAGs
[2026-04-07T08:25:07.592+0000] {logging_mixin.py:188} INFO - [2026-04-07T08:25:07.592+0000] {dag.py:3947} INFO - Setting next_dagrun for maintenance_cleanup_logs to 2026-04-07 00:00:00+00:00, run_after=2026-04-08 00:00:00+00:00
[2026-04-07T08:25:07.654+0000] {processor.py:183} INFO - Processing /opt/airflow/dags/maintenance_logs.py took 0.280 seconds
[2026-04-07T08:25:38.055+0000] {processor.py:161} INFO - Started process (PID=823) to work on /opt/airflow/dags/maintenance_logs.py
[2026-04-07T08:25:38.057+0000] {processor.py:830} INFO - Processing file /opt/airflow/dags/maintenance_logs.py for tasks to queue
[2026-04-07T08:25:38.073+0000] {logging_mixin.py:188} INFO - [2026-04-07T08:25:38.072+0000] {dagbag.py:545} INFO - Filling up the DagBag from /opt/airflow/dags/maintenance_logs.py
[2026-04-07T08:25:38.132+0000] {processor.py:840} INFO - DAG(s) 'maintenance_cleanup_logs' retrieved from /opt/airflow/dags/maintenance_logs.py
[2026-04-07T08:25:38.271+0000] {logging_mixin.py:188} INFO - [2026-04-07T08:25:38.270+0000] {dag.py:3089} INFO - Sync 1 DAGs
[2026-04-07T08:25:38.336+0000] {logging_mixin.py:188} INFO - [2026-04-07T08:25:38.336+0000] {dag.py:3947} INFO - Setting next_dagrun for maintenance_cleanup_logs to 2026-04-07 00:00:00+00:00, run_after=2026-04-08 00:00:00+00:00
[2026-04-07T08:25:38.389+0000] {processor.py:183} INFO - Processing /opt/airflow/dags/maintenance_logs.py took 0.362 seconds
[2026-04-07T08:26:09.061+0000] {processor.py:161} INFO - Started process (PID=834) to work on /opt/airflow/dags/maintenance_logs.py
[2026-04-07T08:26:09.062+0000] {processor.py:830} INFO - Processing file /opt/airflow/dags/maintenance_logs.py for tasks to queue
[2026-04-07T08:26:09.065+0000] {logging_mixin.py:188} INFO - [2026-04-07T08:26:09.065+0000] {dagbag.py:545} INFO - Filling up the DagBag from /opt/airflow/dags/maintenance_logs.py
[2026-04-07T08:26:09.114+0000] {processor.py:840} INFO - DAG(s) 'maintenance_cleanup_logs' retrieved from /opt/airflow/dags/maintenance_logs.py
[2026-04-07T08:26:09.205+0000] {logging_mixin.py:188} INFO - [2026-04-07T08:26:09.205+0000] {dag.py:3089} INFO - Sync 1 DAGs
[2026-04-07T08:26:09.248+0000] {logging_mixin.py:188} INFO - [2026-04-07T08:26:09.247+0000] {dag.py:3947} INFO - Setting next_dagrun for maintenance_cleanup_logs to 2026-04-07 00:00:00+00:00, run_after=2026-04-08 00:00:00+00:00
[2026-04-07T08:26:09.306+0000] {processor.py:183} INFO - Processing /opt/airflow/dags/maintenance_logs.py took 0.257 seconds
[2026-04-07T08:26:40.025+0000] {processor.py:161} INFO - Started process (PID=845) to work on /opt/airflow/dags/maintenance_logs.py
[2026-04-07T08:26:40.027+0000] {processor.py:830} INFO - Processing file /opt/airflow/dags/maintenance_logs.py for tasks to queue
[2026-04-07T08:26:40.029+0000] {logging_mixin.py:188} INFO - [2026-04-07T08:26:40.029+0000] {dagbag.py:545} INFO - Filling up the DagBag from /opt/airflow/dags/maintenance_logs.py
[2026-04-07T08:26:40.065+0000] {processor.py:840} INFO - DAG(s) 'maintenance_cleanup_logs' retrieved from /opt/airflow/dags/maintenance_logs.py
[2026-04-07T08:26:40.386+0000] {logging_mixin.py:188} INFO - [2026-04-07T08:26:40.386+0000] {dag.py:3089} INFO - Sync 1 DAGs
[2026-04-07T08:26:40.433+0000] {logging_mixin.py:188} INFO - [2026-04-07T08:26:40.433+0000] {dag.py:3947} INFO - Setting next_dagrun for maintenance_cleanup_logs to 2026-04-07 00:00:00+00:00, run_after=2026-04-08 00:00:00+00:00
[2026-04-07T08:26:40.513+0000] {processor.py:183} INFO - Processing /opt/airflow/dags/maintenance_logs.py took 0.500 seconds
[2026-04-07T08:27:11.127+0000] {processor.py:161} INFO - Started process (PID=856) to work on /opt/airflow/dags/maintenance_logs.py
[2026-04-07T08:27:11.129+0000] {processor.py:830} INFO - Processing file /opt/airflow/dags/maintenance_logs.py for tasks to queue
[2026-04-07T08:27:11.134+0000] {logging_mixin.py:188} INFO - [2026-04-07T08:27:11.133+0000] {dagbag.py:545} INFO - Filling up the DagBag from /opt/airflow/dags/maintenance_logs.py
[2026-04-07T08:27:11.189+0000] {processor.py:840} INFO - DAG(s) 'maintenance_cleanup_logs' retrieved from /opt/airflow/dags/maintenance_logs.py
[2026-04-07T08:27:11.345+0000] {logging_mixin.py:188} INFO - [2026-04-07T08:27:11.344+0000] {dag.py:3089} INFO - Sync 1 DAGs
[2026-04-07T08:27:11.407+0000] {logging_mixin.py:188} INFO - [2026-04-07T08:27:11.407+0000] {dag.py:3947} INFO - Setting next_dagrun for maintenance_cleanup_logs to 2026-04-07 00:00:00+00:00, run_after=2026-04-08 00:00:00+00:00
[2026-04-07T08:27:11.495+0000] {processor.py:183} INFO - Processing /opt/airflow/dags/maintenance_logs.py took 0.385 seconds
[2026-04-07T08:27:41.684+0000] {processor.py:161} INFO - Started process (PID=867) to work on /opt/airflow/dags/maintenance_logs.py
[2026-04-07T08:27:41.687+0000] {processor.py:830} INFO - Processing file /opt/airflow/dags/maintenance_logs.py for tasks to queue
[2026-04-07T08:27:41.696+0000] {logging_mixin.py:188} INFO - [2026-04-07T08:27:41.695+0000] {dagbag.py:545} INFO - Filling up the DagBag from /opt/airflow/dags/maintenance_logs.py
[2026-04-07T08:27:41.761+0000] {processor.py:840} INFO - DAG(s) 'maintenance_cleanup_logs' retrieved from /opt/airflow/dags/maintenance_logs.py
[2026-04-07T08:27:41.897+0000] {logging_mixin.py:188} INFO - [2026-04-07T08:27:41.896+0000] {dag.py:3089} INFO - Sync 1 DAGs
[2026-04-07T08:27:41.968+0000] {logging_mixin.py:188} INFO - [2026-04-07T08:27:41.967+0000] {dag.py:3947} INFO - Setting next_dagrun for maintenance_cleanup_logs to 2026-04-07 00:00:00+00:00, run_after=2026-04-08 00:00:00+00:00
[2026-04-07T08:27:42.031+0000] {processor.py:183} INFO - Processing /opt/airflow/dags/maintenance_logs.py took 0.373 seconds
[2026-04-07T08:28:12.605+0000] {processor.py:161} INFO - Started process (PID=878) to work on /opt/airflow/dags/maintenance_logs.py
[2026-04-07T08:28:12.607+0000] {processor.py:830} INFO - Processing file /opt/airflow/dags/maintenance_logs.py for tasks to queue
[2026-04-07T08:28:12.613+0000] {logging_mixin.py:188} INFO - [2026-04-07T08:28:12.612+0000] {dagbag.py:545} INFO - Filling up the DagBag from /opt/airflow/dags/maintenance_logs.py
[2026-04-07T08:28:12.659+0000] {processor.py:840} INFO - DAG(s) 'maintenance_cleanup_logs' retrieved from /opt/airflow/dags/maintenance_logs.py
[2026-04-07T08:28:12.772+0000] {logging_mixin.py:188} INFO - [2026-04-07T08:28:12.771+0000] {dag.py:3089} INFO - Sync 1 DAGs
[2026-04-07T08:28:12.811+0000] {logging_mixin.py:188} INFO - [2026-04-07T08:28:12.810+0000] {dag.py:3947} INFO - Setting next_dagrun for maintenance_cleanup_logs to 2026-04-07 00:00:00+00:00, run_after=2026-04-08 00:00:00+00:00
[2026-04-07T08:28:12.874+0000] {processor.py:183} INFO - Processing /opt/airflow/dags/maintenance_logs.py took 0.280 seconds
[2026-04-07T08:28:42.948+0000] {processor.py:161} INFO - Started process (PID=889) to work on /opt/airflow/dags/maintenance_logs.py
[2026-04-07T08:28:42.949+0000] {processor.py:830} INFO - Processing file /opt/airflow/dags/maintenance_logs.py for tasks to queue
[2026-04-07T08:28:42.952+0000] {logging_mixin.py:188} INFO - [2026-04-07T08:28:42.952+0000] {dagbag.py:545} INFO - Filling up the DagBag from /opt/airflow/dags/maintenance_logs.py
[2026-04-07T08:28:42.989+0000] {processor.py:840} INFO - DAG(s) 'maintenance_cleanup_logs' retrieved from /opt/airflow/dags/maintenance_logs.py
[2026-04-07T08:28:43.075+0000] {logging_mixin.py:188} INFO - [2026-04-07T08:28:43.074+0000] {dag.py:3089} INFO - Sync 1 DAGs
[2026-04-07T08:28:43.112+0000] {logging_mixin.py:188} INFO - [2026-04-07T08:28:43.111+0000] {dag.py:3947} INFO - Setting next_dagrun for maintenance_cleanup_logs to 2026-04-07 00:00:00+00:00, run_after=2026-04-08 00:00:00+00:00
[2026-04-07T08:28:43.163+0000] {processor.py:183} INFO - Processing /opt/airflow/dags/maintenance_logs.py took 0.224 seconds
[2026-04-07T08:29:14.008+0000] {processor.py:161} INFO - Started process (PID=900) to work on /opt/airflow/dags/maintenance_logs.py
[2026-04-07T08:29:14.012+0000] {processor.py:830} INFO - Processing file /opt/airflow/dags/maintenance_logs.py for tasks to queue
[2026-04-07T08:29:14.018+0000] {logging_mixin.py:188} INFO - [2026-04-07T08:29:14.018+0000] {dagbag.py:545} INFO - Filling up the DagBag from /opt/airflow/dags/maintenance_logs.py
[2026-04-07T08:29:14.082+0000] {processor.py:840} INFO - DAG(s) 'maintenance_cleanup_logs' retrieved from /opt/airflow/dags/maintenance_logs.py
[2026-04-07T08:29:14.169+0000] {logging_mixin.py:188} INFO - [2026-04-07T08:29:14.168+0000] {dag.py:3089} INFO - Sync 1 DAGs
[2026-04-07T08:29:14.206+0000] {logging_mixin.py:188} INFO - [2026-04-07T08:29:14.205+0000] {dag.py:3947} INFO - Setting next_dagrun for maintenance_cleanup_logs to 2026-04-07 00:00:00+00:00, run_after=2026-04-08 00:00:00+00:00
[2026-04-07T08:29:14.254+0000] {processor.py:183} INFO - Processing /opt/airflow/dags/maintenance_logs.py took 0.282 seconds
[2026-04-07T08:29:45.210+0000] {processor.py:161} INFO - Started process (PID=911) to work on /opt/airflow/dags/maintenance_logs.py
[2026-04-07T08:29:45.212+0000] {processor.py:830} INFO - Processing file /opt/airflow/dags/maintenance_logs.py for tasks to queue
[2026-04-07T08:29:45.215+0000] {logging_mixin.py:188} INFO - [2026-04-07T08:29:45.214+0000] {dagbag.py:545} INFO - Filling up the DagBag from /opt/airflow/dags/maintenance_logs.py
[2026-04-07T08:29:45.258+0000] {processor.py:840} INFO - DAG(s) 'maintenance_cleanup_logs' retrieved from /opt/airflow/dags/maintenance_logs.py
[2026-04-07T08:29:45.465+0000] {logging_mixin.py:188} INFO - [2026-04-07T08:29:45.465+0000] {dag.py:3089} INFO - Sync 1 DAGs
[2026-04-07T08:29:45.512+0000] {logging_mixin.py:188} INFO - [2026-04-07T08:29:45.512+0000] {dag.py:3947} INFO - Setting next_dagrun for maintenance_cleanup_logs to 2026-04-07 00:00:00+00:00, run_after=2026-04-08 00:00:00+00:00
[2026-04-07T08:29:45.575+0000] {processor.py:183} INFO - Processing /opt/airflow/dags/maintenance_logs.py took 0.374 seconds
[2026-04-07T08:30:15.648+0000] {processor.py:161} INFO - Started process (PID=922) to work on /opt/airflow/dags/maintenance_logs.py
[2026-04-07T08:30:15.650+0000] {processor.py:830} INFO - Processing file /opt/airflow/dags/maintenance_logs.py for tasks to queue
[2026-04-07T08:30:15.658+0000] {logging_mixin.py:188} INFO - [2026-04-07T08:30:15.657+0000] {dagbag.py:545} INFO - Filling up the DagBag from /opt/airflow/dags/maintenance_logs.py
[2026-04-07T08:30:15.722+0000] {processor.py:840} INFO - DAG(s) 'maintenance_cleanup_logs' retrieved from /opt/airflow/dags/maintenance_logs.py
[2026-04-07T08:30:15.884+0000] {logging_mixin.py:188} INFO - [2026-04-07T08:30:15.881+0000] {dag.py:3089} INFO - Sync 1 DAGs
[2026-04-07T08:30:15.964+0000] {logging_mixin.py:188} INFO - [2026-04-07T08:30:15.963+0000] {dag.py:3947} INFO - Setting next_dagrun for maintenance_cleanup_logs to 2026-04-07 00:00:00+00:00, run_after=2026-04-08 00:00:00+00:00
[2026-04-07T08:30:16.047+0000] {processor.py:183} INFO - Processing /opt/airflow/dags/maintenance_logs.py took 0.414 seconds
[2026-04-07T08:30:46.648+0000] {processor.py:161} INFO - Started process (PID=933) to work on /opt/airflow/dags/maintenance_logs.py
[2026-04-07T08:30:46.649+0000] {processor.py:830} INFO - Processing file /opt/airflow/dags/maintenance_logs.py for tasks to queue
[2026-04-07T08:30:46.651+0000] {logging_mixin.py:188} INFO - [2026-04-07T08:30:46.651+0000] {dagbag.py:545} INFO - Filling up the DagBag from /opt/airflow/dags/maintenance_logs.py
[2026-04-07T08:30:46.689+0000] {processor.py:840} INFO - DAG(s) 'maintenance_cleanup_logs' retrieved from /opt/airflow/dags/maintenance_logs.py
[2026-04-07T08:30:46.771+0000] {logging_mixin.py:188} INFO - [2026-04-07T08:30:46.771+0000] {dag.py:3089} INFO - Sync 1 DAGs
[2026-04-07T08:30:46.818+0000] {logging_mixin.py:188} INFO - [2026-04-07T08:30:46.817+0000] {dag.py:3947} INFO - Setting next_dagrun for maintenance_cleanup_logs to 2026-04-07 00:00:00+00:00, run_after=2026-04-08 00:00:00+00:00
[2026-04-07T08:30:46.858+0000] {processor.py:183} INFO - Processing /opt/airflow/dags/maintenance_logs.py took 0.217 seconds
[2026-04-07T08:31:17.637+0000] {processor.py:161} INFO - Started process (PID=944) to work on /opt/airflow/dags/maintenance_logs.py
[2026-04-07T08:31:17.640+0000] {processor.py:830} INFO - Processing file /opt/airflow/dags/maintenance_logs.py for tasks to queue
[2026-04-07T08:31:17.644+0000] {logging_mixin.py:188} INFO - [2026-04-07T08:31:17.643+0000] {dagbag.py:545} INFO - Filling up the DagBag from /opt/airflow/dags/maintenance_logs.py
[2026-04-07T08:31:17.729+0000] {processor.py:840} INFO - DAG(s) 'maintenance_cleanup_logs' retrieved from /opt/airflow/dags/maintenance_logs.py
[2026-04-07T08:31:17.857+0000] {logging_mixin.py:188} INFO - [2026-04-07T08:31:17.856+0000] {dag.py:3089} INFO - Sync 1 DAGs
[2026-04-07T08:31:17.906+0000] {logging_mixin.py:188} INFO - [2026-04-07T08:31:17.905+0000] {dag.py:3947} INFO - Setting next_dagrun for maintenance_cleanup_logs to 2026-04-07 00:00:00+00:00, run_after=2026-04-08 00:00:00+00:00
[2026-04-07T08:31:17.990+0000] {processor.py:183} INFO - Processing /opt/airflow/dags/maintenance_logs.py took 0.372 seconds
[2026-04-07T08:31:48.173+0000] {processor.py:161} INFO - Started process (PID=955) to work on /opt/airflow/dags/maintenance_logs.py
[2026-04-07T08:31:48.175+0000] {processor.py:830} INFO - Processing file /opt/airflow/dags/maintenance_logs.py for tasks to queue
[2026-04-07T08:31:48.178+0000] {logging_mixin.py:188} INFO - [2026-04-07T08:31:48.177+0000] {dagbag.py:545} INFO - Filling up the DagBag from /opt/airflow/dags/maintenance_logs.py
[2026-04-07T08:31:48.219+0000] {processor.py:840} INFO - DAG(s) 'maintenance_cleanup_logs' retrieved from /opt/airflow/dags/maintenance_logs.py
[2026-04-07T08:31:48.330+0000] {logging_mixin.py:188} INFO - [2026-04-07T08:31:48.329+0000] {dag.py:3089} INFO - Sync 1 DAGs
[2026-04-07T08:31:48.382+0000] {logging_mixin.py:188} INFO - [2026-04-07T08:31:48.381+0000] {dag.py:3947} INFO - Setting next_dagrun for maintenance_cleanup_logs to 2026-04-07 00:00:00+00:00, run_after=2026-04-08 00:00:00+00:00
[2026-04-07T08:31:48.447+0000] {processor.py:183} INFO - Processing /opt/airflow/dags/maintenance_logs.py took 0.282 seconds
[2026-04-07T08:32:19.180+0000] {processor.py:161} INFO - Started process (PID=966) to work on /opt/airflow/dags/maintenance_logs.py
[2026-04-07T08:32:19.183+0000] {processor.py:830} INFO - Processing file /opt/airflow/dags/maintenance_logs.py for tasks to queue
[2026-04-07T08:32:19.188+0000] {logging_mixin.py:188} INFO - [2026-04-07T08:32:19.187+0000] {dagbag.py:545} INFO - Filling up the DagBag from /opt/airflow/dags/maintenance_logs.py
[2026-04-07T08:32:19.239+0000] {processor.py:840} INFO - DAG(s) 'maintenance_cleanup_logs' retrieved from /opt/airflow/dags/maintenance_logs.py
[2026-04-07T08:32:19.334+0000] {logging_mixin.py:188} INFO - [2026-04-07T08:32:19.334+0000] {dag.py:3089} INFO - Sync 1 DAGs
[2026-04-07T08:32:19.372+0000] {logging_mixin.py:188} INFO - [2026-04-07T08:32:19.371+0000] {dag.py:3947} INFO - Setting next_dagrun for maintenance_cleanup_logs to 2026-04-07 00:00:00+00:00, run_after=2026-04-08 00:00:00+00:00
[2026-04-07T08:32:19.430+0000] {processor.py:183} INFO - Processing /opt/airflow/dags/maintenance_logs.py took 0.271 seconds
[2026-04-07T08:32:49.609+0000] {processor.py:161} INFO - Started process (PID=977) to work on /opt/airflow/dags/maintenance_logs.py
[2026-04-07T08:32:49.614+0000] {processor.py:830} INFO - Processing file /opt/airflow/dags/maintenance_logs.py for tasks to queue
[2026-04-07T08:32:49.623+0000] {logging_mixin.py:188} INFO - [2026-04-07T08:32:49.622+0000] {dagbag.py:545} INFO - Filling up the DagBag from /opt/airflow/dags/maintenance_logs.py
[2026-04-07T08:32:49.766+0000] {processor.py:840} INFO - DAG(s) 'maintenance_cleanup_logs' retrieved from /opt/airflow/dags/maintenance_logs.py
[2026-04-07T08:32:49.916+0000] {logging_mixin.py:188} INFO - [2026-04-07T08:32:49.915+0000] {dag.py:3089} INFO - Sync 1 DAGs
[2026-04-07T08:32:49.967+0000] {logging_mixin.py:188} INFO - [2026-04-07T08:32:49.966+0000] {dag.py:3947} INFO - Setting next_dagrun for maintenance_cleanup_logs to 2026-04-07 00:00:00+00:00, run_after=2026-04-08 00:00:00+00:00
[2026-04-07T08:32:50.017+0000] {processor.py:183} INFO - Processing /opt/airflow/dags/maintenance_logs.py took 0.432 seconds
[2026-04-07T08:33:20.782+0000] {processor.py:161} INFO - Started process (PID=988) to work on /opt/airflow/dags/maintenance_logs.py
[2026-04-07T08:33:20.784+0000] {processor.py:830} INFO - Processing file /opt/airflow/dags/maintenance_logs.py for tasks to queue
[2026-04-07T08:33:20.787+0000] {logging_mixin.py:188} INFO - [2026-04-07T08:33:20.787+0000] {dagbag.py:545} INFO - Filling up the DagBag from /opt/airflow/dags/maintenance_logs.py
[2026-04-07T08:33:20.831+0000] {processor.py:840} INFO - DAG(s) 'maintenance_cleanup_logs' retrieved from /opt/airflow/dags/maintenance_logs.py
[2026-04-07T08:33:20.925+0000] {logging_mixin.py:188} INFO - [2026-04-07T08:33:20.925+0000] {dag.py:3089} INFO - Sync 1 DAGs
[2026-04-07T08:33:20.966+0000] {logging_mixin.py:188} INFO - [2026-04-07T08:33:20.966+0000] {dag.py:3947} INFO - Setting next_dagrun for maintenance_cleanup_logs to 2026-04-07 00:00:00+00:00, run_after=2026-04-08 00:00:00+00:00
[2026-04-07T08:33:21.008+0000] {processor.py:183} INFO - Processing /opt/airflow/dags/maintenance_logs.py took 0.241 seconds
[2026-04-07T08:33:51.759+0000] {processor.py:161} INFO - Started process (PID=999) to work on /opt/airflow/dags/maintenance_logs.py
[2026-04-07T08:33:51.763+0000] {processor.py:830} INFO - Processing file /opt/airflow/dags/maintenance_logs.py for tasks to queue
[2026-04-07T08:33:51.770+0000] {logging_mixin.py:188} INFO - [2026-04-07T08:33:51.770+0000] {dagbag.py:545} INFO - Filling up the DagBag from /opt/airflow/dags/maintenance_logs.py
[2026-04-07T08:33:51.851+0000] {processor.py:840} INFO - DAG(s) 'maintenance_cleanup_logs' retrieved from /opt/airflow/dags/maintenance_logs.py
[2026-04-07T08:33:52.006+0000] {logging_mixin.py:188} INFO - [2026-04-07T08:33:52.006+0000] {dag.py:3089} INFO - Sync 1 DAGs
[2026-04-07T08:33:52.057+0000] {logging_mixin.py:188} INFO - [2026-04-07T08:33:52.057+0000] {dag.py:3947} INFO - Setting next_dagrun for maintenance_cleanup_logs to 2026-04-07 00:00:00+00:00, run_after=2026-04-08 00:00:00+00:00
[2026-04-07T08:33:52.107+0000] {processor.py:183} INFO - Processing /opt/airflow/dags/maintenance_logs.py took 0.382 seconds
[2026-04-07T08:34:22.282+0000] {processor.py:161} INFO - Started process (PID=1010) to work on /opt/airflow/dags/maintenance_logs.py
[2026-04-07T08:34:22.284+0000] {processor.py:830} INFO - Processing file /opt/airflow/dags/maintenance_logs.py for tasks to queue
[2026-04-07T08:34:22.290+0000] {logging_mixin.py:188} INFO - [2026-04-07T08:34:22.289+0000] {dagbag.py:545} INFO - Filling up the DagBag from /opt/airflow/dags/maintenance_logs.py
[2026-04-07T08:34:22.344+0000] {processor.py:840} INFO - DAG(s) 'maintenance_cleanup_logs' retrieved from /opt/airflow/dags/maintenance_logs.py
[2026-04-07T08:34:22.439+0000] {logging_mixin.py:188} INFO - [2026-04-07T08:34:22.438+0000] {dag.py:3089} INFO - Sync 1 DAGs
[2026-04-07T08:34:22.487+0000] {logging_mixin.py:188} INFO - [2026-04-07T08:34:22.486+0000] {dag.py:3947} INFO - Setting next_dagrun for maintenance_cleanup_logs to 2026-04-07 00:00:00+00:00, run_after=2026-04-08 00:00:00+00:00
[2026-04-07T08:34:22.544+0000] {processor.py:183} INFO - Processing /opt/airflow/dags/maintenance_logs.py took 0.279 seconds
[2026-04-07T08:34:52.846+0000] {processor.py:161} INFO - Started process (PID=1021) to work on /opt/airflow/dags/maintenance_logs.py
[2026-04-07T08:34:52.848+0000] {processor.py:830} INFO - Processing file /opt/airflow/dags/maintenance_logs.py for tasks to queue
[2026-04-07T08:34:52.853+0000] {logging_mixin.py:188} INFO - [2026-04-07T08:34:52.852+0000] {dagbag.py:545} INFO - Filling up the DagBag from /opt/airflow/dags/maintenance_logs.py
[2026-04-07T08:34:52.921+0000] {processor.py:840} INFO - DAG(s) 'maintenance_cleanup_logs' retrieved from /opt/airflow/dags/maintenance_logs.py
[2026-04-07T08:34:53.097+0000] {logging_mixin.py:188} INFO - [2026-04-07T08:34:53.097+0000] {dag.py:3089} INFO - Sync 1 DAGs
[2026-04-07T08:34:53.170+0000] {logging_mixin.py:188} INFO - [2026-04-07T08:34:53.170+0000] {dag.py:3947} INFO - Setting next_dagrun for maintenance_cleanup_logs to 2026-04-07 00:00:00+00:00, run_after=2026-04-08 00:00:00+00:00
[2026-04-07T08:34:53.253+0000] {processor.py:183} INFO - Processing /opt/airflow/dags/maintenance_logs.py took 0.427 seconds
[2026-04-07T08:35:23.707+0000] {processor.py:161} INFO - Started process (PID=1032) to work on /opt/airflow/dags/maintenance_logs.py
[2026-04-07T08:35:23.709+0000] {processor.py:830} INFO - Processing file /opt/airflow/dags/maintenance_logs.py for tasks to queue
[2026-04-07T08:35:23.713+0000] {logging_mixin.py:188} INFO - [2026-04-07T08:35:23.712+0000] {dagbag.py:545} INFO - Filling up the DagBag from /opt/airflow/dags/maintenance_logs.py
[2026-04-07T08:35:23.774+0000] {processor.py:840} INFO - DAG(s) 'maintenance_cleanup_logs' retrieved from /opt/airflow/dags/maintenance_logs.py
[2026-04-07T08:35:23.902+0000] {logging_mixin.py:188} INFO - [2026-04-07T08:35:23.902+0000] {dag.py:3089} INFO - Sync 1 DAGs
[2026-04-07T08:35:23.970+0000] {logging_mixin.py:188} INFO - [2026-04-07T08:35:23.969+0000] {dag.py:3947} INFO - Setting next_dagrun for maintenance_cleanup_logs to 2026-04-07 00:00:00+00:00, run_after=2026-04-08 00:00:00+00:00
[2026-04-07T08:35:24.042+0000] {processor.py:183} INFO - Processing /opt/airflow/dags/maintenance_logs.py took 0.349 seconds
[2026-04-07T08:35:54.648+0000] {processor.py:161} INFO - Started process (PID=1037) to work on /opt/airflow/dags/maintenance_logs.py
[2026-04-07T08:35:54.649+0000] {processor.py:830} INFO - Processing file /opt/airflow/dags/maintenance_logs.py for tasks to queue
[2026-04-07T08:35:54.653+0000] {logging_mixin.py:188} INFO - [2026-04-07T08:35:54.652+0000] {dagbag.py:545} INFO - Filling up the DagBag from /opt/airflow/dags/maintenance_logs.py
[2026-04-07T08:35:54.705+0000] {processor.py:840} INFO - DAG(s) 'maintenance_cleanup_logs' retrieved from /opt/airflow/dags/maintenance_logs.py
[2026-04-07T08:35:54.807+0000] {logging_mixin.py:188} INFO - [2026-04-07T08:35:54.807+0000] {dag.py:3089} INFO - Sync 1 DAGs
[2026-04-07T08:35:54.861+0000] {logging_mixin.py:188} INFO - [2026-04-07T08:35:54.861+0000] {dag.py:3947} INFO - Setting next_dagrun for maintenance_cleanup_logs to 2026-04-07 00:00:00+00:00, run_after=2026-04-08 00:00:00+00:00
[2026-04-07T08:35:54.922+0000] {processor.py:183} INFO - Processing /opt/airflow/dags/maintenance_logs.py took 0.285 seconds
[2026-04-07T08:36:25.243+0000] {processor.py:161} INFO - Started process (PID=1048) to work on /opt/airflow/dags/maintenance_logs.py
[2026-04-07T08:36:25.246+0000] {processor.py:830} INFO - Processing file /opt/airflow/dags/maintenance_logs.py for tasks to queue
[2026-04-07T08:36:25.251+0000] {logging_mixin.py:188} INFO - [2026-04-07T08:36:25.250+0000] {dagbag.py:545} INFO - Filling up the DagBag from /opt/airflow/dags/maintenance_logs.py
[2026-04-07T08:36:25.349+0000] {processor.py:840} INFO - DAG(s) 'maintenance_cleanup_logs' retrieved from /opt/airflow/dags/maintenance_logs.py
[2026-04-07T08:36:25.486+0000] {logging_mixin.py:188} INFO - [2026-04-07T08:36:25.486+0000] {dag.py:3089} INFO - Sync 1 DAGs
[2026-04-07T08:36:25.524+0000] {logging_mixin.py:188} INFO - [2026-04-07T08:36:25.523+0000] {dag.py:3947} INFO - Setting next_dagrun for maintenance_cleanup_logs to 2026-04-07 00:00:00+00:00, run_after=2026-04-08 00:00:00+00:00
[2026-04-07T08:36:25.574+0000] {processor.py:183} INFO - Processing /opt/airflow/dags/maintenance_logs.py took 0.356 seconds
[2026-04-07T08:36:55.782+0000] {processor.py:161} INFO - Started process (PID=1059) to work on /opt/airflow/dags/maintenance_logs.py
[2026-04-07T08:36:55.787+0000] {processor.py:830} INFO - Processing file /opt/airflow/dags/maintenance_logs.py for tasks to queue
[2026-04-07T08:36:55.794+0000] {logging_mixin.py:188} INFO - [2026-04-07T08:36:55.793+0000] {dagbag.py:545} INFO - Filling up the DagBag from /opt/airflow/dags/maintenance_logs.py
[2026-04-07T08:36:55.931+0000] {processor.py:840} INFO - DAG(s) 'maintenance_cleanup_logs' retrieved from /opt/airflow/dags/maintenance_logs.py
[2026-04-07T08:36:56.040+0000] {logging_mixin.py:188} INFO - [2026-04-07T08:36:56.039+0000] {dag.py:3089} INFO - Sync 1 DAGs
[2026-04-07T08:36:56.091+0000] {logging_mixin.py:188} INFO - [2026-04-07T08:36:56.090+0000] {dag.py:3947} INFO - Setting next_dagrun for maintenance_cleanup_logs to 2026-04-07 00:00:00+00:00, run_after=2026-04-08 00:00:00+00:00
[2026-04-07T08:36:56.172+0000] {processor.py:183} INFO - Processing /opt/airflow/dags/maintenance_logs.py took 0.416 seconds
[2026-04-07T08:37:26.307+0000] {processor.py:161} INFO - Started process (PID=1070) to work on /opt/airflow/dags/maintenance_logs.py
[2026-04-07T08:37:26.311+0000] {processor.py:830} INFO - Processing file /opt/airflow/dags/maintenance_logs.py for tasks to queue
[2026-04-07T08:37:26.317+0000] {logging_mixin.py:188} INFO - [2026-04-07T08:37:26.316+0000] {dagbag.py:545} INFO - Filling up the DagBag from /opt/airflow/dags/maintenance_logs.py
[2026-04-07T08:37:26.438+0000] {processor.py:840} INFO - DAG(s) 'maintenance_cleanup_logs' retrieved from /opt/airflow/dags/maintenance_logs.py
[2026-04-07T08:37:26.597+0000] {logging_mixin.py:188} INFO - [2026-04-07T08:37:26.597+0000] {dag.py:3089} INFO - Sync 1 DAGs
[2026-04-07T08:37:26.636+0000] {logging_mixin.py:188} INFO - [2026-04-07T08:37:26.636+0000] {dag.py:3947} INFO - Setting next_dagrun for maintenance_cleanup_logs to 2026-04-07 00:00:00+00:00, run_after=2026-04-08 00:00:00+00:00
[2026-04-07T08:37:26.687+0000] {processor.py:183} INFO - Processing /opt/airflow/dags/maintenance_logs.py took 0.402 seconds
[2026-04-07T08:37:57.556+0000] {processor.py:161} INFO - Started process (PID=1081) to work on /opt/airflow/dags/maintenance_logs.py
[2026-04-07T08:37:57.558+0000] {processor.py:830} INFO - Processing file /opt/airflow/dags/maintenance_logs.py for tasks to queue
[2026-04-07T08:37:57.564+0000] {logging_mixin.py:188} INFO - [2026-04-07T08:37:57.564+0000] {dagbag.py:545} INFO - Filling up the DagBag from /opt/airflow/dags/maintenance_logs.py
[2026-04-07T08:37:57.606+0000] {processor.py:840} INFO - DAG(s) 'maintenance_cleanup_logs' retrieved from /opt/airflow/dags/maintenance_logs.py
[2026-04-07T08:37:57.705+0000] {logging_mixin.py:188} INFO - [2026-04-07T08:37:57.705+0000] {dag.py:3089} INFO - Sync 1 DAGs
[2026-04-07T08:37:57.747+0000] {logging_mixin.py:188} INFO - [2026-04-07T08:37:57.747+0000] {dag.py:3947} INFO - Setting next_dagrun for maintenance_cleanup_logs to 2026-04-07 00:00:00+00:00, run_after=2026-04-08 00:00:00+00:00
[2026-04-07T08:37:57.795+0000] {processor.py:183} INFO - Processing /opt/airflow/dags/maintenance_logs.py took 0.269 seconds
[2026-04-07T08:38:28.120+0000] {processor.py:161} INFO - Started process (PID=1092) to work on /opt/airflow/dags/maintenance_logs.py
[2026-04-07T08:38:28.125+0000] {processor.py:830} INFO - Processing file /opt/airflow/dags/maintenance_logs.py for tasks to queue
[2026-04-07T08:38:28.133+0000] {logging_mixin.py:188} INFO - [2026-04-07T08:38:28.131+0000] {dagbag.py:545} INFO - Filling up the DagBag from /opt/airflow/dags/maintenance_logs.py
[2026-04-07T08:38:28.307+0000] {processor.py:840} INFO - DAG(s) 'maintenance_cleanup_logs' retrieved from /opt/airflow/dags/maintenance_logs.py
[2026-04-07T08:38:28.414+0000] {logging_mixin.py:188} INFO - [2026-04-07T08:38:28.414+0000] {dag.py:3089} INFO - Sync 1 DAGs
[2026-04-07T08:38:28.452+0000] {logging_mixin.py:188} INFO - [2026-04-07T08:38:28.452+0000] {dag.py:3947} INFO - Setting next_dagrun for maintenance_cleanup_logs to 2026-04-07 00:00:00+00:00, run_after=2026-04-08 00:00:00+00:00
[2026-04-07T08:38:28.494+0000] {processor.py:183} INFO - Processing /opt/airflow/dags/maintenance_logs.py took 0.405 seconds
[2026-04-07T08:38:58.647+0000] {processor.py:161} INFO - Started process (PID=1103) to work on /opt/airflow/dags/maintenance_logs.py
[2026-04-07T08:38:58.649+0000] {processor.py:830} INFO - Processing file /opt/airflow/dags/maintenance_logs.py for tasks to queue
[2026-04-07T08:38:58.652+0000] {logging_mixin.py:188} INFO - [2026-04-07T08:38:58.651+0000] {dagbag.py:545} INFO - Filling up the DagBag from /opt/airflow/dags/maintenance_logs.py
[2026-04-07T08:38:58.700+0000] {processor.py:840} INFO - DAG(s) 'maintenance_cleanup_logs' retrieved from /opt/airflow/dags/maintenance_logs.py
[2026-04-07T08:38:58.819+0000] {logging_mixin.py:188} INFO - [2026-04-07T08:38:58.819+0000] {dag.py:3089} INFO - Sync 1 DAGs
[2026-04-07T08:38:58.868+0000] {logging_mixin.py:188} INFO - [2026-04-07T08:38:58.868+0000] {dag.py:3947} INFO - Setting next_dagrun for maintenance_cleanup_logs to 2026-04-07 00:00:00+00:00, run_after=2026-04-08 00:00:00+00:00
[2026-04-07T08:38:58.931+0000] {processor.py:183} INFO - Processing /opt/airflow/dags/maintenance_logs.py took 0.296 seconds
[2026-04-07T08:39:29.650+0000] {processor.py:161} INFO - Started process (PID=1114) to work on /opt/airflow/dags/maintenance_logs.py
[2026-04-07T08:39:29.655+0000] {processor.py:830} INFO - Processing file /opt/airflow/dags/maintenance_logs.py for tasks to queue
[2026-04-07T08:39:29.661+0000] {logging_mixin.py:188} INFO - [2026-04-07T08:39:29.660+0000] {dagbag.py:545} INFO - Filling up the DagBag from /opt/airflow/dags/maintenance_logs.py
[2026-04-07T08:39:29.731+0000] {processor.py:840} INFO - DAG(s) 'maintenance_cleanup_logs' retrieved from /opt/airflow/dags/maintenance_logs.py
[2026-04-07T08:39:29.887+0000] {logging_mixin.py:188} INFO - [2026-04-07T08:39:29.887+0000] {dag.py:3089} INFO - Sync 1 DAGs
[2026-04-07T08:39:29.975+0000] {logging_mixin.py:188} INFO - [2026-04-07T08:39:29.974+0000] {dag.py:3947} INFO - Setting next_dagrun for maintenance_cleanup_logs to 2026-04-07 00:00:00+00:00, run_after=2026-04-08 00:00:00+00:00
[2026-04-07T08:39:30.083+0000] {processor.py:183} INFO - Processing /opt/airflow/dags/maintenance_logs.py took 0.449 seconds
[2026-04-07T08:40:01.090+0000] {processor.py:161} INFO - Started process (PID=1125) to work on /opt/airflow/dags/maintenance_logs.py
[2026-04-07T08:40:01.093+0000] {processor.py:830} INFO - Processing file /opt/airflow/dags/maintenance_logs.py for tasks to queue
[2026-04-07T08:40:01.097+0000] {logging_mixin.py:188} INFO - [2026-04-07T08:40:01.096+0000] {dagbag.py:545} INFO - Filling up the DagBag from /opt/airflow/dags/maintenance_logs.py
[2026-04-07T08:40:01.149+0000] {processor.py:840} INFO - DAG(s) 'maintenance_cleanup_logs' retrieved from /opt/airflow/dags/maintenance_logs.py
[2026-04-07T08:40:01.249+0000] {logging_mixin.py:188} INFO - [2026-04-07T08:40:01.248+0000] {dag.py:3089} INFO - Sync 1 DAGs
[2026-04-07T08:40:01.290+0000] {logging_mixin.py:188} INFO - [2026-04-07T08:40:01.290+0000] {dag.py:3947} INFO - Setting next_dagrun for maintenance_cleanup_logs to 2026-04-07 00:00:00+00:00, run_after=2026-04-08 00:00:00+00:00
[2026-04-07T08:40:01.331+0000] {processor.py:183} INFO - Processing /opt/airflow/dags/maintenance_logs.py took 0.252 seconds
[2026-04-07T08:40:31.994+0000] {processor.py:161} INFO - Started process (PID=1136) to work on /opt/airflow/dags/maintenance_logs.py
[2026-04-07T08:40:31.996+0000] {processor.py:830} INFO - Processing file /opt/airflow/dags/maintenance_logs.py for tasks to queue
[2026-04-07T08:40:31.998+0000] {logging_mixin.py:188} INFO - [2026-04-07T08:40:31.998+0000] {dagbag.py:545} INFO - Filling up the DagBag from /opt/airflow/dags/maintenance_logs.py
[2026-04-07T08:40:32.046+0000] {processor.py:840} INFO - DAG(s) 'maintenance_cleanup_logs' retrieved from /opt/airflow/dags/maintenance_logs.py
[2026-04-07T08:40:32.288+0000] {logging_mixin.py:188} INFO - [2026-04-07T08:40:32.288+0000] {dag.py:3089} INFO - Sync 1 DAGs
[2026-04-07T08:40:32.329+0000] {logging_mixin.py:188} INFO - [2026-04-07T08:40:32.329+0000] {dag.py:3947} INFO - Setting next_dagrun for maintenance_cleanup_logs to 2026-04-07 00:00:00+00:00, run_after=2026-04-08 00:00:00+00:00
[2026-04-07T08:40:32.380+0000] {processor.py:183} INFO - Processing /opt/airflow/dags/maintenance_logs.py took 0.397 seconds
[2026-04-07T08:41:03.178+0000] {processor.py:161} INFO - Started process (PID=1147) to work on /opt/airflow/dags/maintenance_logs.py
[2026-04-07T08:41:03.184+0000] {processor.py:830} INFO - Processing file /opt/airflow/dags/maintenance_logs.py for tasks to queue
[2026-04-07T08:41:03.201+0000] {logging_mixin.py:188} INFO - [2026-04-07T08:41:03.198+0000] {dagbag.py:545} INFO - Filling up the DagBag from /opt/airflow/dags/maintenance_logs.py
[2026-04-07T08:41:03.361+0000] {processor.py:840} INFO - DAG(s) 'maintenance_cleanup_logs' retrieved from /opt/airflow/dags/maintenance_logs.py
[2026-04-07T08:41:03.558+0000] {logging_mixin.py:188} INFO - [2026-04-07T08:41:03.557+0000] {dag.py:3089} INFO - Sync 1 DAGs
[2026-04-07T08:41:03.600+0000] {logging_mixin.py:188} INFO - [2026-04-07T08:41:03.600+0000] {dag.py:3947} INFO - Setting next_dagrun for maintenance_cleanup_logs to 2026-04-07 00:00:00+00:00, run_after=2026-04-08 00:00:00+00:00
[2026-04-07T08:41:03.652+0000] {processor.py:183} INFO - Processing /opt/airflow/dags/maintenance_logs.py took 0.513 seconds
[2026-04-07T08:41:33.880+0000] {processor.py:161} INFO - Started process (PID=1158) to work on /opt/airflow/dags/maintenance_logs.py
[2026-04-07T08:41:33.884+0000] {processor.py:830} INFO - Processing file /opt/airflow/dags/maintenance_logs.py for tasks to queue
[2026-04-07T08:41:33.893+0000] {logging_mixin.py:188} INFO - [2026-04-07T08:41:33.891+0000] {dagbag.py:545} INFO - Filling up the DagBag from /opt/airflow/dags/maintenance_logs.py
[2026-04-07T08:41:34.034+0000] {processor.py:840} INFO - DAG(s) 'maintenance_cleanup_logs' retrieved from /opt/airflow/dags/maintenance_logs.py
[2026-04-07T08:41:34.172+0000] {logging_mixin.py:188} INFO - [2026-04-07T08:41:34.172+0000] {dag.py:3089} INFO - Sync 1 DAGs
[2026-04-07T08:41:34.215+0000] {logging_mixin.py:188} INFO - [2026-04-07T08:41:34.214+0000] {dag.py:3947} INFO - Setting next_dagrun for maintenance_cleanup_logs to 2026-04-07 00:00:00+00:00, run_after=2026-04-08 00:00:00+00:00
[2026-04-07T08:41:34.268+0000] {processor.py:183} INFO - Processing /opt/airflow/dags/maintenance_logs.py took 0.422 seconds
[2026-04-07T08:42:04.483+0000] {processor.py:161} INFO - Started process (PID=1169) to work on /opt/airflow/dags/maintenance_logs.py
[2026-04-07T08:42:04.488+0000] {processor.py:830} INFO - Processing file /opt/airflow/dags/maintenance_logs.py for tasks to queue
[2026-04-07T08:42:04.497+0000] {logging_mixin.py:188} INFO - [2026-04-07T08:42:04.496+0000] {dagbag.py:545} INFO - Filling up the DagBag from /opt/airflow/dags/maintenance_logs.py
[2026-04-07T08:42:04.627+0000] {processor.py:840} INFO - DAG(s) 'maintenance_cleanup_logs' retrieved from /opt/airflow/dags/maintenance_logs.py
[2026-04-07T08:42:04.786+0000] {logging_mixin.py:188} INFO - [2026-04-07T08:42:04.785+0000] {dag.py:3089} INFO - Sync 1 DAGs
[2026-04-07T08:42:04.832+0000] {logging_mixin.py:188} INFO - [2026-04-07T08:42:04.831+0000] {dag.py:3947} INFO - Setting next_dagrun for maintenance_cleanup_logs to 2026-04-07 00:00:00+00:00, run_after=2026-04-08 00:00:00+00:00
[2026-04-07T08:42:04.880+0000] {processor.py:183} INFO - Processing /opt/airflow/dags/maintenance_logs.py took 0.433 seconds
[2026-04-07T08:42:35.060+0000] {processor.py:161} INFO - Started process (PID=1180) to work on /opt/airflow/dags/maintenance_logs.py
[2026-04-07T08:42:35.062+0000] {processor.py:830} INFO - Processing file /opt/airflow/dags/maintenance_logs.py for tasks to queue
[2026-04-07T08:42:35.065+0000] {logging_mixin.py:188} INFO - [2026-04-07T08:42:35.064+0000] {dagbag.py:545} INFO - Filling up the DagBag from /opt/airflow/dags/maintenance_logs.py
[2026-04-07T08:42:35.105+0000] {processor.py:840} INFO - DAG(s) 'maintenance_cleanup_logs' retrieved from /opt/airflow/dags/maintenance_logs.py
[2026-04-07T08:42:35.188+0000] {logging_mixin.py:188} INFO - [2026-04-07T08:42:35.187+0000] {dag.py:3089} INFO - Sync 1 DAGs
[2026-04-07T08:42:35.226+0000] {logging_mixin.py:188} INFO - [2026-04-07T08:42:35.225+0000] {dag.py:3947} INFO - Setting next_dagrun for maintenance_cleanup_logs to 2026-04-07 00:00:00+00:00, run_after=2026-04-08 00:00:00+00:00
[2026-04-07T08:42:35.286+0000] {processor.py:183} INFO - Processing /opt/airflow/dags/maintenance_logs.py took 0.234 seconds
[2026-04-07T08:43:05.988+0000] {processor.py:161} INFO - Started process (PID=1191) to work on /opt/airflow/dags/maintenance_logs.py
[2026-04-07T08:43:05.991+0000] {processor.py:830} INFO - Processing file /opt/airflow/dags/maintenance_logs.py for tasks to queue
[2026-04-07T08:43:05.994+0000] {logging_mixin.py:188} INFO - [2026-04-07T08:43:05.993+0000] {dagbag.py:545} INFO - Filling up the DagBag from /opt/airflow/dags/maintenance_logs.py
[2026-04-07T08:43:06.043+0000] {processor.py:840} INFO - DAG(s) 'maintenance_cleanup_logs' retrieved from /opt/airflow/dags/maintenance_logs.py
[2026-04-07T08:43:06.137+0000] {logging_mixin.py:188} INFO - [2026-04-07T08:43:06.137+0000] {dag.py:3089} INFO - Sync 1 DAGs
[2026-04-07T08:43:06.181+0000] {logging_mixin.py:188} INFO - [2026-04-07T08:43:06.180+0000] {dag.py:3947} INFO - Setting next_dagrun for maintenance_cleanup_logs to 2026-04-07 00:00:00+00:00, run_after=2026-04-08 00:00:00+00:00
[2026-04-07T08:43:06.249+0000] {processor.py:183} INFO - Processing /opt/airflow/dags/maintenance_logs.py took 0.273 seconds
[2026-04-07T08:43:36.967+0000] {processor.py:161} INFO - Started process (PID=1202) to work on /opt/airflow/dags/maintenance_logs.py
[2026-04-07T08:43:36.969+0000] {processor.py:830} INFO - Processing file /opt/airflow/dags/maintenance_logs.py for tasks to queue
[2026-04-07T08:43:36.973+0000] {logging_mixin.py:188} INFO - [2026-04-07T08:43:36.972+0000] {dagbag.py:545} INFO - Filling up the DagBag from /opt/airflow/dags/maintenance_logs.py
[2026-04-07T08:43:37.040+0000] {processor.py:840} INFO - DAG(s) 'maintenance_cleanup_logs' retrieved from /opt/airflow/dags/maintenance_logs.py
[2026-04-07T08:43:37.167+0000] {logging_mixin.py:188} INFO - [2026-04-07T08:43:37.166+0000] {dag.py:3089} INFO - Sync 1 DAGs
[2026-04-07T08:43:37.222+0000] {logging_mixin.py:188} INFO - [2026-04-07T08:43:37.221+0000] {dag.py:3947} INFO - Setting next_dagrun for maintenance_cleanup_logs to 2026-04-07 00:00:00+00:00, run_after=2026-04-08 00:00:00+00:00
[2026-04-07T08:43:37.286+0000] {processor.py:183} INFO - Processing /opt/airflow/dags/maintenance_logs.py took 0.341 seconds
[2026-04-07T08:44:07.930+0000] {processor.py:161} INFO - Started process (PID=1213) to work on /opt/airflow/dags/maintenance_logs.py
[2026-04-07T08:44:07.932+0000] {processor.py:830} INFO - Processing file /opt/airflow/dags/maintenance_logs.py for tasks to queue
[2026-04-07T08:44:07.936+0000] {logging_mixin.py:188} INFO - [2026-04-07T08:44:07.936+0000] {dagbag.py:545} INFO - Filling up the DagBag from /opt/airflow/dags/maintenance_logs.py
[2026-04-07T08:44:07.988+0000] {processor.py:840} INFO - DAG(s) 'maintenance_cleanup_logs' retrieved from /opt/airflow/dags/maintenance_logs.py
[2026-04-07T08:44:08.106+0000] {logging_mixin.py:188} INFO - [2026-04-07T08:44:08.106+0000] {dag.py:3089} INFO - Sync 1 DAGs
[2026-04-07T08:44:08.154+0000] {logging_mixin.py:188} INFO - [2026-04-07T08:44:08.154+0000] {dag.py:3947} INFO - Setting next_dagrun for maintenance_cleanup_logs to 2026-04-07 00:00:00+00:00, run_after=2026-04-08 00:00:00+00:00
[2026-04-07T08:44:08.207+0000] {processor.py:183} INFO - Processing /opt/airflow/dags/maintenance_logs.py took 0.289 seconds
[2026-04-07T08:44:38.788+0000] {processor.py:161} INFO - Started process (PID=1224) to work on /opt/airflow/dags/maintenance_logs.py
[2026-04-07T08:44:38.790+0000] {processor.py:830} INFO - Processing file /opt/airflow/dags/maintenance_logs.py for tasks to queue
[2026-04-07T08:44:38.792+0000] {logging_mixin.py:188} INFO - [2026-04-07T08:44:38.792+0000] {dagbag.py:545} INFO - Filling up the DagBag from /opt/airflow/dags/maintenance_logs.py
[2026-04-07T08:44:38.837+0000] {processor.py:840} INFO - DAG(s) 'maintenance_cleanup_logs' retrieved from /opt/airflow/dags/maintenance_logs.py
[2026-04-07T08:44:38.949+0000] {logging_mixin.py:188} INFO - [2026-04-07T08:44:38.949+0000] {dag.py:3089} INFO - Sync 1 DAGs
[2026-04-07T08:44:39.003+0000] {logging_mixin.py:188} INFO - [2026-04-07T08:44:39.003+0000] {dag.py:3947} INFO - Setting next_dagrun for maintenance_cleanup_logs to 2026-04-07 00:00:00+00:00, run_after=2026-04-08 00:00:00+00:00
[2026-04-07T08:44:39.053+0000] {processor.py:183} INFO - Processing /opt/airflow/dags/maintenance_logs.py took 0.273 seconds
[2026-04-07T08:45:09.415+0000] {processor.py:161} INFO - Started process (PID=1235) to work on /opt/airflow/dags/maintenance_logs.py
[2026-04-07T08:45:09.419+0000] {processor.py:830} INFO - Processing file /opt/airflow/dags/maintenance_logs.py for tasks to queue
[2026-04-07T08:45:09.425+0000] {logging_mixin.py:188} INFO - [2026-04-07T08:45:09.424+0000] {dagbag.py:545} INFO - Filling up the DagBag from /opt/airflow/dags/maintenance_logs.py
[2026-04-07T08:45:09.563+0000] {processor.py:840} INFO - DAG(s) 'maintenance_cleanup_logs' retrieved from /opt/airflow/dags/maintenance_logs.py
[2026-04-07T08:45:09.887+0000] {logging_mixin.py:188} INFO - [2026-04-07T08:45:09.886+0000] {dag.py:3089} INFO - Sync 1 DAGs
[2026-04-07T08:45:09.930+0000] {logging_mixin.py:188} INFO - [2026-04-07T08:45:09.930+0000] {dag.py:3947} INFO - Setting next_dagrun for maintenance_cleanup_logs to 2026-04-07 00:00:00+00:00, run_after=2026-04-08 00:00:00+00:00
[2026-04-07T08:45:09.995+0000] {processor.py:183} INFO - Processing /opt/airflow/dags/maintenance_logs.py took 0.603 seconds
[2026-04-07T08:45:40.443+0000] {processor.py:161} INFO - Started process (PID=1246) to work on /opt/airflow/dags/maintenance_logs.py
[2026-04-07T08:45:40.450+0000] {processor.py:830} INFO - Processing file /opt/airflow/dags/maintenance_logs.py for tasks to queue
[2026-04-07T08:45:40.458+0000] {logging_mixin.py:188} INFO - [2026-04-07T08:45:40.457+0000] {dagbag.py:545} INFO - Filling up the DagBag from /opt/airflow/dags/maintenance_logs.py
[2026-04-07T08:45:40.521+0000] {processor.py:840} INFO - DAG(s) 'maintenance_cleanup_logs' retrieved from /opt/airflow/dags/maintenance_logs.py
[2026-04-07T08:45:40.605+0000] {logging_mixin.py:188} INFO - [2026-04-07T08:45:40.605+0000] {dag.py:3089} INFO - Sync 1 DAGs
[2026-04-07T08:45:40.645+0000] {logging_mixin.py:188} INFO - [2026-04-07T08:45:40.645+0000] {dag.py:3947} INFO - Setting next_dagrun for maintenance_cleanup_logs to 2026-04-07 00:00:00+00:00, run_after=2026-04-08 00:00:00+00:00
[2026-04-07T08:45:40.697+0000] {processor.py:183} INFO - Processing /opt/airflow/dags/maintenance_logs.py took 0.288 seconds
[2026-04-07T08:46:11.447+0000] {processor.py:161} INFO - Started process (PID=1257) to work on /opt/airflow/dags/maintenance_logs.py
[2026-04-07T08:46:11.451+0000] {processor.py:830} INFO - Processing file /opt/airflow/dags/maintenance_logs.py for tasks to queue
[2026-04-07T08:46:11.457+0000] {logging_mixin.py:188} INFO - [2026-04-07T08:46:11.455+0000] {dagbag.py:545} INFO - Filling up the DagBag from /opt/airflow/dags/maintenance_logs.py
[2026-04-07T08:46:11.523+0000] {processor.py:840} INFO - DAG(s) 'maintenance_cleanup_logs' retrieved from /opt/airflow/dags/maintenance_logs.py
[2026-04-07T08:46:11.626+0000] {logging_mixin.py:188} INFO - [2026-04-07T08:46:11.626+0000] {dag.py:3089} INFO - Sync 1 DAGs
[2026-04-07T08:46:11.666+0000] {logging_mixin.py:188} INFO - [2026-04-07T08:46:11.666+0000] {dag.py:3947} INFO - Setting next_dagrun for maintenance_cleanup_logs to 2026-04-07 00:00:00+00:00, run_after=2026-04-08 00:00:00+00:00
[2026-04-07T08:46:11.711+0000] {processor.py:183} INFO - Processing /opt/airflow/dags/maintenance_logs.py took 0.306 seconds
[2026-04-07T08:46:42.523+0000] {processor.py:161} INFO - Started process (PID=1268) to work on /opt/airflow/dags/maintenance_logs.py
[2026-04-07T08:46:42.527+0000] {processor.py:830} INFO - Processing file /opt/airflow/dags/maintenance_logs.py for tasks to queue
[2026-04-07T08:46:42.535+0000] {logging_mixin.py:188} INFO - [2026-04-07T08:46:42.534+0000] {dagbag.py:545} INFO - Filling up the DagBag from /opt/airflow/dags/maintenance_logs.py
[2026-04-07T08:46:42.677+0000] {processor.py:840} INFO - DAG(s) 'maintenance_cleanup_logs' retrieved from /opt/airflow/dags/maintenance_logs.py
[2026-04-07T08:46:42.792+0000] {logging_mixin.py:188} INFO - [2026-04-07T08:46:42.792+0000] {dag.py:3089} INFO - Sync 1 DAGs
[2026-04-07T08:46:42.841+0000] {logging_mixin.py:188} INFO - [2026-04-07T08:46:42.840+0000] {dag.py:3947} INFO - Setting next_dagrun for maintenance_cleanup_logs to 2026-04-07 00:00:00+00:00, run_after=2026-04-08 00:00:00+00:00
[2026-04-07T08:46:42.922+0000] {processor.py:183} INFO - Processing /opt/airflow/dags/maintenance_logs.py took 0.432 seconds
[2026-04-07T08:47:13.237+0000] {processor.py:161} INFO - Started process (PID=1279) to work on /opt/airflow/dags/maintenance_logs.py
[2026-04-07T08:47:13.242+0000] {processor.py:830} INFO - Processing file /opt/airflow/dags/maintenance_logs.py for tasks to queue
[2026-04-07T08:47:13.250+0000] {logging_mixin.py:188} INFO - [2026-04-07T08:47:13.249+0000] {dagbag.py:545} INFO - Filling up the DagBag from /opt/airflow/dags/maintenance_logs.py
[2026-04-07T08:47:13.405+0000] {processor.py:840} INFO - DAG(s) 'maintenance_cleanup_logs' retrieved from /opt/airflow/dags/maintenance_logs.py
[2026-04-07T08:47:13.554+0000] {logging_mixin.py:188} INFO - [2026-04-07T08:47:13.554+0000] {dag.py:3089} INFO - Sync 1 DAGs
[2026-04-07T08:47:13.593+0000] {logging_mixin.py:188} INFO - [2026-04-07T08:47:13.593+0000] {dag.py:3947} INFO - Setting next_dagrun for maintenance_cleanup_logs to 2026-04-07 00:00:00+00:00, run_after=2026-04-08 00:00:00+00:00
[2026-04-07T08:47:13.653+0000] {processor.py:183} INFO - Processing /opt/airflow/dags/maintenance_logs.py took 0.444 seconds
[2026-04-07T08:47:44.458+0000] {processor.py:161} INFO - Started process (PID=1290) to work on /opt/airflow/dags/maintenance_logs.py
[2026-04-07T08:47:44.461+0000] {processor.py:830} INFO - Processing file /opt/airflow/dags/maintenance_logs.py for tasks to queue
[2026-04-07T08:47:44.468+0000] {logging_mixin.py:188} INFO - [2026-04-07T08:47:44.467+0000] {dagbag.py:545} INFO - Filling up the DagBag from /opt/airflow/dags/maintenance_logs.py
[2026-04-07T08:47:44.564+0000] {processor.py:840} INFO - DAG(s) 'maintenance_cleanup_logs' retrieved from /opt/airflow/dags/maintenance_logs.py
[2026-04-07T08:47:44.646+0000] {logging_mixin.py:188} INFO - [2026-04-07T08:47:44.646+0000] {dag.py:3089} INFO - Sync 1 DAGs
[2026-04-07T08:47:44.683+0000] {logging_mixin.py:188} INFO - [2026-04-07T08:47:44.682+0000] {dag.py:3947} INFO - Setting next_dagrun for maintenance_cleanup_logs to 2026-04-07 00:00:00+00:00, run_after=2026-04-08 00:00:00+00:00
[2026-04-07T08:47:44.734+0000] {processor.py:183} INFO - Processing /opt/airflow/dags/maintenance_logs.py took 0.309 seconds
[2026-04-07T08:48:15.421+0000] {processor.py:161} INFO - Started process (PID=1301) to work on /opt/airflow/dags/maintenance_logs.py
[2026-04-07T08:48:15.423+0000] {processor.py:830} INFO - Processing file /opt/airflow/dags/maintenance_logs.py for tasks to queue
[2026-04-07T08:48:15.426+0000] {logging_mixin.py:188} INFO - [2026-04-07T08:48:15.425+0000] {dagbag.py:545} INFO - Filling up the DagBag from /opt/airflow/dags/maintenance_logs.py
[2026-04-07T08:48:15.474+0000] {processor.py:840} INFO - DAG(s) 'maintenance_cleanup_logs' retrieved from /opt/airflow/dags/maintenance_logs.py
[2026-04-07T08:48:15.569+0000] {logging_mixin.py:188} INFO - [2026-04-07T08:48:15.568+0000] {dag.py:3089} INFO - Sync 1 DAGs
[2026-04-07T08:48:15.611+0000] {logging_mixin.py:188} INFO - [2026-04-07T08:48:15.611+0000] {dag.py:3947} INFO - Setting next_dagrun for maintenance_cleanup_logs to 2026-04-07 00:00:00+00:00, run_after=2026-04-08 00:00:00+00:00
[2026-04-07T08:48:15.665+0000] {processor.py:183} INFO - Processing /opt/airflow/dags/maintenance_logs.py took 0.254 seconds
[2026-04-07T08:48:46.444+0000] {processor.py:161} INFO - Started process (PID=1312) to work on /opt/airflow/dags/maintenance_logs.py
[2026-04-07T08:48:46.448+0000] {processor.py:830} INFO - Processing file /opt/airflow/dags/maintenance_logs.py for tasks to queue
[2026-04-07T08:48:46.457+0000] {logging_mixin.py:188} INFO - [2026-04-07T08:48:46.454+0000] {dagbag.py:545} INFO - Filling up the DagBag from /opt/airflow/dags/maintenance_logs.py
[2026-04-07T08:48:46.541+0000] {processor.py:840} INFO - DAG(s) 'maintenance_cleanup_logs' retrieved from /opt/airflow/dags/maintenance_logs.py
[2026-04-07T08:48:46.638+0000] {logging_mixin.py:188} INFO - [2026-04-07T08:48:46.638+0000] {dag.py:3089} INFO - Sync 1 DAGs
[2026-04-07T08:48:46.679+0000] {logging_mixin.py:188} INFO - [2026-04-07T08:48:46.679+0000] {dag.py:3947} INFO - Setting next_dagrun for maintenance_cleanup_logs to 2026-04-07 00:00:00+00:00, run_after=2026-04-08 00:00:00+00:00
[2026-04-07T08:48:46.735+0000] {processor.py:183} INFO - Processing /opt/airflow/dags/maintenance_logs.py took 0.317 seconds
[2026-04-07T08:49:17.537+0000] {processor.py:161} INFO - Started process (PID=1323) to work on /opt/airflow/dags/maintenance_logs.py
[2026-04-07T08:49:17.542+0000] {processor.py:830} INFO - Processing file /opt/airflow/dags/maintenance_logs.py for tasks to queue
[2026-04-07T08:49:17.549+0000] {logging_mixin.py:188} INFO - [2026-04-07T08:49:17.548+0000] {dagbag.py:545} INFO - Filling up the DagBag from /opt/airflow/dags/maintenance_logs.py
[2026-04-07T08:49:17.630+0000] {processor.py:840} INFO - DAG(s) 'maintenance_cleanup_logs' retrieved from /opt/airflow/dags/maintenance_logs.py
[2026-04-07T08:49:17.742+0000] {logging_mixin.py:188} INFO - [2026-04-07T08:49:17.741+0000] {dag.py:3089} INFO - Sync 1 DAGs
[2026-04-07T08:49:17.781+0000] {logging_mixin.py:188} INFO - [2026-04-07T08:49:17.780+0000] {dag.py:3947} INFO - Setting next_dagrun for maintenance_cleanup_logs to 2026-04-07 00:00:00+00:00, run_after=2026-04-08 00:00:00+00:00
[2026-04-07T08:49:17.832+0000] {processor.py:183} INFO - Processing /opt/airflow/dags/maintenance_logs.py took 0.335 seconds
[2026-04-07T08:49:48.561+0000] {processor.py:161} INFO - Started process (PID=1334) to work on /opt/airflow/dags/maintenance_logs.py
[2026-04-07T08:49:48.563+0000] {processor.py:830} INFO - Processing file /opt/airflow/dags/maintenance_logs.py for tasks to queue
[2026-04-07T08:49:48.569+0000] {logging_mixin.py:188} INFO - [2026-04-07T08:49:48.569+0000] {dagbag.py:545} INFO - Filling up the DagBag from /opt/airflow/dags/maintenance_logs.py
[2026-04-07T08:49:48.725+0000] {processor.py:840} INFO - DAG(s) 'maintenance_cleanup_logs' retrieved from /opt/airflow/dags/maintenance_logs.py
[2026-04-07T08:49:48.871+0000] {logging_mixin.py:188} INFO - [2026-04-07T08:49:48.870+0000] {dag.py:3089} INFO - Sync 1 DAGs
[2026-04-07T08:49:48.915+0000] {logging_mixin.py:188} INFO - [2026-04-07T08:49:48.915+0000] {dag.py:3947} INFO - Setting next_dagrun for maintenance_cleanup_logs to 2026-04-07 00:00:00+00:00, run_after=2026-04-08 00:00:00+00:00
[2026-04-07T08:49:48.967+0000] {processor.py:183} INFO - Processing /opt/airflow/dags/maintenance_logs.py took 0.427 seconds
[2026-04-07T08:50:19.403+0000] {processor.py:161} INFO - Started process (PID=1343) to work on /opt/airflow/dags/maintenance_logs.py
[2026-04-07T08:50:19.405+0000] {processor.py:830} INFO - Processing file /opt/airflow/dags/maintenance_logs.py for tasks to queue
[2026-04-07T08:50:19.409+0000] {logging_mixin.py:188} INFO - [2026-04-07T08:50:19.408+0000] {dagbag.py:545} INFO - Filling up the DagBag from /opt/airflow/dags/maintenance_logs.py
[2026-04-07T08:50:19.456+0000] {processor.py:840} INFO - DAG(s) 'maintenance_cleanup_logs' retrieved from /opt/airflow/dags/maintenance_logs.py
[2026-04-07T08:50:19.558+0000] {logging_mixin.py:188} INFO - [2026-04-07T08:50:19.557+0000] {dag.py:3089} INFO - Sync 1 DAGs
[2026-04-07T08:50:19.601+0000] {logging_mixin.py:188} INFO - [2026-04-07T08:50:19.600+0000] {dag.py:3947} INFO - Setting next_dagrun for maintenance_cleanup_logs to 2026-04-07 00:00:00+00:00, run_after=2026-04-08 00:00:00+00:00
[2026-04-07T08:50:19.655+0000] {processor.py:183} INFO - Processing /opt/airflow/dags/maintenance_logs.py took 0.268 seconds
[2026-04-07T08:50:50.344+0000] {processor.py:161} INFO - Started process (PID=1350) to work on /opt/airflow/dags/maintenance_logs.py
[2026-04-07T08:50:50.346+0000] {processor.py:830} INFO - Processing file /opt/airflow/dags/maintenance_logs.py for tasks to queue
[2026-04-07T08:50:50.350+0000] {logging_mixin.py:188} INFO - [2026-04-07T08:50:50.349+0000] {dagbag.py:545} INFO - Filling up the DagBag from /opt/airflow/dags/maintenance_logs.py
[2026-04-07T08:50:50.407+0000] {processor.py:840} INFO - DAG(s) 'maintenance_cleanup_logs' retrieved from /opt/airflow/dags/maintenance_logs.py
[2026-04-07T08:50:50.519+0000] {logging_mixin.py:188} INFO - [2026-04-07T08:50:50.519+0000] {dag.py:3089} INFO - Sync 1 DAGs
[2026-04-07T08:50:50.564+0000] {logging_mixin.py:188} INFO - [2026-04-07T08:50:50.564+0000] {dag.py:3947} INFO - Setting next_dagrun for maintenance_cleanup_logs to 2026-04-07 00:00:00+00:00, run_after=2026-04-08 00:00:00+00:00
[2026-04-07T08:50:50.622+0000] {processor.py:183} INFO - Processing /opt/airflow/dags/maintenance_logs.py took 0.296 seconds
[2026-04-07T08:51:21.431+0000] {processor.py:161} INFO - Started process (PID=1361) to work on /opt/airflow/dags/maintenance_logs.py
[2026-04-07T08:51:21.436+0000] {processor.py:830} INFO - Processing file /opt/airflow/dags/maintenance_logs.py for tasks to queue
[2026-04-07T08:51:21.444+0000] {logging_mixin.py:188} INFO - [2026-04-07T08:51:21.444+0000] {dagbag.py:545} INFO - Filling up the DagBag from /opt/airflow/dags/maintenance_logs.py
[2026-04-07T08:51:21.540+0000] {processor.py:840} INFO - DAG(s) 'maintenance_cleanup_logs' retrieved from /opt/airflow/dags/maintenance_logs.py
[2026-04-07T08:51:21.678+0000] {logging_mixin.py:188} INFO - [2026-04-07T08:51:21.677+0000] {dag.py:3089} INFO - Sync 1 DAGs
[2026-04-07T08:51:21.732+0000] {logging_mixin.py:188} INFO - [2026-04-07T08:51:21.731+0000] {dag.py:3947} INFO - Setting next_dagrun for maintenance_cleanup_logs to 2026-04-07 00:00:00+00:00, run_after=2026-04-08 00:00:00+00:00
[2026-04-07T08:51:21.800+0000] {processor.py:183} INFO - Processing /opt/airflow/dags/maintenance_logs.py took 0.404 seconds
[2026-04-07T08:51:52.533+0000] {processor.py:161} INFO - Started process (PID=1372) to work on /opt/airflow/dags/maintenance_logs.py
[2026-04-07T08:51:52.537+0000] {processor.py:830} INFO - Processing file /opt/airflow/dags/maintenance_logs.py for tasks to queue
[2026-04-07T08:51:52.545+0000] {logging_mixin.py:188} INFO - [2026-04-07T08:51:52.544+0000] {dagbag.py:545} INFO - Filling up the DagBag from /opt/airflow/dags/maintenance_logs.py
[2026-04-07T08:51:52.605+0000] {processor.py:840} INFO - DAG(s) 'maintenance_cleanup_logs' retrieved from /opt/airflow/dags/maintenance_logs.py
[2026-04-07T08:51:52.834+0000] {logging_mixin.py:188} INFO - [2026-04-07T08:51:52.833+0000] {dag.py:3089} INFO - Sync 1 DAGs
[2026-04-07T08:51:52.893+0000] {logging_mixin.py:188} INFO - [2026-04-07T08:51:52.893+0000] {dag.py:3947} INFO - Setting next_dagrun for maintenance_cleanup_logs to 2026-04-07 00:00:00+00:00, run_after=2026-04-08 00:00:00+00:00
[2026-04-07T08:51:52.972+0000] {processor.py:183} INFO - Processing /opt/airflow/dags/maintenance_logs.py took 0.469 seconds
[2026-04-07T08:52:23.666+0000] {processor.py:161} INFO - Started process (PID=1383) to work on /opt/airflow/dags/maintenance_logs.py
[2026-04-07T08:52:23.671+0000] {processor.py:830} INFO - Processing file /opt/airflow/dags/maintenance_logs.py for tasks to queue
[2026-04-07T08:52:23.678+0000] {logging_mixin.py:188} INFO - [2026-04-07T08:52:23.677+0000] {dagbag.py:545} INFO - Filling up the DagBag from /opt/airflow/dags/maintenance_logs.py
[2026-04-07T08:52:23.805+0000] {processor.py:840} INFO - DAG(s) 'maintenance_cleanup_logs' retrieved from /opt/airflow/dags/maintenance_logs.py
[2026-04-07T08:52:23.965+0000] {logging_mixin.py:188} INFO - [2026-04-07T08:52:23.965+0000] {dag.py:3089} INFO - Sync 1 DAGs
[2026-04-07T08:52:24.004+0000] {logging_mixin.py:188} INFO - [2026-04-07T08:52:24.004+0000] {dag.py:3947} INFO - Setting next_dagrun for maintenance_cleanup_logs to 2026-04-07 00:00:00+00:00, run_after=2026-04-08 00:00:00+00:00
[2026-04-07T08:52:24.047+0000] {processor.py:183} INFO - Processing /opt/airflow/dags/maintenance_logs.py took 0.408 seconds
[2026-04-07T08:52:54.701+0000] {processor.py:161} INFO - Started process (PID=1394) to work on /opt/airflow/dags/maintenance_logs.py
[2026-04-07T08:52:54.702+0000] {processor.py:830} INFO - Processing file /opt/airflow/dags/maintenance_logs.py for tasks to queue
[2026-04-07T08:52:54.705+0000] {logging_mixin.py:188} INFO - [2026-04-07T08:52:54.705+0000] {dagbag.py:545} INFO - Filling up the DagBag from /opt/airflow/dags/maintenance_logs.py
[2026-04-07T08:52:54.738+0000] {processor.py:840} INFO - DAG(s) 'maintenance_cleanup_logs' retrieved from /opt/airflow/dags/maintenance_logs.py
[2026-04-07T08:52:54.820+0000] {logging_mixin.py:188} INFO - [2026-04-07T08:52:54.820+0000] {dag.py:3089} INFO - Sync 1 DAGs
[2026-04-07T08:52:54.855+0000] {logging_mixin.py:188} INFO - [2026-04-07T08:52:54.855+0000] {dag.py:3947} INFO - Setting next_dagrun for maintenance_cleanup_logs to 2026-04-07 00:00:00+00:00, run_after=2026-04-08 00:00:00+00:00
[2026-04-07T08:52:54.904+0000] {processor.py:183} INFO - Processing /opt/airflow/dags/maintenance_logs.py took 0.213 seconds
[2026-04-07T08:53:25.601+0000] {processor.py:161} INFO - Started process (PID=1405) to work on /opt/airflow/dags/maintenance_logs.py
[2026-04-07T08:53:25.603+0000] {processor.py:830} INFO - Processing file /opt/airflow/dags/maintenance_logs.py for tasks to queue
[2026-04-07T08:53:25.606+0000] {logging_mixin.py:188} INFO - [2026-04-07T08:53:25.605+0000] {dagbag.py:545} INFO - Filling up the DagBag from /opt/airflow/dags/maintenance_logs.py
[2026-04-07T08:53:25.652+0000] {processor.py:840} INFO - DAG(s) 'maintenance_cleanup_logs' retrieved from /opt/airflow/dags/maintenance_logs.py
[2026-04-07T08:53:25.750+0000] {logging_mixin.py:188} INFO - [2026-04-07T08:53:25.750+0000] {dag.py:3089} INFO - Sync 1 DAGs
[2026-04-07T08:53:25.792+0000] {logging_mixin.py:188} INFO - [2026-04-07T08:53:25.791+0000] {dag.py:3947} INFO - Setting next_dagrun for maintenance_cleanup_logs to 2026-04-07 00:00:00+00:00, run_after=2026-04-08 00:00:00+00:00
[2026-04-07T08:53:25.841+0000] {processor.py:183} INFO - Processing /opt/airflow/dags/maintenance_logs.py took 0.248 seconds
[2026-04-07T08:53:56.144+0000] {processor.py:161} INFO - Started process (PID=1416) to work on /opt/airflow/dags/maintenance_logs.py
[2026-04-07T08:53:56.148+0000] {processor.py:830} INFO - Processing file /opt/airflow/dags/maintenance_logs.py for tasks to queue
[2026-04-07T08:53:56.155+0000] {logging_mixin.py:188} INFO - [2026-04-07T08:53:56.154+0000] {dagbag.py:545} INFO - Filling up the DagBag from /opt/airflow/dags/maintenance_logs.py
[2026-04-07T08:53:56.266+0000] {processor.py:840} INFO - DAG(s) 'maintenance_cleanup_logs' retrieved from /opt/airflow/dags/maintenance_logs.py
[2026-04-07T08:53:56.471+0000] {logging_mixin.py:188} INFO - [2026-04-07T08:53:56.470+0000] {dag.py:3089} INFO - Sync 1 DAGs
[2026-04-07T08:53:56.530+0000] {logging_mixin.py:188} INFO - [2026-04-07T08:53:56.529+0000] {dag.py:3947} INFO - Setting next_dagrun for maintenance_cleanup_logs to 2026-04-07 00:00:00+00:00, run_after=2026-04-08 00:00:00+00:00
[2026-04-07T08:53:56.604+0000] {processor.py:183} INFO - Processing /opt/airflow/dags/maintenance_logs.py took 0.487 seconds
[2026-04-07T08:54:27.396+0000] {processor.py:161} INFO - Started process (PID=1427) to work on /opt/airflow/dags/maintenance_logs.py
[2026-04-07T08:54:27.398+0000] {processor.py:830} INFO - Processing file /opt/airflow/dags/maintenance_logs.py for tasks to queue
[2026-04-07T08:54:27.400+0000] {logging_mixin.py:188} INFO - [2026-04-07T08:54:27.400+0000] {dagbag.py:545} INFO - Filling up the DagBag from /opt/airflow/dags/maintenance_logs.py
[2026-04-07T08:54:27.456+0000] {processor.py:840} INFO - DAG(s) 'maintenance_cleanup_logs' retrieved from /opt/airflow/dags/maintenance_logs.py
[2026-04-07T08:54:27.544+0000] {logging_mixin.py:188} INFO - [2026-04-07T08:54:27.544+0000] {dag.py:3089} INFO - Sync 1 DAGs
[2026-04-07T08:54:27.582+0000] {logging_mixin.py:188} INFO - [2026-04-07T08:54:27.582+0000] {dag.py:3947} INFO - Setting next_dagrun for maintenance_cleanup_logs to 2026-04-07 00:00:00+00:00, run_after=2026-04-08 00:00:00+00:00
[2026-04-07T08:54:27.622+0000] {processor.py:183} INFO - Processing /opt/airflow/dags/maintenance_logs.py took 0.233 seconds
[2026-04-07T08:54:57.801+0000] {processor.py:161} INFO - Started process (PID=1438) to work on /opt/airflow/dags/maintenance_logs.py
[2026-04-07T08:54:57.804+0000] {processor.py:830} INFO - Processing file /opt/airflow/dags/maintenance_logs.py for tasks to queue
[2026-04-07T08:54:57.809+0000] {logging_mixin.py:188} INFO - [2026-04-07T08:54:57.808+0000] {dagbag.py:545} INFO - Filling up the DagBag from /opt/airflow/dags/maintenance_logs.py
[2026-04-07T08:54:57.882+0000] {processor.py:840} INFO - DAG(s) 'maintenance_cleanup_logs' retrieved from /opt/airflow/dags/maintenance_logs.py
[2026-04-07T08:54:58.011+0000] {logging_mixin.py:188} INFO - [2026-04-07T08:54:58.010+0000] {dag.py:3089} INFO - Sync 1 DAGs
[2026-04-07T08:54:58.047+0000] {logging_mixin.py:188} INFO - [2026-04-07T08:54:58.047+0000] {dag.py:3947} INFO - Setting next_dagrun for maintenance_cleanup_logs to 2026-04-07 00:00:00+00:00, run_after=2026-04-08 00:00:00+00:00
[2026-04-07T08:54:58.099+0000] {processor.py:183} INFO - Processing /opt/airflow/dags/maintenance_logs.py took 0.324 seconds
[2026-04-07T08:55:28.546+0000] {processor.py:161} INFO - Started process (PID=1449) to work on /opt/airflow/dags/maintenance_logs.py
[2026-04-07T08:55:28.550+0000] {processor.py:830} INFO - Processing file /opt/airflow/dags/maintenance_logs.py for tasks to queue
[2026-04-07T08:55:28.557+0000] {logging_mixin.py:188} INFO - [2026-04-07T08:55:28.556+0000] {dagbag.py:545} INFO - Filling up the DagBag from /opt/airflow/dags/maintenance_logs.py
[2026-04-07T08:55:28.681+0000] {processor.py:840} INFO - DAG(s) 'maintenance_cleanup_logs' retrieved from /opt/airflow/dags/maintenance_logs.py
[2026-04-07T08:55:28.898+0000] {logging_mixin.py:188} INFO - [2026-04-07T08:55:28.897+0000] {dag.py:3089} INFO - Sync 1 DAGs
[2026-04-07T08:55:28.949+0000] {logging_mixin.py:188} INFO - [2026-04-07T08:55:28.949+0000] {dag.py:3947} INFO - Setting next_dagrun for maintenance_cleanup_logs to 2026-04-07 00:00:00+00:00, run_after=2026-04-08 00:00:00+00:00
[2026-04-07T08:55:29.037+0000] {processor.py:183} INFO - Processing /opt/airflow/dags/maintenance_logs.py took 0.518 seconds
[2026-04-07T08:55:59.684+0000] {processor.py:161} INFO - Started process (PID=1460) to work on /opt/airflow/dags/maintenance_logs.py
[2026-04-07T08:55:59.686+0000] {processor.py:830} INFO - Processing file /opt/airflow/dags/maintenance_logs.py for tasks to queue
[2026-04-07T08:55:59.689+0000] {logging_mixin.py:188} INFO - [2026-04-07T08:55:59.689+0000] {dagbag.py:545} INFO - Filling up the DagBag from /opt/airflow/dags/maintenance_logs.py
[2026-04-07T08:55:59.741+0000] {processor.py:840} INFO - DAG(s) 'maintenance_cleanup_logs' retrieved from /opt/airflow/dags/maintenance_logs.py
[2026-04-07T08:55:59.879+0000] {logging_mixin.py:188} INFO - [2026-04-07T08:55:59.878+0000] {dag.py:3089} INFO - Sync 1 DAGs
[2026-04-07T08:55:59.929+0000] {logging_mixin.py:188} INFO - [2026-04-07T08:55:59.929+0000] {dag.py:3947} INFO - Setting next_dagrun for maintenance_cleanup_logs to 2026-04-07 00:00:00+00:00, run_after=2026-04-08 00:00:00+00:00
[2026-04-07T08:56:00.054+0000] {processor.py:183} INFO - Processing /opt/airflow/dags/maintenance_logs.py took 0.383 seconds
[2026-04-07T08:56:30.432+0000] {processor.py:161} INFO - Started process (PID=1471) to work on /opt/airflow/dags/maintenance_logs.py
[2026-04-07T08:56:30.437+0000] {processor.py:830} INFO - Processing file /opt/airflow/dags/maintenance_logs.py for tasks to queue
[2026-04-07T08:56:30.446+0000] {logging_mixin.py:188} INFO - [2026-04-07T08:56:30.445+0000] {dagbag.py:545} INFO - Filling up the DagBag from /opt/airflow/dags/maintenance_logs.py
[2026-04-07T08:56:30.607+0000] {processor.py:840} INFO - DAG(s) 'maintenance_cleanup_logs' retrieved from /opt/airflow/dags/maintenance_logs.py
[2026-04-07T08:56:30.737+0000] {logging_mixin.py:188} INFO - [2026-04-07T08:56:30.736+0000] {dag.py:3089} INFO - Sync 1 DAGs
[2026-04-07T08:56:30.780+0000] {logging_mixin.py:188} INFO - [2026-04-07T08:56:30.780+0000] {dag.py:3947} INFO - Setting next_dagrun for maintenance_cleanup_logs to 2026-04-07 00:00:00+00:00, run_after=2026-04-08 00:00:00+00:00
[2026-04-07T08:56:30.824+0000] {processor.py:183} INFO - Processing /opt/airflow/dags/maintenance_logs.py took 0.428 seconds
[2026-04-07T08:57:01.137+0000] {processor.py:161} INFO - Started process (PID=1482) to work on /opt/airflow/dags/maintenance_logs.py
[2026-04-07T08:57:01.142+0000] {processor.py:830} INFO - Processing file /opt/airflow/dags/maintenance_logs.py for tasks to queue
[2026-04-07T08:57:01.153+0000] {logging_mixin.py:188} INFO - [2026-04-07T08:57:01.151+0000] {dagbag.py:545} INFO - Filling up the DagBag from /opt/airflow/dags/maintenance_logs.py
[2026-04-07T08:57:01.272+0000] {processor.py:840} INFO - DAG(s) 'maintenance_cleanup_logs' retrieved from /opt/airflow/dags/maintenance_logs.py
[2026-04-07T08:57:01.470+0000] {logging_mixin.py:188} INFO - [2026-04-07T08:57:01.469+0000] {dag.py:3089} INFO - Sync 1 DAGs
[2026-04-07T08:57:01.524+0000] {logging_mixin.py:188} INFO - [2026-04-07T08:57:01.524+0000] {dag.py:3947} INFO - Setting next_dagrun for maintenance_cleanup_logs to 2026-04-07 00:00:00+00:00, run_after=2026-04-08 00:00:00+00:00
[2026-04-07T08:57:01.581+0000] {processor.py:183} INFO - Processing /opt/airflow/dags/maintenance_logs.py took 0.480 seconds
[2026-04-07T08:57:31.939+0000] {processor.py:161} INFO - Started process (PID=1493) to work on /opt/airflow/dags/maintenance_logs.py
[2026-04-07T08:57:31.944+0000] {processor.py:830} INFO - Processing file /opt/airflow/dags/maintenance_logs.py for tasks to queue
[2026-04-07T08:57:31.953+0000] {logging_mixin.py:188} INFO - [2026-04-07T08:57:31.952+0000] {dagbag.py:545} INFO - Filling up the DagBag from /opt/airflow/dags/maintenance_logs.py
[2026-04-07T08:57:32.179+0000] {processor.py:840} INFO - DAG(s) 'maintenance_cleanup_logs' retrieved from /opt/airflow/dags/maintenance_logs.py
[2026-04-07T08:57:32.321+0000] {logging_mixin.py:188} INFO - [2026-04-07T08:57:32.321+0000] {dag.py:3089} INFO - Sync 1 DAGs
[2026-04-07T08:57:32.358+0000] {logging_mixin.py:188} INFO - [2026-04-07T08:57:32.358+0000] {dag.py:3947} INFO - Setting next_dagrun for maintenance_cleanup_logs to 2026-04-07 00:00:00+00:00, run_after=2026-04-08 00:00:00+00:00
[2026-04-07T08:57:32.397+0000] {processor.py:183} INFO - Processing /opt/airflow/dags/maintenance_logs.py took 0.498 seconds
[2026-04-07T08:58:02.577+0000] {processor.py:161} INFO - Started process (PID=1504) to work on /opt/airflow/dags/maintenance_logs.py
[2026-04-07T08:58:02.581+0000] {processor.py:830} INFO - Processing file /opt/airflow/dags/maintenance_logs.py for tasks to queue
[2026-04-07T08:58:02.591+0000] {logging_mixin.py:188} INFO - [2026-04-07T08:58:02.590+0000] {dagbag.py:545} INFO - Filling up the DagBag from /opt/airflow/dags/maintenance_logs.py
[2026-04-07T08:58:02.701+0000] {processor.py:840} INFO - DAG(s) 'maintenance_cleanup_logs' retrieved from /opt/airflow/dags/maintenance_logs.py
[2026-04-07T08:58:02.828+0000] {logging_mixin.py:188} INFO - [2026-04-07T08:58:02.828+0000] {dag.py:3089} INFO - Sync 1 DAGs
[2026-04-07T08:58:02.865+0000] {logging_mixin.py:188} INFO - [2026-04-07T08:58:02.865+0000] {dag.py:3947} INFO - Setting next_dagrun for maintenance_cleanup_logs to 2026-04-07 00:00:00+00:00, run_after=2026-04-08 00:00:00+00:00
[2026-04-07T08:58:02.922+0000] {processor.py:183} INFO - Processing /opt/airflow/dags/maintenance_logs.py took 0.370 seconds
[2026-04-07T08:58:33.211+0000] {processor.py:161} INFO - Started process (PID=1515) to work on /opt/airflow/dags/maintenance_logs.py
[2026-04-07T08:58:33.214+0000] {processor.py:830} INFO - Processing file /opt/airflow/dags/maintenance_logs.py for tasks to queue
[2026-04-07T08:58:33.221+0000] {logging_mixin.py:188} INFO - [2026-04-07T08:58:33.220+0000] {dagbag.py:545} INFO - Filling up the DagBag from /opt/airflow/dags/maintenance_logs.py
[2026-04-07T08:58:33.295+0000] {processor.py:840} INFO - DAG(s) 'maintenance_cleanup_logs' retrieved from /opt/airflow/dags/maintenance_logs.py
[2026-04-07T08:58:33.471+0000] {logging_mixin.py:188} INFO - [2026-04-07T08:58:33.470+0000] {dag.py:3089} INFO - Sync 1 DAGs
[2026-04-07T08:58:33.564+0000] {logging_mixin.py:188} INFO - [2026-04-07T08:58:33.563+0000] {dag.py:3947} INFO - Setting next_dagrun for maintenance_cleanup_logs to 2026-04-07 00:00:00+00:00, run_after=2026-04-08 00:00:00+00:00
[2026-04-07T08:58:33.663+0000] {processor.py:183} INFO - Processing /opt/airflow/dags/maintenance_logs.py took 0.475 seconds
[2026-04-07T08:59:03.761+0000] {processor.py:161} INFO - Started process (PID=1526) to work on /opt/airflow/dags/maintenance_logs.py
[2026-04-07T08:59:03.763+0000] {processor.py:830} INFO - Processing file /opt/airflow/dags/maintenance_logs.py for tasks to queue
[2026-04-07T08:59:03.765+0000] {logging_mixin.py:188} INFO - [2026-04-07T08:59:03.765+0000] {dagbag.py:545} INFO - Filling up the DagBag from /opt/airflow/dags/maintenance_logs.py
[2026-04-07T08:59:03.798+0000] {processor.py:840} INFO - DAG(s) 'maintenance_cleanup_logs' retrieved from /opt/airflow/dags/maintenance_logs.py
[2026-04-07T08:59:03.889+0000] {logging_mixin.py:188} INFO - [2026-04-07T08:59:03.889+0000] {dag.py:3089} INFO - Sync 1 DAGs
[2026-04-07T08:59:03.927+0000] {logging_mixin.py:188} INFO - [2026-04-07T08:59:03.927+0000] {dag.py:3947} INFO - Setting next_dagrun for maintenance_cleanup_logs to 2026-04-07 00:00:00+00:00, run_after=2026-04-08 00:00:00+00:00
[2026-04-07T08:59:03.986+0000] {processor.py:183} INFO - Processing /opt/airflow/dags/maintenance_logs.py took 0.233 seconds
[2026-04-07T08:59:34.816+0000] {processor.py:161} INFO - Started process (PID=1537) to work on /opt/airflow/dags/maintenance_logs.py
[2026-04-07T08:59:34.819+0000] {processor.py:830} INFO - Processing file /opt/airflow/dags/maintenance_logs.py for tasks to queue
[2026-04-07T08:59:34.823+0000] {logging_mixin.py:188} INFO - [2026-04-07T08:59:34.822+0000] {dagbag.py:545} INFO - Filling up the DagBag from /opt/airflow/dags/maintenance_logs.py
[2026-04-07T08:59:34.863+0000] {processor.py:840} INFO - DAG(s) 'maintenance_cleanup_logs' retrieved from /opt/airflow/dags/maintenance_logs.py
[2026-04-07T08:59:34.980+0000] {logging_mixin.py:188} INFO - [2026-04-07T08:59:34.979+0000] {dag.py:3089} INFO - Sync 1 DAGs
[2026-04-07T08:59:35.021+0000] {logging_mixin.py:188} INFO - [2026-04-07T08:59:35.020+0000] {dag.py:3947} INFO - Setting next_dagrun for maintenance_cleanup_logs to 2026-04-07 00:00:00+00:00, run_after=2026-04-08 00:00:00+00:00
[2026-04-07T08:59:35.081+0000] {processor.py:183} INFO - Processing /opt/airflow/dags/maintenance_logs.py took 0.287 seconds
[2026-04-07T09:00:06.012+0000] {processor.py:161} INFO - Started process (PID=1548) to work on /opt/airflow/dags/maintenance_logs.py
[2026-04-07T09:00:06.016+0000] {processor.py:830} INFO - Processing file /opt/airflow/dags/maintenance_logs.py for tasks to queue
[2026-04-07T09:00:06.023+0000] {logging_mixin.py:188} INFO - [2026-04-07T09:00:06.021+0000] {dagbag.py:545} INFO - Filling up the DagBag from /opt/airflow/dags/maintenance_logs.py
[2026-04-07T09:00:06.170+0000] {processor.py:840} INFO - DAG(s) 'maintenance_cleanup_logs' retrieved from /opt/airflow/dags/maintenance_logs.py
[2026-04-07T09:00:06.256+0000] {logging_mixin.py:188} INFO - [2026-04-07T09:00:06.255+0000] {dag.py:3089} INFO - Sync 1 DAGs
[2026-04-07T09:00:06.293+0000] {logging_mixin.py:188} INFO - [2026-04-07T09:00:06.293+0000] {dag.py:3947} INFO - Setting next_dagrun for maintenance_cleanup_logs to 2026-04-07 00:00:00+00:00, run_after=2026-04-08 00:00:00+00:00
[2026-04-07T09:00:06.339+0000] {processor.py:183} INFO - Processing /opt/airflow/dags/maintenance_logs.py took 0.350 seconds
[2026-04-07T09:00:37.060+0000] {processor.py:161} INFO - Started process (PID=1559) to work on /opt/airflow/dags/maintenance_logs.py
[2026-04-07T09:00:37.063+0000] {processor.py:830} INFO - Processing file /opt/airflow/dags/maintenance_logs.py for tasks to queue
[2026-04-07T09:00:37.067+0000] {logging_mixin.py:188} INFO - [2026-04-07T09:00:37.066+0000] {dagbag.py:545} INFO - Filling up the DagBag from /opt/airflow/dags/maintenance_logs.py
[2026-04-07T09:00:37.124+0000] {processor.py:840} INFO - DAG(s) 'maintenance_cleanup_logs' retrieved from /opt/airflow/dags/maintenance_logs.py
[2026-04-07T09:00:37.222+0000] {logging_mixin.py:188} INFO - [2026-04-07T09:00:37.222+0000] {dag.py:3089} INFO - Sync 1 DAGs
[2026-04-07T09:00:37.261+0000] {logging_mixin.py:188} INFO - [2026-04-07T09:00:37.260+0000] {dag.py:3947} INFO - Setting next_dagrun for maintenance_cleanup_logs to 2026-04-07 00:00:00+00:00, run_after=2026-04-08 00:00:00+00:00
[2026-04-07T09:00:37.311+0000] {processor.py:183} INFO - Processing /opt/airflow/dags/maintenance_logs.py took 0.269 seconds
[2026-04-07T09:01:07.929+0000] {processor.py:161} INFO - Started process (PID=1570) to work on /opt/airflow/dags/maintenance_logs.py
[2026-04-07T09:01:07.931+0000] {processor.py:830} INFO - Processing file /opt/airflow/dags/maintenance_logs.py for tasks to queue
[2026-04-07T09:01:07.934+0000] {logging_mixin.py:188} INFO - [2026-04-07T09:01:07.934+0000] {dagbag.py:545} INFO - Filling up the DagBag from /opt/airflow/dags/maintenance_logs.py
[2026-04-07T09:01:07.974+0000] {processor.py:840} INFO - DAG(s) 'maintenance_cleanup_logs' retrieved from /opt/airflow/dags/maintenance_logs.py
[2026-04-07T09:01:08.058+0000] {logging_mixin.py:188} INFO - [2026-04-07T09:01:08.058+0000] {dag.py:3089} INFO - Sync 1 DAGs
[2026-04-07T09:01:08.097+0000] {logging_mixin.py:188} INFO - [2026-04-07T09:01:08.096+0000] {dag.py:3947} INFO - Setting next_dagrun for maintenance_cleanup_logs to 2026-04-07 00:00:00+00:00, run_after=2026-04-08 00:00:00+00:00
[2026-04-07T09:01:08.148+0000] {processor.py:183} INFO - Processing /opt/airflow/dags/maintenance_logs.py took 0.233 seconds
[2026-04-07T09:01:38.305+0000] {processor.py:161} INFO - Started process (PID=1581) to work on /opt/airflow/dags/maintenance_logs.py
[2026-04-07T09:01:38.307+0000] {processor.py:830} INFO - Processing file /opt/airflow/dags/maintenance_logs.py for tasks to queue
[2026-04-07T09:01:38.311+0000] {logging_mixin.py:188} INFO - [2026-04-07T09:01:38.310+0000] {dagbag.py:545} INFO - Filling up the DagBag from /opt/airflow/dags/maintenance_logs.py
[2026-04-07T09:01:38.382+0000] {processor.py:840} INFO - DAG(s) 'maintenance_cleanup_logs' retrieved from /opt/airflow/dags/maintenance_logs.py
[2026-04-07T09:01:38.469+0000] {logging_mixin.py:188} INFO - [2026-04-07T09:01:38.469+0000] {dag.py:3089} INFO - Sync 1 DAGs
[2026-04-07T09:01:38.507+0000] {logging_mixin.py:188} INFO - [2026-04-07T09:01:38.507+0000] {dag.py:3947} INFO - Setting next_dagrun for maintenance_cleanup_logs to 2026-04-07 00:00:00+00:00, run_after=2026-04-08 00:00:00+00:00
[2026-04-07T09:01:38.556+0000] {processor.py:183} INFO - Processing /opt/airflow/dags/maintenance_logs.py took 0.264 seconds
[2026-04-07T09:02:09.356+0000] {processor.py:161} INFO - Started process (PID=1592) to work on /opt/airflow/dags/maintenance_logs.py
[2026-04-07T09:02:09.360+0000] {processor.py:830} INFO - Processing file /opt/airflow/dags/maintenance_logs.py for tasks to queue
[2026-04-07T09:02:09.365+0000] {logging_mixin.py:188} INFO - [2026-04-07T09:02:09.364+0000] {dagbag.py:545} INFO - Filling up the DagBag from /opt/airflow/dags/maintenance_logs.py
[2026-04-07T09:02:09.428+0000] {processor.py:840} INFO - DAG(s) 'maintenance_cleanup_logs' retrieved from /opt/airflow/dags/maintenance_logs.py
[2026-04-07T09:02:09.519+0000] {logging_mixin.py:188} INFO - [2026-04-07T09:02:09.519+0000] {dag.py:3089} INFO - Sync 1 DAGs
[2026-04-07T09:02:09.561+0000] {logging_mixin.py:188} INFO - [2026-04-07T09:02:09.560+0000] {dag.py:3947} INFO - Setting next_dagrun for maintenance_cleanup_logs to 2026-04-07 00:00:00+00:00, run_after=2026-04-08 00:00:00+00:00
[2026-04-07T09:02:09.613+0000] {processor.py:183} INFO - Processing /opt/airflow/dags/maintenance_logs.py took 0.298 seconds
[2026-04-07T09:02:40.375+0000] {processor.py:161} INFO - Started process (PID=1603) to work on /opt/airflow/dags/maintenance_logs.py
[2026-04-07T09:02:40.377+0000] {processor.py:830} INFO - Processing file /opt/airflow/dags/maintenance_logs.py for tasks to queue
[2026-04-07T09:02:40.379+0000] {logging_mixin.py:188} INFO - [2026-04-07T09:02:40.379+0000] {dagbag.py:545} INFO - Filling up the DagBag from /opt/airflow/dags/maintenance_logs.py
[2026-04-07T09:02:40.418+0000] {processor.py:840} INFO - DAG(s) 'maintenance_cleanup_logs' retrieved from /opt/airflow/dags/maintenance_logs.py
[2026-04-07T09:02:40.501+0000] {logging_mixin.py:188} INFO - [2026-04-07T09:02:40.501+0000] {dag.py:3089} INFO - Sync 1 DAGs
[2026-04-07T09:02:40.540+0000] {logging_mixin.py:188} INFO - [2026-04-07T09:02:40.540+0000] {dag.py:3947} INFO - Setting next_dagrun for maintenance_cleanup_logs to 2026-04-07 00:00:00+00:00, run_after=2026-04-08 00:00:00+00:00
[2026-04-07T09:02:40.590+0000] {processor.py:183} INFO - Processing /opt/airflow/dags/maintenance_logs.py took 0.224 seconds
[2026-04-07T09:03:11.288+0000] {processor.py:161} INFO - Started process (PID=1614) to work on /opt/airflow/dags/maintenance_logs.py
[2026-04-07T09:03:11.289+0000] {processor.py:830} INFO - Processing file /opt/airflow/dags/maintenance_logs.py for tasks to queue
[2026-04-07T09:03:11.292+0000] {logging_mixin.py:188} INFO - [2026-04-07T09:03:11.292+0000] {dagbag.py:545} INFO - Filling up the DagBag from /opt/airflow/dags/maintenance_logs.py
[2026-04-07T09:03:11.330+0000] {processor.py:840} INFO - DAG(s) 'maintenance_cleanup_logs' retrieved from /opt/airflow/dags/maintenance_logs.py
[2026-04-07T09:03:11.440+0000] {logging_mixin.py:188} INFO - [2026-04-07T09:03:11.440+0000] {dag.py:3089} INFO - Sync 1 DAGs
[2026-04-07T09:03:11.494+0000] {logging_mixin.py:188} INFO - [2026-04-07T09:03:11.494+0000] {dag.py:3947} INFO - Setting next_dagrun for maintenance_cleanup_logs to 2026-04-07 00:00:00+00:00, run_after=2026-04-08 00:00:00+00:00
[2026-04-07T09:03:11.543+0000] {processor.py:183} INFO - Processing /opt/airflow/dags/maintenance_logs.py took 0.264 seconds
[2026-04-07T09:03:42.241+0000] {processor.py:161} INFO - Started process (PID=1625) to work on /opt/airflow/dags/maintenance_logs.py
[2026-04-07T09:03:42.243+0000] {processor.py:830} INFO - Processing file /opt/airflow/dags/maintenance_logs.py for tasks to queue
[2026-04-07T09:03:42.246+0000] {logging_mixin.py:188} INFO - [2026-04-07T09:03:42.246+0000] {dagbag.py:545} INFO - Filling up the DagBag from /opt/airflow/dags/maintenance_logs.py
[2026-04-07T09:03:42.295+0000] {processor.py:840} INFO - DAG(s) 'maintenance_cleanup_logs' retrieved from /opt/airflow/dags/maintenance_logs.py
[2026-04-07T09:03:42.394+0000] {logging_mixin.py:188} INFO - [2026-04-07T09:03:42.394+0000] {dag.py:3089} INFO - Sync 1 DAGs
[2026-04-07T09:03:42.433+0000] {logging_mixin.py:188} INFO - [2026-04-07T09:03:42.433+0000] {dag.py:3947} INFO - Setting next_dagrun for maintenance_cleanup_logs to 2026-04-07 00:00:00+00:00, run_after=2026-04-08 00:00:00+00:00
[2026-04-07T09:03:42.473+0000] {processor.py:183} INFO - Processing /opt/airflow/dags/maintenance_logs.py took 0.245 seconds
[2026-04-07T09:04:13.065+0000] {processor.py:161} INFO - Started process (PID=1634) to work on /opt/airflow/dags/maintenance_logs.py
[2026-04-07T09:04:13.068+0000] {processor.py:830} INFO - Processing file /opt/airflow/dags/maintenance_logs.py for tasks to queue
[2026-04-07T09:04:13.074+0000] {logging_mixin.py:188} INFO - [2026-04-07T09:04:13.073+0000] {dagbag.py:545} INFO - Filling up the DagBag from /opt/airflow/dags/maintenance_logs.py
[2026-04-07T09:04:13.147+0000] {processor.py:840} INFO - DAG(s) 'maintenance_cleanup_logs' retrieved from /opt/airflow/dags/maintenance_logs.py
[2026-04-07T09:04:13.312+0000] {logging_mixin.py:188} INFO - [2026-04-07T09:04:13.311+0000] {dag.py:3089} INFO - Sync 1 DAGs
[2026-04-07T09:04:13.395+0000] {logging_mixin.py:188} INFO - [2026-04-07T09:04:13.395+0000] {dag.py:3947} INFO - Setting next_dagrun for maintenance_cleanup_logs to 2026-04-07 00:00:00+00:00, run_after=2026-04-08 00:00:00+00:00
[2026-04-07T09:04:13.472+0000] {processor.py:183} INFO - Processing /opt/airflow/dags/maintenance_logs.py took 0.461 seconds
[2026-04-07T09:04:43.955+0000] {processor.py:161} INFO - Started process (PID=1641) to work on /opt/airflow/dags/maintenance_logs.py
[2026-04-07T09:04:43.957+0000] {processor.py:830} INFO - Processing file /opt/airflow/dags/maintenance_logs.py for tasks to queue
[2026-04-07T09:04:43.960+0000] {logging_mixin.py:188} INFO - [2026-04-07T09:04:43.960+0000] {dagbag.py:545} INFO - Filling up the DagBag from /opt/airflow/dags/maintenance_logs.py
[2026-04-07T09:04:44.009+0000] {processor.py:840} INFO - DAG(s) 'maintenance_cleanup_logs' retrieved from /opt/airflow/dags/maintenance_logs.py
[2026-04-07T09:04:44.114+0000] {logging_mixin.py:188} INFO - [2026-04-07T09:04:44.114+0000] {dag.py:3089} INFO - Sync 1 DAGs
[2026-04-07T09:04:44.160+0000] {logging_mixin.py:188} INFO - [2026-04-07T09:04:44.159+0000] {dag.py:3947} INFO - Setting next_dagrun for maintenance_cleanup_logs to 2026-04-07 00:00:00+00:00, run_after=2026-04-08 00:00:00+00:00
[2026-04-07T09:04:44.214+0000] {processor.py:183} INFO - Processing /opt/airflow/dags/maintenance_logs.py took 0.270 seconds
[2026-04-07T09:05:14.806+0000] {processor.py:161} INFO - Started process (PID=1652) to work on /opt/airflow/dags/maintenance_logs.py
[2026-04-07T09:05:14.808+0000] {processor.py:830} INFO - Processing file /opt/airflow/dags/maintenance_logs.py for tasks to queue
[2026-04-07T09:05:14.812+0000] {logging_mixin.py:188} INFO - [2026-04-07T09:05:14.811+0000] {dagbag.py:545} INFO - Filling up the DagBag from /opt/airflow/dags/maintenance_logs.py
[2026-04-07T09:05:14.863+0000] {processor.py:840} INFO - DAG(s) 'maintenance_cleanup_logs' retrieved from /opt/airflow/dags/maintenance_logs.py
[2026-04-07T09:05:14.989+0000] {logging_mixin.py:188} INFO - [2026-04-07T09:05:14.988+0000] {dag.py:3089} INFO - Sync 1 DAGs
[2026-04-07T09:05:15.040+0000] {logging_mixin.py:188} INFO - [2026-04-07T09:05:15.039+0000] {dag.py:3947} INFO - Setting next_dagrun for maintenance_cleanup_logs to 2026-04-07 00:00:00+00:00, run_after=2026-04-08 00:00:00+00:00
[2026-04-07T09:05:15.105+0000] {processor.py:183} INFO - Processing /opt/airflow/dags/maintenance_logs.py took 0.312 seconds
[2026-04-07T09:05:45.650+0000] {processor.py:161} INFO - Started process (PID=1663) to work on /opt/airflow/dags/maintenance_logs.py
[2026-04-07T09:05:45.653+0000] {processor.py:830} INFO - Processing file /opt/airflow/dags/maintenance_logs.py for tasks to queue
[2026-04-07T09:05:45.657+0000] {logging_mixin.py:188} INFO - [2026-04-07T09:05:45.656+0000] {dagbag.py:545} INFO - Filling up the DagBag from /opt/airflow/dags/maintenance_logs.py
[2026-04-07T09:05:45.747+0000] {processor.py:840} INFO - DAG(s) 'maintenance_cleanup_logs' retrieved from /opt/airflow/dags/maintenance_logs.py
[2026-04-07T09:05:45.841+0000] {logging_mixin.py:188} INFO - [2026-04-07T09:05:45.840+0000] {dag.py:3089} INFO - Sync 1 DAGs
[2026-04-07T09:05:45.883+0000] {logging_mixin.py:188} INFO - [2026-04-07T09:05:45.883+0000] {dag.py:3947} INFO - Setting next_dagrun for maintenance_cleanup_logs to 2026-04-07 00:00:00+00:00, run_after=2026-04-08 00:00:00+00:00
[2026-04-07T09:05:45.943+0000] {processor.py:183} INFO - Processing /opt/airflow/dags/maintenance_logs.py took 0.320 seconds
[2026-04-07T09:06:16.384+0000] {processor.py:161} INFO - Started process (PID=1674) to work on /opt/airflow/dags/maintenance_logs.py
[2026-04-07T09:06:16.387+0000] {processor.py:830} INFO - Processing file /opt/airflow/dags/maintenance_logs.py for tasks to queue
[2026-04-07T09:06:16.393+0000] {logging_mixin.py:188} INFO - [2026-04-07T09:06:16.392+0000] {dagbag.py:545} INFO - Filling up the DagBag from /opt/airflow/dags/maintenance_logs.py
[2026-04-07T09:06:16.509+0000] {processor.py:840} INFO - DAG(s) 'maintenance_cleanup_logs' retrieved from /opt/airflow/dags/maintenance_logs.py
[2026-04-07T09:06:16.609+0000] {logging_mixin.py:188} INFO - [2026-04-07T09:06:16.608+0000] {dag.py:3089} INFO - Sync 1 DAGs
[2026-04-07T09:06:16.649+0000] {logging_mixin.py:188} INFO - [2026-04-07T09:06:16.648+0000] {dag.py:3947} INFO - Setting next_dagrun for maintenance_cleanup_logs to 2026-04-07 00:00:00+00:00, run_after=2026-04-08 00:00:00+00:00
[2026-04-07T09:06:16.693+0000] {processor.py:183} INFO - Processing /opt/airflow/dags/maintenance_logs.py took 0.331 seconds
[2026-04-07T09:06:47.373+0000] {processor.py:161} INFO - Started process (PID=1685) to work on /opt/airflow/dags/maintenance_logs.py
[2026-04-07T09:06:47.375+0000] {processor.py:830} INFO - Processing file /opt/airflow/dags/maintenance_logs.py for tasks to queue
[2026-04-07T09:06:47.377+0000] {logging_mixin.py:188} INFO - [2026-04-07T09:06:47.377+0000] {dagbag.py:545} INFO - Filling up the DagBag from /opt/airflow/dags/maintenance_logs.py
[2026-04-07T09:06:47.414+0000] {processor.py:840} INFO - DAG(s) 'maintenance_cleanup_logs' retrieved from /opt/airflow/dags/maintenance_logs.py
[2026-04-07T09:06:47.494+0000] {logging_mixin.py:188} INFO - [2026-04-07T09:06:47.493+0000] {dag.py:3089} INFO - Sync 1 DAGs
[2026-04-07T09:06:47.532+0000] {logging_mixin.py:188} INFO - [2026-04-07T09:06:47.532+0000] {dag.py:3947} INFO - Setting next_dagrun for maintenance_cleanup_logs to 2026-04-07 00:00:00+00:00, run_after=2026-04-08 00:00:00+00:00
[2026-04-07T09:06:47.580+0000] {processor.py:183} INFO - Processing /opt/airflow/dags/maintenance_logs.py took 0.214 seconds
[2026-04-07T09:07:18.366+0000] {processor.py:161} INFO - Started process (PID=1696) to work on /opt/airflow/dags/maintenance_logs.py
[2026-04-07T09:07:18.370+0000] {processor.py:830} INFO - Processing file /opt/airflow/dags/maintenance_logs.py for tasks to queue
[2026-04-07T09:07:18.377+0000] {logging_mixin.py:188} INFO - [2026-04-07T09:07:18.375+0000] {dagbag.py:545} INFO - Filling up the DagBag from /opt/airflow/dags/maintenance_logs.py
[2026-04-07T09:07:18.415+0000] {processor.py:840} INFO - DAG(s) 'maintenance_cleanup_logs' retrieved from /opt/airflow/dags/maintenance_logs.py
[2026-04-07T09:07:18.496+0000] {logging_mixin.py:188} INFO - [2026-04-07T09:07:18.496+0000] {dag.py:3089} INFO - Sync 1 DAGs
[2026-04-07T09:07:18.535+0000] {logging_mixin.py:188} INFO - [2026-04-07T09:07:18.534+0000] {dag.py:3947} INFO - Setting next_dagrun for maintenance_cleanup_logs to 2026-04-07 00:00:00+00:00, run_after=2026-04-08 00:00:00+00:00
[2026-04-07T09:07:18.586+0000] {processor.py:183} INFO - Processing /opt/airflow/dags/maintenance_logs.py took 0.249 seconds
[2026-04-07T09:07:49.229+0000] {processor.py:161} INFO - Started process (PID=1707) to work on /opt/airflow/dags/maintenance_logs.py
[2026-04-07T09:07:49.231+0000] {processor.py:830} INFO - Processing file /opt/airflow/dags/maintenance_logs.py for tasks to queue
[2026-04-07T09:07:49.234+0000] {logging_mixin.py:188} INFO - [2026-04-07T09:07:49.233+0000] {dagbag.py:545} INFO - Filling up the DagBag from /opt/airflow/dags/maintenance_logs.py
[2026-04-07T09:07:49.281+0000] {processor.py:840} INFO - DAG(s) 'maintenance_cleanup_logs' retrieved from /opt/airflow/dags/maintenance_logs.py
[2026-04-07T09:07:49.382+0000] {logging_mixin.py:188} INFO - [2026-04-07T09:07:49.381+0000] {dag.py:3089} INFO - Sync 1 DAGs
[2026-04-07T09:07:49.435+0000] {logging_mixin.py:188} INFO - [2026-04-07T09:07:49.435+0000] {dag.py:3947} INFO - Setting next_dagrun for maintenance_cleanup_logs to 2026-04-07 00:00:00+00:00, run_after=2026-04-08 00:00:00+00:00
[2026-04-07T09:07:49.521+0000] {processor.py:183} INFO - Processing /opt/airflow/dags/maintenance_logs.py took 0.301 seconds
[2026-04-07T09:08:20.253+0000] {processor.py:161} INFO - Started process (PID=1718) to work on /opt/airflow/dags/maintenance_logs.py
[2026-04-07T09:08:20.254+0000] {processor.py:830} INFO - Processing file /opt/airflow/dags/maintenance_logs.py for tasks to queue
[2026-04-07T09:08:20.257+0000] {logging_mixin.py:188} INFO - [2026-04-07T09:08:20.256+0000] {dagbag.py:545} INFO - Filling up the DagBag from /opt/airflow/dags/maintenance_logs.py
[2026-04-07T09:08:20.295+0000] {processor.py:840} INFO - DAG(s) 'maintenance_cleanup_logs' retrieved from /opt/airflow/dags/maintenance_logs.py
[2026-04-07T09:08:20.377+0000] {logging_mixin.py:188} INFO - [2026-04-07T09:08:20.376+0000] {dag.py:3089} INFO - Sync 1 DAGs
[2026-04-07T09:08:20.414+0000] {logging_mixin.py:188} INFO - [2026-04-07T09:08:20.414+0000] {dag.py:3947} INFO - Setting next_dagrun for maintenance_cleanup_logs to 2026-04-07 00:00:00+00:00, run_after=2026-04-08 00:00:00+00:00
[2026-04-07T09:08:20.466+0000] {processor.py:183} INFO - Processing /opt/airflow/dags/maintenance_logs.py took 0.221 seconds
[2026-04-07T09:08:51.182+0000] {processor.py:161} INFO - Started process (PID=1729) to work on /opt/airflow/dags/maintenance_logs.py
[2026-04-07T09:08:51.184+0000] {processor.py:830} INFO - Processing file /opt/airflow/dags/maintenance_logs.py for tasks to queue
[2026-04-07T09:08:51.188+0000] {logging_mixin.py:188} INFO - [2026-04-07T09:08:51.188+0000] {dagbag.py:545} INFO - Filling up the DagBag from /opt/airflow/dags/maintenance_logs.py
[2026-04-07T09:08:51.224+0000] {processor.py:840} INFO - DAG(s) 'maintenance_cleanup_logs' retrieved from /opt/airflow/dags/maintenance_logs.py
[2026-04-07T09:08:51.308+0000] {logging_mixin.py:188} INFO - [2026-04-07T09:08:51.308+0000] {dag.py:3089} INFO - Sync 1 DAGs
[2026-04-07T09:08:51.349+0000] {logging_mixin.py:188} INFO - [2026-04-07T09:08:51.349+0000] {dag.py:3947} INFO - Setting next_dagrun for maintenance_cleanup_logs to 2026-04-07 00:00:00+00:00, run_after=2026-04-08 00:00:00+00:00
[2026-04-07T09:08:51.402+0000] {processor.py:183} INFO - Processing /opt/airflow/dags/maintenance_logs.py took 0.234 seconds
[2026-04-07T09:09:22.105+0000] {processor.py:161} INFO - Started process (PID=1740) to work on /opt/airflow/dags/maintenance_logs.py
[2026-04-07T09:09:22.107+0000] {processor.py:830} INFO - Processing file /opt/airflow/dags/maintenance_logs.py for tasks to queue
[2026-04-07T09:09:22.110+0000] {logging_mixin.py:188} INFO - [2026-04-07T09:09:22.109+0000] {dagbag.py:545} INFO - Filling up the DagBag from /opt/airflow/dags/maintenance_logs.py
[2026-04-07T09:09:22.156+0000] {processor.py:840} INFO - DAG(s) 'maintenance_cleanup_logs' retrieved from /opt/airflow/dags/maintenance_logs.py
[2026-04-07T09:09:22.270+0000] {logging_mixin.py:188} INFO - [2026-04-07T09:09:22.270+0000] {dag.py:3089} INFO - Sync 1 DAGs
[2026-04-07T09:09:22.317+0000] {logging_mixin.py:188} INFO - [2026-04-07T09:09:22.317+0000] {dag.py:3947} INFO - Setting next_dagrun for maintenance_cleanup_logs to 2026-04-07 00:00:00+00:00, run_after=2026-04-08 00:00:00+00:00
[2026-04-07T09:09:22.369+0000] {processor.py:183} INFO - Processing /opt/airflow/dags/maintenance_logs.py took 0.272 seconds
[2026-04-07T09:09:52.487+0000] {processor.py:161} INFO - Started process (PID=1751) to work on /opt/airflow/dags/maintenance_logs.py
[2026-04-07T09:09:52.490+0000] {processor.py:830} INFO - Processing file /opt/airflow/dags/maintenance_logs.py for tasks to queue
[2026-04-07T09:09:52.495+0000] {logging_mixin.py:188} INFO - [2026-04-07T09:09:52.494+0000] {dagbag.py:545} INFO - Filling up the DagBag from /opt/airflow/dags/maintenance_logs.py
[2026-04-07T09:09:52.558+0000] {processor.py:840} INFO - DAG(s) 'maintenance_cleanup_logs' retrieved from /opt/airflow/dags/maintenance_logs.py
[2026-04-07T09:09:52.738+0000] {logging_mixin.py:188} INFO - [2026-04-07T09:09:52.738+0000] {dag.py:3089} INFO - Sync 1 DAGs
[2026-04-07T09:09:52.821+0000] {logging_mixin.py:188} INFO - [2026-04-07T09:09:52.821+0000] {dag.py:3947} INFO - Setting next_dagrun for maintenance_cleanup_logs to 2026-04-07 00:00:00+00:00, run_after=2026-04-08 00:00:00+00:00
[2026-04-07T09:09:52.912+0000] {processor.py:183} INFO - Processing /opt/airflow/dags/maintenance_logs.py took 0.446 seconds
