[2026-04-07T07:54:43.549+0000] {processor.py:161} INFO - Started process (PID=166) to work on /opt/airflow/dags/pipeline.py
[2026-04-07T07:54:43.688+0000] {processor.py:830} INFO - Processing file /opt/airflow/dags/pipeline.py for tasks to queue
[2026-04-07T07:54:43.777+0000] {logging_mixin.py:188} INFO - [2026-04-07T07:54:43.730+0000] {dagbag.py:545} INFO - Filling up the DagBag from /opt/airflow/dags/pipeline.py
[2026-04-07T07:54:52.150+0000] {processor.py:840} INFO - DAG(s) 'pipeline' retrieved from /opt/airflow/dags/pipeline.py
[2026-04-07T07:54:53.073+0000] {logging_mixin.py:188} INFO - [2026-04-07T07:54:53.072+0000] {dag.py:3089} INFO - Sync 1 DAGs
[2026-04-07T07:54:53.156+0000] {logging_mixin.py:188} INFO - [2026-04-07T07:54:53.156+0000] {dag.py:3947} INFO - Setting next_dagrun for pipeline to 2026-04-07 00:00:00+00:00, run_after=2026-04-08 00:00:00+00:00
[2026-04-07T07:54:53.263+0000] {processor.py:183} INFO - Processing /opt/airflow/dags/pipeline.py took 9.946 seconds
[2026-04-07T07:55:23.570+0000] {processor.py:161} INFO - Started process (PID=183) to work on /opt/airflow/dags/pipeline.py
[2026-04-07T07:55:23.574+0000] {processor.py:830} INFO - Processing file /opt/airflow/dags/pipeline.py for tasks to queue
[2026-04-07T07:55:23.579+0000] {logging_mixin.py:188} INFO - [2026-04-07T07:55:23.578+0000] {dagbag.py:545} INFO - Filling up the DagBag from /opt/airflow/dags/pipeline.py
[2026-04-07T07:55:26.232+0000] {processor.py:840} INFO - DAG(s) 'pipeline' retrieved from /opt/airflow/dags/pipeline.py
[2026-04-07T07:55:26.567+0000] {logging_mixin.py:188} INFO - [2026-04-07T07:55:26.566+0000] {dag.py:3089} INFO - Sync 1 DAGs
[2026-04-07T07:55:26.692+0000] {logging_mixin.py:188} INFO - [2026-04-07T07:55:26.691+0000] {dag.py:3947} INFO - Setting next_dagrun for pipeline to 2026-04-07 00:00:00+00:00, run_after=2026-04-08 00:00:00+00:00
[2026-04-07T07:55:26.823+0000] {processor.py:183} INFO - Processing /opt/airflow/dags/pipeline.py took 3.275 seconds
[2026-04-07T07:55:57.551+0000] {processor.py:161} INFO - Started process (PID=194) to work on /opt/airflow/dags/pipeline.py
[2026-04-07T07:55:57.554+0000] {processor.py:830} INFO - Processing file /opt/airflow/dags/pipeline.py for tasks to queue
[2026-04-07T07:55:57.557+0000] {logging_mixin.py:188} INFO - [2026-04-07T07:55:57.557+0000] {dagbag.py:545} INFO - Filling up the DagBag from /opt/airflow/dags/pipeline.py
[2026-04-07T07:55:58.901+0000] {processor.py:840} INFO - DAG(s) 'pipeline' retrieved from /opt/airflow/dags/pipeline.py
[2026-04-07T07:55:59.013+0000] {logging_mixin.py:188} INFO - [2026-04-07T07:55:59.012+0000] {dag.py:3089} INFO - Sync 1 DAGs
[2026-04-07T07:55:59.065+0000] {logging_mixin.py:188} INFO - [2026-04-07T07:55:59.065+0000] {dag.py:3947} INFO - Setting next_dagrun for pipeline to 2026-04-07 00:00:00+00:00, run_after=2026-04-08 00:00:00+00:00
[2026-04-07T07:55:59.122+0000] {processor.py:183} INFO - Processing /opt/airflow/dags/pipeline.py took 1.582 seconds
[2026-04-07T07:56:29.511+0000] {processor.py:161} INFO - Started process (PID=205) to work on /opt/airflow/dags/pipeline.py
[2026-04-07T07:56:29.513+0000] {processor.py:830} INFO - Processing file /opt/airflow/dags/pipeline.py for tasks to queue
[2026-04-07T07:56:29.515+0000] {logging_mixin.py:188} INFO - [2026-04-07T07:56:29.515+0000] {dagbag.py:545} INFO - Filling up the DagBag from /opt/airflow/dags/pipeline.py
[2026-04-07T07:56:30.768+0000] {processor.py:840} INFO - DAG(s) 'pipeline' retrieved from /opt/airflow/dags/pipeline.py
[2026-04-07T07:56:30.880+0000] {logging_mixin.py:188} INFO - [2026-04-07T07:56:30.880+0000] {dag.py:3089} INFO - Sync 1 DAGs
[2026-04-07T07:56:30.937+0000] {logging_mixin.py:188} INFO - [2026-04-07T07:56:30.937+0000] {dag.py:3947} INFO - Setting next_dagrun for pipeline to 2026-04-07 00:00:00+00:00, run_after=2026-04-08 00:00:00+00:00
[2026-04-07T07:56:30.989+0000] {processor.py:183} INFO - Processing /opt/airflow/dags/pipeline.py took 1.490 seconds
[2026-04-07T07:57:01.328+0000] {processor.py:161} INFO - Started process (PID=217) to work on /opt/airflow/dags/pipeline.py
[2026-04-07T07:57:01.332+0000] {processor.py:830} INFO - Processing file /opt/airflow/dags/pipeline.py for tasks to queue
[2026-04-07T07:57:01.335+0000] {logging_mixin.py:188} INFO - [2026-04-07T07:57:01.335+0000] {dagbag.py:545} INFO - Filling up the DagBag from /opt/airflow/dags/pipeline.py
[2026-04-07T07:57:03.111+0000] {processor.py:840} INFO - DAG(s) 'pipeline' retrieved from /opt/airflow/dags/pipeline.py
[2026-04-07T07:57:03.228+0000] {logging_mixin.py:188} INFO - [2026-04-07T07:57:03.228+0000] {dag.py:3089} INFO - Sync 1 DAGs
[2026-04-07T07:57:03.280+0000] {logging_mixin.py:188} INFO - [2026-04-07T07:57:03.279+0000] {dag.py:3947} INFO - Setting next_dagrun for pipeline to 2026-04-07 00:00:00+00:00, run_after=2026-04-08 00:00:00+00:00
[2026-04-07T07:57:03.333+0000] {processor.py:183} INFO - Processing /opt/airflow/dags/pipeline.py took 2.021 seconds
[2026-04-07T07:57:33.835+0000] {processor.py:161} INFO - Started process (PID=228) to work on /opt/airflow/dags/pipeline.py
[2026-04-07T07:57:33.838+0000] {processor.py:830} INFO - Processing file /opt/airflow/dags/pipeline.py for tasks to queue
[2026-04-07T07:57:33.842+0000] {logging_mixin.py:188} INFO - [2026-04-07T07:57:33.842+0000] {dagbag.py:545} INFO - Filling up the DagBag from /opt/airflow/dags/pipeline.py
[2026-04-07T07:57:35.046+0000] {processor.py:840} INFO - DAG(s) 'pipeline' retrieved from /opt/airflow/dags/pipeline.py
[2026-04-07T07:57:35.138+0000] {logging_mixin.py:188} INFO - [2026-04-07T07:57:35.138+0000] {dag.py:3089} INFO - Sync 1 DAGs
[2026-04-07T07:57:35.179+0000] {logging_mixin.py:188} INFO - [2026-04-07T07:57:35.179+0000] {dag.py:3947} INFO - Setting next_dagrun for pipeline to 2026-04-07 00:00:00+00:00, run_after=2026-04-08 00:00:00+00:00
[2026-04-07T07:57:35.237+0000] {processor.py:183} INFO - Processing /opt/airflow/dags/pipeline.py took 1.417 seconds
[2026-04-07T07:58:05.682+0000] {processor.py:161} INFO - Started process (PID=243) to work on /opt/airflow/dags/pipeline.py
[2026-04-07T07:58:05.684+0000] {processor.py:830} INFO - Processing file /opt/airflow/dags/pipeline.py for tasks to queue
[2026-04-07T07:58:05.688+0000] {logging_mixin.py:188} INFO - [2026-04-07T07:58:05.687+0000] {dagbag.py:545} INFO - Filling up the DagBag from /opt/airflow/dags/pipeline.py
[2026-04-07T07:58:07.133+0000] {processor.py:840} INFO - DAG(s) 'pipeline' retrieved from /opt/airflow/dags/pipeline.py
[2026-04-07T07:58:07.303+0000] {logging_mixin.py:188} INFO - [2026-04-07T07:58:07.303+0000] {dag.py:3089} INFO - Sync 1 DAGs
[2026-04-07T07:58:07.364+0000] {logging_mixin.py:188} INFO - [2026-04-07T07:58:07.364+0000] {dag.py:3947} INFO - Setting next_dagrun for pipeline to 2026-04-07 00:00:00+00:00, run_after=2026-04-08 00:00:00+00:00
[2026-04-07T07:58:07.433+0000] {processor.py:183} INFO - Processing /opt/airflow/dags/pipeline.py took 1.764 seconds
[2026-04-07T07:58:38.073+0000] {processor.py:161} INFO - Started process (PID=254) to work on /opt/airflow/dags/pipeline.py
[2026-04-07T07:58:38.077+0000] {processor.py:830} INFO - Processing file /opt/airflow/dags/pipeline.py for tasks to queue
[2026-04-07T07:58:38.085+0000] {logging_mixin.py:188} INFO - [2026-04-07T07:58:38.084+0000] {dagbag.py:545} INFO - Filling up the DagBag from /opt/airflow/dags/pipeline.py
[2026-04-07T07:58:41.225+0000] {processor.py:840} INFO - DAG(s) 'pipeline' retrieved from /opt/airflow/dags/pipeline.py
[2026-04-07T07:58:41.576+0000] {logging_mixin.py:188} INFO - [2026-04-07T07:58:41.576+0000] {dag.py:3089} INFO - Sync 1 DAGs
[2026-04-07T07:58:41.691+0000] {logging_mixin.py:188} INFO - [2026-04-07T07:58:41.691+0000] {dag.py:3947} INFO - Setting next_dagrun for pipeline to 2026-04-07 00:00:00+00:00, run_after=2026-04-08 00:00:00+00:00
[2026-04-07T07:58:41.865+0000] {processor.py:183} INFO - Processing /opt/airflow/dags/pipeline.py took 3.813 seconds
[2026-04-07T07:59:12.286+0000] {processor.py:161} INFO - Started process (PID=265) to work on /opt/airflow/dags/pipeline.py
[2026-04-07T07:59:12.320+0000] {processor.py:830} INFO - Processing file /opt/airflow/dags/pipeline.py for tasks to queue
[2026-04-07T07:59:12.326+0000] {logging_mixin.py:188} INFO - [2026-04-07T07:59:12.325+0000] {dagbag.py:545} INFO - Filling up the DagBag from /opt/airflow/dags/pipeline.py
[2026-04-07T07:59:15.140+0000] {processor.py:840} INFO - DAG(s) 'pipeline' retrieved from /opt/airflow/dags/pipeline.py
[2026-04-07T07:59:15.782+0000] {logging_mixin.py:188} INFO - [2026-04-07T07:59:15.779+0000] {dag.py:3089} INFO - Sync 1 DAGs
[2026-04-07T07:59:15.912+0000] {logging_mixin.py:188} INFO - [2026-04-07T07:59:15.912+0000] {dag.py:3947} INFO - Setting next_dagrun for pipeline to 2026-04-07 00:00:00+00:00, run_after=2026-04-08 00:00:00+00:00
[2026-04-07T07:59:15.988+0000] {processor.py:183} INFO - Processing /opt/airflow/dags/pipeline.py took 3.738 seconds
[2026-04-07T07:59:47.097+0000] {processor.py:161} INFO - Started process (PID=285) to work on /opt/airflow/dags/pipeline.py
[2026-04-07T07:59:47.100+0000] {processor.py:830} INFO - Processing file /opt/airflow/dags/pipeline.py for tasks to queue
[2026-04-07T07:59:47.118+0000] {logging_mixin.py:188} INFO - [2026-04-07T07:59:47.117+0000] {dagbag.py:545} INFO - Filling up the DagBag from /opt/airflow/dags/pipeline.py
[2026-04-07T07:59:50.830+0000] {processor.py:840} INFO - DAG(s) 'pipeline' retrieved from /opt/airflow/dags/pipeline.py
[2026-04-07T07:59:50.974+0000] {logging_mixin.py:188} INFO - [2026-04-07T07:59:50.974+0000] {dag.py:3089} INFO - Sync 1 DAGs
[2026-04-07T07:59:51.053+0000] {logging_mixin.py:188} INFO - [2026-04-07T07:59:51.053+0000] {dag.py:3947} INFO - Setting next_dagrun for pipeline to 2026-04-07 00:00:00+00:00, run_after=2026-04-08 00:00:00+00:00
[2026-04-07T07:59:51.139+0000] {processor.py:183} INFO - Processing /opt/airflow/dags/pipeline.py took 4.088 seconds
[2026-04-07T08:00:21.877+0000] {processor.py:161} INFO - Started process (PID=296) to work on /opt/airflow/dags/pipeline.py
[2026-04-07T08:00:21.884+0000] {processor.py:830} INFO - Processing file /opt/airflow/dags/pipeline.py for tasks to queue
[2026-04-07T08:00:21.901+0000] {logging_mixin.py:188} INFO - [2026-04-07T08:00:21.899+0000] {dagbag.py:545} INFO - Filling up the DagBag from /opt/airflow/dags/pipeline.py
[2026-04-07T08:00:25.040+0000] {processor.py:840} INFO - DAG(s) 'pipeline' retrieved from /opt/airflow/dags/pipeline.py
[2026-04-07T08:00:25.280+0000] {logging_mixin.py:188} INFO - [2026-04-07T08:00:25.279+0000] {dag.py:3089} INFO - Sync 1 DAGs
[2026-04-07T08:00:25.394+0000] {logging_mixin.py:188} INFO - [2026-04-07T08:00:25.394+0000] {dag.py:3947} INFO - Setting next_dagrun for pipeline to 2026-04-07 00:00:00+00:00, run_after=2026-04-08 00:00:00+00:00
[2026-04-07T08:00:25.471+0000] {processor.py:183} INFO - Processing /opt/airflow/dags/pipeline.py took 3.621 seconds
[2026-04-07T08:00:56.399+0000] {processor.py:161} INFO - Started process (PID=310) to work on /opt/airflow/dags/pipeline.py
[2026-04-07T08:00:56.402+0000] {processor.py:830} INFO - Processing file /opt/airflow/dags/pipeline.py for tasks to queue
[2026-04-07T08:00:56.409+0000] {logging_mixin.py:188} INFO - [2026-04-07T08:00:56.408+0000] {dagbag.py:545} INFO - Filling up the DagBag from /opt/airflow/dags/pipeline.py
[2026-04-07T08:00:57.834+0000] {processor.py:840} INFO - DAG(s) 'pipeline' retrieved from /opt/airflow/dags/pipeline.py
[2026-04-07T08:00:57.914+0000] {logging_mixin.py:188} INFO - [2026-04-07T08:00:57.914+0000] {dag.py:3089} INFO - Sync 1 DAGs
[2026-04-07T08:00:57.948+0000] {logging_mixin.py:188} INFO - [2026-04-07T08:00:57.948+0000] {dag.py:3947} INFO - Setting next_dagrun for pipeline to 2026-04-07 00:00:00+00:00, run_after=2026-04-08 00:00:00+00:00
[2026-04-07T08:00:57.987+0000] {processor.py:183} INFO - Processing /opt/airflow/dags/pipeline.py took 1.619 seconds
[2026-04-07T08:01:28.763+0000] {processor.py:161} INFO - Started process (PID=323) to work on /opt/airflow/dags/pipeline.py
[2026-04-07T08:01:28.771+0000] {processor.py:830} INFO - Processing file /opt/airflow/dags/pipeline.py for tasks to queue
[2026-04-07T08:01:28.786+0000] {logging_mixin.py:188} INFO - [2026-04-07T08:01:28.784+0000] {dagbag.py:545} INFO - Filling up the DagBag from /opt/airflow/dags/pipeline.py
[2026-04-07T08:01:29.891+0000] {processor.py:840} INFO - DAG(s) 'pipeline' retrieved from /opt/airflow/dags/pipeline.py
[2026-04-07T08:01:29.969+0000] {logging_mixin.py:188} INFO - [2026-04-07T08:01:29.969+0000] {dag.py:3089} INFO - Sync 1 DAGs
[2026-04-07T08:01:30.002+0000] {logging_mixin.py:188} INFO - [2026-04-07T08:01:30.002+0000] {dag.py:3947} INFO - Setting next_dagrun for pipeline to 2026-04-07 00:00:00+00:00, run_after=2026-04-08 00:00:00+00:00
[2026-04-07T08:01:30.052+0000] {processor.py:183} INFO - Processing /opt/airflow/dags/pipeline.py took 1.327 seconds
[2026-04-07T08:02:00.862+0000] {processor.py:161} INFO - Started process (PID=334) to work on /opt/airflow/dags/pipeline.py
[2026-04-07T08:02:00.873+0000] {processor.py:830} INFO - Processing file /opt/airflow/dags/pipeline.py for tasks to queue
[2026-04-07T08:02:00.896+0000] {logging_mixin.py:188} INFO - [2026-04-07T08:02:00.886+0000] {dagbag.py:545} INFO - Filling up the DagBag from /opt/airflow/dags/pipeline.py
[2026-04-07T08:02:07.832+0000] {processor.py:840} INFO - DAG(s) 'pipeline' retrieved from /opt/airflow/dags/pipeline.py
[2026-04-07T08:02:07.987+0000] {logging_mixin.py:188} INFO - [2026-04-07T08:02:07.986+0000] {dag.py:3089} INFO - Sync 1 DAGs
[2026-04-07T08:02:08.080+0000] {logging_mixin.py:188} INFO - [2026-04-07T08:02:08.079+0000] {dag.py:3947} INFO - Setting next_dagrun for pipeline to 2026-04-07 00:00:00+00:00, run_after=2026-04-08 00:00:00+00:00
[2026-04-07T08:02:08.159+0000] {processor.py:183} INFO - Processing /opt/airflow/dags/pipeline.py took 7.344 seconds
[2026-04-07T08:02:39.005+0000] {processor.py:161} INFO - Started process (PID=345) to work on /opt/airflow/dags/pipeline.py
[2026-04-07T08:02:39.009+0000] {processor.py:830} INFO - Processing file /opt/airflow/dags/pipeline.py for tasks to queue
[2026-04-07T08:02:39.016+0000] {logging_mixin.py:188} INFO - [2026-04-07T08:02:39.015+0000] {dagbag.py:545} INFO - Filling up the DagBag from /opt/airflow/dags/pipeline.py
[2026-04-07T08:02:40.388+0000] {processor.py:840} INFO - DAG(s) 'pipeline' retrieved from /opt/airflow/dags/pipeline.py
[2026-04-07T08:02:40.474+0000] {logging_mixin.py:188} INFO - [2026-04-07T08:02:40.474+0000] {dag.py:3089} INFO - Sync 1 DAGs
[2026-04-07T08:02:40.514+0000] {logging_mixin.py:188} INFO - [2026-04-07T08:02:40.513+0000] {dag.py:3947} INFO - Setting next_dagrun for pipeline to 2026-04-07 00:00:00+00:00, run_after=2026-04-08 00:00:00+00:00
[2026-04-07T08:02:40.552+0000] {processor.py:183} INFO - Processing /opt/airflow/dags/pipeline.py took 1.583 seconds
[2026-04-07T08:03:10.797+0000] {processor.py:161} INFO - Started process (PID=356) to work on /opt/airflow/dags/pipeline.py
[2026-04-07T08:03:10.801+0000] {processor.py:830} INFO - Processing file /opt/airflow/dags/pipeline.py for tasks to queue
[2026-04-07T08:03:10.808+0000] {logging_mixin.py:188} INFO - [2026-04-07T08:03:10.807+0000] {dagbag.py:545} INFO - Filling up the DagBag from /opt/airflow/dags/pipeline.py
[2026-04-07T08:03:12.015+0000] {processor.py:840} INFO - DAG(s) 'pipeline' retrieved from /opt/airflow/dags/pipeline.py
[2026-04-07T08:03:12.095+0000] {logging_mixin.py:188} INFO - [2026-04-07T08:03:12.095+0000] {dag.py:3089} INFO - Sync 1 DAGs
[2026-04-07T08:03:12.128+0000] {logging_mixin.py:188} INFO - [2026-04-07T08:03:12.128+0000] {dag.py:3947} INFO - Setting next_dagrun for pipeline to 2026-04-07 00:00:00+00:00, run_after=2026-04-08 00:00:00+00:00
[2026-04-07T08:03:12.170+0000] {processor.py:183} INFO - Processing /opt/airflow/dags/pipeline.py took 1.400 seconds
[2026-04-07T08:03:42.495+0000] {processor.py:161} INFO - Started process (PID=367) to work on /opt/airflow/dags/pipeline.py
[2026-04-07T08:03:42.499+0000] {processor.py:830} INFO - Processing file /opt/airflow/dags/pipeline.py for tasks to queue
[2026-04-07T08:03:42.508+0000] {logging_mixin.py:188} INFO - [2026-04-07T08:03:42.507+0000] {dagbag.py:545} INFO - Filling up the DagBag from /opt/airflow/dags/pipeline.py
[2026-04-07T08:03:43.749+0000] {processor.py:840} INFO - DAG(s) 'pipeline' retrieved from /opt/airflow/dags/pipeline.py
[2026-04-07T08:03:43.827+0000] {logging_mixin.py:188} INFO - [2026-04-07T08:03:43.826+0000] {dag.py:3089} INFO - Sync 1 DAGs
[2026-04-07T08:03:43.863+0000] {logging_mixin.py:188} INFO - [2026-04-07T08:03:43.862+0000] {dag.py:3947} INFO - Setting next_dagrun for pipeline to 2026-04-07 00:00:00+00:00, run_after=2026-04-08 00:00:00+00:00
[2026-04-07T08:03:43.901+0000] {processor.py:183} INFO - Processing /opt/airflow/dags/pipeline.py took 1.431 seconds
[2026-04-07T08:04:14.187+0000] {processor.py:161} INFO - Started process (PID=378) to work on /opt/airflow/dags/pipeline.py
[2026-04-07T08:04:14.188+0000] {processor.py:830} INFO - Processing file /opt/airflow/dags/pipeline.py for tasks to queue
[2026-04-07T08:04:14.191+0000] {logging_mixin.py:188} INFO - [2026-04-07T08:04:14.191+0000] {dagbag.py:545} INFO - Filling up the DagBag from /opt/airflow/dags/pipeline.py
[2026-04-07T08:04:15.420+0000] {processor.py:840} INFO - DAG(s) 'pipeline' retrieved from /opt/airflow/dags/pipeline.py
[2026-04-07T08:04:15.516+0000] {logging_mixin.py:188} INFO - [2026-04-07T08:04:15.516+0000] {dag.py:3089} INFO - Sync 1 DAGs
[2026-04-07T08:04:15.557+0000] {logging_mixin.py:188} INFO - [2026-04-07T08:04:15.557+0000] {dag.py:3947} INFO - Setting next_dagrun for pipeline to 2026-04-07 00:00:00+00:00, run_after=2026-04-08 00:00:00+00:00
[2026-04-07T08:04:15.613+0000] {processor.py:183} INFO - Processing /opt/airflow/dags/pipeline.py took 1.440 seconds
[2026-04-07T08:04:46.065+0000] {processor.py:161} INFO - Started process (PID=389) to work on /opt/airflow/dags/pipeline.py
[2026-04-07T08:04:46.067+0000] {processor.py:830} INFO - Processing file /opt/airflow/dags/pipeline.py for tasks to queue
[2026-04-07T08:04:46.071+0000] {logging_mixin.py:188} INFO - [2026-04-07T08:04:46.070+0000] {dagbag.py:545} INFO - Filling up the DagBag from /opt/airflow/dags/pipeline.py
[2026-04-07T08:04:47.281+0000] {processor.py:840} INFO - DAG(s) 'pipeline' retrieved from /opt/airflow/dags/pipeline.py
[2026-04-07T08:04:47.363+0000] {logging_mixin.py:188} INFO - [2026-04-07T08:04:47.363+0000] {dag.py:3089} INFO - Sync 1 DAGs
[2026-04-07T08:04:47.399+0000] {logging_mixin.py:188} INFO - [2026-04-07T08:04:47.399+0000] {dag.py:3947} INFO - Setting next_dagrun for pipeline to 2026-04-07 00:00:00+00:00, run_after=2026-04-08 00:00:00+00:00
[2026-04-07T08:04:47.440+0000] {processor.py:183} INFO - Processing /opt/airflow/dags/pipeline.py took 1.397 seconds
[2026-04-07T08:05:18.172+0000] {processor.py:161} INFO - Started process (PID=400) to work on /opt/airflow/dags/pipeline.py
[2026-04-07T08:05:18.177+0000] {processor.py:830} INFO - Processing file /opt/airflow/dags/pipeline.py for tasks to queue
[2026-04-07T08:05:18.188+0000] {logging_mixin.py:188} INFO - [2026-04-07T08:05:18.186+0000] {dagbag.py:545} INFO - Filling up the DagBag from /opt/airflow/dags/pipeline.py
[2026-04-07T08:05:19.426+0000] {processor.py:840} INFO - DAG(s) 'pipeline' retrieved from /opt/airflow/dags/pipeline.py
[2026-04-07T08:05:19.528+0000] {logging_mixin.py:188} INFO - [2026-04-07T08:05:19.527+0000] {dag.py:3089} INFO - Sync 1 DAGs
[2026-04-07T08:05:19.572+0000] {logging_mixin.py:188} INFO - [2026-04-07T08:05:19.571+0000] {dag.py:3947} INFO - Setting next_dagrun for pipeline to 2026-04-07 00:00:00+00:00, run_after=2026-04-08 00:00:00+00:00
[2026-04-07T08:05:19.619+0000] {processor.py:183} INFO - Processing /opt/airflow/dags/pipeline.py took 1.482 seconds
[2026-04-07T08:05:49.970+0000] {processor.py:161} INFO - Started process (PID=411) to work on /opt/airflow/dags/pipeline.py
[2026-04-07T08:05:49.972+0000] {processor.py:830} INFO - Processing file /opt/airflow/dags/pipeline.py for tasks to queue
[2026-04-07T08:05:49.975+0000] {logging_mixin.py:188} INFO - [2026-04-07T08:05:49.975+0000] {dagbag.py:545} INFO - Filling up the DagBag from /opt/airflow/dags/pipeline.py
[2026-04-07T08:05:51.161+0000] {processor.py:840} INFO - DAG(s) 'pipeline' retrieved from /opt/airflow/dags/pipeline.py
[2026-04-07T08:05:51.372+0000] {logging_mixin.py:188} INFO - [2026-04-07T08:05:51.371+0000] {dag.py:3089} INFO - Sync 1 DAGs
[2026-04-07T08:05:51.415+0000] {logging_mixin.py:188} INFO - [2026-04-07T08:05:51.414+0000] {dag.py:3947} INFO - Setting next_dagrun for pipeline to 2026-04-07 00:00:00+00:00, run_after=2026-04-08 00:00:00+00:00
[2026-04-07T08:05:51.467+0000] {processor.py:183} INFO - Processing /opt/airflow/dags/pipeline.py took 1.505 seconds
[2026-04-07T08:06:21.959+0000] {processor.py:161} INFO - Started process (PID=422) to work on /opt/airflow/dags/pipeline.py
[2026-04-07T08:06:21.961+0000] {processor.py:830} INFO - Processing file /opt/airflow/dags/pipeline.py for tasks to queue
[2026-04-07T08:06:21.965+0000] {logging_mixin.py:188} INFO - [2026-04-07T08:06:21.964+0000] {dagbag.py:545} INFO - Filling up the DagBag from /opt/airflow/dags/pipeline.py
[2026-04-07T08:06:23.294+0000] {processor.py:840} INFO - DAG(s) 'pipeline' retrieved from /opt/airflow/dags/pipeline.py
[2026-04-07T08:06:23.508+0000] {logging_mixin.py:188} INFO - [2026-04-07T08:06:23.507+0000] {dag.py:3089} INFO - Sync 1 DAGs
[2026-04-07T08:06:23.554+0000] {logging_mixin.py:188} INFO - [2026-04-07T08:06:23.554+0000] {dag.py:3947} INFO - Setting next_dagrun for pipeline to 2026-04-07 00:00:00+00:00, run_after=2026-04-08 00:00:00+00:00
[2026-04-07T08:06:23.604+0000] {processor.py:183} INFO - Processing /opt/airflow/dags/pipeline.py took 1.666 seconds
[2026-04-07T08:06:54.312+0000] {processor.py:161} INFO - Started process (PID=433) to work on /opt/airflow/dags/pipeline.py
[2026-04-07T08:06:54.313+0000] {processor.py:830} INFO - Processing file /opt/airflow/dags/pipeline.py for tasks to queue
[2026-04-07T08:06:54.331+0000] {logging_mixin.py:188} INFO - [2026-04-07T08:06:54.328+0000] {dagbag.py:545} INFO - Filling up the DagBag from /opt/airflow/dags/pipeline.py
[2026-04-07T08:06:57.523+0000] {processor.py:840} INFO - DAG(s) 'pipeline' retrieved from /opt/airflow/dags/pipeline.py
[2026-04-07T08:06:57.641+0000] {logging_mixin.py:188} INFO - [2026-04-07T08:06:57.641+0000] {dag.py:3089} INFO - Sync 1 DAGs
[2026-04-07T08:06:57.681+0000] {logging_mixin.py:188} INFO - [2026-04-07T08:06:57.681+0000] {dag.py:3947} INFO - Setting next_dagrun for pipeline to 2026-04-07 00:00:00+00:00, run_after=2026-04-08 00:00:00+00:00
[2026-04-07T08:06:57.730+0000] {processor.py:183} INFO - Processing /opt/airflow/dags/pipeline.py took 3.483 seconds
[2026-04-07T08:07:28.043+0000] {processor.py:161} INFO - Started process (PID=444) to work on /opt/airflow/dags/pipeline.py
[2026-04-07T08:07:28.048+0000] {processor.py:830} INFO - Processing file /opt/airflow/dags/pipeline.py for tasks to queue
[2026-04-07T08:07:28.059+0000] {logging_mixin.py:188} INFO - [2026-04-07T08:07:28.057+0000] {dagbag.py:545} INFO - Filling up the DagBag from /opt/airflow/dags/pipeline.py
[2026-04-07T08:07:29.479+0000] {processor.py:840} INFO - DAG(s) 'pipeline' retrieved from /opt/airflow/dags/pipeline.py
[2026-04-07T08:07:29.559+0000] {logging_mixin.py:188} INFO - [2026-04-07T08:07:29.559+0000] {dag.py:3089} INFO - Sync 1 DAGs
[2026-04-07T08:07:29.595+0000] {logging_mixin.py:188} INFO - [2026-04-07T08:07:29.595+0000] {dag.py:3947} INFO - Setting next_dagrun for pipeline to 2026-04-07 00:00:00+00:00, run_after=2026-04-08 00:00:00+00:00
[2026-04-07T08:07:29.667+0000] {processor.py:183} INFO - Processing /opt/airflow/dags/pipeline.py took 1.668 seconds
[2026-04-07T08:07:59.820+0000] {processor.py:161} INFO - Started process (PID=455) to work on /opt/airflow/dags/pipeline.py
[2026-04-07T08:07:59.822+0000] {processor.py:830} INFO - Processing file /opt/airflow/dags/pipeline.py for tasks to queue
[2026-04-07T08:07:59.826+0000] {logging_mixin.py:188} INFO - [2026-04-07T08:07:59.825+0000] {dagbag.py:545} INFO - Filling up the DagBag from /opt/airflow/dags/pipeline.py
[2026-04-07T08:08:01.149+0000] {processor.py:840} INFO - DAG(s) 'pipeline' retrieved from /opt/airflow/dags/pipeline.py
[2026-04-07T08:08:01.259+0000] {logging_mixin.py:188} INFO - [2026-04-07T08:08:01.259+0000] {dag.py:3089} INFO - Sync 1 DAGs
[2026-04-07T08:08:01.299+0000] {logging_mixin.py:188} INFO - [2026-04-07T08:08:01.299+0000] {dag.py:3947} INFO - Setting next_dagrun for pipeline to 2026-04-07 00:00:00+00:00, run_after=2026-04-08 00:00:00+00:00
[2026-04-07T08:08:01.343+0000] {processor.py:183} INFO - Processing /opt/airflow/dags/pipeline.py took 1.533 seconds
[2026-04-07T08:08:31.542+0000] {processor.py:161} INFO - Started process (PID=466) to work on /opt/airflow/dags/pipeline.py
[2026-04-07T08:08:31.545+0000] {processor.py:830} INFO - Processing file /opt/airflow/dags/pipeline.py for tasks to queue
[2026-04-07T08:08:31.551+0000] {logging_mixin.py:188} INFO - [2026-04-07T08:08:31.550+0000] {dagbag.py:545} INFO - Filling up the DagBag from /opt/airflow/dags/pipeline.py
[2026-04-07T08:08:32.824+0000] {processor.py:840} INFO - DAG(s) 'pipeline' retrieved from /opt/airflow/dags/pipeline.py
[2026-04-07T08:08:32.951+0000] {logging_mixin.py:188} INFO - [2026-04-07T08:08:32.950+0000] {dag.py:3089} INFO - Sync 1 DAGs
[2026-04-07T08:08:32.989+0000] {logging_mixin.py:188} INFO - [2026-04-07T08:08:32.989+0000] {dag.py:3947} INFO - Setting next_dagrun for pipeline to 2026-04-07 00:00:00+00:00, run_after=2026-04-08 00:00:00+00:00
[2026-04-07T08:08:33.029+0000] {processor.py:183} INFO - Processing /opt/airflow/dags/pipeline.py took 1.504 seconds
[2026-04-07T08:09:03.708+0000] {processor.py:161} INFO - Started process (PID=477) to work on /opt/airflow/dags/pipeline.py
[2026-04-07T08:09:03.711+0000] {processor.py:830} INFO - Processing file /opt/airflow/dags/pipeline.py for tasks to queue
[2026-04-07T08:09:03.715+0000] {logging_mixin.py:188} INFO - [2026-04-07T08:09:03.715+0000] {dagbag.py:545} INFO - Filling up the DagBag from /opt/airflow/dags/pipeline.py
[2026-04-07T08:09:05.815+0000] {processor.py:840} INFO - DAG(s) 'pipeline' retrieved from /opt/airflow/dags/pipeline.py
[2026-04-07T08:09:05.984+0000] {logging_mixin.py:188} INFO - [2026-04-07T08:09:05.983+0000] {dag.py:3089} INFO - Sync 1 DAGs
[2026-04-07T08:09:06.053+0000] {logging_mixin.py:188} INFO - [2026-04-07T08:09:06.052+0000] {dag.py:3947} INFO - Setting next_dagrun for pipeline to 2026-04-07 00:00:00+00:00, run_after=2026-04-08 00:00:00+00:00
[2026-04-07T08:09:06.127+0000] {processor.py:183} INFO - Processing /opt/airflow/dags/pipeline.py took 2.434 seconds
[2026-04-07T08:09:36.449+0000] {processor.py:161} INFO - Started process (PID=488) to work on /opt/airflow/dags/pipeline.py
[2026-04-07T08:09:36.452+0000] {processor.py:830} INFO - Processing file /opt/airflow/dags/pipeline.py for tasks to queue
[2026-04-07T08:09:36.456+0000] {logging_mixin.py:188} INFO - [2026-04-07T08:09:36.455+0000] {dagbag.py:545} INFO - Filling up the DagBag from /opt/airflow/dags/pipeline.py
[2026-04-07T08:09:37.660+0000] {processor.py:840} INFO - DAG(s) 'pipeline' retrieved from /opt/airflow/dags/pipeline.py
[2026-04-07T08:09:37.762+0000] {logging_mixin.py:188} INFO - [2026-04-07T08:09:37.762+0000] {dag.py:3089} INFO - Sync 1 DAGs
[2026-04-07T08:09:37.799+0000] {logging_mixin.py:188} INFO - [2026-04-07T08:09:37.799+0000] {dag.py:3947} INFO - Setting next_dagrun for pipeline to 2026-04-07 00:00:00+00:00, run_after=2026-04-08 00:00:00+00:00
[2026-04-07T08:09:37.845+0000] {processor.py:183} INFO - Processing /opt/airflow/dags/pipeline.py took 1.430 seconds
[2026-04-07T08:10:08.898+0000] {processor.py:161} INFO - Started process (PID=499) to work on /opt/airflow/dags/pipeline.py
[2026-04-07T08:10:08.901+0000] {processor.py:830} INFO - Processing file /opt/airflow/dags/pipeline.py for tasks to queue
[2026-04-07T08:10:08.905+0000] {logging_mixin.py:188} INFO - [2026-04-07T08:10:08.904+0000] {dagbag.py:545} INFO - Filling up the DagBag from /opt/airflow/dags/pipeline.py
[2026-04-07T08:10:10.042+0000] {processor.py:840} INFO - DAG(s) 'pipeline' retrieved from /opt/airflow/dags/pipeline.py
[2026-04-07T08:10:10.150+0000] {logging_mixin.py:188} INFO - [2026-04-07T08:10:10.149+0000] {dag.py:3089} INFO - Sync 1 DAGs
[2026-04-07T08:10:10.193+0000] {logging_mixin.py:188} INFO - [2026-04-07T08:10:10.192+0000] {dag.py:3947} INFO - Setting next_dagrun for pipeline to 2026-04-07 00:00:00+00:00, run_after=2026-04-08 00:00:00+00:00
[2026-04-07T08:10:10.245+0000] {processor.py:183} INFO - Processing /opt/airflow/dags/pipeline.py took 1.361 seconds
[2026-04-07T08:10:41.161+0000] {processor.py:161} INFO - Started process (PID=510) to work on /opt/airflow/dags/pipeline.py
[2026-04-07T08:10:41.168+0000] {processor.py:830} INFO - Processing file /opt/airflow/dags/pipeline.py for tasks to queue
[2026-04-07T08:10:41.179+0000] {logging_mixin.py:188} INFO - [2026-04-07T08:10:41.178+0000] {dagbag.py:545} INFO - Filling up the DagBag from /opt/airflow/dags/pipeline.py
[2026-04-07T08:10:42.239+0000] {processor.py:840} INFO - DAG(s) 'pipeline' retrieved from /opt/airflow/dags/pipeline.py
[2026-04-07T08:10:42.323+0000] {logging_mixin.py:188} INFO - [2026-04-07T08:10:42.322+0000] {dag.py:3089} INFO - Sync 1 DAGs
[2026-04-07T08:10:42.358+0000] {logging_mixin.py:188} INFO - [2026-04-07T08:10:42.358+0000] {dag.py:3947} INFO - Setting next_dagrun for pipeline to 2026-04-07 00:00:00+00:00, run_after=2026-04-08 00:00:00+00:00
[2026-04-07T08:10:42.398+0000] {processor.py:183} INFO - Processing /opt/airflow/dags/pipeline.py took 1.277 seconds
[2026-04-07T08:11:13.222+0000] {processor.py:161} INFO - Started process (PID=521) to work on /opt/airflow/dags/pipeline.py
[2026-04-07T08:11:13.227+0000] {processor.py:830} INFO - Processing file /opt/airflow/dags/pipeline.py for tasks to queue
[2026-04-07T08:11:13.237+0000] {logging_mixin.py:188} INFO - [2026-04-07T08:11:13.235+0000] {dagbag.py:545} INFO - Filling up the DagBag from /opt/airflow/dags/pipeline.py
[2026-04-07T08:11:14.319+0000] {processor.py:840} INFO - DAG(s) 'pipeline' retrieved from /opt/airflow/dags/pipeline.py
[2026-04-07T08:11:14.503+0000] {logging_mixin.py:188} INFO - [2026-04-07T08:11:14.503+0000] {dag.py:3089} INFO - Sync 1 DAGs
[2026-04-07T08:11:14.552+0000] {logging_mixin.py:188} INFO - [2026-04-07T08:11:14.551+0000] {dag.py:3947} INFO - Setting next_dagrun for pipeline to 2026-04-07 00:00:00+00:00, run_after=2026-04-08 00:00:00+00:00
[2026-04-07T08:11:14.613+0000] {processor.py:183} INFO - Processing /opt/airflow/dags/pipeline.py took 1.417 seconds
[2026-04-07T08:11:45.186+0000] {processor.py:161} INFO - Started process (PID=535) to work on /opt/airflow/dags/pipeline.py
[2026-04-07T08:11:45.190+0000] {processor.py:830} INFO - Processing file /opt/airflow/dags/pipeline.py for tasks to queue
[2026-04-07T08:11:45.196+0000] {logging_mixin.py:188} INFO - [2026-04-07T08:11:45.196+0000] {dagbag.py:545} INFO - Filling up the DagBag from /opt/airflow/dags/pipeline.py
[2026-04-07T08:11:46.546+0000] {processor.py:840} INFO - DAG(s) 'pipeline' retrieved from /opt/airflow/dags/pipeline.py
[2026-04-07T08:11:46.806+0000] {logging_mixin.py:188} INFO - [2026-04-07T08:11:46.806+0000] {dag.py:3089} INFO - Sync 1 DAGs
[2026-04-07T08:11:46.864+0000] {logging_mixin.py:188} INFO - [2026-04-07T08:11:46.863+0000] {dag.py:3947} INFO - Setting next_dagrun for pipeline to 2026-04-07 00:00:00+00:00, run_after=2026-04-08 00:00:00+00:00
[2026-04-07T08:11:46.928+0000] {processor.py:183} INFO - Processing /opt/airflow/dags/pipeline.py took 1.765 seconds
[2026-04-07T08:12:17.531+0000] {processor.py:161} INFO - Started process (PID=548) to work on /opt/airflow/dags/pipeline.py
[2026-04-07T08:12:17.533+0000] {processor.py:830} INFO - Processing file /opt/airflow/dags/pipeline.py for tasks to queue
[2026-04-07T08:12:17.536+0000] {logging_mixin.py:188} INFO - [2026-04-07T08:12:17.536+0000] {dagbag.py:545} INFO - Filling up the DagBag from /opt/airflow/dags/pipeline.py
[2026-04-07T08:12:19.166+0000] {processor.py:840} INFO - DAG(s) 'pipeline' retrieved from /opt/airflow/dags/pipeline.py
[2026-04-07T08:12:19.300+0000] {logging_mixin.py:188} INFO - [2026-04-07T08:12:19.299+0000] {dag.py:3089} INFO - Sync 1 DAGs
[2026-04-07T08:12:19.390+0000] {logging_mixin.py:188} INFO - [2026-04-07T08:12:19.389+0000] {dag.py:3947} INFO - Setting next_dagrun for pipeline to 2026-04-07 00:00:00+00:00, run_after=2026-04-08 00:00:00+00:00
[2026-04-07T08:12:19.464+0000] {processor.py:183} INFO - Processing /opt/airflow/dags/pipeline.py took 1.942 seconds
[2026-04-07T08:12:50.114+0000] {processor.py:161} INFO - Started process (PID=559) to work on /opt/airflow/dags/pipeline.py
[2026-04-07T08:12:50.116+0000] {processor.py:830} INFO - Processing file /opt/airflow/dags/pipeline.py for tasks to queue
[2026-04-07T08:12:50.119+0000] {logging_mixin.py:188} INFO - [2026-04-07T08:12:50.119+0000] {dagbag.py:545} INFO - Filling up the DagBag from /opt/airflow/dags/pipeline.py
[2026-04-07T08:12:51.224+0000] {processor.py:840} INFO - DAG(s) 'pipeline' retrieved from /opt/airflow/dags/pipeline.py
[2026-04-07T08:12:51.315+0000] {logging_mixin.py:188} INFO - [2026-04-07T08:12:51.315+0000] {dag.py:3089} INFO - Sync 1 DAGs
[2026-04-07T08:12:51.350+0000] {logging_mixin.py:188} INFO - [2026-04-07T08:12:51.350+0000] {dag.py:3947} INFO - Setting next_dagrun for pipeline to 2026-04-07 00:00:00+00:00, run_after=2026-04-08 00:00:00+00:00
[2026-04-07T08:12:51.391+0000] {processor.py:183} INFO - Processing /opt/airflow/dags/pipeline.py took 1.287 seconds
[2026-04-07T08:13:22.149+0000] {processor.py:161} INFO - Started process (PID=570) to work on /opt/airflow/dags/pipeline.py
[2026-04-07T08:13:22.153+0000] {processor.py:830} INFO - Processing file /opt/airflow/dags/pipeline.py for tasks to queue
[2026-04-07T08:13:22.162+0000] {logging_mixin.py:188} INFO - [2026-04-07T08:13:22.161+0000] {dagbag.py:545} INFO - Filling up the DagBag from /opt/airflow/dags/pipeline.py
[2026-04-07T08:13:23.269+0000] {processor.py:840} INFO - DAG(s) 'pipeline' retrieved from /opt/airflow/dags/pipeline.py
[2026-04-07T08:13:23.349+0000] {logging_mixin.py:188} INFO - [2026-04-07T08:13:23.349+0000] {dag.py:3089} INFO - Sync 1 DAGs
[2026-04-07T08:13:23.385+0000] {logging_mixin.py:188} INFO - [2026-04-07T08:13:23.384+0000] {dag.py:3947} INFO - Setting next_dagrun for pipeline to 2026-04-07 00:00:00+00:00, run_after=2026-04-08 00:00:00+00:00
[2026-04-07T08:13:23.489+0000] {processor.py:183} INFO - Processing /opt/airflow/dags/pipeline.py took 1.369 seconds
[2026-04-07T08:13:54.316+0000] {processor.py:161} INFO - Started process (PID=581) to work on /opt/airflow/dags/pipeline.py
[2026-04-07T08:13:54.319+0000] {processor.py:830} INFO - Processing file /opt/airflow/dags/pipeline.py for tasks to queue
[2026-04-07T08:13:54.327+0000] {logging_mixin.py:188} INFO - [2026-04-07T08:13:54.325+0000] {dagbag.py:545} INFO - Filling up the DagBag from /opt/airflow/dags/pipeline.py
[2026-04-07T08:13:55.907+0000] {processor.py:840} INFO - DAG(s) 'pipeline' retrieved from /opt/airflow/dags/pipeline.py
[2026-04-07T08:13:56.243+0000] {logging_mixin.py:188} INFO - [2026-04-07T08:13:56.242+0000] {dag.py:3089} INFO - Sync 1 DAGs
[2026-04-07T08:13:56.352+0000] {logging_mixin.py:188} INFO - [2026-04-07T08:13:56.351+0000] {dag.py:3947} INFO - Setting next_dagrun for pipeline to 2026-04-07 00:00:00+00:00, run_after=2026-04-08 00:00:00+00:00
[2026-04-07T08:13:56.471+0000] {processor.py:183} INFO - Processing /opt/airflow/dags/pipeline.py took 2.182 seconds
[2026-04-07T08:14:27.182+0000] {processor.py:161} INFO - Started process (PID=592) to work on /opt/airflow/dags/pipeline.py
[2026-04-07T08:14:27.185+0000] {processor.py:830} INFO - Processing file /opt/airflow/dags/pipeline.py for tasks to queue
[2026-04-07T08:14:27.202+0000] {logging_mixin.py:188} INFO - [2026-04-07T08:14:27.201+0000] {dagbag.py:545} INFO - Filling up the DagBag from /opt/airflow/dags/pipeline.py
[2026-04-07T08:14:29.772+0000] {processor.py:840} INFO - DAG(s) 'pipeline' retrieved from /opt/airflow/dags/pipeline.py
[2026-04-07T08:14:29.887+0000] {logging_mixin.py:188} INFO - [2026-04-07T08:14:29.887+0000] {dag.py:3089} INFO - Sync 1 DAGs
[2026-04-07T08:14:29.948+0000] {logging_mixin.py:188} INFO - [2026-04-07T08:14:29.947+0000] {dag.py:3947} INFO - Setting next_dagrun for pipeline to 2026-04-07 00:00:00+00:00, run_after=2026-04-08 00:00:00+00:00
[2026-04-07T08:14:30.025+0000] {processor.py:183} INFO - Processing /opt/airflow/dags/pipeline.py took 2.864 seconds
[2026-04-07T08:15:00.501+0000] {processor.py:161} INFO - Started process (PID=603) to work on /opt/airflow/dags/pipeline.py
[2026-04-07T08:15:00.505+0000] {processor.py:830} INFO - Processing file /opt/airflow/dags/pipeline.py for tasks to queue
[2026-04-07T08:15:00.514+0000] {logging_mixin.py:188} INFO - [2026-04-07T08:15:00.513+0000] {dagbag.py:545} INFO - Filling up the DagBag from /opt/airflow/dags/pipeline.py
[2026-04-07T08:15:01.690+0000] {processor.py:840} INFO - DAG(s) 'pipeline' retrieved from /opt/airflow/dags/pipeline.py
[2026-04-07T08:15:01.768+0000] {logging_mixin.py:188} INFO - [2026-04-07T08:15:01.768+0000] {dag.py:3089} INFO - Sync 1 DAGs
[2026-04-07T08:15:01.802+0000] {logging_mixin.py:188} INFO - [2026-04-07T08:15:01.802+0000] {dag.py:3947} INFO - Setting next_dagrun for pipeline to 2026-04-07 00:00:00+00:00, run_after=2026-04-08 00:00:00+00:00
[2026-04-07T08:15:01.850+0000] {processor.py:183} INFO - Processing /opt/airflow/dags/pipeline.py took 1.373 seconds
[2026-04-07T08:15:32.197+0000] {processor.py:161} INFO - Started process (PID=614) to work on /opt/airflow/dags/pipeline.py
[2026-04-07T08:15:32.200+0000] {processor.py:830} INFO - Processing file /opt/airflow/dags/pipeline.py for tasks to queue
[2026-04-07T08:15:32.206+0000] {logging_mixin.py:188} INFO - [2026-04-07T08:15:32.205+0000] {dagbag.py:545} INFO - Filling up the DagBag from /opt/airflow/dags/pipeline.py
[2026-04-07T08:15:33.370+0000] {processor.py:840} INFO - DAG(s) 'pipeline' retrieved from /opt/airflow/dags/pipeline.py
[2026-04-07T08:15:33.567+0000] {logging_mixin.py:188} INFO - [2026-04-07T08:15:33.567+0000] {dag.py:3089} INFO - Sync 1 DAGs
[2026-04-07T08:15:33.618+0000] {logging_mixin.py:188} INFO - [2026-04-07T08:15:33.617+0000] {dag.py:3947} INFO - Setting next_dagrun for pipeline to 2026-04-07 00:00:00+00:00, run_after=2026-04-08 00:00:00+00:00
[2026-04-07T08:15:33.671+0000] {processor.py:183} INFO - Processing /opt/airflow/dags/pipeline.py took 1.506 seconds
[2026-04-07T08:16:04.427+0000] {processor.py:161} INFO - Started process (PID=625) to work on /opt/airflow/dags/pipeline.py
[2026-04-07T08:16:04.430+0000] {processor.py:830} INFO - Processing file /opt/airflow/dags/pipeline.py for tasks to queue
[2026-04-07T08:16:04.433+0000] {logging_mixin.py:188} INFO - [2026-04-07T08:16:04.432+0000] {dagbag.py:545} INFO - Filling up the DagBag from /opt/airflow/dags/pipeline.py
[2026-04-07T08:16:05.885+0000] {processor.py:840} INFO - DAG(s) 'pipeline' retrieved from /opt/airflow/dags/pipeline.py
[2026-04-07T08:16:05.999+0000] {logging_mixin.py:188} INFO - [2026-04-07T08:16:05.998+0000] {dag.py:3089} INFO - Sync 1 DAGs
[2026-04-07T08:16:06.049+0000] {logging_mixin.py:188} INFO - [2026-04-07T08:16:06.049+0000] {dag.py:3947} INFO - Setting next_dagrun for pipeline to 2026-04-07 00:00:00+00:00, run_after=2026-04-08 00:00:00+00:00
[2026-04-07T08:16:06.116+0000] {processor.py:183} INFO - Processing /opt/airflow/dags/pipeline.py took 1.700 seconds
[2026-04-07T08:16:36.930+0000] {processor.py:161} INFO - Started process (PID=636) to work on /opt/airflow/dags/pipeline.py
[2026-04-07T08:16:36.931+0000] {processor.py:830} INFO - Processing file /opt/airflow/dags/pipeline.py for tasks to queue
[2026-04-07T08:16:36.934+0000] {logging_mixin.py:188} INFO - [2026-04-07T08:16:36.933+0000] {dagbag.py:545} INFO - Filling up the DagBag from /opt/airflow/dags/pipeline.py
[2026-04-07T08:16:38.041+0000] {processor.py:840} INFO - DAG(s) 'pipeline' retrieved from /opt/airflow/dags/pipeline.py
[2026-04-07T08:16:38.127+0000] {logging_mixin.py:188} INFO - [2026-04-07T08:16:38.127+0000] {dag.py:3089} INFO - Sync 1 DAGs
[2026-04-07T08:16:38.169+0000] {logging_mixin.py:188} INFO - [2026-04-07T08:16:38.169+0000] {dag.py:3947} INFO - Setting next_dagrun for pipeline to 2026-04-07 00:00:00+00:00, run_after=2026-04-08 00:00:00+00:00
[2026-04-07T08:16:38.217+0000] {processor.py:183} INFO - Processing /opt/airflow/dags/pipeline.py took 1.298 seconds
[2026-04-07T08:17:09.036+0000] {processor.py:161} INFO - Started process (PID=647) to work on /opt/airflow/dags/pipeline.py
[2026-04-07T08:17:09.039+0000] {processor.py:830} INFO - Processing file /opt/airflow/dags/pipeline.py for tasks to queue
[2026-04-07T08:17:09.046+0000] {logging_mixin.py:188} INFO - [2026-04-07T08:17:09.045+0000] {dagbag.py:545} INFO - Filling up the DagBag from /opt/airflow/dags/pipeline.py
[2026-04-07T08:17:10.348+0000] {processor.py:840} INFO - DAG(s) 'pipeline' retrieved from /opt/airflow/dags/pipeline.py
[2026-04-07T08:17:10.432+0000] {logging_mixin.py:188} INFO - [2026-04-07T08:17:10.432+0000] {dag.py:3089} INFO - Sync 1 DAGs
[2026-04-07T08:17:10.471+0000] {logging_mixin.py:188} INFO - [2026-04-07T08:17:10.470+0000] {dag.py:3947} INFO - Setting next_dagrun for pipeline to 2026-04-07 00:00:00+00:00, run_after=2026-04-08 00:00:00+00:00
[2026-04-07T08:17:10.526+0000] {processor.py:183} INFO - Processing /opt/airflow/dags/pipeline.py took 1.514 seconds
[2026-04-07T08:17:41.220+0000] {processor.py:161} INFO - Started process (PID=658) to work on /opt/airflow/dags/pipeline.py
[2026-04-07T08:17:41.222+0000] {processor.py:830} INFO - Processing file /opt/airflow/dags/pipeline.py for tasks to queue
[2026-04-07T08:17:41.226+0000] {logging_mixin.py:188} INFO - [2026-04-07T08:17:41.225+0000] {dagbag.py:545} INFO - Filling up the DagBag from /opt/airflow/dags/pipeline.py
[2026-04-07T08:17:42.297+0000] {processor.py:840} INFO - DAG(s) 'pipeline' retrieved from /opt/airflow/dags/pipeline.py
[2026-04-07T08:17:42.558+0000] {logging_mixin.py:188} INFO - [2026-04-07T08:17:42.557+0000] {dag.py:3089} INFO - Sync 1 DAGs
[2026-04-07T08:17:42.597+0000] {logging_mixin.py:188} INFO - [2026-04-07T08:17:42.596+0000] {dag.py:3947} INFO - Setting next_dagrun for pipeline to 2026-04-07 00:00:00+00:00, run_after=2026-04-08 00:00:00+00:00
[2026-04-07T08:17:42.643+0000] {processor.py:183} INFO - Processing /opt/airflow/dags/pipeline.py took 1.433 seconds
[2026-04-07T08:18:12.793+0000] {processor.py:161} INFO - Started process (PID=669) to work on /opt/airflow/dags/pipeline.py
[2026-04-07T08:18:12.795+0000] {processor.py:830} INFO - Processing file /opt/airflow/dags/pipeline.py for tasks to queue
[2026-04-07T08:18:12.800+0000] {logging_mixin.py:188} INFO - [2026-04-07T08:18:12.799+0000] {dagbag.py:545} INFO - Filling up the DagBag from /opt/airflow/dags/pipeline.py
[2026-04-07T08:18:13.928+0000] {processor.py:840} INFO - DAG(s) 'pipeline' retrieved from /opt/airflow/dags/pipeline.py
[2026-04-07T08:18:14.222+0000] {logging_mixin.py:188} INFO - [2026-04-07T08:18:14.221+0000] {dag.py:3089} INFO - Sync 1 DAGs
[2026-04-07T08:18:14.267+0000] {logging_mixin.py:188} INFO - [2026-04-07T08:18:14.266+0000] {dag.py:3947} INFO - Setting next_dagrun for pipeline to 2026-04-07 00:00:00+00:00, run_after=2026-04-08 00:00:00+00:00
[2026-04-07T08:18:14.320+0000] {processor.py:183} INFO - Processing /opt/airflow/dags/pipeline.py took 1.541 seconds
[2026-04-07T08:18:44.518+0000] {processor.py:161} INFO - Started process (PID=680) to work on /opt/airflow/dags/pipeline.py
[2026-04-07T08:18:44.524+0000] {processor.py:830} INFO - Processing file /opt/airflow/dags/pipeline.py for tasks to queue
[2026-04-07T08:18:44.534+0000] {logging_mixin.py:188} INFO - [2026-04-07T08:18:44.532+0000] {dagbag.py:545} INFO - Filling up the DagBag from /opt/airflow/dags/pipeline.py
[2026-04-07T08:18:45.696+0000] {processor.py:840} INFO - DAG(s) 'pipeline' retrieved from /opt/airflow/dags/pipeline.py
[2026-04-07T08:18:45.776+0000] {logging_mixin.py:188} INFO - [2026-04-07T08:18:45.775+0000] {dag.py:3089} INFO - Sync 1 DAGs
[2026-04-07T08:18:45.810+0000] {logging_mixin.py:188} INFO - [2026-04-07T08:18:45.809+0000] {dag.py:3947} INFO - Setting next_dagrun for pipeline to 2026-04-07 00:00:00+00:00, run_after=2026-04-08 00:00:00+00:00
[2026-04-07T08:18:45.855+0000] {processor.py:183} INFO - Processing /opt/airflow/dags/pipeline.py took 1.368 seconds
[2026-04-07T08:19:16.671+0000] {processor.py:161} INFO - Started process (PID=691) to work on /opt/airflow/dags/pipeline.py
[2026-04-07T08:19:16.675+0000] {processor.py:830} INFO - Processing file /opt/airflow/dags/pipeline.py for tasks to queue
[2026-04-07T08:19:16.682+0000] {logging_mixin.py:188} INFO - [2026-04-07T08:19:16.681+0000] {dagbag.py:545} INFO - Filling up the DagBag from /opt/airflow/dags/pipeline.py
[2026-04-07T08:19:18.189+0000] {processor.py:840} INFO - DAG(s) 'pipeline' retrieved from /opt/airflow/dags/pipeline.py
[2026-04-07T08:19:18.280+0000] {logging_mixin.py:188} INFO - [2026-04-07T08:19:18.280+0000] {dag.py:3089} INFO - Sync 1 DAGs
[2026-04-07T08:19:18.316+0000] {logging_mixin.py:188} INFO - [2026-04-07T08:19:18.315+0000] {dag.py:3947} INFO - Setting next_dagrun for pipeline to 2026-04-07 00:00:00+00:00, run_after=2026-04-08 00:00:00+00:00
[2026-04-07T08:19:18.370+0000] {processor.py:183} INFO - Processing /opt/airflow/dags/pipeline.py took 1.721 seconds
[2026-04-07T08:19:48.618+0000] {processor.py:161} INFO - Started process (PID=702) to work on /opt/airflow/dags/pipeline.py
[2026-04-07T08:19:48.620+0000] {processor.py:830} INFO - Processing file /opt/airflow/dags/pipeline.py for tasks to queue
[2026-04-07T08:19:48.622+0000] {logging_mixin.py:188} INFO - [2026-04-07T08:19:48.622+0000] {dagbag.py:545} INFO - Filling up the DagBag from /opt/airflow/dags/pipeline.py
[2026-04-07T08:19:49.649+0000] {processor.py:840} INFO - DAG(s) 'pipeline' retrieved from /opt/airflow/dags/pipeline.py
[2026-04-07T08:19:49.743+0000] {logging_mixin.py:188} INFO - [2026-04-07T08:19:49.743+0000] {dag.py:3089} INFO - Sync 1 DAGs
[2026-04-07T08:19:49.782+0000] {logging_mixin.py:188} INFO - [2026-04-07T08:19:49.781+0000] {dag.py:3947} INFO - Setting next_dagrun for pipeline to 2026-04-07 00:00:00+00:00, run_after=2026-04-08 00:00:00+00:00
[2026-04-07T08:19:49.832+0000] {processor.py:183} INFO - Processing /opt/airflow/dags/pipeline.py took 1.222 seconds
[2026-04-07T08:20:20.045+0000] {processor.py:161} INFO - Started process (PID=713) to work on /opt/airflow/dags/pipeline.py
[2026-04-07T08:20:20.047+0000] {processor.py:830} INFO - Processing file /opt/airflow/dags/pipeline.py for tasks to queue
[2026-04-07T08:20:20.050+0000] {logging_mixin.py:188} INFO - [2026-04-07T08:20:20.049+0000] {dagbag.py:545} INFO - Filling up the DagBag from /opt/airflow/dags/pipeline.py
[2026-04-07T08:20:21.475+0000] {processor.py:840} INFO - DAG(s) 'pipeline' retrieved from /opt/airflow/dags/pipeline.py
[2026-04-07T08:20:21.568+0000] {logging_mixin.py:188} INFO - [2026-04-07T08:20:21.568+0000] {dag.py:3089} INFO - Sync 1 DAGs
[2026-04-07T08:20:21.615+0000] {logging_mixin.py:188} INFO - [2026-04-07T08:20:21.615+0000] {dag.py:3947} INFO - Setting next_dagrun for pipeline to 2026-04-07 00:00:00+00:00, run_after=2026-04-08 00:00:00+00:00
[2026-04-07T08:20:21.677+0000] {processor.py:183} INFO - Processing /opt/airflow/dags/pipeline.py took 1.641 seconds
[2026-04-07T08:20:52.431+0000] {processor.py:161} INFO - Started process (PID=724) to work on /opt/airflow/dags/pipeline.py
[2026-04-07T08:20:52.433+0000] {processor.py:830} INFO - Processing file /opt/airflow/dags/pipeline.py for tasks to queue
[2026-04-07T08:20:52.436+0000] {logging_mixin.py:188} INFO - [2026-04-07T08:20:52.435+0000] {dagbag.py:545} INFO - Filling up the DagBag from /opt/airflow/dags/pipeline.py
[2026-04-07T08:20:53.450+0000] {processor.py:840} INFO - DAG(s) 'pipeline' retrieved from /opt/airflow/dags/pipeline.py
[2026-04-07T08:20:53.532+0000] {logging_mixin.py:188} INFO - [2026-04-07T08:20:53.532+0000] {dag.py:3089} INFO - Sync 1 DAGs
[2026-04-07T08:20:53.567+0000] {logging_mixin.py:188} INFO - [2026-04-07T08:20:53.567+0000] {dag.py:3947} INFO - Setting next_dagrun for pipeline to 2026-04-07 00:00:00+00:00, run_after=2026-04-08 00:00:00+00:00
[2026-04-07T08:20:53.602+0000] {processor.py:183} INFO - Processing /opt/airflow/dags/pipeline.py took 1.180 seconds
[2026-04-07T08:21:24.312+0000] {processor.py:161} INFO - Started process (PID=735) to work on /opt/airflow/dags/pipeline.py
[2026-04-07T08:21:24.313+0000] {processor.py:830} INFO - Processing file /opt/airflow/dags/pipeline.py for tasks to queue
[2026-04-07T08:21:24.316+0000] {logging_mixin.py:188} INFO - [2026-04-07T08:21:24.315+0000] {dagbag.py:545} INFO - Filling up the DagBag from /opt/airflow/dags/pipeline.py
[2026-04-07T08:21:25.338+0000] {processor.py:840} INFO - DAG(s) 'pipeline' retrieved from /opt/airflow/dags/pipeline.py
[2026-04-07T08:21:25.445+0000] {logging_mixin.py:188} INFO - [2026-04-07T08:21:25.444+0000] {dag.py:3089} INFO - Sync 1 DAGs
[2026-04-07T08:21:25.483+0000] {logging_mixin.py:188} INFO - [2026-04-07T08:21:25.483+0000] {dag.py:3947} INFO - Setting next_dagrun for pipeline to 2026-04-07 00:00:00+00:00, run_after=2026-04-08 00:00:00+00:00
[2026-04-07T08:21:25.533+0000] {processor.py:183} INFO - Processing /opt/airflow/dags/pipeline.py took 1.236 seconds
[2026-04-07T08:21:56.266+0000] {processor.py:161} INFO - Started process (PID=746) to work on /opt/airflow/dags/pipeline.py
[2026-04-07T08:21:56.270+0000] {processor.py:830} INFO - Processing file /opt/airflow/dags/pipeline.py for tasks to queue
[2026-04-07T08:21:56.277+0000] {logging_mixin.py:188} INFO - [2026-04-07T08:21:56.276+0000] {dagbag.py:545} INFO - Filling up the DagBag from /opt/airflow/dags/pipeline.py
[2026-04-07T08:21:57.531+0000] {processor.py:840} INFO - DAG(s) 'pipeline' retrieved from /opt/airflow/dags/pipeline.py
[2026-04-07T08:21:57.698+0000] {logging_mixin.py:188} INFO - [2026-04-07T08:21:57.698+0000] {dag.py:3089} INFO - Sync 1 DAGs
[2026-04-07T08:21:57.738+0000] {logging_mixin.py:188} INFO - [2026-04-07T08:21:57.737+0000] {dag.py:3947} INFO - Setting next_dagrun for pipeline to 2026-04-07 00:00:00+00:00, run_after=2026-04-08 00:00:00+00:00
[2026-04-07T08:21:57.787+0000] {processor.py:183} INFO - Processing /opt/airflow/dags/pipeline.py took 1.545 seconds
[2026-04-07T08:22:27.997+0000] {processor.py:161} INFO - Started process (PID=757) to work on /opt/airflow/dags/pipeline.py
[2026-04-07T08:22:27.999+0000] {processor.py:830} INFO - Processing file /opt/airflow/dags/pipeline.py for tasks to queue
[2026-04-07T08:22:28.003+0000] {logging_mixin.py:188} INFO - [2026-04-07T08:22:28.002+0000] {dagbag.py:545} INFO - Filling up the DagBag from /opt/airflow/dags/pipeline.py
[2026-04-07T08:22:29.011+0000] {processor.py:840} INFO - DAG(s) 'pipeline' retrieved from /opt/airflow/dags/pipeline.py
[2026-04-07T08:22:29.107+0000] {logging_mixin.py:188} INFO - [2026-04-07T08:22:29.106+0000] {dag.py:3089} INFO - Sync 1 DAGs
[2026-04-07T08:22:29.157+0000] {logging_mixin.py:188} INFO - [2026-04-07T08:22:29.157+0000] {dag.py:3947} INFO - Setting next_dagrun for pipeline to 2026-04-07 00:00:00+00:00, run_after=2026-04-08 00:00:00+00:00
[2026-04-07T08:22:29.225+0000] {processor.py:183} INFO - Processing /opt/airflow/dags/pipeline.py took 1.238 seconds
[2026-04-07T08:22:59.956+0000] {processor.py:161} INFO - Started process (PID=768) to work on /opt/airflow/dags/pipeline.py
[2026-04-07T08:22:59.958+0000] {processor.py:830} INFO - Processing file /opt/airflow/dags/pipeline.py for tasks to queue
[2026-04-07T08:22:59.962+0000] {logging_mixin.py:188} INFO - [2026-04-07T08:22:59.961+0000] {dagbag.py:545} INFO - Filling up the DagBag from /opt/airflow/dags/pipeline.py
[2026-04-07T08:23:01.015+0000] {processor.py:840} INFO - DAG(s) 'pipeline' retrieved from /opt/airflow/dags/pipeline.py
[2026-04-07T08:23:01.110+0000] {logging_mixin.py:188} INFO - [2026-04-07T08:23:01.110+0000] {dag.py:3089} INFO - Sync 1 DAGs
[2026-04-07T08:23:01.154+0000] {logging_mixin.py:188} INFO - [2026-04-07T08:23:01.154+0000] {dag.py:3947} INFO - Setting next_dagrun for pipeline to 2026-04-07 00:00:00+00:00, run_after=2026-04-08 00:00:00+00:00
[2026-04-07T08:23:01.217+0000] {processor.py:183} INFO - Processing /opt/airflow/dags/pipeline.py took 1.275 seconds
[2026-04-07T08:23:32.050+0000] {processor.py:161} INFO - Started process (PID=779) to work on /opt/airflow/dags/pipeline.py
[2026-04-07T08:23:32.055+0000] {processor.py:830} INFO - Processing file /opt/airflow/dags/pipeline.py for tasks to queue
[2026-04-07T08:23:32.064+0000] {logging_mixin.py:188} INFO - [2026-04-07T08:23:32.063+0000] {dagbag.py:545} INFO - Filling up the DagBag from /opt/airflow/dags/pipeline.py
[2026-04-07T08:23:33.211+0000] {processor.py:840} INFO - DAG(s) 'pipeline' retrieved from /opt/airflow/dags/pipeline.py
[2026-04-07T08:23:33.292+0000] {logging_mixin.py:188} INFO - [2026-04-07T08:23:33.292+0000] {dag.py:3089} INFO - Sync 1 DAGs
[2026-04-07T08:23:33.326+0000] {logging_mixin.py:188} INFO - [2026-04-07T08:23:33.326+0000] {dag.py:3947} INFO - Setting next_dagrun for pipeline to 2026-04-07 00:00:00+00:00, run_after=2026-04-08 00:00:00+00:00
[2026-04-07T08:23:33.378+0000] {processor.py:183} INFO - Processing /opt/airflow/dags/pipeline.py took 1.357 seconds
[2026-04-07T08:24:03.669+0000] {processor.py:161} INFO - Started process (PID=790) to work on /opt/airflow/dags/pipeline.py
[2026-04-07T08:24:03.670+0000] {processor.py:830} INFO - Processing file /opt/airflow/dags/pipeline.py for tasks to queue
[2026-04-07T08:24:03.673+0000] {logging_mixin.py:188} INFO - [2026-04-07T08:24:03.673+0000] {dagbag.py:545} INFO - Filling up the DagBag from /opt/airflow/dags/pipeline.py
[2026-04-07T08:24:04.733+0000] {processor.py:840} INFO - DAG(s) 'pipeline' retrieved from /opt/airflow/dags/pipeline.py
[2026-04-07T08:24:04.821+0000] {logging_mixin.py:188} INFO - [2026-04-07T08:24:04.821+0000] {dag.py:3089} INFO - Sync 1 DAGs
[2026-04-07T08:24:04.858+0000] {logging_mixin.py:188} INFO - [2026-04-07T08:24:04.857+0000] {dag.py:3947} INFO - Setting next_dagrun for pipeline to 2026-04-07 00:00:00+00:00, run_after=2026-04-08 00:00:00+00:00
[2026-04-07T08:24:04.914+0000] {processor.py:183} INFO - Processing /opt/airflow/dags/pipeline.py took 1.254 seconds
[2026-04-07T08:24:35.892+0000] {processor.py:161} INFO - Started process (PID=804) to work on /opt/airflow/dags/pipeline.py
[2026-04-07T08:24:35.896+0000] {processor.py:830} INFO - Processing file /opt/airflow/dags/pipeline.py for tasks to queue
[2026-04-07T08:24:35.905+0000] {logging_mixin.py:188} INFO - [2026-04-07T08:24:35.904+0000] {dagbag.py:545} INFO - Filling up the DagBag from /opt/airflow/dags/pipeline.py
[2026-04-07T08:24:37.203+0000] {processor.py:840} INFO - DAG(s) 'pipeline' retrieved from /opt/airflow/dags/pipeline.py
[2026-04-07T08:24:37.284+0000] {logging_mixin.py:188} INFO - [2026-04-07T08:24:37.283+0000] {dag.py:3089} INFO - Sync 1 DAGs
[2026-04-07T08:24:37.330+0000] {logging_mixin.py:188} INFO - [2026-04-07T08:24:37.329+0000] {dag.py:3947} INFO - Setting next_dagrun for pipeline to 2026-04-07 00:00:00+00:00, run_after=2026-04-08 00:00:00+00:00
[2026-04-07T08:24:37.381+0000] {processor.py:183} INFO - Processing /opt/airflow/dags/pipeline.py took 1.513 seconds
[2026-04-07T08:25:07.843+0000] {processor.py:161} INFO - Started process (PID=817) to work on /opt/airflow/dags/pipeline.py
[2026-04-07T08:25:07.852+0000] {processor.py:830} INFO - Processing file /opt/airflow/dags/pipeline.py for tasks to queue
[2026-04-07T08:25:07.860+0000] {logging_mixin.py:188} INFO - [2026-04-07T08:25:07.859+0000] {dagbag.py:545} INFO - Filling up the DagBag from /opt/airflow/dags/pipeline.py
[2026-04-07T08:25:09.312+0000] {processor.py:840} INFO - DAG(s) 'pipeline' retrieved from /opt/airflow/dags/pipeline.py
[2026-04-07T08:25:09.806+0000] {logging_mixin.py:188} INFO - [2026-04-07T08:25:09.806+0000] {dag.py:3089} INFO - Sync 1 DAGs
[2026-04-07T08:25:09.997+0000] {logging_mixin.py:188} INFO - [2026-04-07T08:25:09.997+0000] {dag.py:3947} INFO - Setting next_dagrun for pipeline to 2026-04-07 00:00:00+00:00, run_after=2026-04-08 00:00:00+00:00
[2026-04-07T08:25:10.116+0000] {processor.py:183} INFO - Processing /opt/airflow/dags/pipeline.py took 2.297 seconds
[2026-04-07T08:25:40.504+0000] {processor.py:161} INFO - Started process (PID=828) to work on /opt/airflow/dags/pipeline.py
[2026-04-07T08:25:40.506+0000] {processor.py:830} INFO - Processing file /opt/airflow/dags/pipeline.py for tasks to queue
[2026-04-07T08:25:40.510+0000] {logging_mixin.py:188} INFO - [2026-04-07T08:25:40.509+0000] {dagbag.py:545} INFO - Filling up the DagBag from /opt/airflow/dags/pipeline.py
[2026-04-07T08:25:42.260+0000] {processor.py:840} INFO - DAG(s) 'pipeline' retrieved from /opt/airflow/dags/pipeline.py
[2026-04-07T08:25:42.475+0000] {logging_mixin.py:188} INFO - [2026-04-07T08:25:42.475+0000] {dag.py:3089} INFO - Sync 1 DAGs
[2026-04-07T08:25:42.520+0000] {logging_mixin.py:188} INFO - [2026-04-07T08:25:42.520+0000] {dag.py:3947} INFO - Setting next_dagrun for pipeline to 2026-04-07 00:00:00+00:00, run_after=2026-04-08 00:00:00+00:00
[2026-04-07T08:25:42.573+0000] {processor.py:183} INFO - Processing /opt/airflow/dags/pipeline.py took 2.083 seconds
[2026-04-07T08:26:13.262+0000] {processor.py:161} INFO - Started process (PID=839) to work on /opt/airflow/dags/pipeline.py
[2026-04-07T08:26:13.267+0000] {processor.py:830} INFO - Processing file /opt/airflow/dags/pipeline.py for tasks to queue
[2026-04-07T08:26:13.273+0000] {logging_mixin.py:188} INFO - [2026-04-07T08:26:13.272+0000] {dagbag.py:545} INFO - Filling up the DagBag from /opt/airflow/dags/pipeline.py
[2026-04-07T08:26:14.495+0000] {processor.py:840} INFO - DAG(s) 'pipeline' retrieved from /opt/airflow/dags/pipeline.py
[2026-04-07T08:26:14.590+0000] {logging_mixin.py:188} INFO - [2026-04-07T08:26:14.590+0000] {dag.py:3089} INFO - Sync 1 DAGs
[2026-04-07T08:26:14.627+0000] {logging_mixin.py:188} INFO - [2026-04-07T08:26:14.627+0000] {dag.py:3947} INFO - Setting next_dagrun for pipeline to 2026-04-07 00:00:00+00:00, run_after=2026-04-08 00:00:00+00:00
[2026-04-07T08:26:14.673+0000] {processor.py:183} INFO - Processing /opt/airflow/dags/pipeline.py took 1.438 seconds
[2026-04-07T08:26:45.411+0000] {processor.py:161} INFO - Started process (PID=850) to work on /opt/airflow/dags/pipeline.py
[2026-04-07T08:26:45.415+0000] {processor.py:830} INFO - Processing file /opt/airflow/dags/pipeline.py for tasks to queue
[2026-04-07T08:26:45.424+0000] {logging_mixin.py:188} INFO - [2026-04-07T08:26:45.423+0000] {dagbag.py:545} INFO - Filling up the DagBag from /opt/airflow/dags/pipeline.py
[2026-04-07T08:26:46.511+0000] {processor.py:840} INFO - DAG(s) 'pipeline' retrieved from /opt/airflow/dags/pipeline.py
[2026-04-07T08:26:46.594+0000] {logging_mixin.py:188} INFO - [2026-04-07T08:26:46.594+0000] {dag.py:3089} INFO - Sync 1 DAGs
[2026-04-07T08:26:46.627+0000] {logging_mixin.py:188} INFO - [2026-04-07T08:26:46.627+0000] {dag.py:3947} INFO - Setting next_dagrun for pipeline to 2026-04-07 00:00:00+00:00, run_after=2026-04-08 00:00:00+00:00
[2026-04-07T08:26:46.672+0000] {processor.py:183} INFO - Processing /opt/airflow/dags/pipeline.py took 1.286 seconds
[2026-04-07T08:27:17.244+0000] {processor.py:161} INFO - Started process (PID=861) to work on /opt/airflow/dags/pipeline.py
[2026-04-07T08:27:17.246+0000] {processor.py:830} INFO - Processing file /opt/airflow/dags/pipeline.py for tasks to queue
[2026-04-07T08:27:17.248+0000] {logging_mixin.py:188} INFO - [2026-04-07T08:27:17.248+0000] {dagbag.py:545} INFO - Filling up the DagBag from /opt/airflow/dags/pipeline.py
[2026-04-07T08:27:18.854+0000] {processor.py:840} INFO - DAG(s) 'pipeline' retrieved from /opt/airflow/dags/pipeline.py
[2026-04-07T08:27:19.087+0000] {logging_mixin.py:188} INFO - [2026-04-07T08:27:19.086+0000] {dag.py:3089} INFO - Sync 1 DAGs
[2026-04-07T08:27:19.136+0000] {logging_mixin.py:188} INFO - [2026-04-07T08:27:19.136+0000] {dag.py:3947} INFO - Setting next_dagrun for pipeline to 2026-04-07 00:00:00+00:00, run_after=2026-04-08 00:00:00+00:00
[2026-04-07T08:27:19.191+0000] {processor.py:183} INFO - Processing /opt/airflow/dags/pipeline.py took 1.957 seconds
[2026-04-07T08:27:49.284+0000] {processor.py:161} INFO - Started process (PID=872) to work on /opt/airflow/dags/pipeline.py
[2026-04-07T08:27:49.286+0000] {processor.py:830} INFO - Processing file /opt/airflow/dags/pipeline.py for tasks to queue
[2026-04-07T08:27:49.290+0000] {logging_mixin.py:188} INFO - [2026-04-07T08:27:49.289+0000] {dagbag.py:545} INFO - Filling up the DagBag from /opt/airflow/dags/pipeline.py
[2026-04-07T08:27:52.617+0000] {processor.py:840} INFO - DAG(s) 'pipeline' retrieved from /opt/airflow/dags/pipeline.py
[2026-04-07T08:27:52.818+0000] {logging_mixin.py:188} INFO - [2026-04-07T08:27:52.818+0000] {dag.py:3089} INFO - Sync 1 DAGs
[2026-04-07T08:27:52.895+0000] {logging_mixin.py:188} INFO - [2026-04-07T08:27:52.894+0000] {dag.py:3947} INFO - Setting next_dagrun for pipeline to 2026-04-07 00:00:00+00:00, run_after=2026-04-08 00:00:00+00:00
[2026-04-07T08:27:53.014+0000] {processor.py:183} INFO - Processing /opt/airflow/dags/pipeline.py took 3.745 seconds
[2026-04-07T08:28:24.143+0000] {processor.py:161} INFO - Started process (PID=883) to work on /opt/airflow/dags/pipeline.py
[2026-04-07T08:28:24.146+0000] {processor.py:830} INFO - Processing file /opt/airflow/dags/pipeline.py for tasks to queue
[2026-04-07T08:28:24.153+0000] {logging_mixin.py:188} INFO - [2026-04-07T08:28:24.152+0000] {dagbag.py:545} INFO - Filling up the DagBag from /opt/airflow/dags/pipeline.py
[2026-04-07T08:28:25.325+0000] {processor.py:840} INFO - DAG(s) 'pipeline' retrieved from /opt/airflow/dags/pipeline.py
[2026-04-07T08:28:25.417+0000] {logging_mixin.py:188} INFO - [2026-04-07T08:28:25.416+0000] {dag.py:3089} INFO - Sync 1 DAGs
[2026-04-07T08:28:25.453+0000] {logging_mixin.py:188} INFO - [2026-04-07T08:28:25.453+0000] {dag.py:3947} INFO - Setting next_dagrun for pipeline to 2026-04-07 00:00:00+00:00, run_after=2026-04-08 00:00:00+00:00
[2026-04-07T08:28:25.503+0000] {processor.py:183} INFO - Processing /opt/airflow/dags/pipeline.py took 1.393 seconds
[2026-04-07T08:28:56.249+0000] {processor.py:161} INFO - Started process (PID=894) to work on /opt/airflow/dags/pipeline.py
[2026-04-07T08:28:56.251+0000] {processor.py:830} INFO - Processing file /opt/airflow/dags/pipeline.py for tasks to queue
[2026-04-07T08:28:56.254+0000] {logging_mixin.py:188} INFO - [2026-04-07T08:28:56.253+0000] {dagbag.py:545} INFO - Filling up the DagBag from /opt/airflow/dags/pipeline.py
[2026-04-07T08:28:57.537+0000] {processor.py:840} INFO - DAG(s) 'pipeline' retrieved from /opt/airflow/dags/pipeline.py
[2026-04-07T08:28:57.626+0000] {logging_mixin.py:188} INFO - [2026-04-07T08:28:57.626+0000] {dag.py:3089} INFO - Sync 1 DAGs
[2026-04-07T08:28:57.662+0000] {logging_mixin.py:188} INFO - [2026-04-07T08:28:57.662+0000] {dag.py:3947} INFO - Setting next_dagrun for pipeline to 2026-04-07 00:00:00+00:00, run_after=2026-04-08 00:00:00+00:00
[2026-04-07T08:28:57.718+0000] {processor.py:183} INFO - Processing /opt/airflow/dags/pipeline.py took 1.479 seconds
[2026-04-07T08:29:28.479+0000] {processor.py:161} INFO - Started process (PID=905) to work on /opt/airflow/dags/pipeline.py
[2026-04-07T08:29:28.483+0000] {processor.py:830} INFO - Processing file /opt/airflow/dags/pipeline.py for tasks to queue
[2026-04-07T08:29:28.491+0000] {logging_mixin.py:188} INFO - [2026-04-07T08:29:28.489+0000] {dagbag.py:545} INFO - Filling up the DagBag from /opt/airflow/dags/pipeline.py
[2026-04-07T08:29:29.610+0000] {processor.py:840} INFO - DAG(s) 'pipeline' retrieved from /opt/airflow/dags/pipeline.py
[2026-04-07T08:29:29.696+0000] {logging_mixin.py:188} INFO - [2026-04-07T08:29:29.696+0000] {dag.py:3089} INFO - Sync 1 DAGs
[2026-04-07T08:29:29.736+0000] {logging_mixin.py:188} INFO - [2026-04-07T08:29:29.735+0000] {dag.py:3947} INFO - Setting next_dagrun for pipeline to 2026-04-07 00:00:00+00:00, run_after=2026-04-08 00:00:00+00:00
[2026-04-07T08:29:29.812+0000] {processor.py:183} INFO - Processing /opt/airflow/dags/pipeline.py took 1.359 seconds
[2026-04-07T08:30:00.018+0000] {processor.py:161} INFO - Started process (PID=916) to work on /opt/airflow/dags/pipeline.py
[2026-04-07T08:30:00.020+0000] {processor.py:830} INFO - Processing file /opt/airflow/dags/pipeline.py for tasks to queue
[2026-04-07T08:30:00.025+0000] {logging_mixin.py:188} INFO - [2026-04-07T08:30:00.024+0000] {dagbag.py:545} INFO - Filling up the DagBag from /opt/airflow/dags/pipeline.py
[2026-04-07T08:30:01.095+0000] {processor.py:840} INFO - DAG(s) 'pipeline' retrieved from /opt/airflow/dags/pipeline.py
[2026-04-07T08:30:01.194+0000] {logging_mixin.py:188} INFO - [2026-04-07T08:30:01.194+0000] {dag.py:3089} INFO - Sync 1 DAGs
[2026-04-07T08:30:01.232+0000] {logging_mixin.py:188} INFO - [2026-04-07T08:30:01.232+0000] {dag.py:3947} INFO - Setting next_dagrun for pipeline to 2026-04-07 00:00:00+00:00, run_after=2026-04-08 00:00:00+00:00
[2026-04-07T08:30:01.290+0000] {processor.py:183} INFO - Processing /opt/airflow/dags/pipeline.py took 1.288 seconds
[2026-04-07T08:30:31.380+0000] {processor.py:161} INFO - Started process (PID=927) to work on /opt/airflow/dags/pipeline.py
[2026-04-07T08:30:31.383+0000] {processor.py:830} INFO - Processing file /opt/airflow/dags/pipeline.py for tasks to queue
[2026-04-07T08:30:31.388+0000] {logging_mixin.py:188} INFO - [2026-04-07T08:30:31.387+0000] {dagbag.py:545} INFO - Filling up the DagBag from /opt/airflow/dags/pipeline.py
[2026-04-07T08:30:34.056+0000] {processor.py:840} INFO - DAG(s) 'pipeline' retrieved from /opt/airflow/dags/pipeline.py
[2026-04-07T08:30:34.292+0000] {logging_mixin.py:188} INFO - [2026-04-07T08:30:34.291+0000] {dag.py:3089} INFO - Sync 1 DAGs
[2026-04-07T08:30:34.350+0000] {logging_mixin.py:188} INFO - [2026-04-07T08:30:34.350+0000] {dag.py:3947} INFO - Setting next_dagrun for pipeline to 2026-04-07 00:00:00+00:00, run_after=2026-04-08 00:00:00+00:00
[2026-04-07T08:30:34.425+0000] {processor.py:183} INFO - Processing /opt/airflow/dags/pipeline.py took 3.063 seconds
[2026-04-07T08:31:05.161+0000] {processor.py:161} INFO - Started process (PID=938) to work on /opt/airflow/dags/pipeline.py
[2026-04-07T08:31:05.165+0000] {processor.py:830} INFO - Processing file /opt/airflow/dags/pipeline.py for tasks to queue
[2026-04-07T08:31:05.171+0000] {logging_mixin.py:188} INFO - [2026-04-07T08:31:05.170+0000] {dagbag.py:545} INFO - Filling up the DagBag from /opt/airflow/dags/pipeline.py
[2026-04-07T08:31:06.349+0000] {processor.py:840} INFO - DAG(s) 'pipeline' retrieved from /opt/airflow/dags/pipeline.py
[2026-04-07T08:31:06.428+0000] {logging_mixin.py:188} INFO - [2026-04-07T08:31:06.428+0000] {dag.py:3089} INFO - Sync 1 DAGs
[2026-04-07T08:31:06.463+0000] {logging_mixin.py:188} INFO - [2026-04-07T08:31:06.463+0000] {dag.py:3947} INFO - Setting next_dagrun for pipeline to 2026-04-07 00:00:00+00:00, run_after=2026-04-08 00:00:00+00:00
[2026-04-07T08:31:06.512+0000] {processor.py:183} INFO - Processing /opt/airflow/dags/pipeline.py took 1.374 seconds
[2026-04-07T08:31:37.303+0000] {processor.py:161} INFO - Started process (PID=949) to work on /opt/airflow/dags/pipeline.py
[2026-04-07T08:31:37.305+0000] {processor.py:830} INFO - Processing file /opt/airflow/dags/pipeline.py for tasks to queue
[2026-04-07T08:31:37.309+0000] {logging_mixin.py:188} INFO - [2026-04-07T08:31:37.308+0000] {dagbag.py:545} INFO - Filling up the DagBag from /opt/airflow/dags/pipeline.py
[2026-04-07T08:31:38.728+0000] {processor.py:840} INFO - DAG(s) 'pipeline' retrieved from /opt/airflow/dags/pipeline.py
[2026-04-07T08:31:38.827+0000] {logging_mixin.py:188} INFO - [2026-04-07T08:31:38.826+0000] {dag.py:3089} INFO - Sync 1 DAGs
[2026-04-07T08:31:38.900+0000] {logging_mixin.py:188} INFO - [2026-04-07T08:31:38.900+0000] {dag.py:3947} INFO - Setting next_dagrun for pipeline to 2026-04-07 00:00:00+00:00, run_after=2026-04-08 00:00:00+00:00
[2026-04-07T08:31:38.959+0000] {processor.py:183} INFO - Processing /opt/airflow/dags/pipeline.py took 1.666 seconds
[2026-04-07T08:32:09.749+0000] {processor.py:161} INFO - Started process (PID=960) to work on /opt/airflow/dags/pipeline.py
[2026-04-07T08:32:09.754+0000] {processor.py:830} INFO - Processing file /opt/airflow/dags/pipeline.py for tasks to queue
[2026-04-07T08:32:09.761+0000] {logging_mixin.py:188} INFO - [2026-04-07T08:32:09.760+0000] {dagbag.py:545} INFO - Filling up the DagBag from /opt/airflow/dags/pipeline.py
[2026-04-07T08:32:10.934+0000] {processor.py:840} INFO - DAG(s) 'pipeline' retrieved from /opt/airflow/dags/pipeline.py
[2026-04-07T08:32:11.016+0000] {logging_mixin.py:188} INFO - [2026-04-07T08:32:11.016+0000] {dag.py:3089} INFO - Sync 1 DAGs
[2026-04-07T08:32:11.051+0000] {logging_mixin.py:188} INFO - [2026-04-07T08:32:11.051+0000] {dag.py:3947} INFO - Setting next_dagrun for pipeline to 2026-04-07 00:00:00+00:00, run_after=2026-04-08 00:00:00+00:00
[2026-04-07T08:32:11.111+0000] {processor.py:183} INFO - Processing /opt/airflow/dags/pipeline.py took 1.388 seconds
[2026-04-07T08:32:41.833+0000] {processor.py:161} INFO - Started process (PID=971) to work on /opt/airflow/dags/pipeline.py
[2026-04-07T08:32:41.835+0000] {processor.py:830} INFO - Processing file /opt/airflow/dags/pipeline.py for tasks to queue
[2026-04-07T08:32:41.838+0000] {logging_mixin.py:188} INFO - [2026-04-07T08:32:41.838+0000] {dagbag.py:545} INFO - Filling up the DagBag from /opt/airflow/dags/pipeline.py
[2026-04-07T08:32:43.131+0000] {processor.py:840} INFO - DAG(s) 'pipeline' retrieved from /opt/airflow/dags/pipeline.py
[2026-04-07T08:32:43.215+0000] {logging_mixin.py:188} INFO - [2026-04-07T08:32:43.214+0000] {dag.py:3089} INFO - Sync 1 DAGs
[2026-04-07T08:32:43.254+0000] {logging_mixin.py:188} INFO - [2026-04-07T08:32:43.253+0000] {dag.py:3947} INFO - Setting next_dagrun for pipeline to 2026-04-07 00:00:00+00:00, run_after=2026-04-08 00:00:00+00:00
[2026-04-07T08:32:43.305+0000] {processor.py:183} INFO - Processing /opt/airflow/dags/pipeline.py took 1.484 seconds
[2026-04-07T08:33:13.564+0000] {processor.py:161} INFO - Started process (PID=982) to work on /opt/airflow/dags/pipeline.py
[2026-04-07T08:33:13.566+0000] {processor.py:830} INFO - Processing file /opt/airflow/dags/pipeline.py for tasks to queue
[2026-04-07T08:33:13.569+0000] {logging_mixin.py:188} INFO - [2026-04-07T08:33:13.568+0000] {dagbag.py:545} INFO - Filling up the DagBag from /opt/airflow/dags/pipeline.py
[2026-04-07T08:33:14.656+0000] {processor.py:840} INFO - DAG(s) 'pipeline' retrieved from /opt/airflow/dags/pipeline.py
[2026-04-07T08:33:14.764+0000] {logging_mixin.py:188} INFO - [2026-04-07T08:33:14.764+0000] {dag.py:3089} INFO - Sync 1 DAGs
[2026-04-07T08:33:14.799+0000] {logging_mixin.py:188} INFO - [2026-04-07T08:33:14.799+0000] {dag.py:3947} INFO - Setting next_dagrun for pipeline to 2026-04-07 00:00:00+00:00, run_after=2026-04-08 00:00:00+00:00
[2026-04-07T08:33:14.838+0000] {processor.py:183} INFO - Processing /opt/airflow/dags/pipeline.py took 1.283 seconds
[2026-04-07T08:33:45.517+0000] {processor.py:161} INFO - Started process (PID=993) to work on /opt/airflow/dags/pipeline.py
[2026-04-07T08:33:45.518+0000] {processor.py:830} INFO - Processing file /opt/airflow/dags/pipeline.py for tasks to queue
[2026-04-07T08:33:45.521+0000] {logging_mixin.py:188} INFO - [2026-04-07T08:33:45.521+0000] {dagbag.py:545} INFO - Filling up the DagBag from /opt/airflow/dags/pipeline.py
[2026-04-07T08:33:46.681+0000] {processor.py:840} INFO - DAG(s) 'pipeline' retrieved from /opt/airflow/dags/pipeline.py
[2026-04-07T08:33:46.761+0000] {logging_mixin.py:188} INFO - [2026-04-07T08:33:46.760+0000] {dag.py:3089} INFO - Sync 1 DAGs
[2026-04-07T08:33:46.796+0000] {logging_mixin.py:188} INFO - [2026-04-07T08:33:46.795+0000] {dag.py:3947} INFO - Setting next_dagrun for pipeline to 2026-04-07 00:00:00+00:00, run_after=2026-04-08 00:00:00+00:00
[2026-04-07T08:33:46.841+0000] {processor.py:183} INFO - Processing /opt/airflow/dags/pipeline.py took 1.333 seconds
[2026-04-07T08:34:17.554+0000] {processor.py:161} INFO - Started process (PID=1004) to work on /opt/airflow/dags/pipeline.py
[2026-04-07T08:34:17.556+0000] {processor.py:830} INFO - Processing file /opt/airflow/dags/pipeline.py for tasks to queue
[2026-04-07T08:34:17.559+0000] {logging_mixin.py:188} INFO - [2026-04-07T08:34:17.559+0000] {dagbag.py:545} INFO - Filling up the DagBag from /opt/airflow/dags/pipeline.py
[2026-04-07T08:34:18.956+0000] {processor.py:840} INFO - DAG(s) 'pipeline' retrieved from /opt/airflow/dags/pipeline.py
[2026-04-07T08:34:19.054+0000] {logging_mixin.py:188} INFO - [2026-04-07T08:34:19.054+0000] {dag.py:3089} INFO - Sync 1 DAGs
[2026-04-07T08:34:19.094+0000] {logging_mixin.py:188} INFO - [2026-04-07T08:34:19.093+0000] {dag.py:3947} INFO - Setting next_dagrun for pipeline to 2026-04-07 00:00:00+00:00, run_after=2026-04-08 00:00:00+00:00
[2026-04-07T08:34:19.134+0000] {processor.py:183} INFO - Processing /opt/airflow/dags/pipeline.py took 1.587 seconds
[2026-04-07T08:34:49.361+0000] {processor.py:161} INFO - Started process (PID=1015) to work on /opt/airflow/dags/pipeline.py
[2026-04-07T08:34:49.366+0000] {processor.py:830} INFO - Processing file /opt/airflow/dags/pipeline.py for tasks to queue
[2026-04-07T08:34:49.373+0000] {logging_mixin.py:188} INFO - [2026-04-07T08:34:49.372+0000] {dagbag.py:545} INFO - Filling up the DagBag from /opt/airflow/dags/pipeline.py
[2026-04-07T08:34:50.569+0000] {processor.py:840} INFO - DAG(s) 'pipeline' retrieved from /opt/airflow/dags/pipeline.py
[2026-04-07T08:34:50.650+0000] {logging_mixin.py:188} INFO - [2026-04-07T08:34:50.650+0000] {dag.py:3089} INFO - Sync 1 DAGs
[2026-04-07T08:34:50.683+0000] {logging_mixin.py:188} INFO - [2026-04-07T08:34:50.683+0000] {dag.py:3947} INFO - Setting next_dagrun for pipeline to 2026-04-07 00:00:00+00:00, run_after=2026-04-08 00:00:00+00:00
[2026-04-07T08:34:50.731+0000] {processor.py:183} INFO - Processing /opt/airflow/dags/pipeline.py took 1.401 seconds
[2026-04-07T08:35:21.047+0000] {processor.py:161} INFO - Started process (PID=1026) to work on /opt/airflow/dags/pipeline.py
[2026-04-07T08:35:21.052+0000] {processor.py:830} INFO - Processing file /opt/airflow/dags/pipeline.py for tasks to queue
[2026-04-07T08:35:21.058+0000] {logging_mixin.py:188} INFO - [2026-04-07T08:35:21.057+0000] {dagbag.py:545} INFO - Filling up the DagBag from /opt/airflow/dags/pipeline.py
[2026-04-07T08:35:23.329+0000] {processor.py:840} INFO - DAG(s) 'pipeline' retrieved from /opt/airflow/dags/pipeline.py
[2026-04-07T08:35:23.474+0000] {logging_mixin.py:188} INFO - [2026-04-07T08:35:23.474+0000] {dag.py:3089} INFO - Sync 1 DAGs
[2026-04-07T08:35:23.532+0000] {logging_mixin.py:188} INFO - [2026-04-07T08:35:23.531+0000] {dag.py:3947} INFO - Setting next_dagrun for pipeline to 2026-04-07 00:00:00+00:00, run_after=2026-04-08 00:00:00+00:00
[2026-04-07T08:35:23.603+0000] {processor.py:183} INFO - Processing /opt/airflow/dags/pipeline.py took 2.581 seconds
[2026-04-07T08:35:54.663+0000] {processor.py:161} INFO - Started process (PID=1040) to work on /opt/airflow/dags/pipeline.py
[2026-04-07T08:35:54.665+0000] {processor.py:830} INFO - Processing file /opt/airflow/dags/pipeline.py for tasks to queue
[2026-04-07T08:35:54.668+0000] {logging_mixin.py:188} INFO - [2026-04-07T08:35:54.667+0000] {dagbag.py:545} INFO - Filling up the DagBag from /opt/airflow/dags/pipeline.py
[2026-04-07T08:35:55.919+0000] {processor.py:840} INFO - DAG(s) 'pipeline' retrieved from /opt/airflow/dags/pipeline.py
[2026-04-07T08:35:56.239+0000] {logging_mixin.py:188} INFO - [2026-04-07T08:35:56.238+0000] {dag.py:3089} INFO - Sync 1 DAGs
[2026-04-07T08:35:56.339+0000] {logging_mixin.py:188} INFO - [2026-04-07T08:35:56.338+0000] {dag.py:3947} INFO - Setting next_dagrun for pipeline to 2026-04-07 00:00:00+00:00, run_after=2026-04-08 00:00:00+00:00
[2026-04-07T08:35:56.467+0000] {processor.py:183} INFO - Processing /opt/airflow/dags/pipeline.py took 1.815 seconds
[2026-04-07T08:36:26.641+0000] {processor.py:161} INFO - Started process (PID=1053) to work on /opt/airflow/dags/pipeline.py
[2026-04-07T08:36:26.643+0000] {processor.py:830} INFO - Processing file /opt/airflow/dags/pipeline.py for tasks to queue
[2026-04-07T08:36:26.646+0000] {logging_mixin.py:188} INFO - [2026-04-07T08:36:26.646+0000] {dagbag.py:545} INFO - Filling up the DagBag from /opt/airflow/dags/pipeline.py
[2026-04-07T08:36:27.719+0000] {processor.py:840} INFO - DAG(s) 'pipeline' retrieved from /opt/airflow/dags/pipeline.py
[2026-04-07T08:36:27.959+0000] {logging_mixin.py:188} INFO - [2026-04-07T08:36:27.959+0000] {dag.py:3089} INFO - Sync 1 DAGs
[2026-04-07T08:36:27.998+0000] {logging_mixin.py:188} INFO - [2026-04-07T08:36:27.998+0000] {dag.py:3947} INFO - Setting next_dagrun for pipeline to 2026-04-07 00:00:00+00:00, run_after=2026-04-08 00:00:00+00:00
[2026-04-07T08:36:28.061+0000] {processor.py:183} INFO - Processing /opt/airflow/dags/pipeline.py took 1.429 seconds
[2026-04-07T08:36:58.325+0000] {processor.py:161} INFO - Started process (PID=1064) to work on /opt/airflow/dags/pipeline.py
[2026-04-07T08:36:58.327+0000] {processor.py:830} INFO - Processing file /opt/airflow/dags/pipeline.py for tasks to queue
[2026-04-07T08:36:58.331+0000] {logging_mixin.py:188} INFO - [2026-04-07T08:36:58.330+0000] {dagbag.py:545} INFO - Filling up the DagBag from /opt/airflow/dags/pipeline.py
[2026-04-07T08:36:59.423+0000] {processor.py:840} INFO - DAG(s) 'pipeline' retrieved from /opt/airflow/dags/pipeline.py
[2026-04-07T08:36:59.507+0000] {logging_mixin.py:188} INFO - [2026-04-07T08:36:59.507+0000] {dag.py:3089} INFO - Sync 1 DAGs
[2026-04-07T08:36:59.542+0000] {logging_mixin.py:188} INFO - [2026-04-07T08:36:59.542+0000] {dag.py:3947} INFO - Setting next_dagrun for pipeline to 2026-04-07 00:00:00+00:00, run_after=2026-04-08 00:00:00+00:00
[2026-04-07T08:36:59.594+0000] {processor.py:183} INFO - Processing /opt/airflow/dags/pipeline.py took 1.280 seconds
[2026-04-07T08:37:29.851+0000] {processor.py:161} INFO - Started process (PID=1075) to work on /opt/airflow/dags/pipeline.py
[2026-04-07T08:37:29.853+0000] {processor.py:830} INFO - Processing file /opt/airflow/dags/pipeline.py for tasks to queue
[2026-04-07T08:37:29.856+0000] {logging_mixin.py:188} INFO - [2026-04-07T08:37:29.855+0000] {dagbag.py:545} INFO - Filling up the DagBag from /opt/airflow/dags/pipeline.py
[2026-04-07T08:37:30.898+0000] {processor.py:840} INFO - DAG(s) 'pipeline' retrieved from /opt/airflow/dags/pipeline.py
[2026-04-07T08:37:31.001+0000] {logging_mixin.py:188} INFO - [2026-04-07T08:37:31.001+0000] {dag.py:3089} INFO - Sync 1 DAGs
[2026-04-07T08:37:31.047+0000] {logging_mixin.py:188} INFO - [2026-04-07T08:37:31.046+0000] {dag.py:3947} INFO - Setting next_dagrun for pipeline to 2026-04-07 00:00:00+00:00, run_after=2026-04-08 00:00:00+00:00
[2026-04-07T08:37:31.100+0000] {processor.py:183} INFO - Processing /opt/airflow/dags/pipeline.py took 1.261 seconds
[2026-04-07T08:38:01.838+0000] {processor.py:161} INFO - Started process (PID=1086) to work on /opt/airflow/dags/pipeline.py
[2026-04-07T08:38:01.843+0000] {processor.py:830} INFO - Processing file /opt/airflow/dags/pipeline.py for tasks to queue
[2026-04-07T08:38:01.852+0000] {logging_mixin.py:188} INFO - [2026-04-07T08:38:01.850+0000] {dagbag.py:545} INFO - Filling up the DagBag from /opt/airflow/dags/pipeline.py
[2026-04-07T08:38:03.070+0000] {processor.py:840} INFO - DAG(s) 'pipeline' retrieved from /opt/airflow/dags/pipeline.py
[2026-04-07T08:38:03.321+0000] {logging_mixin.py:188} INFO - [2026-04-07T08:38:03.321+0000] {dag.py:3089} INFO - Sync 1 DAGs
[2026-04-07T08:38:03.361+0000] {logging_mixin.py:188} INFO - [2026-04-07T08:38:03.361+0000] {dag.py:3947} INFO - Setting next_dagrun for pipeline to 2026-04-07 00:00:00+00:00, run_after=2026-04-08 00:00:00+00:00
[2026-04-07T08:38:03.416+0000] {processor.py:183} INFO - Processing /opt/airflow/dags/pipeline.py took 1.610 seconds
[2026-04-07T08:38:33.693+0000] {processor.py:161} INFO - Started process (PID=1097) to work on /opt/airflow/dags/pipeline.py
[2026-04-07T08:38:33.696+0000] {processor.py:830} INFO - Processing file /opt/airflow/dags/pipeline.py for tasks to queue
[2026-04-07T08:38:33.701+0000] {logging_mixin.py:188} INFO - [2026-04-07T08:38:33.701+0000] {dagbag.py:545} INFO - Filling up the DagBag from /opt/airflow/dags/pipeline.py
[2026-04-07T08:38:34.861+0000] {processor.py:840} INFO - DAG(s) 'pipeline' retrieved from /opt/airflow/dags/pipeline.py
[2026-04-07T08:38:34.962+0000] {logging_mixin.py:188} INFO - [2026-04-07T08:38:34.962+0000] {dag.py:3089} INFO - Sync 1 DAGs
[2026-04-07T08:38:35.007+0000] {logging_mixin.py:188} INFO - [2026-04-07T08:38:35.006+0000] {dag.py:3947} INFO - Setting next_dagrun for pipeline to 2026-04-07 00:00:00+00:00, run_after=2026-04-08 00:00:00+00:00
[2026-04-07T08:38:35.067+0000] {processor.py:183} INFO - Processing /opt/airflow/dags/pipeline.py took 1.388 seconds
[2026-04-07T08:39:05.757+0000] {processor.py:161} INFO - Started process (PID=1108) to work on /opt/airflow/dags/pipeline.py
[2026-04-07T08:39:05.760+0000] {processor.py:830} INFO - Processing file /opt/airflow/dags/pipeline.py for tasks to queue
[2026-04-07T08:39:05.765+0000] {logging_mixin.py:188} INFO - [2026-04-07T08:39:05.764+0000] {dagbag.py:545} INFO - Filling up the DagBag from /opt/airflow/dags/pipeline.py
[2026-04-07T08:39:07.914+0000] {processor.py:840} INFO - DAG(s) 'pipeline' retrieved from /opt/airflow/dags/pipeline.py
[2026-04-07T08:39:08.103+0000] {logging_mixin.py:188} INFO - [2026-04-07T08:39:08.102+0000] {dag.py:3089} INFO - Sync 1 DAGs
[2026-04-07T08:39:08.207+0000] {logging_mixin.py:188} INFO - [2026-04-07T08:39:08.206+0000] {dag.py:3947} INFO - Setting next_dagrun for pipeline to 2026-04-07 00:00:00+00:00, run_after=2026-04-08 00:00:00+00:00
[2026-04-07T08:39:08.363+0000] {processor.py:183} INFO - Processing /opt/airflow/dags/pipeline.py took 2.621 seconds
[2026-04-07T08:39:39.194+0000] {processor.py:161} INFO - Started process (PID=1119) to work on /opt/airflow/dags/pipeline.py
[2026-04-07T08:39:39.196+0000] {processor.py:830} INFO - Processing file /opt/airflow/dags/pipeline.py for tasks to queue
[2026-04-07T08:39:39.201+0000] {logging_mixin.py:188} INFO - [2026-04-07T08:39:39.201+0000] {dagbag.py:545} INFO - Filling up the DagBag from /opt/airflow/dags/pipeline.py
[2026-04-07T08:39:40.207+0000] {processor.py:840} INFO - DAG(s) 'pipeline' retrieved from /opt/airflow/dags/pipeline.py
[2026-04-07T08:39:40.294+0000] {logging_mixin.py:188} INFO - [2026-04-07T08:39:40.294+0000] {dag.py:3089} INFO - Sync 1 DAGs
[2026-04-07T08:39:40.329+0000] {logging_mixin.py:188} INFO - [2026-04-07T08:39:40.329+0000] {dag.py:3947} INFO - Setting next_dagrun for pipeline to 2026-04-07 00:00:00+00:00, run_after=2026-04-08 00:00:00+00:00
[2026-04-07T08:39:40.384+0000] {processor.py:183} INFO - Processing /opt/airflow/dags/pipeline.py took 1.206 seconds
[2026-04-07T08:40:10.593+0000] {processor.py:161} INFO - Started process (PID=1130) to work on /opt/airflow/dags/pipeline.py
[2026-04-07T08:40:10.595+0000] {processor.py:830} INFO - Processing file /opt/airflow/dags/pipeline.py for tasks to queue
[2026-04-07T08:40:10.598+0000] {logging_mixin.py:188} INFO - [2026-04-07T08:40:10.597+0000] {dagbag.py:545} INFO - Filling up the DagBag from /opt/airflow/dags/pipeline.py
[2026-04-07T08:40:11.745+0000] {processor.py:840} INFO - DAG(s) 'pipeline' retrieved from /opt/airflow/dags/pipeline.py
[2026-04-07T08:40:11.825+0000] {logging_mixin.py:188} INFO - [2026-04-07T08:40:11.825+0000] {dag.py:3089} INFO - Sync 1 DAGs
[2026-04-07T08:40:11.859+0000] {logging_mixin.py:188} INFO - [2026-04-07T08:40:11.859+0000] {dag.py:3947} INFO - Setting next_dagrun for pipeline to 2026-04-07 00:00:00+00:00, run_after=2026-04-08 00:00:00+00:00
[2026-04-07T08:40:11.907+0000] {processor.py:183} INFO - Processing /opt/airflow/dags/pipeline.py took 1.322 seconds
[2026-04-07T08:40:42.548+0000] {processor.py:161} INFO - Started process (PID=1141) to work on /opt/airflow/dags/pipeline.py
[2026-04-07T08:40:42.550+0000] {processor.py:830} INFO - Processing file /opt/airflow/dags/pipeline.py for tasks to queue
[2026-04-07T08:40:42.553+0000] {logging_mixin.py:188} INFO - [2026-04-07T08:40:42.552+0000] {dagbag.py:545} INFO - Filling up the DagBag from /opt/airflow/dags/pipeline.py
[2026-04-07T08:40:43.573+0000] {processor.py:840} INFO - DAG(s) 'pipeline' retrieved from /opt/airflow/dags/pipeline.py
[2026-04-07T08:40:43.666+0000] {logging_mixin.py:188} INFO - [2026-04-07T08:40:43.666+0000] {dag.py:3089} INFO - Sync 1 DAGs
[2026-04-07T08:40:43.699+0000] {logging_mixin.py:188} INFO - [2026-04-07T08:40:43.699+0000] {dag.py:3947} INFO - Setting next_dagrun for pipeline to 2026-04-07 00:00:00+00:00, run_after=2026-04-08 00:00:00+00:00
[2026-04-07T08:40:43.737+0000] {processor.py:183} INFO - Processing /opt/airflow/dags/pipeline.py took 1.205 seconds
[2026-04-07T08:41:14.051+0000] {processor.py:161} INFO - Started process (PID=1152) to work on /opt/airflow/dags/pipeline.py
[2026-04-07T08:41:14.054+0000] {processor.py:830} INFO - Processing file /opt/airflow/dags/pipeline.py for tasks to queue
[2026-04-07T08:41:14.062+0000] {logging_mixin.py:188} INFO - [2026-04-07T08:41:14.060+0000] {dagbag.py:545} INFO - Filling up the DagBag from /opt/airflow/dags/pipeline.py
[2026-04-07T08:41:15.298+0000] {processor.py:840} INFO - DAG(s) 'pipeline' retrieved from /opt/airflow/dags/pipeline.py
[2026-04-07T08:41:15.378+0000] {logging_mixin.py:188} INFO - [2026-04-07T08:41:15.378+0000] {dag.py:3089} INFO - Sync 1 DAGs
[2026-04-07T08:41:15.412+0000] {logging_mixin.py:188} INFO - [2026-04-07T08:41:15.412+0000] {dag.py:3947} INFO - Setting next_dagrun for pipeline to 2026-04-07 00:00:00+00:00, run_after=2026-04-08 00:00:00+00:00
[2026-04-07T08:41:15.474+0000] {processor.py:183} INFO - Processing /opt/airflow/dags/pipeline.py took 1.449 seconds
[2026-04-07T08:41:45.582+0000] {processor.py:161} INFO - Started process (PID=1163) to work on /opt/airflow/dags/pipeline.py
[2026-04-07T08:41:45.584+0000] {processor.py:830} INFO - Processing file /opt/airflow/dags/pipeline.py for tasks to queue
[2026-04-07T08:41:45.587+0000] {logging_mixin.py:188} INFO - [2026-04-07T08:41:45.587+0000] {dagbag.py:545} INFO - Filling up the DagBag from /opt/airflow/dags/pipeline.py
[2026-04-07T08:41:46.620+0000] {processor.py:840} INFO - DAG(s) 'pipeline' retrieved from /opt/airflow/dags/pipeline.py
[2026-04-07T08:41:46.865+0000] {logging_mixin.py:188} INFO - [2026-04-07T08:41:46.865+0000] {dag.py:3089} INFO - Sync 1 DAGs
[2026-04-07T08:41:46.898+0000] {logging_mixin.py:188} INFO - [2026-04-07T08:41:46.898+0000] {dag.py:3947} INFO - Setting next_dagrun for pipeline to 2026-04-07 00:00:00+00:00, run_after=2026-04-08 00:00:00+00:00
[2026-04-07T08:41:46.951+0000] {processor.py:183} INFO - Processing /opt/airflow/dags/pipeline.py took 1.377 seconds
[2026-04-07T08:42:17.340+0000] {processor.py:161} INFO - Started process (PID=1174) to work on /opt/airflow/dags/pipeline.py
[2026-04-07T08:42:17.343+0000] {processor.py:830} INFO - Processing file /opt/airflow/dags/pipeline.py for tasks to queue
[2026-04-07T08:42:17.347+0000] {logging_mixin.py:188} INFO - [2026-04-07T08:42:17.346+0000] {dagbag.py:545} INFO - Filling up the DagBag from /opt/airflow/dags/pipeline.py
[2026-04-07T08:42:18.859+0000] {processor.py:840} INFO - DAG(s) 'pipeline' retrieved from /opt/airflow/dags/pipeline.py
[2026-04-07T08:42:19.044+0000] {logging_mixin.py:188} INFO - [2026-04-07T08:42:19.043+0000] {dag.py:3089} INFO - Sync 1 DAGs
[2026-04-07T08:42:19.094+0000] {logging_mixin.py:188} INFO - [2026-04-07T08:42:19.094+0000] {dag.py:3947} INFO - Setting next_dagrun for pipeline to 2026-04-07 00:00:00+00:00, run_after=2026-04-08 00:00:00+00:00
[2026-04-07T08:42:19.153+0000] {processor.py:183} INFO - Processing /opt/airflow/dags/pipeline.py took 1.830 seconds
[2026-04-07T08:42:49.477+0000] {processor.py:161} INFO - Started process (PID=1185) to work on /opt/airflow/dags/pipeline.py
[2026-04-07T08:42:49.480+0000] {processor.py:830} INFO - Processing file /opt/airflow/dags/pipeline.py for tasks to queue
[2026-04-07T08:42:49.485+0000] {logging_mixin.py:188} INFO - [2026-04-07T08:42:49.484+0000] {dagbag.py:545} INFO - Filling up the DagBag from /opt/airflow/dags/pipeline.py
[2026-04-07T08:42:50.482+0000] {processor.py:840} INFO - DAG(s) 'pipeline' retrieved from /opt/airflow/dags/pipeline.py
[2026-04-07T08:42:50.568+0000] {logging_mixin.py:188} INFO - [2026-04-07T08:42:50.567+0000] {dag.py:3089} INFO - Sync 1 DAGs
[2026-04-07T08:42:50.602+0000] {logging_mixin.py:188} INFO - [2026-04-07T08:42:50.601+0000] {dag.py:3947} INFO - Setting next_dagrun for pipeline to 2026-04-07 00:00:00+00:00, run_after=2026-04-08 00:00:00+00:00
[2026-04-07T08:42:50.651+0000] {processor.py:183} INFO - Processing /opt/airflow/dags/pipeline.py took 1.197 seconds
[2026-04-07T08:43:21.378+0000] {processor.py:161} INFO - Started process (PID=1196) to work on /opt/airflow/dags/pipeline.py
[2026-04-07T08:43:21.380+0000] {processor.py:830} INFO - Processing file /opt/airflow/dags/pipeline.py for tasks to queue
[2026-04-07T08:43:21.383+0000] {logging_mixin.py:188} INFO - [2026-04-07T08:43:21.383+0000] {dagbag.py:545} INFO - Filling up the DagBag from /opt/airflow/dags/pipeline.py
[2026-04-07T08:43:22.622+0000] {processor.py:840} INFO - DAG(s) 'pipeline' retrieved from /opt/airflow/dags/pipeline.py
[2026-04-07T08:43:22.719+0000] {logging_mixin.py:188} INFO - [2026-04-07T08:43:22.719+0000] {dag.py:3089} INFO - Sync 1 DAGs
[2026-04-07T08:43:22.761+0000] {logging_mixin.py:188} INFO - [2026-04-07T08:43:22.761+0000] {dag.py:3947} INFO - Setting next_dagrun for pipeline to 2026-04-07 00:00:00+00:00, run_after=2026-04-08 00:00:00+00:00
[2026-04-07T08:43:22.822+0000] {processor.py:183} INFO - Processing /opt/airflow/dags/pipeline.py took 1.455 seconds
[2026-04-07T08:43:53.399+0000] {processor.py:161} INFO - Started process (PID=1207) to work on /opt/airflow/dags/pipeline.py
[2026-04-07T08:43:53.400+0000] {processor.py:830} INFO - Processing file /opt/airflow/dags/pipeline.py for tasks to queue
[2026-04-07T08:43:53.404+0000] {logging_mixin.py:188} INFO - [2026-04-07T08:43:53.403+0000] {dagbag.py:545} INFO - Filling up the DagBag from /opt/airflow/dags/pipeline.py
[2026-04-07T08:43:54.482+0000] {processor.py:840} INFO - DAG(s) 'pipeline' retrieved from /opt/airflow/dags/pipeline.py
[2026-04-07T08:43:54.572+0000] {logging_mixin.py:188} INFO - [2026-04-07T08:43:54.572+0000] {dag.py:3089} INFO - Sync 1 DAGs
[2026-04-07T08:43:54.604+0000] {logging_mixin.py:188} INFO - [2026-04-07T08:43:54.604+0000] {dag.py:3947} INFO - Setting next_dagrun for pipeline to 2026-04-07 00:00:00+00:00, run_after=2026-04-08 00:00:00+00:00
[2026-04-07T08:43:54.653+0000] {processor.py:183} INFO - Processing /opt/airflow/dags/pipeline.py took 1.267 seconds
[2026-04-07T08:44:25.263+0000] {processor.py:161} INFO - Started process (PID=1218) to work on /opt/airflow/dags/pipeline.py
[2026-04-07T08:44:25.265+0000] {processor.py:830} INFO - Processing file /opt/airflow/dags/pipeline.py for tasks to queue
[2026-04-07T08:44:25.270+0000] {logging_mixin.py:188} INFO - [2026-04-07T08:44:25.269+0000] {dagbag.py:545} INFO - Filling up the DagBag from /opt/airflow/dags/pipeline.py
[2026-04-07T08:44:26.410+0000] {processor.py:840} INFO - DAG(s) 'pipeline' retrieved from /opt/airflow/dags/pipeline.py
[2026-04-07T08:44:26.495+0000] {logging_mixin.py:188} INFO - [2026-04-07T08:44:26.495+0000] {dag.py:3089} INFO - Sync 1 DAGs
[2026-04-07T08:44:26.530+0000] {logging_mixin.py:188} INFO - [2026-04-07T08:44:26.530+0000] {dag.py:3947} INFO - Setting next_dagrun for pipeline to 2026-04-07 00:00:00+00:00, run_after=2026-04-08 00:00:00+00:00
[2026-04-07T08:44:26.574+0000] {processor.py:183} INFO - Processing /opt/airflow/dags/pipeline.py took 1.330 seconds
[2026-04-07T08:44:57.347+0000] {processor.py:161} INFO - Started process (PID=1229) to work on /opt/airflow/dags/pipeline.py
[2026-04-07T08:44:57.349+0000] {processor.py:830} INFO - Processing file /opt/airflow/dags/pipeline.py for tasks to queue
[2026-04-07T08:44:57.353+0000] {logging_mixin.py:188} INFO - [2026-04-07T08:44:57.352+0000] {dagbag.py:545} INFO - Filling up the DagBag from /opt/airflow/dags/pipeline.py
[2026-04-07T08:44:58.654+0000] {processor.py:840} INFO - DAG(s) 'pipeline' retrieved from /opt/airflow/dags/pipeline.py
[2026-04-07T08:44:58.750+0000] {logging_mixin.py:188} INFO - [2026-04-07T08:44:58.750+0000] {dag.py:3089} INFO - Sync 1 DAGs
[2026-04-07T08:44:58.806+0000] {logging_mixin.py:188} INFO - [2026-04-07T08:44:58.806+0000] {dag.py:3947} INFO - Setting next_dagrun for pipeline to 2026-04-07 00:00:00+00:00, run_after=2026-04-08 00:00:00+00:00
[2026-04-07T08:44:58.873+0000] {processor.py:183} INFO - Processing /opt/airflow/dags/pipeline.py took 1.540 seconds
[2026-04-07T08:45:29.165+0000] {processor.py:161} INFO - Started process (PID=1240) to work on /opt/airflow/dags/pipeline.py
[2026-04-07T08:45:29.167+0000] {processor.py:830} INFO - Processing file /opt/airflow/dags/pipeline.py for tasks to queue
[2026-04-07T08:45:29.171+0000] {logging_mixin.py:188} INFO - [2026-04-07T08:45:29.170+0000] {dagbag.py:545} INFO - Filling up the DagBag from /opt/airflow/dags/pipeline.py
[2026-04-07T08:45:30.177+0000] {processor.py:840} INFO - DAG(s) 'pipeline' retrieved from /opt/airflow/dags/pipeline.py
[2026-04-07T08:45:30.258+0000] {logging_mixin.py:188} INFO - [2026-04-07T08:45:30.258+0000] {dag.py:3089} INFO - Sync 1 DAGs
[2026-04-07T08:45:30.294+0000] {logging_mixin.py:188} INFO - [2026-04-07T08:45:30.294+0000] {dag.py:3947} INFO - Setting next_dagrun for pipeline to 2026-04-07 00:00:00+00:00, run_after=2026-04-08 00:00:00+00:00
[2026-04-07T08:45:30.345+0000] {processor.py:183} INFO - Processing /opt/airflow/dags/pipeline.py took 1.192 seconds
[2026-04-07T08:46:01.123+0000] {processor.py:161} INFO - Started process (PID=1251) to work on /opt/airflow/dags/pipeline.py
[2026-04-07T08:46:01.127+0000] {processor.py:830} INFO - Processing file /opt/airflow/dags/pipeline.py for tasks to queue
[2026-04-07T08:46:01.134+0000] {logging_mixin.py:188} INFO - [2026-04-07T08:46:01.133+0000] {dagbag.py:545} INFO - Filling up the DagBag from /opt/airflow/dags/pipeline.py
[2026-04-07T08:46:02.318+0000] {processor.py:840} INFO - DAG(s) 'pipeline' retrieved from /opt/airflow/dags/pipeline.py
[2026-04-07T08:46:02.406+0000] {logging_mixin.py:188} INFO - [2026-04-07T08:46:02.406+0000] {dag.py:3089} INFO - Sync 1 DAGs
[2026-04-07T08:46:02.437+0000] {logging_mixin.py:188} INFO - [2026-04-07T08:46:02.437+0000] {dag.py:3947} INFO - Setting next_dagrun for pipeline to 2026-04-07 00:00:00+00:00, run_after=2026-04-08 00:00:00+00:00
[2026-04-07T08:46:02.476+0000] {processor.py:183} INFO - Processing /opt/airflow/dags/pipeline.py took 1.379 seconds
[2026-04-07T08:46:33.268+0000] {processor.py:161} INFO - Started process (PID=1262) to work on /opt/airflow/dags/pipeline.py
[2026-04-07T08:46:33.270+0000] {processor.py:830} INFO - Processing file /opt/airflow/dags/pipeline.py for tasks to queue
[2026-04-07T08:46:33.273+0000] {logging_mixin.py:188} INFO - [2026-04-07T08:46:33.273+0000] {dagbag.py:545} INFO - Filling up the DagBag from /opt/airflow/dags/pipeline.py
[2026-04-07T08:46:34.965+0000] {processor.py:840} INFO - DAG(s) 'pipeline' retrieved from /opt/airflow/dags/pipeline.py
[2026-04-07T08:46:35.096+0000] {logging_mixin.py:188} INFO - [2026-04-07T08:46:35.095+0000] {dag.py:3089} INFO - Sync 1 DAGs
[2026-04-07T08:46:35.144+0000] {logging_mixin.py:188} INFO - [2026-04-07T08:46:35.143+0000] {dag.py:3947} INFO - Setting next_dagrun for pipeline to 2026-04-07 00:00:00+00:00, run_after=2026-04-08 00:00:00+00:00
[2026-04-07T08:46:35.223+0000] {processor.py:183} INFO - Processing /opt/airflow/dags/pipeline.py took 1.968 seconds
[2026-04-07T08:47:05.515+0000] {processor.py:161} INFO - Started process (PID=1273) to work on /opt/airflow/dags/pipeline.py
[2026-04-07T08:47:05.517+0000] {processor.py:830} INFO - Processing file /opt/airflow/dags/pipeline.py for tasks to queue
[2026-04-07T08:47:05.521+0000] {logging_mixin.py:188} INFO - [2026-04-07T08:47:05.520+0000] {dagbag.py:545} INFO - Filling up the DagBag from /opt/airflow/dags/pipeline.py
[2026-04-07T08:47:06.903+0000] {processor.py:840} INFO - DAG(s) 'pipeline' retrieved from /opt/airflow/dags/pipeline.py
[2026-04-07T08:47:07.003+0000] {logging_mixin.py:188} INFO - [2026-04-07T08:47:07.003+0000] {dag.py:3089} INFO - Sync 1 DAGs
[2026-04-07T08:47:07.046+0000] {logging_mixin.py:188} INFO - [2026-04-07T08:47:07.046+0000] {dag.py:3947} INFO - Setting next_dagrun for pipeline to 2026-04-07 00:00:00+00:00, run_after=2026-04-08 00:00:00+00:00
[2026-04-07T08:47:07.103+0000] {processor.py:183} INFO - Processing /opt/airflow/dags/pipeline.py took 1.597 seconds
[2026-04-07T08:47:37.229+0000] {processor.py:161} INFO - Started process (PID=1284) to work on /opt/airflow/dags/pipeline.py
[2026-04-07T08:47:37.231+0000] {processor.py:830} INFO - Processing file /opt/airflow/dags/pipeline.py for tasks to queue
[2026-04-07T08:47:37.236+0000] {logging_mixin.py:188} INFO - [2026-04-07T08:47:37.235+0000] {dagbag.py:545} INFO - Filling up the DagBag from /opt/airflow/dags/pipeline.py
[2026-04-07T08:47:39.019+0000] {processor.py:840} INFO - DAG(s) 'pipeline' retrieved from /opt/airflow/dags/pipeline.py
[2026-04-07T08:47:39.157+0000] {logging_mixin.py:188} INFO - [2026-04-07T08:47:39.157+0000] {dag.py:3089} INFO - Sync 1 DAGs
[2026-04-07T08:47:39.222+0000] {logging_mixin.py:188} INFO - [2026-04-07T08:47:39.222+0000] {dag.py:3947} INFO - Setting next_dagrun for pipeline to 2026-04-07 00:00:00+00:00, run_after=2026-04-08 00:00:00+00:00
[2026-04-07T08:47:39.285+0000] {processor.py:183} INFO - Processing /opt/airflow/dags/pipeline.py took 2.070 seconds
[2026-04-07T08:48:10.148+0000] {processor.py:161} INFO - Started process (PID=1295) to work on /opt/airflow/dags/pipeline.py
[2026-04-07T08:48:10.150+0000] {processor.py:830} INFO - Processing file /opt/airflow/dags/pipeline.py for tasks to queue
[2026-04-07T08:48:10.153+0000] {logging_mixin.py:188} INFO - [2026-04-07T08:48:10.152+0000] {dagbag.py:545} INFO - Filling up the DagBag from /opt/airflow/dags/pipeline.py
[2026-04-07T08:48:11.220+0000] {processor.py:840} INFO - DAG(s) 'pipeline' retrieved from /opt/airflow/dags/pipeline.py
[2026-04-07T08:48:11.325+0000] {logging_mixin.py:188} INFO - [2026-04-07T08:48:11.325+0000] {dag.py:3089} INFO - Sync 1 DAGs
[2026-04-07T08:48:11.379+0000] {logging_mixin.py:188} INFO - [2026-04-07T08:48:11.378+0000] {dag.py:3947} INFO - Setting next_dagrun for pipeline to 2026-04-07 00:00:00+00:00, run_after=2026-04-08 00:00:00+00:00
[2026-04-07T08:48:11.425+0000] {processor.py:183} INFO - Processing /opt/airflow/dags/pipeline.py took 1.286 seconds
[2026-04-07T08:48:42.225+0000] {processor.py:161} INFO - Started process (PID=1306) to work on /opt/airflow/dags/pipeline.py
[2026-04-07T08:48:42.230+0000] {processor.py:830} INFO - Processing file /opt/airflow/dags/pipeline.py for tasks to queue
[2026-04-07T08:48:42.238+0000] {logging_mixin.py:188} INFO - [2026-04-07T08:48:42.237+0000] {dagbag.py:545} INFO - Filling up the DagBag from /opt/airflow/dags/pipeline.py
[2026-04-07T08:48:43.263+0000] {processor.py:840} INFO - DAG(s) 'pipeline' retrieved from /opt/airflow/dags/pipeline.py
[2026-04-07T08:48:43.343+0000] {logging_mixin.py:188} INFO - [2026-04-07T08:48:43.343+0000] {dag.py:3089} INFO - Sync 1 DAGs
[2026-04-07T08:48:43.376+0000] {logging_mixin.py:188} INFO - [2026-04-07T08:48:43.376+0000] {dag.py:3947} INFO - Setting next_dagrun for pipeline to 2026-04-07 00:00:00+00:00, run_after=2026-04-08 00:00:00+00:00
[2026-04-07T08:48:43.426+0000] {processor.py:183} INFO - Processing /opt/airflow/dags/pipeline.py took 1.230 seconds
[2026-04-07T08:49:14.223+0000] {processor.py:161} INFO - Started process (PID=1317) to work on /opt/airflow/dags/pipeline.py
[2026-04-07T08:49:14.227+0000] {processor.py:830} INFO - Processing file /opt/airflow/dags/pipeline.py for tasks to queue
[2026-04-07T08:49:14.235+0000] {logging_mixin.py:188} INFO - [2026-04-07T08:49:14.234+0000] {dagbag.py:545} INFO - Filling up the DagBag from /opt/airflow/dags/pipeline.py
[2026-04-07T08:49:15.344+0000] {processor.py:840} INFO - DAG(s) 'pipeline' retrieved from /opt/airflow/dags/pipeline.py
[2026-04-07T08:49:15.423+0000] {logging_mixin.py:188} INFO - [2026-04-07T08:49:15.423+0000] {dag.py:3089} INFO - Sync 1 DAGs
[2026-04-07T08:49:15.460+0000] {logging_mixin.py:188} INFO - [2026-04-07T08:49:15.460+0000] {dag.py:3947} INFO - Setting next_dagrun for pipeline to 2026-04-07 00:00:00+00:00, run_after=2026-04-08 00:00:00+00:00
[2026-04-07T08:49:15.499+0000] {processor.py:183} INFO - Processing /opt/airflow/dags/pipeline.py took 1.298 seconds
[2026-04-07T08:49:46.339+0000] {processor.py:161} INFO - Started process (PID=1328) to work on /opt/airflow/dags/pipeline.py
[2026-04-07T08:49:46.340+0000] {processor.py:830} INFO - Processing file /opt/airflow/dags/pipeline.py for tasks to queue
[2026-04-07T08:49:46.343+0000] {logging_mixin.py:188} INFO - [2026-04-07T08:49:46.342+0000] {dagbag.py:545} INFO - Filling up the DagBag from /opt/airflow/dags/pipeline.py
[2026-04-07T08:49:47.284+0000] {processor.py:840} INFO - DAG(s) 'pipeline' retrieved from /opt/airflow/dags/pipeline.py
[2026-04-07T08:49:47.379+0000] {logging_mixin.py:188} INFO - [2026-04-07T08:49:47.378+0000] {dag.py:3089} INFO - Sync 1 DAGs
[2026-04-07T08:49:47.416+0000] {logging_mixin.py:188} INFO - [2026-04-07T08:49:47.416+0000] {dag.py:3947} INFO - Setting next_dagrun for pipeline to 2026-04-07 00:00:00+00:00, run_after=2026-04-08 00:00:00+00:00
[2026-04-07T08:49:47.473+0000] {processor.py:183} INFO - Processing /opt/airflow/dags/pipeline.py took 1.144 seconds
[2026-04-07T08:50:17.719+0000] {processor.py:161} INFO - Started process (PID=1339) to work on /opt/airflow/dags/pipeline.py
[2026-04-07T08:50:17.720+0000] {processor.py:830} INFO - Processing file /opt/airflow/dags/pipeline.py for tasks to queue
[2026-04-07T08:50:17.723+0000] {logging_mixin.py:188} INFO - [2026-04-07T08:50:17.723+0000] {dagbag.py:545} INFO - Filling up the DagBag from /opt/airflow/dags/pipeline.py
[2026-04-07T08:50:19.084+0000] {processor.py:840} INFO - DAG(s) 'pipeline' retrieved from /opt/airflow/dags/pipeline.py
[2026-04-07T08:50:19.412+0000] {logging_mixin.py:188} INFO - [2026-04-07T08:50:19.412+0000] {dag.py:3089} INFO - Sync 1 DAGs
[2026-04-07T08:50:19.453+0000] {logging_mixin.py:188} INFO - [2026-04-07T08:50:19.452+0000] {dag.py:3947} INFO - Setting next_dagrun for pipeline to 2026-04-07 00:00:00+00:00, run_after=2026-04-08 00:00:00+00:00
[2026-04-07T08:50:19.514+0000] {processor.py:183} INFO - Processing /opt/airflow/dags/pipeline.py took 1.805 seconds
[2026-04-07T08:50:50.361+0000] {processor.py:161} INFO - Started process (PID=1353) to work on /opt/airflow/dags/pipeline.py
[2026-04-07T08:50:50.366+0000] {processor.py:830} INFO - Processing file /opt/airflow/dags/pipeline.py for tasks to queue
[2026-04-07T08:50:50.371+0000] {logging_mixin.py:188} INFO - [2026-04-07T08:50:50.370+0000] {dagbag.py:545} INFO - Filling up the DagBag from /opt/airflow/dags/pipeline.py
[2026-04-07T08:50:51.604+0000] {processor.py:840} INFO - DAG(s) 'pipeline' retrieved from /opt/airflow/dags/pipeline.py
[2026-04-07T08:50:51.700+0000] {logging_mixin.py:188} INFO - [2026-04-07T08:50:51.700+0000] {dag.py:3089} INFO - Sync 1 DAGs
[2026-04-07T08:50:51.739+0000] {logging_mixin.py:188} INFO - [2026-04-07T08:50:51.739+0000] {dag.py:3947} INFO - Setting next_dagrun for pipeline to 2026-04-07 00:00:00+00:00, run_after=2026-04-08 00:00:00+00:00
[2026-04-07T08:50:51.798+0000] {processor.py:183} INFO - Processing /opt/airflow/dags/pipeline.py took 1.449 seconds
[2026-04-07T08:51:21.873+0000] {processor.py:161} INFO - Started process (PID=1366) to work on /opt/airflow/dags/pipeline.py
[2026-04-07T08:51:21.875+0000] {processor.py:830} INFO - Processing file /opt/airflow/dags/pipeline.py for tasks to queue
[2026-04-07T08:51:21.878+0000] {logging_mixin.py:188} INFO - [2026-04-07T08:51:21.877+0000] {dagbag.py:545} INFO - Filling up the DagBag from /opt/airflow/dags/pipeline.py
[2026-04-07T08:51:22.981+0000] {processor.py:840} INFO - DAG(s) 'pipeline' retrieved from /opt/airflow/dags/pipeline.py
[2026-04-07T08:51:23.112+0000] {logging_mixin.py:188} INFO - [2026-04-07T08:51:23.112+0000] {dag.py:3089} INFO - Sync 1 DAGs
[2026-04-07T08:51:23.149+0000] {logging_mixin.py:188} INFO - [2026-04-07T08:51:23.149+0000] {dag.py:3947} INFO - Setting next_dagrun for pipeline to 2026-04-07 00:00:00+00:00, run_after=2026-04-08 00:00:00+00:00
[2026-04-07T08:51:23.189+0000] {processor.py:183} INFO - Processing /opt/airflow/dags/pipeline.py took 1.326 seconds
[2026-04-07T08:51:53.849+0000] {processor.py:161} INFO - Started process (PID=1377) to work on /opt/airflow/dags/pipeline.py
[2026-04-07T08:51:53.851+0000] {processor.py:830} INFO - Processing file /opt/airflow/dags/pipeline.py for tasks to queue
[2026-04-07T08:51:53.855+0000] {logging_mixin.py:188} INFO - [2026-04-07T08:51:53.855+0000] {dagbag.py:545} INFO - Filling up the DagBag from /opt/airflow/dags/pipeline.py
[2026-04-07T08:51:55.963+0000] {processor.py:840} INFO - DAG(s) 'pipeline' retrieved from /opt/airflow/dags/pipeline.py
[2026-04-07T08:51:56.113+0000] {logging_mixin.py:188} INFO - [2026-04-07T08:51:56.112+0000] {dag.py:3089} INFO - Sync 1 DAGs
[2026-04-07T08:51:56.193+0000] {logging_mixin.py:188} INFO - [2026-04-07T08:51:56.192+0000] {dag.py:3947} INFO - Setting next_dagrun for pipeline to 2026-04-07 00:00:00+00:00, run_after=2026-04-08 00:00:00+00:00
[2026-04-07T08:51:56.305+0000] {processor.py:183} INFO - Processing /opt/airflow/dags/pipeline.py took 2.477 seconds
[2026-04-07T08:52:26.981+0000] {processor.py:161} INFO - Started process (PID=1388) to work on /opt/airflow/dags/pipeline.py
[2026-04-07T08:52:26.985+0000] {processor.py:830} INFO - Processing file /opt/airflow/dags/pipeline.py for tasks to queue
[2026-04-07T08:52:26.991+0000] {logging_mixin.py:188} INFO - [2026-04-07T08:52:26.990+0000] {dagbag.py:545} INFO - Filling up the DagBag from /opt/airflow/dags/pipeline.py
[2026-04-07T08:52:28.217+0000] {processor.py:840} INFO - DAG(s) 'pipeline' retrieved from /opt/airflow/dags/pipeline.py
[2026-04-07T08:52:28.300+0000] {logging_mixin.py:188} INFO - [2026-04-07T08:52:28.300+0000] {dag.py:3089} INFO - Sync 1 DAGs
[2026-04-07T08:52:28.337+0000] {logging_mixin.py:188} INFO - [2026-04-07T08:52:28.336+0000] {dag.py:3947} INFO - Setting next_dagrun for pipeline to 2026-04-07 00:00:00+00:00, run_after=2026-04-08 00:00:00+00:00
[2026-04-07T08:52:28.393+0000] {processor.py:183} INFO - Processing /opt/airflow/dags/pipeline.py took 1.437 seconds
[2026-04-07T08:52:58.772+0000] {processor.py:161} INFO - Started process (PID=1399) to work on /opt/airflow/dags/pipeline.py
[2026-04-07T08:52:58.773+0000] {processor.py:830} INFO - Processing file /opt/airflow/dags/pipeline.py for tasks to queue
[2026-04-07T08:52:58.777+0000] {logging_mixin.py:188} INFO - [2026-04-07T08:52:58.776+0000] {dagbag.py:545} INFO - Filling up the DagBag from /opt/airflow/dags/pipeline.py
[2026-04-07T08:52:59.894+0000] {processor.py:840} INFO - DAG(s) 'pipeline' retrieved from /opt/airflow/dags/pipeline.py
[2026-04-07T08:52:59.993+0000] {logging_mixin.py:188} INFO - [2026-04-07T08:52:59.993+0000] {dag.py:3089} INFO - Sync 1 DAGs
[2026-04-07T08:53:00.030+0000] {logging_mixin.py:188} INFO - [2026-04-07T08:53:00.030+0000] {dag.py:3947} INFO - Setting next_dagrun for pipeline to 2026-04-07 00:00:00+00:00, run_after=2026-04-08 00:00:00+00:00
[2026-04-07T08:53:00.082+0000] {processor.py:183} INFO - Processing /opt/airflow/dags/pipeline.py took 1.319 seconds
[2026-04-07T08:53:30.860+0000] {processor.py:161} INFO - Started process (PID=1410) to work on /opt/airflow/dags/pipeline.py
[2026-04-07T08:53:30.865+0000] {processor.py:830} INFO - Processing file /opt/airflow/dags/pipeline.py for tasks to queue
[2026-04-07T08:53:30.873+0000] {logging_mixin.py:188} INFO - [2026-04-07T08:53:30.872+0000] {dagbag.py:545} INFO - Filling up the DagBag from /opt/airflow/dags/pipeline.py
[2026-04-07T08:53:32.339+0000] {processor.py:840} INFO - DAG(s) 'pipeline' retrieved from /opt/airflow/dags/pipeline.py
[2026-04-07T08:53:32.416+0000] {logging_mixin.py:188} INFO - [2026-04-07T08:53:32.416+0000] {dag.py:3089} INFO - Sync 1 DAGs
[2026-04-07T08:53:32.463+0000] {logging_mixin.py:188} INFO - [2026-04-07T08:53:32.462+0000] {dag.py:3947} INFO - Setting next_dagrun for pipeline to 2026-04-07 00:00:00+00:00, run_after=2026-04-08 00:00:00+00:00
[2026-04-07T08:53:32.501+0000] {processor.py:183} INFO - Processing /opt/airflow/dags/pipeline.py took 1.672 seconds
[2026-04-07T08:54:02.804+0000] {processor.py:161} INFO - Started process (PID=1421) to work on /opt/airflow/dags/pipeline.py
[2026-04-07T08:54:02.808+0000] {processor.py:830} INFO - Processing file /opt/airflow/dags/pipeline.py for tasks to queue
[2026-04-07T08:54:02.816+0000] {logging_mixin.py:188} INFO - [2026-04-07T08:54:02.815+0000] {dagbag.py:545} INFO - Filling up the DagBag from /opt/airflow/dags/pipeline.py
[2026-04-07T08:54:03.919+0000] {processor.py:840} INFO - DAG(s) 'pipeline' retrieved from /opt/airflow/dags/pipeline.py
[2026-04-07T08:54:03.996+0000] {logging_mixin.py:188} INFO - [2026-04-07T08:54:03.996+0000] {dag.py:3089} INFO - Sync 1 DAGs
[2026-04-07T08:54:04.035+0000] {logging_mixin.py:188} INFO - [2026-04-07T08:54:04.034+0000] {dag.py:3947} INFO - Setting next_dagrun for pipeline to 2026-04-07 00:00:00+00:00, run_after=2026-04-08 00:00:00+00:00
[2026-04-07T08:54:04.098+0000] {processor.py:183} INFO - Processing /opt/airflow/dags/pipeline.py took 1.340 seconds
[2026-04-07T08:54:34.850+0000] {processor.py:161} INFO - Started process (PID=1432) to work on /opt/airflow/dags/pipeline.py
[2026-04-07T08:54:34.854+0000] {processor.py:830} INFO - Processing file /opt/airflow/dags/pipeline.py for tasks to queue
[2026-04-07T08:54:34.861+0000] {logging_mixin.py:188} INFO - [2026-04-07T08:54:34.860+0000] {dagbag.py:545} INFO - Filling up the DagBag from /opt/airflow/dags/pipeline.py
[2026-04-07T08:54:36.066+0000] {processor.py:840} INFO - DAG(s) 'pipeline' retrieved from /opt/airflow/dags/pipeline.py
[2026-04-07T08:54:36.148+0000] {logging_mixin.py:188} INFO - [2026-04-07T08:54:36.148+0000] {dag.py:3089} INFO - Sync 1 DAGs
[2026-04-07T08:54:36.183+0000] {logging_mixin.py:188} INFO - [2026-04-07T08:54:36.183+0000] {dag.py:3947} INFO - Setting next_dagrun for pipeline to 2026-04-07 00:00:00+00:00, run_after=2026-04-08 00:00:00+00:00
[2026-04-07T08:54:36.222+0000] {processor.py:183} INFO - Processing /opt/airflow/dags/pipeline.py took 1.398 seconds
[2026-04-07T08:55:06.424+0000] {processor.py:161} INFO - Started process (PID=1443) to work on /opt/airflow/dags/pipeline.py
[2026-04-07T08:55:06.429+0000] {processor.py:830} INFO - Processing file /opt/airflow/dags/pipeline.py for tasks to queue
[2026-04-07T08:55:06.439+0000] {logging_mixin.py:188} INFO - [2026-04-07T08:55:06.437+0000] {dagbag.py:545} INFO - Filling up the DagBag from /opt/airflow/dags/pipeline.py
[2026-04-07T08:55:07.661+0000] {processor.py:840} INFO - DAG(s) 'pipeline' retrieved from /opt/airflow/dags/pipeline.py
[2026-04-07T08:55:07.978+0000] {logging_mixin.py:188} INFO - [2026-04-07T08:55:07.977+0000] {dag.py:3089} INFO - Sync 1 DAGs
[2026-04-07T08:55:08.085+0000] {logging_mixin.py:188} INFO - [2026-04-07T08:55:08.085+0000] {dag.py:3947} INFO - Setting next_dagrun for pipeline to 2026-04-07 00:00:00+00:00, run_after=2026-04-08 00:00:00+00:00
[2026-04-07T08:55:08.196+0000] {processor.py:183} INFO - Processing /opt/airflow/dags/pipeline.py took 1.803 seconds
[2026-04-07T08:55:39.039+0000] {processor.py:161} INFO - Started process (PID=1454) to work on /opt/airflow/dags/pipeline.py
[2026-04-07T08:55:39.044+0000] {processor.py:830} INFO - Processing file /opt/airflow/dags/pipeline.py for tasks to queue
[2026-04-07T08:55:39.051+0000] {logging_mixin.py:188} INFO - [2026-04-07T08:55:39.048+0000] {dagbag.py:545} INFO - Filling up the DagBag from /opt/airflow/dags/pipeline.py
[2026-04-07T08:55:40.274+0000] {processor.py:840} INFO - DAG(s) 'pipeline' retrieved from /opt/airflow/dags/pipeline.py
[2026-04-07T08:55:40.360+0000] {logging_mixin.py:188} INFO - [2026-04-07T08:55:40.360+0000] {dag.py:3089} INFO - Sync 1 DAGs
[2026-04-07T08:55:40.395+0000] {logging_mixin.py:188} INFO - [2026-04-07T08:55:40.395+0000] {dag.py:3947} INFO - Setting next_dagrun for pipeline to 2026-04-07 00:00:00+00:00, run_after=2026-04-08 00:00:00+00:00
[2026-04-07T08:55:40.435+0000] {processor.py:183} INFO - Processing /opt/airflow/dags/pipeline.py took 1.420 seconds
[2026-04-07T08:56:11.117+0000] {processor.py:161} INFO - Started process (PID=1465) to work on /opt/airflow/dags/pipeline.py
[2026-04-07T08:56:11.122+0000] {processor.py:830} INFO - Processing file /opt/airflow/dags/pipeline.py for tasks to queue
[2026-04-07T08:56:11.127+0000] {logging_mixin.py:188} INFO - [2026-04-07T08:56:11.126+0000] {dagbag.py:545} INFO - Filling up the DagBag from /opt/airflow/dags/pipeline.py
[2026-04-07T08:56:12.495+0000] {processor.py:840} INFO - DAG(s) 'pipeline' retrieved from /opt/airflow/dags/pipeline.py
[2026-04-07T08:56:12.772+0000] {logging_mixin.py:188} INFO - [2026-04-07T08:56:12.772+0000] {dag.py:3089} INFO - Sync 1 DAGs
[2026-04-07T08:56:12.852+0000] {logging_mixin.py:188} INFO - [2026-04-07T08:56:12.851+0000] {dag.py:3947} INFO - Setting next_dagrun for pipeline to 2026-04-07 00:00:00+00:00, run_after=2026-04-08 00:00:00+00:00
[2026-04-07T08:56:12.918+0000] {processor.py:183} INFO - Processing /opt/airflow/dags/pipeline.py took 1.821 seconds
[2026-04-07T08:56:43.217+0000] {processor.py:161} INFO - Started process (PID=1476) to work on /opt/airflow/dags/pipeline.py
[2026-04-07T08:56:43.221+0000] {processor.py:830} INFO - Processing file /opt/airflow/dags/pipeline.py for tasks to queue
[2026-04-07T08:56:43.228+0000] {logging_mixin.py:188} INFO - [2026-04-07T08:56:43.227+0000] {dagbag.py:545} INFO - Filling up the DagBag from /opt/airflow/dags/pipeline.py
[2026-04-07T08:56:44.447+0000] {processor.py:840} INFO - DAG(s) 'pipeline' retrieved from /opt/airflow/dags/pipeline.py
[2026-04-07T08:56:44.526+0000] {logging_mixin.py:188} INFO - [2026-04-07T08:56:44.526+0000] {dag.py:3089} INFO - Sync 1 DAGs
[2026-04-07T08:56:44.560+0000] {logging_mixin.py:188} INFO - [2026-04-07T08:56:44.559+0000] {dag.py:3947} INFO - Setting next_dagrun for pipeline to 2026-04-07 00:00:00+00:00, run_after=2026-04-08 00:00:00+00:00
[2026-04-07T08:56:44.608+0000] {processor.py:183} INFO - Processing /opt/airflow/dags/pipeline.py took 1.416 seconds
[2026-04-07T08:57:14.924+0000] {processor.py:161} INFO - Started process (PID=1487) to work on /opt/airflow/dags/pipeline.py
[2026-04-07T08:57:14.927+0000] {processor.py:830} INFO - Processing file /opt/airflow/dags/pipeline.py for tasks to queue
[2026-04-07T08:57:14.930+0000] {logging_mixin.py:188} INFO - [2026-04-07T08:57:14.930+0000] {dagbag.py:545} INFO - Filling up the DagBag from /opt/airflow/dags/pipeline.py
[2026-04-07T08:57:16.247+0000] {processor.py:840} INFO - DAG(s) 'pipeline' retrieved from /opt/airflow/dags/pipeline.py
[2026-04-07T08:57:16.339+0000] {logging_mixin.py:188} INFO - [2026-04-07T08:57:16.339+0000] {dag.py:3089} INFO - Sync 1 DAGs
[2026-04-07T08:57:16.373+0000] {logging_mixin.py:188} INFO - [2026-04-07T08:57:16.373+0000] {dag.py:3947} INFO - Setting next_dagrun for pipeline to 2026-04-07 00:00:00+00:00, run_after=2026-04-08 00:00:00+00:00
[2026-04-07T08:57:16.423+0000] {processor.py:183} INFO - Processing /opt/airflow/dags/pipeline.py took 1.517 seconds
[2026-04-07T08:57:46.665+0000] {processor.py:161} INFO - Started process (PID=1498) to work on /opt/airflow/dags/pipeline.py
[2026-04-07T08:57:46.668+0000] {processor.py:830} INFO - Processing file /opt/airflow/dags/pipeline.py for tasks to queue
[2026-04-07T08:57:46.672+0000] {logging_mixin.py:188} INFO - [2026-04-07T08:57:46.671+0000] {dagbag.py:545} INFO - Filling up the DagBag from /opt/airflow/dags/pipeline.py
[2026-04-07T08:57:47.888+0000] {processor.py:840} INFO - DAG(s) 'pipeline' retrieved from /opt/airflow/dags/pipeline.py
[2026-04-07T08:57:47.974+0000] {logging_mixin.py:188} INFO - [2026-04-07T08:57:47.974+0000] {dag.py:3089} INFO - Sync 1 DAGs
[2026-04-07T08:57:48.013+0000] {logging_mixin.py:188} INFO - [2026-04-07T08:57:48.013+0000] {dag.py:3947} INFO - Setting next_dagrun for pipeline to 2026-04-07 00:00:00+00:00, run_after=2026-04-08 00:00:00+00:00
[2026-04-07T08:57:48.090+0000] {processor.py:183} INFO - Processing /opt/airflow/dags/pipeline.py took 1.439 seconds
[2026-04-07T08:58:18.303+0000] {processor.py:161} INFO - Started process (PID=1509) to work on /opt/airflow/dags/pipeline.py
[2026-04-07T08:58:18.306+0000] {processor.py:830} INFO - Processing file /opt/airflow/dags/pipeline.py for tasks to queue
[2026-04-07T08:58:18.310+0000] {logging_mixin.py:188} INFO - [2026-04-07T08:58:18.309+0000] {dagbag.py:545} INFO - Filling up the DagBag from /opt/airflow/dags/pipeline.py
[2026-04-07T08:58:20.510+0000] {processor.py:840} INFO - DAG(s) 'pipeline' retrieved from /opt/airflow/dags/pipeline.py
[2026-04-07T08:58:20.643+0000] {logging_mixin.py:188} INFO - [2026-04-07T08:58:20.642+0000] {dag.py:3089} INFO - Sync 1 DAGs
[2026-04-07T08:58:20.712+0000] {logging_mixin.py:188} INFO - [2026-04-07T08:58:20.711+0000] {dag.py:3947} INFO - Setting next_dagrun for pipeline to 2026-04-07 00:00:00+00:00, run_after=2026-04-08 00:00:00+00:00
[2026-04-07T08:58:20.831+0000] {processor.py:183} INFO - Processing /opt/airflow/dags/pipeline.py took 2.545 seconds
[2026-04-07T08:58:51.196+0000] {processor.py:161} INFO - Started process (PID=1520) to work on /opt/airflow/dags/pipeline.py
[2026-04-07T08:58:51.201+0000] {processor.py:830} INFO - Processing file /opt/airflow/dags/pipeline.py for tasks to queue
[2026-04-07T08:58:51.208+0000] {logging_mixin.py:188} INFO - [2026-04-07T08:58:51.207+0000] {dagbag.py:545} INFO - Filling up the DagBag from /opt/airflow/dags/pipeline.py
[2026-04-07T08:58:52.542+0000] {processor.py:840} INFO - DAG(s) 'pipeline' retrieved from /opt/airflow/dags/pipeline.py
[2026-04-07T08:58:52.629+0000] {logging_mixin.py:188} INFO - [2026-04-07T08:58:52.629+0000] {dag.py:3089} INFO - Sync 1 DAGs
[2026-04-07T08:58:52.672+0000] {logging_mixin.py:188} INFO - [2026-04-07T08:58:52.672+0000] {dag.py:3947} INFO - Setting next_dagrun for pipeline to 2026-04-07 00:00:00+00:00, run_after=2026-04-08 00:00:00+00:00
[2026-04-07T08:58:52.713+0000] {processor.py:183} INFO - Processing /opt/airflow/dags/pipeline.py took 1.544 seconds
[2026-04-07T08:59:23.512+0000] {processor.py:161} INFO - Started process (PID=1531) to work on /opt/airflow/dags/pipeline.py
[2026-04-07T08:59:23.515+0000] {processor.py:830} INFO - Processing file /opt/airflow/dags/pipeline.py for tasks to queue
[2026-04-07T08:59:23.522+0000] {logging_mixin.py:188} INFO - [2026-04-07T08:59:23.521+0000] {dagbag.py:545} INFO - Filling up the DagBag from /opt/airflow/dags/pipeline.py
[2026-04-07T08:59:24.496+0000] {processor.py:840} INFO - DAG(s) 'pipeline' retrieved from /opt/airflow/dags/pipeline.py
[2026-04-07T08:59:24.571+0000] {logging_mixin.py:188} INFO - [2026-04-07T08:59:24.571+0000] {dag.py:3089} INFO - Sync 1 DAGs
[2026-04-07T08:59:24.608+0000] {logging_mixin.py:188} INFO - [2026-04-07T08:59:24.608+0000] {dag.py:3947} INFO - Setting next_dagrun for pipeline to 2026-04-07 00:00:00+00:00, run_after=2026-04-08 00:00:00+00:00
[2026-04-07T08:59:24.657+0000] {processor.py:183} INFO - Processing /opt/airflow/dags/pipeline.py took 1.168 seconds
[2026-04-07T08:59:54.730+0000] {processor.py:161} INFO - Started process (PID=1542) to work on /opt/airflow/dags/pipeline.py
[2026-04-07T08:59:54.732+0000] {processor.py:830} INFO - Processing file /opt/airflow/dags/pipeline.py for tasks to queue
[2026-04-07T08:59:54.736+0000] {logging_mixin.py:188} INFO - [2026-04-07T08:59:54.735+0000] {dagbag.py:545} INFO - Filling up the DagBag from /opt/airflow/dags/pipeline.py
[2026-04-07T08:59:55.708+0000] {processor.py:840} INFO - DAG(s) 'pipeline' retrieved from /opt/airflow/dags/pipeline.py
[2026-04-07T08:59:55.799+0000] {logging_mixin.py:188} INFO - [2026-04-07T08:59:55.799+0000] {dag.py:3089} INFO - Sync 1 DAGs
[2026-04-07T08:59:55.841+0000] {logging_mixin.py:188} INFO - [2026-04-07T08:59:55.841+0000] {dag.py:3947} INFO - Setting next_dagrun for pipeline to 2026-04-07 00:00:00+00:00, run_after=2026-04-08 00:00:00+00:00
[2026-04-07T08:59:55.888+0000] {processor.py:183} INFO - Processing /opt/airflow/dags/pipeline.py took 1.169 seconds
[2026-04-07T09:00:26.869+0000] {processor.py:161} INFO - Started process (PID=1553) to work on /opt/airflow/dags/pipeline.py
[2026-04-07T09:00:26.873+0000] {processor.py:830} INFO - Processing file /opt/airflow/dags/pipeline.py for tasks to queue
[2026-04-07T09:00:26.884+0000] {logging_mixin.py:188} INFO - [2026-04-07T09:00:26.882+0000] {dagbag.py:545} INFO - Filling up the DagBag from /opt/airflow/dags/pipeline.py
[2026-04-07T09:00:27.960+0000] {processor.py:840} INFO - DAG(s) 'pipeline' retrieved from /opt/airflow/dags/pipeline.py
[2026-04-07T09:00:28.040+0000] {logging_mixin.py:188} INFO - [2026-04-07T09:00:28.040+0000] {dag.py:3089} INFO - Sync 1 DAGs
[2026-04-07T09:00:28.077+0000] {logging_mixin.py:188} INFO - [2026-04-07T09:00:28.077+0000] {dag.py:3947} INFO - Setting next_dagrun for pipeline to 2026-04-07 00:00:00+00:00, run_after=2026-04-08 00:00:00+00:00
[2026-04-07T09:00:28.124+0000] {processor.py:183} INFO - Processing /opt/airflow/dags/pipeline.py took 1.294 seconds
[2026-04-07T09:00:58.520+0000] {processor.py:161} INFO - Started process (PID=1564) to work on /opt/airflow/dags/pipeline.py
[2026-04-07T09:00:58.522+0000] {processor.py:830} INFO - Processing file /opt/airflow/dags/pipeline.py for tasks to queue
[2026-04-07T09:00:58.526+0000] {logging_mixin.py:188} INFO - [2026-04-07T09:00:58.525+0000] {dagbag.py:545} INFO - Filling up the DagBag from /opt/airflow/dags/pipeline.py
[2026-04-07T09:00:59.731+0000] {processor.py:840} INFO - DAG(s) 'pipeline' retrieved from /opt/airflow/dags/pipeline.py
[2026-04-07T09:00:59.823+0000] {logging_mixin.py:188} INFO - [2026-04-07T09:00:59.822+0000] {dag.py:3089} INFO - Sync 1 DAGs
[2026-04-07T09:00:59.859+0000] {logging_mixin.py:188} INFO - [2026-04-07T09:00:59.859+0000] {dag.py:3947} INFO - Setting next_dagrun for pipeline to 2026-04-07 00:00:00+00:00, run_after=2026-04-08 00:00:00+00:00
[2026-04-07T09:00:59.897+0000] {processor.py:183} INFO - Processing /opt/airflow/dags/pipeline.py took 1.389 seconds
[2026-04-07T09:01:30.671+0000] {processor.py:161} INFO - Started process (PID=1575) to work on /opt/airflow/dags/pipeline.py
[2026-04-07T09:01:30.674+0000] {processor.py:830} INFO - Processing file /opt/airflow/dags/pipeline.py for tasks to queue
[2026-04-07T09:01:30.677+0000] {logging_mixin.py:188} INFO - [2026-04-07T09:01:30.677+0000] {dagbag.py:545} INFO - Filling up the DagBag from /opt/airflow/dags/pipeline.py
[2026-04-07T09:01:31.740+0000] {processor.py:840} INFO - DAG(s) 'pipeline' retrieved from /opt/airflow/dags/pipeline.py
[2026-04-07T09:01:31.932+0000] {logging_mixin.py:188} INFO - [2026-04-07T09:01:31.931+0000] {dag.py:3089} INFO - Sync 1 DAGs
[2026-04-07T09:01:31.983+0000] {logging_mixin.py:188} INFO - [2026-04-07T09:01:31.983+0000] {dag.py:3947} INFO - Setting next_dagrun for pipeline to 2026-04-07 00:00:00+00:00, run_after=2026-04-08 00:00:00+00:00
[2026-04-07T09:01:32.051+0000] {processor.py:183} INFO - Processing /opt/airflow/dags/pipeline.py took 1.390 seconds
[2026-04-07T09:02:02.934+0000] {processor.py:161} INFO - Started process (PID=1586) to work on /opt/airflow/dags/pipeline.py
[2026-04-07T09:02:02.938+0000] {processor.py:830} INFO - Processing file /opt/airflow/dags/pipeline.py for tasks to queue
[2026-04-07T09:02:02.949+0000] {logging_mixin.py:188} INFO - [2026-04-07T09:02:02.948+0000] {dagbag.py:545} INFO - Filling up the DagBag from /opt/airflow/dags/pipeline.py
[2026-04-07T09:02:04.014+0000] {processor.py:840} INFO - DAG(s) 'pipeline' retrieved from /opt/airflow/dags/pipeline.py
[2026-04-07T09:02:04.093+0000] {logging_mixin.py:188} INFO - [2026-04-07T09:02:04.093+0000] {dag.py:3089} INFO - Sync 1 DAGs
[2026-04-07T09:02:04.129+0000] {logging_mixin.py:188} INFO - [2026-04-07T09:02:04.129+0000] {dag.py:3947} INFO - Setting next_dagrun for pipeline to 2026-04-07 00:00:00+00:00, run_after=2026-04-08 00:00:00+00:00
[2026-04-07T09:02:04.247+0000] {processor.py:183} INFO - Processing /opt/airflow/dags/pipeline.py took 1.339 seconds
[2026-04-07T09:02:34.995+0000] {processor.py:161} INFO - Started process (PID=1597) to work on /opt/airflow/dags/pipeline.py
[2026-04-07T09:02:34.996+0000] {processor.py:830} INFO - Processing file /opt/airflow/dags/pipeline.py for tasks to queue
[2026-04-07T09:02:34.998+0000] {logging_mixin.py:188} INFO - [2026-04-07T09:02:34.998+0000] {dagbag.py:545} INFO - Filling up the DagBag from /opt/airflow/dags/pipeline.py
[2026-04-07T09:02:36.091+0000] {processor.py:840} INFO - DAG(s) 'pipeline' retrieved from /opt/airflow/dags/pipeline.py
[2026-04-07T09:02:36.176+0000] {logging_mixin.py:188} INFO - [2026-04-07T09:02:36.175+0000] {dag.py:3089} INFO - Sync 1 DAGs
[2026-04-07T09:02:36.212+0000] {logging_mixin.py:188} INFO - [2026-04-07T09:02:36.211+0000] {dag.py:3947} INFO - Setting next_dagrun for pipeline to 2026-04-07 00:00:00+00:00, run_after=2026-04-08 00:00:00+00:00
[2026-04-07T09:02:36.247+0000] {processor.py:183} INFO - Processing /opt/airflow/dags/pipeline.py took 1.260 seconds
[2026-04-07T09:03:07.033+0000] {processor.py:161} INFO - Started process (PID=1608) to work on /opt/airflow/dags/pipeline.py
[2026-04-07T09:03:07.038+0000] {processor.py:830} INFO - Processing file /opt/airflow/dags/pipeline.py for tasks to queue
[2026-04-07T09:03:07.046+0000] {logging_mixin.py:188} INFO - [2026-04-07T09:03:07.045+0000] {dagbag.py:545} INFO - Filling up the DagBag from /opt/airflow/dags/pipeline.py
[2026-04-07T09:03:08.271+0000] {processor.py:840} INFO - DAG(s) 'pipeline' retrieved from /opt/airflow/dags/pipeline.py
[2026-04-07T09:03:08.398+0000] {logging_mixin.py:188} INFO - [2026-04-07T09:03:08.398+0000] {dag.py:3089} INFO - Sync 1 DAGs
[2026-04-07T09:03:08.446+0000] {logging_mixin.py:188} INFO - [2026-04-07T09:03:08.445+0000] {dag.py:3947} INFO - Setting next_dagrun for pipeline to 2026-04-07 00:00:00+00:00, run_after=2026-04-08 00:00:00+00:00
[2026-04-07T09:03:08.514+0000] {processor.py:183} INFO - Processing /opt/airflow/dags/pipeline.py took 1.518 seconds
[2026-04-07T09:03:38.927+0000] {processor.py:161} INFO - Started process (PID=1619) to work on /opt/airflow/dags/pipeline.py
[2026-04-07T09:03:38.931+0000] {processor.py:830} INFO - Processing file /opt/airflow/dags/pipeline.py for tasks to queue
[2026-04-07T09:03:38.939+0000] {logging_mixin.py:188} INFO - [2026-04-07T09:03:38.938+0000] {dagbag.py:545} INFO - Filling up the DagBag from /opt/airflow/dags/pipeline.py
[2026-04-07T09:03:40.084+0000] {processor.py:840} INFO - DAG(s) 'pipeline' retrieved from /opt/airflow/dags/pipeline.py
[2026-04-07T09:03:40.164+0000] {logging_mixin.py:188} INFO - [2026-04-07T09:03:40.164+0000] {dag.py:3089} INFO - Sync 1 DAGs
[2026-04-07T09:03:40.200+0000] {logging_mixin.py:188} INFO - [2026-04-07T09:03:40.199+0000] {dag.py:3947} INFO - Setting next_dagrun for pipeline to 2026-04-07 00:00:00+00:00, run_after=2026-04-08 00:00:00+00:00
[2026-04-07T09:03:40.255+0000] {processor.py:183} INFO - Processing /opt/airflow/dags/pipeline.py took 1.356 seconds
[2026-04-07T09:04:10.911+0000] {processor.py:161} INFO - Started process (PID=1630) to work on /opt/airflow/dags/pipeline.py
[2026-04-07T09:04:10.913+0000] {processor.py:830} INFO - Processing file /opt/airflow/dags/pipeline.py for tasks to queue
[2026-04-07T09:04:10.918+0000] {logging_mixin.py:188} INFO - [2026-04-07T09:04:10.917+0000] {dagbag.py:545} INFO - Filling up the DagBag from /opt/airflow/dags/pipeline.py
[2026-04-07T09:04:13.379+0000] {processor.py:840} INFO - DAG(s) 'pipeline' retrieved from /opt/airflow/dags/pipeline.py
[2026-04-07T09:04:13.519+0000] {logging_mixin.py:188} INFO - [2026-04-07T09:04:13.519+0000] {dag.py:3089} INFO - Sync 1 DAGs
[2026-04-07T09:04:13.576+0000] {logging_mixin.py:188} INFO - [2026-04-07T09:04:13.576+0000] {dag.py:3947} INFO - Setting next_dagrun for pipeline to 2026-04-07 00:00:00+00:00, run_after=2026-04-08 00:00:00+00:00
[2026-04-07T09:04:13.648+0000] {processor.py:183} INFO - Processing /opt/airflow/dags/pipeline.py took 2.752 seconds
[2026-04-07T09:04:43.968+0000] {processor.py:161} INFO - Started process (PID=1644) to work on /opt/airflow/dags/pipeline.py
[2026-04-07T09:04:43.970+0000] {processor.py:830} INFO - Processing file /opt/airflow/dags/pipeline.py for tasks to queue
[2026-04-07T09:04:43.973+0000] {logging_mixin.py:188} INFO - [2026-04-07T09:04:43.973+0000] {dagbag.py:545} INFO - Filling up the DagBag from /opt/airflow/dags/pipeline.py
[2026-04-07T09:04:45.029+0000] {processor.py:840} INFO - DAG(s) 'pipeline' retrieved from /opt/airflow/dags/pipeline.py
[2026-04-07T09:04:45.121+0000] {logging_mixin.py:188} INFO - [2026-04-07T09:04:45.121+0000] {dag.py:3089} INFO - Sync 1 DAGs
[2026-04-07T09:04:45.160+0000] {logging_mixin.py:188} INFO - [2026-04-07T09:04:45.160+0000] {dag.py:3947} INFO - Setting next_dagrun for pipeline to 2026-04-07 00:00:00+00:00, run_after=2026-04-08 00:00:00+00:00
[2026-04-07T09:04:45.221+0000] {processor.py:183} INFO - Processing /opt/airflow/dags/pipeline.py took 1.266 seconds
[2026-04-07T09:05:15.926+0000] {processor.py:161} INFO - Started process (PID=1657) to work on /opt/airflow/dags/pipeline.py
[2026-04-07T09:05:15.927+0000] {processor.py:830} INFO - Processing file /opt/airflow/dags/pipeline.py for tasks to queue
[2026-04-07T09:05:15.930+0000] {logging_mixin.py:188} INFO - [2026-04-07T09:05:15.929+0000] {dagbag.py:545} INFO - Filling up the DagBag from /opt/airflow/dags/pipeline.py
[2026-04-07T09:05:16.943+0000] {processor.py:840} INFO - DAG(s) 'pipeline' retrieved from /opt/airflow/dags/pipeline.py
[2026-04-07T09:05:17.032+0000] {logging_mixin.py:188} INFO - [2026-04-07T09:05:17.032+0000] {dag.py:3089} INFO - Sync 1 DAGs
[2026-04-07T09:05:17.070+0000] {logging_mixin.py:188} INFO - [2026-04-07T09:05:17.069+0000] {dag.py:3947} INFO - Setting next_dagrun for pipeline to 2026-04-07 00:00:00+00:00, run_after=2026-04-08 00:00:00+00:00
[2026-04-07T09:05:17.109+0000] {processor.py:183} INFO - Processing /opt/airflow/dags/pipeline.py took 1.191 seconds
[2026-04-07T09:05:47.701+0000] {processor.py:161} INFO - Started process (PID=1668) to work on /opt/airflow/dags/pipeline.py
[2026-04-07T09:05:47.703+0000] {processor.py:830} INFO - Processing file /opt/airflow/dags/pipeline.py for tasks to queue
[2026-04-07T09:05:47.706+0000] {logging_mixin.py:188} INFO - [2026-04-07T09:05:47.705+0000] {dagbag.py:545} INFO - Filling up the DagBag from /opt/airflow/dags/pipeline.py
[2026-04-07T09:05:48.648+0000] {processor.py:840} INFO - DAG(s) 'pipeline' retrieved from /opt/airflow/dags/pipeline.py
[2026-04-07T09:05:48.752+0000] {logging_mixin.py:188} INFO - [2026-04-07T09:05:48.751+0000] {dag.py:3089} INFO - Sync 1 DAGs
[2026-04-07T09:05:48.797+0000] {logging_mixin.py:188} INFO - [2026-04-07T09:05:48.797+0000] {dag.py:3947} INFO - Setting next_dagrun for pipeline to 2026-04-07 00:00:00+00:00, run_after=2026-04-08 00:00:00+00:00
[2026-04-07T09:05:48.851+0000] {processor.py:183} INFO - Processing /opt/airflow/dags/pipeline.py took 1.158 seconds
[2026-04-07T09:06:19.566+0000] {processor.py:161} INFO - Started process (PID=1679) to work on /opt/airflow/dags/pipeline.py
[2026-04-07T09:06:19.568+0000] {processor.py:830} INFO - Processing file /opt/airflow/dags/pipeline.py for tasks to queue
[2026-04-07T09:06:19.571+0000] {logging_mixin.py:188} INFO - [2026-04-07T09:06:19.571+0000] {dagbag.py:545} INFO - Filling up the DagBag from /opt/airflow/dags/pipeline.py
[2026-04-07T09:06:20.609+0000] {processor.py:840} INFO - DAG(s) 'pipeline' retrieved from /opt/airflow/dags/pipeline.py
[2026-04-07T09:06:20.688+0000] {logging_mixin.py:188} INFO - [2026-04-07T09:06:20.688+0000] {dag.py:3089} INFO - Sync 1 DAGs
[2026-04-07T09:06:20.723+0000] {logging_mixin.py:188} INFO - [2026-04-07T09:06:20.722+0000] {dag.py:3947} INFO - Setting next_dagrun for pipeline to 2026-04-07 00:00:00+00:00, run_after=2026-04-08 00:00:00+00:00
[2026-04-07T09:06:20.772+0000] {processor.py:183} INFO - Processing /opt/airflow/dags/pipeline.py took 1.219 seconds
[2026-04-07T09:06:51.547+0000] {processor.py:161} INFO - Started process (PID=1690) to work on /opt/airflow/dags/pipeline.py
[2026-04-07T09:06:51.549+0000] {processor.py:830} INFO - Processing file /opt/airflow/dags/pipeline.py for tasks to queue
[2026-04-07T09:06:51.553+0000] {logging_mixin.py:188} INFO - [2026-04-07T09:06:51.552+0000] {dagbag.py:545} INFO - Filling up the DagBag from /opt/airflow/dags/pipeline.py
[2026-04-07T09:06:52.660+0000] {processor.py:840} INFO - DAG(s) 'pipeline' retrieved from /opt/airflow/dags/pipeline.py
[2026-04-07T09:06:52.742+0000] {logging_mixin.py:188} INFO - [2026-04-07T09:06:52.741+0000] {dag.py:3089} INFO - Sync 1 DAGs
[2026-04-07T09:06:52.779+0000] {logging_mixin.py:188} INFO - [2026-04-07T09:06:52.779+0000] {dag.py:3947} INFO - Setting next_dagrun for pipeline to 2026-04-07 00:00:00+00:00, run_after=2026-04-08 00:00:00+00:00
[2026-04-07T09:06:52.834+0000] {processor.py:183} INFO - Processing /opt/airflow/dags/pipeline.py took 1.300 seconds
[2026-04-07T09:07:23.623+0000] {processor.py:161} INFO - Started process (PID=1701) to work on /opt/airflow/dags/pipeline.py
[2026-04-07T09:07:23.627+0000] {processor.py:830} INFO - Processing file /opt/airflow/dags/pipeline.py for tasks to queue
[2026-04-07T09:07:23.632+0000] {logging_mixin.py:188} INFO - [2026-04-07T09:07:23.631+0000] {dagbag.py:545} INFO - Filling up the DagBag from /opt/airflow/dags/pipeline.py
[2026-04-07T09:07:24.705+0000] {processor.py:840} INFO - DAG(s) 'pipeline' retrieved from /opt/airflow/dags/pipeline.py
[2026-04-07T09:07:24.783+0000] {logging_mixin.py:188} INFO - [2026-04-07T09:07:24.783+0000] {dag.py:3089} INFO - Sync 1 DAGs
[2026-04-07T09:07:24.818+0000] {logging_mixin.py:188} INFO - [2026-04-07T09:07:24.818+0000] {dag.py:3947} INFO - Setting next_dagrun for pipeline to 2026-04-07 00:00:00+00:00, run_after=2026-04-08 00:00:00+00:00
[2026-04-07T09:07:24.855+0000] {processor.py:183} INFO - Processing /opt/airflow/dags/pipeline.py took 1.251 seconds
[2026-04-07T09:07:55.575+0000] {processor.py:161} INFO - Started process (PID=1712) to work on /opt/airflow/dags/pipeline.py
[2026-04-07T09:07:55.579+0000] {processor.py:830} INFO - Processing file /opt/airflow/dags/pipeline.py for tasks to queue
[2026-04-07T09:07:55.587+0000] {logging_mixin.py:188} INFO - [2026-04-07T09:07:55.586+0000] {dagbag.py:545} INFO - Filling up the DagBag from /opt/airflow/dags/pipeline.py
[2026-04-07T09:07:56.726+0000] {processor.py:840} INFO - DAG(s) 'pipeline' retrieved from /opt/airflow/dags/pipeline.py
[2026-04-07T09:07:56.808+0000] {logging_mixin.py:188} INFO - [2026-04-07T09:07:56.808+0000] {dag.py:3089} INFO - Sync 1 DAGs
[2026-04-07T09:07:56.846+0000] {logging_mixin.py:188} INFO - [2026-04-07T09:07:56.846+0000] {dag.py:3947} INFO - Setting next_dagrun for pipeline to 2026-04-07 00:00:00+00:00, run_after=2026-04-08 00:00:00+00:00
[2026-04-07T09:07:56.883+0000] {processor.py:183} INFO - Processing /opt/airflow/dags/pipeline.py took 1.336 seconds
[2026-04-07T09:08:27.512+0000] {processor.py:161} INFO - Started process (PID=1723) to work on /opt/airflow/dags/pipeline.py
[2026-04-07T09:08:27.514+0000] {processor.py:830} INFO - Processing file /opt/airflow/dags/pipeline.py for tasks to queue
[2026-04-07T09:08:27.518+0000] {logging_mixin.py:188} INFO - [2026-04-07T09:08:27.518+0000] {dagbag.py:545} INFO - Filling up the DagBag from /opt/airflow/dags/pipeline.py
[2026-04-07T09:08:28.564+0000] {processor.py:840} INFO - DAG(s) 'pipeline' retrieved from /opt/airflow/dags/pipeline.py
[2026-04-07T09:08:28.643+0000] {logging_mixin.py:188} INFO - [2026-04-07T09:08:28.642+0000] {dag.py:3089} INFO - Sync 1 DAGs
[2026-04-07T09:08:28.676+0000] {logging_mixin.py:188} INFO - [2026-04-07T09:08:28.676+0000] {dag.py:3947} INFO - Setting next_dagrun for pipeline to 2026-04-07 00:00:00+00:00, run_after=2026-04-08 00:00:00+00:00
[2026-04-07T09:08:28.723+0000] {processor.py:183} INFO - Processing /opt/airflow/dags/pipeline.py took 1.221 seconds
[2026-04-07T09:08:59.464+0000] {processor.py:161} INFO - Started process (PID=1734) to work on /opt/airflow/dags/pipeline.py
[2026-04-07T09:08:59.468+0000] {processor.py:830} INFO - Processing file /opt/airflow/dags/pipeline.py for tasks to queue
[2026-04-07T09:08:59.474+0000] {logging_mixin.py:188} INFO - [2026-04-07T09:08:59.473+0000] {dagbag.py:545} INFO - Filling up the DagBag from /opt/airflow/dags/pipeline.py
[2026-04-07T09:09:00.618+0000] {processor.py:840} INFO - DAG(s) 'pipeline' retrieved from /opt/airflow/dags/pipeline.py
[2026-04-07T09:09:00.699+0000] {logging_mixin.py:188} INFO - [2026-04-07T09:09:00.699+0000] {dag.py:3089} INFO - Sync 1 DAGs
[2026-04-07T09:09:00.734+0000] {logging_mixin.py:188} INFO - [2026-04-07T09:09:00.733+0000] {dag.py:3947} INFO - Setting next_dagrun for pipeline to 2026-04-07 00:00:00+00:00, run_after=2026-04-08 00:00:00+00:00
[2026-04-07T09:09:00.783+0000] {processor.py:183} INFO - Processing /opt/airflow/dags/pipeline.py took 1.342 seconds
[2026-04-07T09:09:31.619+0000] {processor.py:161} INFO - Started process (PID=1745) to work on /opt/airflow/dags/pipeline.py
[2026-04-07T09:09:31.621+0000] {processor.py:830} INFO - Processing file /opt/airflow/dags/pipeline.py for tasks to queue
[2026-04-07T09:09:31.625+0000] {logging_mixin.py:188} INFO - [2026-04-07T09:09:31.624+0000] {dagbag.py:545} INFO - Filling up the DagBag from /opt/airflow/dags/pipeline.py
[2026-04-07T09:09:32.730+0000] {processor.py:840} INFO - DAG(s) 'pipeline' retrieved from /opt/airflow/dags/pipeline.py
[2026-04-07T09:09:32.812+0000] {logging_mixin.py:188} INFO - [2026-04-07T09:09:32.812+0000] {dag.py:3089} INFO - Sync 1 DAGs
[2026-04-07T09:09:32.856+0000] {logging_mixin.py:188} INFO - [2026-04-07T09:09:32.856+0000] {dag.py:3947} INFO - Setting next_dagrun for pipeline to 2026-04-07 00:00:00+00:00, run_after=2026-04-08 00:00:00+00:00
[2026-04-07T09:09:32.910+0000] {processor.py:183} INFO - Processing /opt/airflow/dags/pipeline.py took 1.309 seconds
[2026-04-07T09:10:03.171+0000] {processor.py:161} INFO - Started process (PID=1756) to work on /opt/airflow/dags/pipeline.py
[2026-04-07T09:10:03.173+0000] {processor.py:830} INFO - Processing file /opt/airflow/dags/pipeline.py for tasks to queue
[2026-04-07T09:10:03.178+0000] {logging_mixin.py:188} INFO - [2026-04-07T09:10:03.178+0000] {dagbag.py:545} INFO - Filling up the DagBag from /opt/airflow/dags/pipeline.py
[2026-04-07T09:10:05.296+0000] {processor.py:840} INFO - DAG(s) 'pipeline' retrieved from /opt/airflow/dags/pipeline.py
[2026-04-07T09:10:05.429+0000] {logging_mixin.py:188} INFO - [2026-04-07T09:10:05.428+0000] {dag.py:3089} INFO - Sync 1 DAGs
[2026-04-07T09:10:05.481+0000] {logging_mixin.py:188} INFO - [2026-04-07T09:10:05.480+0000] {dag.py:3947} INFO - Setting next_dagrun for pipeline to 2026-04-07 00:00:00+00:00, run_after=2026-04-08 00:00:00+00:00
[2026-04-07T09:10:05.560+0000] {processor.py:183} INFO - Processing /opt/airflow/dags/pipeline.py took 2.400 seconds
