[2026-04-06T08:07:01.814+0000] {processor.py:161} INFO - Started process (PID=163) to work on /opt/airflow/dags/pipeline.py
[2026-04-06T08:07:01.820+0000] {processor.py:830} INFO - Processing file /opt/airflow/dags/pipeline.py for tasks to queue
[2026-04-06T08:07:01.823+0000] {logging_mixin.py:188} INFO - [2026-04-06T08:07:01.823+0000] {dagbag.py:545} INFO - Filling up the DagBag from /opt/airflow/dags/pipeline.py
[2026-04-06T08:07:06.092+0000] {processor.py:840} INFO - DAG(s) 'pipeline' retrieved from /opt/airflow/dags/pipeline.py
[2026-04-06T08:07:06.102+0000] {logging_mixin.py:188} INFO - [2026-04-06T08:07:06.102+0000] {dag.py:3089} INFO - Sync 1 DAGs
[2026-04-06T08:07:06.151+0000] {logging_mixin.py:188} INFO - [2026-04-06T08:07:06.150+0000] {dag.py:3947} INFO - Setting next_dagrun for pipeline to 2026-04-06 00:00:00+00:00, run_after=2026-04-07 00:00:00+00:00
[2026-04-06T08:07:06.205+0000] {processor.py:183} INFO - Processing /opt/airflow/dags/pipeline.py took 4.404 seconds
[2026-04-06T08:07:36.420+0000] {processor.py:161} INFO - Started process (PID=174) to work on /opt/airflow/dags/pipeline.py
[2026-04-06T08:07:36.425+0000] {processor.py:830} INFO - Processing file /opt/airflow/dags/pipeline.py for tasks to queue
[2026-04-06T08:07:36.435+0000] {logging_mixin.py:188} INFO - [2026-04-06T08:07:36.434+0000] {dagbag.py:545} INFO - Filling up the DagBag from /opt/airflow/dags/pipeline.py
[2026-04-06T08:07:41.264+0000] {processor.py:840} INFO - DAG(s) 'pipeline' retrieved from /opt/airflow/dags/pipeline.py
[2026-04-06T08:07:41.615+0000] {logging_mixin.py:188} INFO - [2026-04-06T08:07:41.614+0000] {dag.py:3089} INFO - Sync 1 DAGs
[2026-04-06T08:07:41.667+0000] {logging_mixin.py:188} INFO - [2026-04-06T08:07:41.666+0000] {dag.py:3947} INFO - Setting next_dagrun for pipeline to 2026-04-06 00:00:00+00:00, run_after=2026-04-07 00:00:00+00:00
[2026-04-06T08:07:41.732+0000] {processor.py:183} INFO - Processing /opt/airflow/dags/pipeline.py took 5.335 seconds
[2026-04-06T08:08:12.045+0000] {processor.py:161} INFO - Started process (PID=180) to work on /opt/airflow/dags/pipeline.py
[2026-04-06T08:08:12.050+0000] {processor.py:830} INFO - Processing file /opt/airflow/dags/pipeline.py for tasks to queue
[2026-04-06T08:08:12.057+0000] {logging_mixin.py:188} INFO - [2026-04-06T08:08:12.056+0000] {dagbag.py:545} INFO - Filling up the DagBag from /opt/airflow/dags/pipeline.py
[2026-04-06T08:08:14.854+0000] {processor.py:840} INFO - DAG(s) 'pipeline' retrieved from /opt/airflow/dags/pipeline.py
[2026-04-06T08:08:14.878+0000] {logging_mixin.py:188} INFO - [2026-04-06T08:08:14.878+0000] {dag.py:3089} INFO - Sync 1 DAGs
[2026-04-06T08:08:14.917+0000] {logging_mixin.py:188} INFO - [2026-04-06T08:08:14.917+0000] {dag.py:3947} INFO - Setting next_dagrun for pipeline to 2026-04-06 00:00:00+00:00, run_after=2026-04-07 00:00:00+00:00
[2026-04-06T08:08:14.960+0000] {processor.py:183} INFO - Processing /opt/airflow/dags/pipeline.py took 2.931 seconds
[2026-04-06T08:08:45.698+0000] {processor.py:161} INFO - Started process (PID=186) to work on /opt/airflow/dags/pipeline.py
[2026-04-06T08:08:45.701+0000] {processor.py:830} INFO - Processing file /opt/airflow/dags/pipeline.py for tasks to queue
[2026-04-06T08:08:45.706+0000] {logging_mixin.py:188} INFO - [2026-04-06T08:08:45.705+0000] {dagbag.py:545} INFO - Filling up the DagBag from /opt/airflow/dags/pipeline.py
[2026-04-06T08:08:47.657+0000] {processor.py:840} INFO - DAG(s) 'pipeline' retrieved from /opt/airflow/dags/pipeline.py
[2026-04-06T08:08:47.687+0000] {logging_mixin.py:188} INFO - [2026-04-06T08:08:47.687+0000] {dag.py:3089} INFO - Sync 1 DAGs
[2026-04-06T08:08:47.722+0000] {logging_mixin.py:188} INFO - [2026-04-06T08:08:47.722+0000] {dag.py:3947} INFO - Setting next_dagrun for pipeline to 2026-04-06 00:00:00+00:00, run_after=2026-04-07 00:00:00+00:00
[2026-04-06T08:08:47.778+0000] {processor.py:183} INFO - Processing /opt/airflow/dags/pipeline.py took 2.096 seconds
[2026-04-06T08:09:18.413+0000] {processor.py:161} INFO - Started process (PID=192) to work on /opt/airflow/dags/pipeline.py
[2026-04-06T08:09:18.416+0000] {processor.py:830} INFO - Processing file /opt/airflow/dags/pipeline.py for tasks to queue
[2026-04-06T08:09:18.425+0000] {logging_mixin.py:188} INFO - [2026-04-06T08:09:18.424+0000] {dagbag.py:545} INFO - Filling up the DagBag from /opt/airflow/dags/pipeline.py
[2026-04-06T08:09:20.884+0000] {processor.py:840} INFO - DAG(s) 'pipeline' retrieved from /opt/airflow/dags/pipeline.py
[2026-04-06T08:09:20.923+0000] {logging_mixin.py:188} INFO - [2026-04-06T08:09:20.922+0000] {dag.py:3089} INFO - Sync 1 DAGs
[2026-04-06T08:09:20.964+0000] {logging_mixin.py:188} INFO - [2026-04-06T08:09:20.963+0000] {dag.py:3947} INFO - Setting next_dagrun for pipeline to 2026-04-06 00:00:00+00:00, run_after=2026-04-07 00:00:00+00:00
[2026-04-06T08:09:21.017+0000] {processor.py:183} INFO - Processing /opt/airflow/dags/pipeline.py took 2.626 seconds
[2026-04-06T08:09:51.833+0000] {processor.py:161} INFO - Started process (PID=198) to work on /opt/airflow/dags/pipeline.py
[2026-04-06T08:09:51.850+0000] {processor.py:830} INFO - Processing file /opt/airflow/dags/pipeline.py for tasks to queue
[2026-04-06T08:09:51.855+0000] {logging_mixin.py:188} INFO - [2026-04-06T08:09:51.854+0000] {dagbag.py:545} INFO - Filling up the DagBag from /opt/airflow/dags/pipeline.py
[2026-04-06T08:09:53.981+0000] {processor.py:840} INFO - DAG(s) 'pipeline' retrieved from /opt/airflow/dags/pipeline.py
[2026-04-06T08:09:54.002+0000] {logging_mixin.py:188} INFO - [2026-04-06T08:09:54.001+0000] {dag.py:3089} INFO - Sync 1 DAGs
[2026-04-06T08:09:54.039+0000] {logging_mixin.py:188} INFO - [2026-04-06T08:09:54.038+0000] {dag.py:3947} INFO - Setting next_dagrun for pipeline to 2026-04-06 00:00:00+00:00, run_after=2026-04-07 00:00:00+00:00
[2026-04-06T08:09:54.087+0000] {processor.py:183} INFO - Processing /opt/airflow/dags/pipeline.py took 2.272 seconds
[2026-04-06T08:10:24.682+0000] {processor.py:161} INFO - Started process (PID=204) to work on /opt/airflow/dags/pipeline.py
[2026-04-06T08:10:24.687+0000] {processor.py:830} INFO - Processing file /opt/airflow/dags/pipeline.py for tasks to queue
[2026-04-06T08:10:24.698+0000] {logging_mixin.py:188} INFO - [2026-04-06T08:10:24.696+0000] {dagbag.py:545} INFO - Filling up the DagBag from /opt/airflow/dags/pipeline.py
[2026-04-06T08:10:26.629+0000] {processor.py:840} INFO - DAG(s) 'pipeline' retrieved from /opt/airflow/dags/pipeline.py
[2026-04-06T08:10:26.651+0000] {logging_mixin.py:188} INFO - [2026-04-06T08:10:26.651+0000] {dag.py:3089} INFO - Sync 1 DAGs
[2026-04-06T08:10:26.686+0000] {logging_mixin.py:188} INFO - [2026-04-06T08:10:26.686+0000] {dag.py:3947} INFO - Setting next_dagrun for pipeline to 2026-04-06 00:00:00+00:00, run_after=2026-04-07 00:00:00+00:00
[2026-04-06T08:10:26.721+0000] {processor.py:183} INFO - Processing /opt/airflow/dags/pipeline.py took 2.072 seconds
[2026-04-06T08:10:57.267+0000] {processor.py:161} INFO - Started process (PID=210) to work on /opt/airflow/dags/pipeline.py
[2026-04-06T08:10:57.269+0000] {processor.py:830} INFO - Processing file /opt/airflow/dags/pipeline.py for tasks to queue
[2026-04-06T08:10:57.272+0000] {logging_mixin.py:188} INFO - [2026-04-06T08:10:57.271+0000] {dagbag.py:545} INFO - Filling up the DagBag from /opt/airflow/dags/pipeline.py
[2026-04-06T08:10:59.487+0000] {processor.py:840} INFO - DAG(s) 'pipeline' retrieved from /opt/airflow/dags/pipeline.py
[2026-04-06T08:10:59.512+0000] {logging_mixin.py:188} INFO - [2026-04-06T08:10:59.512+0000] {dag.py:3089} INFO - Sync 1 DAGs
[2026-04-06T08:10:59.564+0000] {logging_mixin.py:188} INFO - [2026-04-06T08:10:59.564+0000] {dag.py:3947} INFO - Setting next_dagrun for pipeline to 2026-04-06 00:00:00+00:00, run_after=2026-04-07 00:00:00+00:00
[2026-04-06T08:10:59.608+0000] {processor.py:183} INFO - Processing /opt/airflow/dags/pipeline.py took 2.351 seconds
[2026-04-06T08:11:29.917+0000] {processor.py:161} INFO - Started process (PID=216) to work on /opt/airflow/dags/pipeline.py
[2026-04-06T08:11:29.919+0000] {processor.py:830} INFO - Processing file /opt/airflow/dags/pipeline.py for tasks to queue
[2026-04-06T08:11:29.923+0000] {logging_mixin.py:188} INFO - [2026-04-06T08:11:29.922+0000] {dagbag.py:545} INFO - Filling up the DagBag from /opt/airflow/dags/pipeline.py
[2026-04-06T08:11:31.583+0000] {processor.py:840} INFO - DAG(s) 'pipeline' retrieved from /opt/airflow/dags/pipeline.py
[2026-04-06T08:11:31.618+0000] {logging_mixin.py:188} INFO - [2026-04-06T08:11:31.618+0000] {dag.py:3089} INFO - Sync 1 DAGs
[2026-04-06T08:11:31.670+0000] {logging_mixin.py:188} INFO - [2026-04-06T08:11:31.670+0000] {dag.py:3947} INFO - Setting next_dagrun for pipeline to 2026-04-06 00:00:00+00:00, run_after=2026-04-07 00:00:00+00:00
[2026-04-06T08:11:31.762+0000] {processor.py:183} INFO - Processing /opt/airflow/dags/pipeline.py took 1.854 seconds
[2026-04-06T08:12:02.025+0000] {processor.py:161} INFO - Started process (PID=222) to work on /opt/airflow/dags/pipeline.py
[2026-04-06T08:12:02.028+0000] {processor.py:830} INFO - Processing file /opt/airflow/dags/pipeline.py for tasks to queue
[2026-04-06T08:12:02.037+0000] {logging_mixin.py:188} INFO - [2026-04-06T08:12:02.035+0000] {dagbag.py:545} INFO - Filling up the DagBag from /opt/airflow/dags/pipeline.py
[2026-04-06T08:12:05.526+0000] {processor.py:840} INFO - DAG(s) 'pipeline' retrieved from /opt/airflow/dags/pipeline.py
[2026-04-06T08:12:05.564+0000] {logging_mixin.py:188} INFO - [2026-04-06T08:12:05.563+0000] {dag.py:3089} INFO - Sync 1 DAGs
[2026-04-06T08:12:05.630+0000] {logging_mixin.py:188} INFO - [2026-04-06T08:12:05.629+0000] {dag.py:3947} INFO - Setting next_dagrun for pipeline to 2026-04-06 00:00:00+00:00, run_after=2026-04-07 00:00:00+00:00
[2026-04-06T08:12:05.710+0000] {processor.py:183} INFO - Processing /opt/airflow/dags/pipeline.py took 3.702 seconds
[2026-04-06T08:12:36.410+0000] {processor.py:161} INFO - Started process (PID=228) to work on /opt/airflow/dags/pipeline.py
[2026-04-06T08:12:36.415+0000] {processor.py:830} INFO - Processing file /opt/airflow/dags/pipeline.py for tasks to queue
[2026-04-06T08:12:36.426+0000] {logging_mixin.py:188} INFO - [2026-04-06T08:12:36.425+0000] {dagbag.py:545} INFO - Filling up the DagBag from /opt/airflow/dags/pipeline.py
[2026-04-06T08:12:38.607+0000] {processor.py:840} INFO - DAG(s) 'pipeline' retrieved from /opt/airflow/dags/pipeline.py
[2026-04-06T08:12:38.633+0000] {logging_mixin.py:188} INFO - [2026-04-06T08:12:38.633+0000] {dag.py:3089} INFO - Sync 1 DAGs
[2026-04-06T08:12:38.684+0000] {logging_mixin.py:188} INFO - [2026-04-06T08:12:38.684+0000] {dag.py:3947} INFO - Setting next_dagrun for pipeline to 2026-04-06 00:00:00+00:00, run_after=2026-04-07 00:00:00+00:00
[2026-04-06T08:12:38.747+0000] {processor.py:183} INFO - Processing /opt/airflow/dags/pipeline.py took 2.376 seconds
[2026-04-06T08:13:09.231+0000] {processor.py:161} INFO - Started process (PID=234) to work on /opt/airflow/dags/pipeline.py
[2026-04-06T08:13:09.234+0000] {processor.py:830} INFO - Processing file /opt/airflow/dags/pipeline.py for tasks to queue
[2026-04-06T08:13:09.238+0000] {logging_mixin.py:188} INFO - [2026-04-06T08:13:09.238+0000] {dagbag.py:545} INFO - Filling up the DagBag from /opt/airflow/dags/pipeline.py
[2026-04-06T08:13:11.962+0000] {processor.py:840} INFO - DAG(s) 'pipeline' retrieved from /opt/airflow/dags/pipeline.py
[2026-04-06T08:13:11.989+0000] {logging_mixin.py:188} INFO - [2026-04-06T08:13:11.988+0000] {dag.py:3089} INFO - Sync 1 DAGs
[2026-04-06T08:13:12.027+0000] {logging_mixin.py:188} INFO - [2026-04-06T08:13:12.026+0000] {dag.py:3947} INFO - Setting next_dagrun for pipeline to 2026-04-06 00:00:00+00:00, run_after=2026-04-07 00:00:00+00:00
[2026-04-06T08:13:12.075+0000] {processor.py:183} INFO - Processing /opt/airflow/dags/pipeline.py took 2.862 seconds
[2026-04-06T08:13:42.716+0000] {processor.py:161} INFO - Started process (PID=240) to work on /opt/airflow/dags/pipeline.py
[2026-04-06T08:13:42.718+0000] {processor.py:830} INFO - Processing file /opt/airflow/dags/pipeline.py for tasks to queue
[2026-04-06T08:13:42.722+0000] {logging_mixin.py:188} INFO - [2026-04-06T08:13:42.721+0000] {dagbag.py:545} INFO - Filling up the DagBag from /opt/airflow/dags/pipeline.py
[2026-04-06T08:13:44.729+0000] {processor.py:840} INFO - DAG(s) 'pipeline' retrieved from /opt/airflow/dags/pipeline.py
[2026-04-06T08:13:44.764+0000] {logging_mixin.py:188} INFO - [2026-04-06T08:13:44.764+0000] {dag.py:3089} INFO - Sync 1 DAGs
[2026-04-06T08:13:44.809+0000] {logging_mixin.py:188} INFO - [2026-04-06T08:13:44.809+0000] {dag.py:3947} INFO - Setting next_dagrun for pipeline to 2026-04-06 00:00:00+00:00, run_after=2026-04-07 00:00:00+00:00
[2026-04-06T08:13:44.855+0000] {processor.py:183} INFO - Processing /opt/airflow/dags/pipeline.py took 2.151 seconds
[2026-04-06T08:14:15.608+0000] {processor.py:161} INFO - Started process (PID=246) to work on /opt/airflow/dags/pipeline.py
[2026-04-06T08:14:15.614+0000] {processor.py:830} INFO - Processing file /opt/airflow/dags/pipeline.py for tasks to queue
[2026-04-06T08:14:15.622+0000] {logging_mixin.py:188} INFO - [2026-04-06T08:14:15.621+0000] {dagbag.py:545} INFO - Filling up the DagBag from /opt/airflow/dags/pipeline.py
[2026-04-06T08:14:17.256+0000] {processor.py:840} INFO - DAG(s) 'pipeline' retrieved from /opt/airflow/dags/pipeline.py
[2026-04-06T08:14:17.278+0000] {logging_mixin.py:188} INFO - [2026-04-06T08:14:17.278+0000] {dag.py:3089} INFO - Sync 1 DAGs
[2026-04-06T08:14:17.312+0000] {logging_mixin.py:188} INFO - [2026-04-06T08:14:17.312+0000] {dag.py:3947} INFO - Setting next_dagrun for pipeline to 2026-04-06 00:00:00+00:00, run_after=2026-04-07 00:00:00+00:00
[2026-04-06T08:14:17.360+0000] {processor.py:183} INFO - Processing /opt/airflow/dags/pipeline.py took 1.777 seconds
[2026-04-06T08:14:48.135+0000] {processor.py:161} INFO - Started process (PID=252) to work on /opt/airflow/dags/pipeline.py
[2026-04-06T08:14:48.139+0000] {processor.py:830} INFO - Processing file /opt/airflow/dags/pipeline.py for tasks to queue
[2026-04-06T08:14:48.150+0000] {logging_mixin.py:188} INFO - [2026-04-06T08:14:48.149+0000] {dagbag.py:545} INFO - Filling up the DagBag from /opt/airflow/dags/pipeline.py
[2026-04-06T08:14:50.104+0000] {processor.py:840} INFO - DAG(s) 'pipeline' retrieved from /opt/airflow/dags/pipeline.py
[2026-04-06T08:14:50.131+0000] {logging_mixin.py:188} INFO - [2026-04-06T08:14:50.131+0000] {dag.py:3089} INFO - Sync 1 DAGs
[2026-04-06T08:14:50.224+0000] {logging_mixin.py:188} INFO - [2026-04-06T08:14:50.223+0000] {dag.py:3947} INFO - Setting next_dagrun for pipeline to 2026-04-06 00:00:00+00:00, run_after=2026-04-07 00:00:00+00:00
[2026-04-06T08:14:50.290+0000] {processor.py:183} INFO - Processing /opt/airflow/dags/pipeline.py took 2.186 seconds
[2026-04-06T08:15:20.802+0000] {processor.py:161} INFO - Started process (PID=258) to work on /opt/airflow/dags/pipeline.py
[2026-04-06T08:15:20.804+0000] {processor.py:830} INFO - Processing file /opt/airflow/dags/pipeline.py for tasks to queue
[2026-04-06T08:15:20.808+0000] {logging_mixin.py:188} INFO - [2026-04-06T08:15:20.807+0000] {dagbag.py:545} INFO - Filling up the DagBag from /opt/airflow/dags/pipeline.py
[2026-04-06T08:15:23.069+0000] {processor.py:840} INFO - DAG(s) 'pipeline' retrieved from /opt/airflow/dags/pipeline.py
[2026-04-06T08:15:23.100+0000] {logging_mixin.py:188} INFO - [2026-04-06T08:15:23.099+0000] {dag.py:3089} INFO - Sync 1 DAGs
[2026-04-06T08:15:23.153+0000] {logging_mixin.py:188} INFO - [2026-04-06T08:15:23.153+0000] {dag.py:3947} INFO - Setting next_dagrun for pipeline to 2026-04-06 00:00:00+00:00, run_after=2026-04-07 00:00:00+00:00
[2026-04-06T08:15:23.219+0000] {processor.py:183} INFO - Processing /opt/airflow/dags/pipeline.py took 2.428 seconds
[2026-04-06T08:15:53.917+0000] {processor.py:161} INFO - Started process (PID=264) to work on /opt/airflow/dags/pipeline.py
[2026-04-06T08:15:53.922+0000] {processor.py:830} INFO - Processing file /opt/airflow/dags/pipeline.py for tasks to queue
[2026-04-06T08:15:53.932+0000] {logging_mixin.py:188} INFO - [2026-04-06T08:15:53.930+0000] {dagbag.py:545} INFO - Filling up the DagBag from /opt/airflow/dags/pipeline.py
[2026-04-06T08:15:55.732+0000] {processor.py:840} INFO - DAG(s) 'pipeline' retrieved from /opt/airflow/dags/pipeline.py
[2026-04-06T08:15:55.756+0000] {logging_mixin.py:188} INFO - [2026-04-06T08:15:55.755+0000] {dag.py:3089} INFO - Sync 1 DAGs
[2026-04-06T08:15:55.800+0000] {logging_mixin.py:188} INFO - [2026-04-06T08:15:55.799+0000] {dag.py:3947} INFO - Setting next_dagrun for pipeline to 2026-04-06 00:00:00+00:00, run_after=2026-04-07 00:00:00+00:00
[2026-04-06T08:15:55.862+0000] {processor.py:183} INFO - Processing /opt/airflow/dags/pipeline.py took 1.991 seconds
[2026-04-06T08:16:26.437+0000] {processor.py:161} INFO - Started process (PID=270) to work on /opt/airflow/dags/pipeline.py
[2026-04-06T08:16:26.439+0000] {processor.py:830} INFO - Processing file /opt/airflow/dags/pipeline.py for tasks to queue
[2026-04-06T08:16:26.443+0000] {logging_mixin.py:188} INFO - [2026-04-06T08:16:26.442+0000] {dagbag.py:545} INFO - Filling up the DagBag from /opt/airflow/dags/pipeline.py
[2026-04-06T08:16:28.365+0000] {processor.py:840} INFO - DAG(s) 'pipeline' retrieved from /opt/airflow/dags/pipeline.py
[2026-04-06T08:16:28.389+0000] {logging_mixin.py:188} INFO - [2026-04-06T08:16:28.389+0000] {dag.py:3089} INFO - Sync 1 DAGs
[2026-04-06T08:16:28.426+0000] {logging_mixin.py:188} INFO - [2026-04-06T08:16:28.425+0000] {dag.py:3947} INFO - Setting next_dagrun for pipeline to 2026-04-06 00:00:00+00:00, run_after=2026-04-07 00:00:00+00:00
[2026-04-06T08:16:28.482+0000] {processor.py:183} INFO - Processing /opt/airflow/dags/pipeline.py took 2.055 seconds
[2026-04-06T08:16:59.108+0000] {processor.py:161} INFO - Started process (PID=276) to work on /opt/airflow/dags/pipeline.py
[2026-04-06T08:16:59.110+0000] {processor.py:830} INFO - Processing file /opt/airflow/dags/pipeline.py for tasks to queue
[2026-04-06T08:16:59.113+0000] {logging_mixin.py:188} INFO - [2026-04-06T08:16:59.112+0000] {dagbag.py:545} INFO - Filling up the DagBag from /opt/airflow/dags/pipeline.py
[2026-04-06T08:17:01.434+0000] {processor.py:840} INFO - DAG(s) 'pipeline' retrieved from /opt/airflow/dags/pipeline.py
[2026-04-06T08:17:01.462+0000] {logging_mixin.py:188} INFO - [2026-04-06T08:17:01.462+0000] {dag.py:3089} INFO - Sync 1 DAGs
[2026-04-06T08:17:01.508+0000] {logging_mixin.py:188} INFO - [2026-04-06T08:17:01.508+0000] {dag.py:3947} INFO - Setting next_dagrun for pipeline to 2026-04-06 00:00:00+00:00, run_after=2026-04-07 00:00:00+00:00
[2026-04-06T08:17:01.572+0000] {processor.py:183} INFO - Processing /opt/airflow/dags/pipeline.py took 2.474 seconds
[2026-04-06T08:17:31.845+0000] {processor.py:161} INFO - Started process (PID=282) to work on /opt/airflow/dags/pipeline.py
[2026-04-06T08:17:31.850+0000] {processor.py:830} INFO - Processing file /opt/airflow/dags/pipeline.py for tasks to queue
[2026-04-06T08:17:31.861+0000] {logging_mixin.py:188} INFO - [2026-04-06T08:17:31.860+0000] {dagbag.py:545} INFO - Filling up the DagBag from /opt/airflow/dags/pipeline.py
[2026-04-06T08:17:34.027+0000] {processor.py:840} INFO - DAG(s) 'pipeline' retrieved from /opt/airflow/dags/pipeline.py
[2026-04-06T08:17:34.054+0000] {logging_mixin.py:188} INFO - [2026-04-06T08:17:34.054+0000] {dag.py:3089} INFO - Sync 1 DAGs
[2026-04-06T08:17:34.103+0000] {logging_mixin.py:188} INFO - [2026-04-06T08:17:34.103+0000] {dag.py:3947} INFO - Setting next_dagrun for pipeline to 2026-04-06 00:00:00+00:00, run_after=2026-04-07 00:00:00+00:00
[2026-04-06T08:17:34.153+0000] {processor.py:183} INFO - Processing /opt/airflow/dags/pipeline.py took 2.338 seconds
[2026-04-06T08:18:04.539+0000] {processor.py:161} INFO - Started process (PID=288) to work on /opt/airflow/dags/pipeline.py
[2026-04-06T08:18:04.541+0000] {processor.py:830} INFO - Processing file /opt/airflow/dags/pipeline.py for tasks to queue
[2026-04-06T08:18:04.545+0000] {logging_mixin.py:188} INFO - [2026-04-06T08:18:04.544+0000] {dagbag.py:545} INFO - Filling up the DagBag from /opt/airflow/dags/pipeline.py
[2026-04-06T08:18:06.636+0000] {processor.py:840} INFO - DAG(s) 'pipeline' retrieved from /opt/airflow/dags/pipeline.py
[2026-04-06T08:18:06.666+0000] {logging_mixin.py:188} INFO - [2026-04-06T08:18:06.666+0000] {dag.py:3089} INFO - Sync 1 DAGs
[2026-04-06T08:18:06.713+0000] {logging_mixin.py:188} INFO - [2026-04-06T08:18:06.712+0000] {dag.py:3947} INFO - Setting next_dagrun for pipeline to 2026-04-06 00:00:00+00:00, run_after=2026-04-07 00:00:00+00:00
[2026-04-06T08:18:06.769+0000] {processor.py:183} INFO - Processing /opt/airflow/dags/pipeline.py took 2.243 seconds
[2026-04-06T08:18:37.336+0000] {processor.py:161} INFO - Started process (PID=294) to work on /opt/airflow/dags/pipeline.py
[2026-04-06T08:18:37.342+0000] {processor.py:830} INFO - Processing file /opt/airflow/dags/pipeline.py for tasks to queue
[2026-04-06T08:18:37.350+0000] {logging_mixin.py:188} INFO - [2026-04-06T08:18:37.349+0000] {dagbag.py:545} INFO - Filling up the DagBag from /opt/airflow/dags/pipeline.py
[2026-04-06T08:18:39.791+0000] {processor.py:840} INFO - DAG(s) 'pipeline' retrieved from /opt/airflow/dags/pipeline.py
[2026-04-06T08:18:39.818+0000] {logging_mixin.py:188} INFO - [2026-04-06T08:18:39.818+0000] {dag.py:3089} INFO - Sync 1 DAGs
[2026-04-06T08:18:39.862+0000] {logging_mixin.py:188} INFO - [2026-04-06T08:18:39.861+0000] {dag.py:3947} INFO - Setting next_dagrun for pipeline to 2026-04-06 00:00:00+00:00, run_after=2026-04-07 00:00:00+00:00
[2026-04-06T08:18:39.920+0000] {processor.py:183} INFO - Processing /opt/airflow/dags/pipeline.py took 2.614 seconds
[2026-04-06T08:19:10.308+0000] {processor.py:161} INFO - Started process (PID=300) to work on /opt/airflow/dags/pipeline.py
[2026-04-06T08:19:10.313+0000] {processor.py:830} INFO - Processing file /opt/airflow/dags/pipeline.py for tasks to queue
[2026-04-06T08:19:10.318+0000] {logging_mixin.py:188} INFO - [2026-04-06T08:19:10.317+0000] {dagbag.py:545} INFO - Filling up the DagBag from /opt/airflow/dags/pipeline.py
[2026-04-06T08:19:12.567+0000] {processor.py:840} INFO - DAG(s) 'pipeline' retrieved from /opt/airflow/dags/pipeline.py
[2026-04-06T08:19:12.593+0000] {logging_mixin.py:188} INFO - [2026-04-06T08:19:12.593+0000] {dag.py:3089} INFO - Sync 1 DAGs
[2026-04-06T08:19:12.632+0000] {logging_mixin.py:188} INFO - [2026-04-06T08:19:12.632+0000] {dag.py:3947} INFO - Setting next_dagrun for pipeline to 2026-04-06 00:00:00+00:00, run_after=2026-04-07 00:00:00+00:00
[2026-04-06T08:19:12.687+0000] {processor.py:183} INFO - Processing /opt/airflow/dags/pipeline.py took 2.407 seconds
[2026-04-06T08:19:43.159+0000] {processor.py:161} INFO - Started process (PID=306) to work on /opt/airflow/dags/pipeline.py
[2026-04-06T08:19:43.160+0000] {processor.py:830} INFO - Processing file /opt/airflow/dags/pipeline.py for tasks to queue
[2026-04-06T08:19:43.164+0000] {logging_mixin.py:188} INFO - [2026-04-06T08:19:43.163+0000] {dagbag.py:545} INFO - Filling up the DagBag from /opt/airflow/dags/pipeline.py
[2026-04-06T08:19:44.813+0000] {processor.py:840} INFO - DAG(s) 'pipeline' retrieved from /opt/airflow/dags/pipeline.py
[2026-04-06T08:19:44.835+0000] {logging_mixin.py:188} INFO - [2026-04-06T08:19:44.835+0000] {dag.py:3089} INFO - Sync 1 DAGs
[2026-04-06T08:19:44.869+0000] {logging_mixin.py:188} INFO - [2026-04-06T08:19:44.869+0000] {dag.py:3947} INFO - Setting next_dagrun for pipeline to 2026-04-06 00:00:00+00:00, run_after=2026-04-07 00:00:00+00:00
[2026-04-06T08:19:44.920+0000] {processor.py:183} INFO - Processing /opt/airflow/dags/pipeline.py took 1.770 seconds
[2026-04-06T08:20:15.733+0000] {processor.py:161} INFO - Started process (PID=312) to work on /opt/airflow/dags/pipeline.py
[2026-04-06T08:20:15.738+0000] {processor.py:830} INFO - Processing file /opt/airflow/dags/pipeline.py for tasks to queue
[2026-04-06T08:20:15.749+0000] {logging_mixin.py:188} INFO - [2026-04-06T08:20:15.748+0000] {dagbag.py:545} INFO - Filling up the DagBag from /opt/airflow/dags/pipeline.py
[2026-04-06T08:20:18.391+0000] {processor.py:840} INFO - DAG(s) 'pipeline' retrieved from /opt/airflow/dags/pipeline.py
[2026-04-06T08:20:18.417+0000] {logging_mixin.py:188} INFO - [2026-04-06T08:20:18.417+0000] {dag.py:3089} INFO - Sync 1 DAGs
[2026-04-06T08:20:18.454+0000] {logging_mixin.py:188} INFO - [2026-04-06T08:20:18.454+0000] {dag.py:3947} INFO - Setting next_dagrun for pipeline to 2026-04-06 00:00:00+00:00, run_after=2026-04-07 00:00:00+00:00
[2026-04-06T08:20:18.533+0000] {processor.py:183} INFO - Processing /opt/airflow/dags/pipeline.py took 2.836 seconds
[2026-04-06T08:20:49.344+0000] {processor.py:161} INFO - Started process (PID=318) to work on /opt/airflow/dags/pipeline.py
[2026-04-06T08:20:49.348+0000] {processor.py:830} INFO - Processing file /opt/airflow/dags/pipeline.py for tasks to queue
[2026-04-06T08:20:49.354+0000] {logging_mixin.py:188} INFO - [2026-04-06T08:20:49.353+0000] {dagbag.py:545} INFO - Filling up the DagBag from /opt/airflow/dags/pipeline.py
[2026-04-06T08:20:50.789+0000] {processor.py:840} INFO - DAG(s) 'pipeline' retrieved from /opt/airflow/dags/pipeline.py
[2026-04-06T08:20:51.070+0000] {logging_mixin.py:188} INFO - [2026-04-06T08:20:51.070+0000] {dag.py:3089} INFO - Sync 1 DAGs
[2026-04-06T08:20:51.138+0000] {logging_mixin.py:188} INFO - [2026-04-06T08:20:51.138+0000] {dag.py:3947} INFO - Setting next_dagrun for pipeline to 2026-04-06 00:00:00+00:00, run_after=2026-04-07 00:00:00+00:00
[2026-04-06T08:20:51.209+0000] {processor.py:183} INFO - Processing /opt/airflow/dags/pipeline.py took 1.897 seconds
[2026-04-06T08:21:22.042+0000] {processor.py:161} INFO - Started process (PID=324) to work on /opt/airflow/dags/pipeline.py
[2026-04-06T08:21:22.045+0000] {processor.py:830} INFO - Processing file /opt/airflow/dags/pipeline.py for tasks to queue
[2026-04-06T08:21:22.049+0000] {logging_mixin.py:188} INFO - [2026-04-06T08:21:22.048+0000] {dagbag.py:545} INFO - Filling up the DagBag from /opt/airflow/dags/pipeline.py
[2026-04-06T08:21:23.170+0000] {processor.py:840} INFO - DAG(s) 'pipeline' retrieved from /opt/airflow/dags/pipeline.py
[2026-04-06T08:21:23.255+0000] {logging_mixin.py:188} INFO - [2026-04-06T08:21:23.255+0000] {dag.py:3089} INFO - Sync 1 DAGs
[2026-04-06T08:21:23.293+0000] {logging_mixin.py:188} INFO - [2026-04-06T08:21:23.293+0000] {dag.py:3947} INFO - Setting next_dagrun for pipeline to 2026-04-06 00:00:00+00:00, run_after=2026-04-07 00:00:00+00:00
[2026-04-06T08:21:23.351+0000] {processor.py:183} INFO - Processing /opt/airflow/dags/pipeline.py took 1.324 seconds
[2026-04-06T08:21:53.635+0000] {processor.py:161} INFO - Started process (PID=330) to work on /opt/airflow/dags/pipeline.py
[2026-04-06T08:21:53.637+0000] {processor.py:830} INFO - Processing file /opt/airflow/dags/pipeline.py for tasks to queue
[2026-04-06T08:21:53.641+0000] {logging_mixin.py:188} INFO - [2026-04-06T08:21:53.641+0000] {dagbag.py:545} INFO - Filling up the DagBag from /opt/airflow/dags/pipeline.py
[2026-04-06T08:21:54.967+0000] {processor.py:840} INFO - DAG(s) 'pipeline' retrieved from /opt/airflow/dags/pipeline.py
[2026-04-06T08:21:55.066+0000] {logging_mixin.py:188} INFO - [2026-04-06T08:21:55.066+0000] {dag.py:3089} INFO - Sync 1 DAGs
[2026-04-06T08:21:55.107+0000] {logging_mixin.py:188} INFO - [2026-04-06T08:21:55.107+0000] {dag.py:3947} INFO - Setting next_dagrun for pipeline to 2026-04-06 00:00:00+00:00, run_after=2026-04-07 00:00:00+00:00
[2026-04-06T08:21:55.164+0000] {processor.py:183} INFO - Processing /opt/airflow/dags/pipeline.py took 1.540 seconds
[2026-04-06T08:22:25.274+0000] {processor.py:161} INFO - Started process (PID=336) to work on /opt/airflow/dags/pipeline.py
[2026-04-06T08:22:25.276+0000] {processor.py:830} INFO - Processing file /opt/airflow/dags/pipeline.py for tasks to queue
[2026-04-06T08:22:25.279+0000] {logging_mixin.py:188} INFO - [2026-04-06T08:22:25.279+0000] {dagbag.py:545} INFO - Filling up the DagBag from /opt/airflow/dags/pipeline.py
[2026-04-06T08:22:26.817+0000] {processor.py:840} INFO - DAG(s) 'pipeline' retrieved from /opt/airflow/dags/pipeline.py
[2026-04-06T08:22:26.955+0000] {logging_mixin.py:188} INFO - [2026-04-06T08:22:26.955+0000] {dag.py:3089} INFO - Sync 1 DAGs
[2026-04-06T08:22:27.004+0000] {logging_mixin.py:188} INFO - [2026-04-06T08:22:27.004+0000] {dag.py:3947} INFO - Setting next_dagrun for pipeline to 2026-04-06 00:00:00+00:00, run_after=2026-04-07 00:00:00+00:00
[2026-04-06T08:22:27.064+0000] {processor.py:183} INFO - Processing /opt/airflow/dags/pipeline.py took 1.800 seconds
[2026-04-06T08:22:57.541+0000] {processor.py:161} INFO - Started process (PID=342) to work on /opt/airflow/dags/pipeline.py
[2026-04-06T08:22:57.543+0000] {processor.py:830} INFO - Processing file /opt/airflow/dags/pipeline.py for tasks to queue
[2026-04-06T08:22:57.551+0000] {logging_mixin.py:188} INFO - [2026-04-06T08:22:57.550+0000] {dagbag.py:545} INFO - Filling up the DagBag from /opt/airflow/dags/pipeline.py
[2026-04-06T08:23:00.326+0000] {processor.py:840} INFO - DAG(s) 'pipeline' retrieved from /opt/airflow/dags/pipeline.py
[2026-04-06T08:23:00.436+0000] {logging_mixin.py:188} INFO - [2026-04-06T08:23:00.436+0000] {dag.py:3089} INFO - Sync 1 DAGs
[2026-04-06T08:23:00.485+0000] {logging_mixin.py:188} INFO - [2026-04-06T08:23:00.484+0000] {dag.py:3947} INFO - Setting next_dagrun for pipeline to 2026-04-06 00:00:00+00:00, run_after=2026-04-07 00:00:00+00:00
[2026-04-06T08:23:00.542+0000] {processor.py:183} INFO - Processing /opt/airflow/dags/pipeline.py took 3.021 seconds
[2026-04-06T08:23:30.649+0000] {processor.py:161} INFO - Started process (PID=348) to work on /opt/airflow/dags/pipeline.py
[2026-04-06T08:23:30.652+0000] {processor.py:830} INFO - Processing file /opt/airflow/dags/pipeline.py for tasks to queue
[2026-04-06T08:23:30.657+0000] {logging_mixin.py:188} INFO - [2026-04-06T08:23:30.656+0000] {dagbag.py:545} INFO - Filling up the DagBag from /opt/airflow/dags/pipeline.py
[2026-04-06T08:23:33.059+0000] {processor.py:840} INFO - DAG(s) 'pipeline' retrieved from /opt/airflow/dags/pipeline.py
[2026-04-06T08:23:33.213+0000] {logging_mixin.py:188} INFO - [2026-04-06T08:23:33.213+0000] {dag.py:3089} INFO - Sync 1 DAGs
[2026-04-06T08:23:33.299+0000] {logging_mixin.py:188} INFO - [2026-04-06T08:23:33.298+0000] {dag.py:3947} INFO - Setting next_dagrun for pipeline to 2026-04-06 00:00:00+00:00, run_after=2026-04-07 00:00:00+00:00
[2026-04-06T08:23:33.389+0000] {processor.py:183} INFO - Processing /opt/airflow/dags/pipeline.py took 2.761 seconds
[2026-04-06T08:24:04.193+0000] {processor.py:161} INFO - Started process (PID=354) to work on /opt/airflow/dags/pipeline.py
[2026-04-06T08:24:04.195+0000] {processor.py:830} INFO - Processing file /opt/airflow/dags/pipeline.py for tasks to queue
[2026-04-06T08:24:04.199+0000] {logging_mixin.py:188} INFO - [2026-04-06T08:24:04.198+0000] {dagbag.py:545} INFO - Filling up the DagBag from /opt/airflow/dags/pipeline.py
[2026-04-06T08:24:05.357+0000] {processor.py:840} INFO - DAG(s) 'pipeline' retrieved from /opt/airflow/dags/pipeline.py
[2026-04-06T08:24:05.435+0000] {logging_mixin.py:188} INFO - [2026-04-06T08:24:05.435+0000] {dag.py:3089} INFO - Sync 1 DAGs
[2026-04-06T08:24:05.474+0000] {logging_mixin.py:188} INFO - [2026-04-06T08:24:05.474+0000] {dag.py:3947} INFO - Setting next_dagrun for pipeline to 2026-04-06 00:00:00+00:00, run_after=2026-04-07 00:00:00+00:00
[2026-04-06T08:24:05.520+0000] {processor.py:183} INFO - Processing /opt/airflow/dags/pipeline.py took 1.339 seconds
[2026-04-06T08:24:35.874+0000] {processor.py:161} INFO - Started process (PID=360) to work on /opt/airflow/dags/pipeline.py
[2026-04-06T08:24:35.875+0000] {processor.py:830} INFO - Processing file /opt/airflow/dags/pipeline.py for tasks to queue
[2026-04-06T08:24:35.878+0000] {logging_mixin.py:188} INFO - [2026-04-06T08:24:35.877+0000] {dagbag.py:545} INFO - Filling up the DagBag from /opt/airflow/dags/pipeline.py
[2026-04-06T08:24:37.038+0000] {processor.py:840} INFO - DAG(s) 'pipeline' retrieved from /opt/airflow/dags/pipeline.py
[2026-04-06T08:24:37.133+0000] {logging_mixin.py:188} INFO - [2026-04-06T08:24:37.133+0000] {dag.py:3089} INFO - Sync 1 DAGs
[2026-04-06T08:24:37.170+0000] {logging_mixin.py:188} INFO - [2026-04-06T08:24:37.170+0000] {dag.py:3947} INFO - Setting next_dagrun for pipeline to 2026-04-06 00:00:00+00:00, run_after=2026-04-07 00:00:00+00:00
[2026-04-06T08:24:37.216+0000] {processor.py:183} INFO - Processing /opt/airflow/dags/pipeline.py took 1.351 seconds
[2026-04-06T08:25:07.818+0000] {processor.py:161} INFO - Started process (PID=366) to work on /opt/airflow/dags/pipeline.py
[2026-04-06T08:25:07.820+0000] {processor.py:830} INFO - Processing file /opt/airflow/dags/pipeline.py for tasks to queue
[2026-04-06T08:25:07.823+0000] {logging_mixin.py:188} INFO - [2026-04-06T08:25:07.823+0000] {dagbag.py:545} INFO - Filling up the DagBag from /opt/airflow/dags/pipeline.py
[2026-04-06T08:25:08.951+0000] {processor.py:840} INFO - DAG(s) 'pipeline' retrieved from /opt/airflow/dags/pipeline.py
[2026-04-06T08:25:09.066+0000] {logging_mixin.py:188} INFO - [2026-04-06T08:25:09.065+0000] {dag.py:3089} INFO - Sync 1 DAGs
[2026-04-06T08:25:09.104+0000] {logging_mixin.py:188} INFO - [2026-04-06T08:25:09.104+0000] {dag.py:3947} INFO - Setting next_dagrun for pipeline to 2026-04-06 00:00:00+00:00, run_after=2026-04-07 00:00:00+00:00
[2026-04-06T08:25:09.158+0000] {processor.py:183} INFO - Processing /opt/airflow/dags/pipeline.py took 1.351 seconds
[2026-04-06T08:25:39.383+0000] {processor.py:161} INFO - Started process (PID=372) to work on /opt/airflow/dags/pipeline.py
[2026-04-06T08:25:39.385+0000] {processor.py:830} INFO - Processing file /opt/airflow/dags/pipeline.py for tasks to queue
[2026-04-06T08:25:39.388+0000] {logging_mixin.py:188} INFO - [2026-04-06T08:25:39.387+0000] {dagbag.py:545} INFO - Filling up the DagBag from /opt/airflow/dags/pipeline.py
[2026-04-06T08:25:40.914+0000] {processor.py:840} INFO - DAG(s) 'pipeline' retrieved from /opt/airflow/dags/pipeline.py
[2026-04-06T08:25:41.022+0000] {logging_mixin.py:188} INFO - [2026-04-06T08:25:41.021+0000] {dag.py:3089} INFO - Sync 1 DAGs
[2026-04-06T08:25:41.075+0000] {logging_mixin.py:188} INFO - [2026-04-06T08:25:41.075+0000] {dag.py:3947} INFO - Setting next_dagrun for pipeline to 2026-04-06 00:00:00+00:00, run_after=2026-04-07 00:00:00+00:00
[2026-04-06T08:25:41.143+0000] {processor.py:183} INFO - Processing /opt/airflow/dags/pipeline.py took 1.769 seconds
[2026-04-06T08:26:11.360+0000] {processor.py:161} INFO - Started process (PID=381) to work on /opt/airflow/dags/pipeline.py
[2026-04-06T08:26:11.362+0000] {processor.py:830} INFO - Processing file /opt/airflow/dags/pipeline.py for tasks to queue
[2026-04-06T08:26:11.367+0000] {logging_mixin.py:188} INFO - [2026-04-06T08:26:11.366+0000] {dagbag.py:545} INFO - Filling up the DagBag from /opt/airflow/dags/pipeline.py
[2026-04-06T08:26:13.265+0000] {processor.py:840} INFO - DAG(s) 'pipeline' retrieved from /opt/airflow/dags/pipeline.py
[2026-04-06T08:26:13.359+0000] {logging_mixin.py:188} INFO - [2026-04-06T08:26:13.359+0000] {dag.py:3089} INFO - Sync 1 DAGs
[2026-04-06T08:26:13.394+0000] {logging_mixin.py:188} INFO - [2026-04-06T08:26:13.394+0000] {dag.py:3947} INFO - Setting next_dagrun for pipeline to 2026-04-06 00:00:00+00:00, run_after=2026-04-07 00:00:00+00:00
[2026-04-06T08:26:13.445+0000] {processor.py:183} INFO - Processing /opt/airflow/dags/pipeline.py took 2.102 seconds
[2026-04-06T08:26:43.779+0000] {processor.py:161} INFO - Started process (PID=387) to work on /opt/airflow/dags/pipeline.py
[2026-04-06T08:26:43.781+0000] {processor.py:830} INFO - Processing file /opt/airflow/dags/pipeline.py for tasks to queue
[2026-04-06T08:26:43.785+0000] {logging_mixin.py:188} INFO - [2026-04-06T08:26:43.784+0000] {dagbag.py:545} INFO - Filling up the DagBag from /opt/airflow/dags/pipeline.py
[2026-04-06T08:26:45.350+0000] {processor.py:840} INFO - DAG(s) 'pipeline' retrieved from /opt/airflow/dags/pipeline.py
[2026-04-06T08:26:45.563+0000] {logging_mixin.py:188} INFO - [2026-04-06T08:26:45.563+0000] {dag.py:3089} INFO - Sync 1 DAGs
[2026-04-06T08:26:45.613+0000] {logging_mixin.py:188} INFO - [2026-04-06T08:26:45.613+0000] {dag.py:3947} INFO - Setting next_dagrun for pipeline to 2026-04-06 00:00:00+00:00, run_after=2026-04-07 00:00:00+00:00
[2026-04-06T08:26:45.657+0000] {processor.py:183} INFO - Processing /opt/airflow/dags/pipeline.py took 1.889 seconds
[2026-04-06T08:27:16.095+0000] {processor.py:161} INFO - Started process (PID=393) to work on /opt/airflow/dags/pipeline.py
[2026-04-06T08:27:16.098+0000] {processor.py:830} INFO - Processing file /opt/airflow/dags/pipeline.py for tasks to queue
[2026-04-06T08:27:16.102+0000] {logging_mixin.py:188} INFO - [2026-04-06T08:27:16.101+0000] {dagbag.py:545} INFO - Filling up the DagBag from /opt/airflow/dags/pipeline.py
[2026-04-06T08:27:17.437+0000] {processor.py:840} INFO - DAG(s) 'pipeline' retrieved from /opt/airflow/dags/pipeline.py
[2026-04-06T08:27:17.529+0000] {logging_mixin.py:188} INFO - [2026-04-06T08:27:17.529+0000] {dag.py:3089} INFO - Sync 1 DAGs
[2026-04-06T08:27:17.570+0000] {logging_mixin.py:188} INFO - [2026-04-06T08:27:17.570+0000] {dag.py:3947} INFO - Setting next_dagrun for pipeline to 2026-04-06 00:00:00+00:00, run_after=2026-04-07 00:00:00+00:00
[2026-04-06T08:27:17.616+0000] {processor.py:183} INFO - Processing /opt/airflow/dags/pipeline.py took 1.537 seconds
[2026-04-06T08:27:47.956+0000] {processor.py:161} INFO - Started process (PID=399) to work on /opt/airflow/dags/pipeline.py
[2026-04-06T08:27:47.958+0000] {processor.py:830} INFO - Processing file /opt/airflow/dags/pipeline.py for tasks to queue
[2026-04-06T08:27:47.961+0000] {logging_mixin.py:188} INFO - [2026-04-06T08:27:47.960+0000] {dagbag.py:545} INFO - Filling up the DagBag from /opt/airflow/dags/pipeline.py
[2026-04-06T08:27:49.162+0000] {processor.py:840} INFO - DAG(s) 'pipeline' retrieved from /opt/airflow/dags/pipeline.py
[2026-04-06T08:27:49.242+0000] {logging_mixin.py:188} INFO - [2026-04-06T08:27:49.241+0000] {dag.py:3089} INFO - Sync 1 DAGs
[2026-04-06T08:27:49.282+0000] {logging_mixin.py:188} INFO - [2026-04-06T08:27:49.281+0000] {dag.py:3947} INFO - Setting next_dagrun for pipeline to 2026-04-06 00:00:00+00:00, run_after=2026-04-07 00:00:00+00:00
[2026-04-06T08:27:49.327+0000] {processor.py:183} INFO - Processing /opt/airflow/dags/pipeline.py took 1.385 seconds
[2026-04-06T08:28:19.681+0000] {processor.py:161} INFO - Started process (PID=406) to work on /opt/airflow/dags/pipeline.py
[2026-04-06T08:28:19.683+0000] {processor.py:830} INFO - Processing file /opt/airflow/dags/pipeline.py for tasks to queue
[2026-04-06T08:28:19.688+0000] {logging_mixin.py:188} INFO - [2026-04-06T08:28:19.687+0000] {dagbag.py:545} INFO - Filling up the DagBag from /opt/airflow/dags/pipeline.py
[2026-04-06T08:28:21.233+0000] {processor.py:840} INFO - DAG(s) 'pipeline' retrieved from /opt/airflow/dags/pipeline.py
[2026-04-06T08:28:21.432+0000] {logging_mixin.py:188} INFO - [2026-04-06T08:28:21.432+0000] {dag.py:3089} INFO - Sync 1 DAGs
[2026-04-06T08:28:21.476+0000] {logging_mixin.py:188} INFO - [2026-04-06T08:28:21.476+0000] {dag.py:3947} INFO - Setting next_dagrun for pipeline to 2026-04-06 00:00:00+00:00, run_after=2026-04-07 00:00:00+00:00
[2026-04-06T08:28:21.544+0000] {processor.py:183} INFO - Processing /opt/airflow/dags/pipeline.py took 1.878 seconds
[2026-04-06T08:28:51.989+0000] {processor.py:161} INFO - Started process (PID=412) to work on /opt/airflow/dags/pipeline.py
[2026-04-06T08:28:51.993+0000] {processor.py:830} INFO - Processing file /opt/airflow/dags/pipeline.py for tasks to queue
[2026-04-06T08:28:51.998+0000] {logging_mixin.py:188} INFO - [2026-04-06T08:28:51.997+0000] {dagbag.py:545} INFO - Filling up the DagBag from /opt/airflow/dags/pipeline.py
[2026-04-06T08:28:53.441+0000] {processor.py:840} INFO - DAG(s) 'pipeline' retrieved from /opt/airflow/dags/pipeline.py
[2026-04-06T08:28:53.539+0000] {logging_mixin.py:188} INFO - [2026-04-06T08:28:53.538+0000] {dag.py:3089} INFO - Sync 1 DAGs
[2026-04-06T08:28:53.593+0000] {logging_mixin.py:188} INFO - [2026-04-06T08:28:53.592+0000] {dag.py:3947} INFO - Setting next_dagrun for pipeline to 2026-04-06 00:00:00+00:00, run_after=2026-04-07 00:00:00+00:00
[2026-04-06T08:28:53.642+0000] {processor.py:183} INFO - Processing /opt/airflow/dags/pipeline.py took 1.678 seconds
[2026-04-06T08:29:23.916+0000] {processor.py:161} INFO - Started process (PID=418) to work on /opt/airflow/dags/pipeline.py
[2026-04-06T08:29:23.918+0000] {processor.py:830} INFO - Processing file /opt/airflow/dags/pipeline.py for tasks to queue
[2026-04-06T08:29:23.924+0000] {logging_mixin.py:188} INFO - [2026-04-06T08:29:23.923+0000] {dagbag.py:545} INFO - Filling up the DagBag from /opt/airflow/dags/pipeline.py
[2026-04-06T08:29:25.183+0000] {processor.py:840} INFO - DAG(s) 'pipeline' retrieved from /opt/airflow/dags/pipeline.py
[2026-04-06T08:29:25.321+0000] {logging_mixin.py:188} INFO - [2026-04-06T08:29:25.321+0000] {dag.py:3089} INFO - Sync 1 DAGs
[2026-04-06T08:29:25.379+0000] {logging_mixin.py:188} INFO - [2026-04-06T08:29:25.379+0000] {dag.py:3947} INFO - Setting next_dagrun for pipeline to 2026-04-06 00:00:00+00:00, run_after=2026-04-07 00:00:00+00:00
[2026-04-06T08:29:25.436+0000] {processor.py:183} INFO - Processing /opt/airflow/dags/pipeline.py took 1.533 seconds
[2026-04-06T08:29:55.804+0000] {processor.py:161} INFO - Started process (PID=424) to work on /opt/airflow/dags/pipeline.py
[2026-04-06T08:29:55.807+0000] {processor.py:830} INFO - Processing file /opt/airflow/dags/pipeline.py for tasks to queue
[2026-04-06T08:29:55.813+0000] {logging_mixin.py:188} INFO - [2026-04-06T08:29:55.812+0000] {dagbag.py:545} INFO - Filling up the DagBag from /opt/airflow/dags/pipeline.py
[2026-04-06T08:29:57.901+0000] {processor.py:840} INFO - DAG(s) 'pipeline' retrieved from /opt/airflow/dags/pipeline.py
[2026-04-06T08:29:58.375+0000] {logging_mixin.py:188} INFO - [2026-04-06T08:29:58.375+0000] {dag.py:3089} INFO - Sync 1 DAGs
[2026-04-06T08:29:58.631+0000] {logging_mixin.py:188} INFO - [2026-04-06T08:29:58.630+0000] {dag.py:3947} INFO - Setting next_dagrun for pipeline to 2026-04-06 00:00:00+00:00, run_after=2026-04-07 00:00:00+00:00
[2026-04-06T08:29:58.849+0000] {processor.py:183} INFO - Processing /opt/airflow/dags/pipeline.py took 3.062 seconds
[2026-04-06T08:30:29.510+0000] {processor.py:161} INFO - Started process (PID=440) to work on /opt/airflow/dags/pipeline.py
[2026-04-06T08:30:29.515+0000] {processor.py:830} INFO - Processing file /opt/airflow/dags/pipeline.py for tasks to queue
[2026-04-06T08:30:29.537+0000] {logging_mixin.py:188} INFO - [2026-04-06T08:30:29.533+0000] {dagbag.py:545} INFO - Filling up the DagBag from /opt/airflow/dags/pipeline.py
[2026-04-06T08:30:32.147+0000] {processor.py:840} INFO - DAG(s) 'pipeline' retrieved from /opt/airflow/dags/pipeline.py
[2026-04-06T08:30:32.340+0000] {logging_mixin.py:188} INFO - [2026-04-06T08:30:32.339+0000] {dag.py:3089} INFO - Sync 1 DAGs
[2026-04-06T08:30:32.429+0000] {logging_mixin.py:188} INFO - [2026-04-06T08:30:32.429+0000] {dag.py:3947} INFO - Setting next_dagrun for pipeline to 2026-04-06 00:00:00+00:00, run_after=2026-04-07 00:00:00+00:00
[2026-04-06T08:30:32.519+0000] {processor.py:183} INFO - Processing /opt/airflow/dags/pipeline.py took 3.097 seconds
[2026-04-06T08:31:03.039+0000] {processor.py:161} INFO - Started process (PID=450) to work on /opt/airflow/dags/pipeline.py
[2026-04-06T08:31:03.041+0000] {processor.py:830} INFO - Processing file /opt/airflow/dags/pipeline.py for tasks to queue
[2026-04-06T08:31:03.045+0000] {logging_mixin.py:188} INFO - [2026-04-06T08:31:03.044+0000] {dagbag.py:545} INFO - Filling up the DagBag from /opt/airflow/dags/pipeline.py
[2026-04-06T08:31:04.457+0000] {processor.py:840} INFO - DAG(s) 'pipeline' retrieved from /opt/airflow/dags/pipeline.py
[2026-04-06T08:31:04.553+0000] {logging_mixin.py:188} INFO - [2026-04-06T08:31:04.553+0000] {dag.py:3089} INFO - Sync 1 DAGs
[2026-04-06T08:31:04.597+0000] {logging_mixin.py:188} INFO - [2026-04-06T08:31:04.597+0000] {dag.py:3947} INFO - Setting next_dagrun for pipeline to 2026-04-06 00:00:00+00:00, run_after=2026-04-07 00:00:00+00:00
[2026-04-06T08:31:04.654+0000] {processor.py:183} INFO - Processing /opt/airflow/dags/pipeline.py took 1.630 seconds
[2026-04-06T08:31:35.329+0000] {processor.py:161} INFO - Started process (PID=456) to work on /opt/airflow/dags/pipeline.py
[2026-04-06T08:31:35.338+0000] {processor.py:830} INFO - Processing file /opt/airflow/dags/pipeline.py for tasks to queue
[2026-04-06T08:31:35.346+0000] {logging_mixin.py:188} INFO - [2026-04-06T08:31:35.345+0000] {dagbag.py:545} INFO - Filling up the DagBag from /opt/airflow/dags/pipeline.py
[2026-04-06T08:31:36.735+0000] {processor.py:840} INFO - DAG(s) 'pipeline' retrieved from /opt/airflow/dags/pipeline.py
[2026-04-06T08:31:36.844+0000] {logging_mixin.py:188} INFO - [2026-04-06T08:31:36.844+0000] {dag.py:3089} INFO - Sync 1 DAGs
[2026-04-06T08:31:36.907+0000] {logging_mixin.py:188} INFO - [2026-04-06T08:31:36.906+0000] {dag.py:3947} INFO - Setting next_dagrun for pipeline to 2026-04-06 00:00:00+00:00, run_after=2026-04-07 00:00:00+00:00
[2026-04-06T08:31:36.966+0000] {processor.py:183} INFO - Processing /opt/airflow/dags/pipeline.py took 1.664 seconds
[2026-04-06T08:32:07.418+0000] {processor.py:161} INFO - Started process (PID=462) to work on /opt/airflow/dags/pipeline.py
[2026-04-06T08:32:07.420+0000] {processor.py:830} INFO - Processing file /opt/airflow/dags/pipeline.py for tasks to queue
[2026-04-06T08:32:07.424+0000] {logging_mixin.py:188} INFO - [2026-04-06T08:32:07.423+0000] {dagbag.py:545} INFO - Filling up the DagBag from /opt/airflow/dags/pipeline.py
[2026-04-06T08:32:09.213+0000] {processor.py:840} INFO - DAG(s) 'pipeline' retrieved from /opt/airflow/dags/pipeline.py
[2026-04-06T08:32:09.308+0000] {logging_mixin.py:188} INFO - [2026-04-06T08:32:09.308+0000] {dag.py:3089} INFO - Sync 1 DAGs
[2026-04-06T08:32:09.355+0000] {logging_mixin.py:188} INFO - [2026-04-06T08:32:09.355+0000] {dag.py:3947} INFO - Setting next_dagrun for pipeline to 2026-04-06 00:00:00+00:00, run_after=2026-04-07 00:00:00+00:00
[2026-04-06T08:32:09.406+0000] {processor.py:183} INFO - Processing /opt/airflow/dags/pipeline.py took 2.001 seconds
[2026-04-06T08:32:40.089+0000] {processor.py:161} INFO - Started process (PID=468) to work on /opt/airflow/dags/pipeline.py
[2026-04-06T08:32:40.092+0000] {processor.py:830} INFO - Processing file /opt/airflow/dags/pipeline.py for tasks to queue
[2026-04-06T08:32:40.105+0000] {logging_mixin.py:188} INFO - [2026-04-06T08:32:40.104+0000] {dagbag.py:545} INFO - Filling up the DagBag from /opt/airflow/dags/pipeline.py
[2026-04-06T08:32:42.632+0000] {processor.py:840} INFO - DAG(s) 'pipeline' retrieved from /opt/airflow/dags/pipeline.py
[2026-04-06T08:32:42.783+0000] {logging_mixin.py:188} INFO - [2026-04-06T08:32:42.782+0000] {dag.py:3089} INFO - Sync 1 DAGs
[2026-04-06T08:32:42.881+0000] {logging_mixin.py:188} INFO - [2026-04-06T08:32:42.880+0000] {dag.py:3947} INFO - Setting next_dagrun for pipeline to 2026-04-06 00:00:00+00:00, run_after=2026-04-07 00:00:00+00:00
[2026-04-06T08:32:42.967+0000] {processor.py:183} INFO - Processing /opt/airflow/dags/pipeline.py took 2.931 seconds
[2026-04-06T08:33:13.592+0000] {processor.py:161} INFO - Started process (PID=474) to work on /opt/airflow/dags/pipeline.py
[2026-04-06T08:33:13.593+0000] {processor.py:830} INFO - Processing file /opt/airflow/dags/pipeline.py for tasks to queue
[2026-04-06T08:33:13.596+0000] {logging_mixin.py:188} INFO - [2026-04-06T08:33:13.595+0000] {dagbag.py:545} INFO - Filling up the DagBag from /opt/airflow/dags/pipeline.py
[2026-04-06T08:33:14.706+0000] {processor.py:840} INFO - DAG(s) 'pipeline' retrieved from /opt/airflow/dags/pipeline.py
[2026-04-06T08:33:14.817+0000] {logging_mixin.py:188} INFO - [2026-04-06T08:33:14.817+0000] {dag.py:3089} INFO - Sync 1 DAGs
[2026-04-06T08:33:14.863+0000] {logging_mixin.py:188} INFO - [2026-04-06T08:33:14.862+0000] {dag.py:3947} INFO - Setting next_dagrun for pipeline to 2026-04-06 00:00:00+00:00, run_after=2026-04-07 00:00:00+00:00
[2026-04-06T08:33:14.929+0000] {processor.py:183} INFO - Processing /opt/airflow/dags/pipeline.py took 1.345 seconds
[2026-04-06T08:33:45.394+0000] {processor.py:161} INFO - Started process (PID=480) to work on /opt/airflow/dags/pipeline.py
[2026-04-06T08:33:45.397+0000] {processor.py:830} INFO - Processing file /opt/airflow/dags/pipeline.py for tasks to queue
[2026-04-06T08:33:45.405+0000] {logging_mixin.py:188} INFO - [2026-04-06T08:33:45.404+0000] {dagbag.py:545} INFO - Filling up the DagBag from /opt/airflow/dags/pipeline.py
[2026-04-06T08:33:46.624+0000] {processor.py:840} INFO - DAG(s) 'pipeline' retrieved from /opt/airflow/dags/pipeline.py
[2026-04-06T08:33:46.711+0000] {logging_mixin.py:188} INFO - [2026-04-06T08:33:46.711+0000] {dag.py:3089} INFO - Sync 1 DAGs
[2026-04-06T08:33:46.758+0000] {logging_mixin.py:188} INFO - [2026-04-06T08:33:46.758+0000] {dag.py:3947} INFO - Setting next_dagrun for pipeline to 2026-04-06 00:00:00+00:00, run_after=2026-04-07 00:00:00+00:00
[2026-04-06T08:33:46.827+0000] {processor.py:183} INFO - Processing /opt/airflow/dags/pipeline.py took 1.451 seconds
[2026-04-06T08:34:17.360+0000] {processor.py:161} INFO - Started process (PID=486) to work on /opt/airflow/dags/pipeline.py
[2026-04-06T08:34:17.365+0000] {processor.py:830} INFO - Processing file /opt/airflow/dags/pipeline.py for tasks to queue
[2026-04-06T08:34:17.374+0000] {logging_mixin.py:188} INFO - [2026-04-06T08:34:17.372+0000] {dagbag.py:545} INFO - Filling up the DagBag from /opt/airflow/dags/pipeline.py
[2026-04-06T08:34:18.748+0000] {processor.py:840} INFO - DAG(s) 'pipeline' retrieved from /opt/airflow/dags/pipeline.py
[2026-04-06T08:34:18.827+0000] {logging_mixin.py:188} INFO - [2026-04-06T08:34:18.826+0000] {dag.py:3089} INFO - Sync 1 DAGs
[2026-04-06T08:34:18.861+0000] {logging_mixin.py:188} INFO - [2026-04-06T08:34:18.860+0000] {dag.py:3947} INFO - Setting next_dagrun for pipeline to 2026-04-06 00:00:00+00:00, run_after=2026-04-07 00:00:00+00:00
[2026-04-06T08:34:18.905+0000] {processor.py:183} INFO - Processing /opt/airflow/dags/pipeline.py took 1.573 seconds
[2026-04-06T08:34:49.343+0000] {processor.py:161} INFO - Started process (PID=492) to work on /opt/airflow/dags/pipeline.py
[2026-04-06T08:34:49.348+0000] {processor.py:830} INFO - Processing file /opt/airflow/dags/pipeline.py for tasks to queue
[2026-04-06T08:34:49.356+0000] {logging_mixin.py:188} INFO - [2026-04-06T08:34:49.355+0000] {dagbag.py:545} INFO - Filling up the DagBag from /opt/airflow/dags/pipeline.py
[2026-04-06T08:34:50.929+0000] {processor.py:840} INFO - DAG(s) 'pipeline' retrieved from /opt/airflow/dags/pipeline.py
[2026-04-06T08:34:51.040+0000] {logging_mixin.py:188} INFO - [2026-04-06T08:34:51.040+0000] {dag.py:3089} INFO - Sync 1 DAGs
[2026-04-06T08:34:51.094+0000] {logging_mixin.py:188} INFO - [2026-04-06T08:34:51.094+0000] {dag.py:3947} INFO - Setting next_dagrun for pipeline to 2026-04-06 00:00:00+00:00, run_after=2026-04-07 00:00:00+00:00
[2026-04-06T08:34:51.157+0000] {processor.py:183} INFO - Processing /opt/airflow/dags/pipeline.py took 1.844 seconds
[2026-04-06T08:35:21.349+0000] {processor.py:161} INFO - Started process (PID=498) to work on /opt/airflow/dags/pipeline.py
[2026-04-06T08:35:21.352+0000] {processor.py:830} INFO - Processing file /opt/airflow/dags/pipeline.py for tasks to queue
[2026-04-06T08:35:21.356+0000] {logging_mixin.py:188} INFO - [2026-04-06T08:35:21.355+0000] {dagbag.py:545} INFO - Filling up the DagBag from /opt/airflow/dags/pipeline.py
[2026-04-06T08:35:22.752+0000] {processor.py:840} INFO - DAG(s) 'pipeline' retrieved from /opt/airflow/dags/pipeline.py
[2026-04-06T08:35:22.831+0000] {logging_mixin.py:188} INFO - [2026-04-06T08:35:22.831+0000] {dag.py:3089} INFO - Sync 1 DAGs
[2026-04-06T08:35:22.867+0000] {logging_mixin.py:188} INFO - [2026-04-06T08:35:22.867+0000] {dag.py:3947} INFO - Setting next_dagrun for pipeline to 2026-04-06 00:00:00+00:00, run_after=2026-04-07 00:00:00+00:00
[2026-04-06T08:35:22.918+0000] {processor.py:183} INFO - Processing /opt/airflow/dags/pipeline.py took 1.585 seconds
[2026-04-06T08:35:53.501+0000] {processor.py:161} INFO - Started process (PID=504) to work on /opt/airflow/dags/pipeline.py
[2026-04-06T08:35:53.504+0000] {processor.py:830} INFO - Processing file /opt/airflow/dags/pipeline.py for tasks to queue
[2026-04-06T08:35:53.511+0000] {logging_mixin.py:188} INFO - [2026-04-06T08:35:53.510+0000] {dagbag.py:545} INFO - Filling up the DagBag from /opt/airflow/dags/pipeline.py
[2026-04-06T08:35:54.961+0000] {processor.py:840} INFO - DAG(s) 'pipeline' retrieved from /opt/airflow/dags/pipeline.py
[2026-04-06T08:35:55.072+0000] {logging_mixin.py:188} INFO - [2026-04-06T08:35:55.072+0000] {dag.py:3089} INFO - Sync 1 DAGs
[2026-04-06T08:35:55.124+0000] {logging_mixin.py:188} INFO - [2026-04-06T08:35:55.123+0000] {dag.py:3947} INFO - Setting next_dagrun for pipeline to 2026-04-06 00:00:00+00:00, run_after=2026-04-07 00:00:00+00:00
[2026-04-06T08:35:55.190+0000] {processor.py:183} INFO - Processing /opt/airflow/dags/pipeline.py took 1.705 seconds
[2026-04-06T08:36:26.002+0000] {processor.py:161} INFO - Started process (PID=510) to work on /opt/airflow/dags/pipeline.py
[2026-04-06T08:36:26.006+0000] {processor.py:830} INFO - Processing file /opt/airflow/dags/pipeline.py for tasks to queue
[2026-04-06T08:36:26.014+0000] {logging_mixin.py:188} INFO - [2026-04-06T08:36:26.013+0000] {dagbag.py:545} INFO - Filling up the DagBag from /opt/airflow/dags/pipeline.py
[2026-04-06T08:36:27.161+0000] {processor.py:840} INFO - DAG(s) 'pipeline' retrieved from /opt/airflow/dags/pipeline.py
[2026-04-06T08:36:27.267+0000] {logging_mixin.py:188} INFO - [2026-04-06T08:36:27.267+0000] {dag.py:3089} INFO - Sync 1 DAGs
[2026-04-06T08:36:27.306+0000] {logging_mixin.py:188} INFO - [2026-04-06T08:36:27.306+0000] {dag.py:3947} INFO - Setting next_dagrun for pipeline to 2026-04-06 00:00:00+00:00, run_after=2026-04-07 00:00:00+00:00
[2026-04-06T08:36:27.356+0000] {processor.py:183} INFO - Processing /opt/airflow/dags/pipeline.py took 1.381 seconds
[2026-04-06T08:36:57.872+0000] {processor.py:161} INFO - Started process (PID=516) to work on /opt/airflow/dags/pipeline.py
[2026-04-06T08:36:57.876+0000] {processor.py:830} INFO - Processing file /opt/airflow/dags/pipeline.py for tasks to queue
[2026-04-06T08:36:57.881+0000] {logging_mixin.py:188} INFO - [2026-04-06T08:36:57.880+0000] {dagbag.py:545} INFO - Filling up the DagBag from /opt/airflow/dags/pipeline.py
[2026-04-06T08:36:59.045+0000] {processor.py:840} INFO - DAG(s) 'pipeline' retrieved from /opt/airflow/dags/pipeline.py
[2026-04-06T08:36:59.118+0000] {logging_mixin.py:188} INFO - [2026-04-06T08:36:59.118+0000] {dag.py:3089} INFO - Sync 1 DAGs
[2026-04-06T08:36:59.153+0000] {logging_mixin.py:188} INFO - [2026-04-06T08:36:59.153+0000] {dag.py:3947} INFO - Setting next_dagrun for pipeline to 2026-04-06 00:00:00+00:00, run_after=2026-04-07 00:00:00+00:00
[2026-04-06T08:36:59.191+0000] {processor.py:183} INFO - Processing /opt/airflow/dags/pipeline.py took 1.347 seconds
[2026-04-06T08:37:30.016+0000] {processor.py:161} INFO - Started process (PID=522) to work on /opt/airflow/dags/pipeline.py
[2026-04-06T08:37:30.018+0000] {processor.py:830} INFO - Processing file /opt/airflow/dags/pipeline.py for tasks to queue
[2026-04-06T08:37:30.021+0000] {logging_mixin.py:188} INFO - [2026-04-06T08:37:30.020+0000] {dagbag.py:545} INFO - Filling up the DagBag from /opt/airflow/dags/pipeline.py
[2026-04-06T08:37:31.390+0000] {processor.py:840} INFO - DAG(s) 'pipeline' retrieved from /opt/airflow/dags/pipeline.py
[2026-04-06T08:37:31.467+0000] {logging_mixin.py:188} INFO - [2026-04-06T08:37:31.467+0000] {dag.py:3089} INFO - Sync 1 DAGs
[2026-04-06T08:37:31.511+0000] {logging_mixin.py:188} INFO - [2026-04-06T08:37:31.511+0000] {dag.py:3947} INFO - Setting next_dagrun for pipeline to 2026-04-06 00:00:00+00:00, run_after=2026-04-07 00:00:00+00:00
[2026-04-06T08:37:31.559+0000] {processor.py:183} INFO - Processing /opt/airflow/dags/pipeline.py took 1.554 seconds
[2026-04-06T08:38:01.756+0000] {processor.py:161} INFO - Started process (PID=528) to work on /opt/airflow/dags/pipeline.py
[2026-04-06T08:38:01.762+0000] {processor.py:830} INFO - Processing file /opt/airflow/dags/pipeline.py for tasks to queue
[2026-04-06T08:38:01.772+0000] {logging_mixin.py:188} INFO - [2026-04-06T08:38:01.770+0000] {dagbag.py:545} INFO - Filling up the DagBag from /opt/airflow/dags/pipeline.py
[2026-04-06T08:38:02.982+0000] {processor.py:840} INFO - DAG(s) 'pipeline' retrieved from /opt/airflow/dags/pipeline.py
[2026-04-06T08:38:03.190+0000] {logging_mixin.py:188} INFO - [2026-04-06T08:38:03.190+0000] {dag.py:3089} INFO - Sync 1 DAGs
[2026-04-06T08:38:03.233+0000] {logging_mixin.py:188} INFO - [2026-04-06T08:38:03.233+0000] {dag.py:3947} INFO - Setting next_dagrun for pipeline to 2026-04-06 00:00:00+00:00, run_after=2026-04-07 00:00:00+00:00
[2026-04-06T08:38:03.288+0000] {processor.py:183} INFO - Processing /opt/airflow/dags/pipeline.py took 1.580 seconds
[2026-04-06T08:38:33.922+0000] {processor.py:161} INFO - Started process (PID=534) to work on /opt/airflow/dags/pipeline.py
[2026-04-06T08:38:33.925+0000] {processor.py:830} INFO - Processing file /opt/airflow/dags/pipeline.py for tasks to queue
[2026-04-06T08:38:33.931+0000] {logging_mixin.py:188} INFO - [2026-04-06T08:38:33.930+0000] {dagbag.py:545} INFO - Filling up the DagBag from /opt/airflow/dags/pipeline.py
[2026-04-06T08:38:35.214+0000] {processor.py:840} INFO - DAG(s) 'pipeline' retrieved from /opt/airflow/dags/pipeline.py
[2026-04-06T08:38:35.466+0000] {logging_mixin.py:188} INFO - [2026-04-06T08:38:35.466+0000] {dag.py:3089} INFO - Sync 1 DAGs
[2026-04-06T08:38:35.505+0000] {logging_mixin.py:188} INFO - [2026-04-06T08:38:35.505+0000] {dag.py:3947} INFO - Setting next_dagrun for pipeline to 2026-04-06 00:00:00+00:00, run_after=2026-04-07 00:00:00+00:00
[2026-04-06T08:38:35.571+0000] {processor.py:183} INFO - Processing /opt/airflow/dags/pipeline.py took 1.671 seconds
[2026-04-06T08:39:06.396+0000] {processor.py:161} INFO - Started process (PID=540) to work on /opt/airflow/dags/pipeline.py
[2026-04-06T08:39:06.398+0000] {processor.py:830} INFO - Processing file /opt/airflow/dags/pipeline.py for tasks to queue
[2026-04-06T08:39:06.400+0000] {logging_mixin.py:188} INFO - [2026-04-06T08:39:06.400+0000] {dagbag.py:545} INFO - Filling up the DagBag from /opt/airflow/dags/pipeline.py
[2026-04-06T08:39:07.442+0000] {processor.py:840} INFO - DAG(s) 'pipeline' retrieved from /opt/airflow/dags/pipeline.py
[2026-04-06T08:39:07.518+0000] {logging_mixin.py:188} INFO - [2026-04-06T08:39:07.518+0000] {dag.py:3089} INFO - Sync 1 DAGs
[2026-04-06T08:39:07.557+0000] {logging_mixin.py:188} INFO - [2026-04-06T08:39:07.557+0000] {dag.py:3947} INFO - Setting next_dagrun for pipeline to 2026-04-06 00:00:00+00:00, run_after=2026-04-07 00:00:00+00:00
[2026-04-06T08:39:07.612+0000] {processor.py:183} INFO - Processing /opt/airflow/dags/pipeline.py took 1.231 seconds
[2026-04-06T08:39:38.219+0000] {processor.py:161} INFO - Started process (PID=546) to work on /opt/airflow/dags/pipeline.py
[2026-04-06T08:39:38.227+0000] {processor.py:830} INFO - Processing file /opt/airflow/dags/pipeline.py for tasks to queue
[2026-04-06T08:39:38.236+0000] {logging_mixin.py:188} INFO - [2026-04-06T08:39:38.234+0000] {dagbag.py:545} INFO - Filling up the DagBag from /opt/airflow/dags/pipeline.py
[2026-04-06T08:39:39.764+0000] {processor.py:840} INFO - DAG(s) 'pipeline' retrieved from /opt/airflow/dags/pipeline.py
[2026-04-06T08:39:39.897+0000] {logging_mixin.py:188} INFO - [2026-04-06T08:39:39.896+0000] {dag.py:3089} INFO - Sync 1 DAGs
[2026-04-06T08:39:39.953+0000] {logging_mixin.py:188} INFO - [2026-04-06T08:39:39.953+0000] {dag.py:3947} INFO - Setting next_dagrun for pipeline to 2026-04-06 00:00:00+00:00, run_after=2026-04-07 00:00:00+00:00
[2026-04-06T08:39:40.015+0000] {processor.py:183} INFO - Processing /opt/airflow/dags/pipeline.py took 1.830 seconds
[2026-04-06T08:40:52.240+0000] {processor.py:161} INFO - Started process (PID=170) to work on /opt/airflow/dags/pipeline.py
[2026-04-06T08:40:52.242+0000] {processor.py:830} INFO - Processing file /opt/airflow/dags/pipeline.py for tasks to queue
[2026-04-06T08:40:52.245+0000] {logging_mixin.py:188} INFO - [2026-04-06T08:40:52.244+0000] {dagbag.py:545} INFO - Filling up the DagBag from /opt/airflow/dags/pipeline.py
[2026-04-06T08:40:55.099+0000] {processor.py:840} INFO - DAG(s) 'pipeline' retrieved from /opt/airflow/dags/pipeline.py
[2026-04-06T08:40:55.211+0000] {logging_mixin.py:188} INFO - [2026-04-06T08:40:55.210+0000] {dag.py:3089} INFO - Sync 1 DAGs
[2026-04-06T08:40:55.258+0000] {logging_mixin.py:188} INFO - [2026-04-06T08:40:55.258+0000] {dag.py:3947} INFO - Setting next_dagrun for pipeline to 2026-04-06 00:00:00+00:00, run_after=2026-04-07 00:00:00+00:00
[2026-04-06T08:40:55.318+0000] {processor.py:183} INFO - Processing /opt/airflow/dags/pipeline.py took 3.087 seconds
[2026-04-06T08:41:25.852+0000] {processor.py:161} INFO - Started process (PID=176) to work on /opt/airflow/dags/pipeline.py
[2026-04-06T08:41:25.856+0000] {processor.py:830} INFO - Processing file /opt/airflow/dags/pipeline.py for tasks to queue
[2026-04-06T08:41:25.862+0000] {logging_mixin.py:188} INFO - [2026-04-06T08:41:25.861+0000] {dagbag.py:545} INFO - Filling up the DagBag from /opt/airflow/dags/pipeline.py
[2026-04-06T08:41:27.321+0000] {processor.py:840} INFO - DAG(s) 'pipeline' retrieved from /opt/airflow/dags/pipeline.py
[2026-04-06T08:41:27.657+0000] {logging_mixin.py:188} INFO - [2026-04-06T08:41:27.657+0000] {dag.py:3089} INFO - Sync 1 DAGs
[2026-04-06T08:41:27.695+0000] {logging_mixin.py:188} INFO - [2026-04-06T08:41:27.694+0000] {dag.py:3947} INFO - Setting next_dagrun for pipeline to 2026-04-06 00:00:00+00:00, run_after=2026-04-07 00:00:00+00:00
[2026-04-06T08:41:27.746+0000] {processor.py:183} INFO - Processing /opt/airflow/dags/pipeline.py took 1.943 seconds
[2026-04-06T08:41:58.468+0000] {processor.py:161} INFO - Started process (PID=182) to work on /opt/airflow/dags/pipeline.py
[2026-04-06T08:41:58.470+0000] {processor.py:830} INFO - Processing file /opt/airflow/dags/pipeline.py for tasks to queue
[2026-04-06T08:41:58.475+0000] {logging_mixin.py:188} INFO - [2026-04-06T08:41:58.474+0000] {dagbag.py:545} INFO - Filling up the DagBag from /opt/airflow/dags/pipeline.py
[2026-04-06T08:41:59.912+0000] {processor.py:840} INFO - DAG(s) 'pipeline' retrieved from /opt/airflow/dags/pipeline.py
[2026-04-06T08:42:00.029+0000] {logging_mixin.py:188} INFO - [2026-04-06T08:42:00.029+0000] {dag.py:3089} INFO - Sync 1 DAGs
[2026-04-06T08:42:00.088+0000] {logging_mixin.py:188} INFO - [2026-04-06T08:42:00.088+0000] {dag.py:3947} INFO - Setting next_dagrun for pipeline to 2026-04-06 00:00:00+00:00, run_after=2026-04-07 00:00:00+00:00
[2026-04-06T08:42:00.136+0000] {processor.py:183} INFO - Processing /opt/airflow/dags/pipeline.py took 1.680 seconds
[2026-04-06T08:42:23.791+0000] {processor.py:161} INFO - Started process (PID=188) to work on /opt/airflow/dags/pipeline.py
[2026-04-06T08:42:23.794+0000] {processor.py:830} INFO - Processing file /opt/airflow/dags/pipeline.py for tasks to queue
[2026-04-06T08:42:23.801+0000] {logging_mixin.py:188} INFO - [2026-04-06T08:42:23.800+0000] {dagbag.py:545} INFO - Filling up the DagBag from /opt/airflow/dags/pipeline.py
[2026-04-06T08:42:25.080+0000] {processor.py:840} INFO - DAG(s) 'pipeline' retrieved from /opt/airflow/dags/pipeline.py
[2026-04-06T08:42:25.349+0000] {logging_mixin.py:188} INFO - [2026-04-06T08:42:25.349+0000] {dag.py:3089} INFO - Sync 1 DAGs
[2026-04-06T08:42:25.382+0000] {logging_mixin.py:188} INFO - [2026-04-06T08:42:25.382+0000] {dag.py:3947} INFO - Setting next_dagrun for pipeline to 2026-04-06 00:00:00+00:00, run_after=2026-04-07 00:00:00+00:00
[2026-04-06T08:42:25.440+0000] {processor.py:183} INFO - Processing /opt/airflow/dags/pipeline.py took 1.694 seconds
[2026-04-06T08:42:55.602+0000] {processor.py:161} INFO - Started process (PID=194) to work on /opt/airflow/dags/pipeline.py
[2026-04-06T08:42:55.605+0000] {processor.py:830} INFO - Processing file /opt/airflow/dags/pipeline.py for tasks to queue
[2026-04-06T08:42:55.611+0000] {logging_mixin.py:188} INFO - [2026-04-06T08:42:55.610+0000] {dagbag.py:545} INFO - Filling up the DagBag from /opt/airflow/dags/pipeline.py
[2026-04-06T08:42:57.266+0000] {processor.py:840} INFO - DAG(s) 'pipeline' retrieved from /opt/airflow/dags/pipeline.py
[2026-04-06T08:42:57.373+0000] {logging_mixin.py:188} INFO - [2026-04-06T08:42:57.372+0000] {dag.py:3089} INFO - Sync 1 DAGs
[2026-04-06T08:42:57.424+0000] {logging_mixin.py:188} INFO - [2026-04-06T08:42:57.423+0000] {dag.py:3947} INFO - Setting next_dagrun for pipeline to 2026-04-06 00:00:00+00:00, run_after=2026-04-07 00:00:00+00:00
[2026-04-06T08:42:57.479+0000] {processor.py:183} INFO - Processing /opt/airflow/dags/pipeline.py took 1.893 seconds
[2026-04-06T08:43:27.581+0000] {processor.py:161} INFO - Started process (PID=203) to work on /opt/airflow/dags/pipeline.py
[2026-04-06T08:43:27.583+0000] {processor.py:830} INFO - Processing file /opt/airflow/dags/pipeline.py for tasks to queue
[2026-04-06T08:43:27.588+0000] {logging_mixin.py:188} INFO - [2026-04-06T08:43:27.587+0000] {dagbag.py:545} INFO - Filling up the DagBag from /opt/airflow/dags/pipeline.py
[2026-04-06T08:43:29.017+0000] {processor.py:840} INFO - DAG(s) 'pipeline' retrieved from /opt/airflow/dags/pipeline.py
[2026-04-06T08:43:29.111+0000] {logging_mixin.py:188} INFO - [2026-04-06T08:43:29.111+0000] {dag.py:3089} INFO - Sync 1 DAGs
[2026-04-06T08:43:29.153+0000] {logging_mixin.py:188} INFO - [2026-04-06T08:43:29.153+0000] {dag.py:3947} INFO - Setting next_dagrun for pipeline to 2026-04-06 00:00:00+00:00, run_after=2026-04-07 00:00:00+00:00
[2026-04-06T08:43:29.210+0000] {processor.py:183} INFO - Processing /opt/airflow/dags/pipeline.py took 1.644 seconds
[2026-04-06T08:43:59.512+0000] {processor.py:161} INFO - Started process (PID=209) to work on /opt/airflow/dags/pipeline.py
[2026-04-06T08:43:59.514+0000] {processor.py:830} INFO - Processing file /opt/airflow/dags/pipeline.py for tasks to queue
[2026-04-06T08:43:59.518+0000] {logging_mixin.py:188} INFO - [2026-04-06T08:43:59.517+0000] {dagbag.py:545} INFO - Filling up the DagBag from /opt/airflow/dags/pipeline.py
[2026-04-06T08:44:00.733+0000] {processor.py:840} INFO - DAG(s) 'pipeline' retrieved from /opt/airflow/dags/pipeline.py
[2026-04-06T08:44:00.813+0000] {logging_mixin.py:188} INFO - [2026-04-06T08:44:00.812+0000] {dag.py:3089} INFO - Sync 1 DAGs
[2026-04-06T08:44:00.846+0000] {logging_mixin.py:188} INFO - [2026-04-06T08:44:00.846+0000] {dag.py:3947} INFO - Setting next_dagrun for pipeline to 2026-04-06 00:00:00+00:00, run_after=2026-04-07 00:00:00+00:00
[2026-04-06T08:44:00.894+0000] {processor.py:183} INFO - Processing /opt/airflow/dags/pipeline.py took 1.393 seconds
[2026-04-06T08:44:31.249+0000] {processor.py:161} INFO - Started process (PID=215) to work on /opt/airflow/dags/pipeline.py
[2026-04-06T08:44:31.251+0000] {processor.py:830} INFO - Processing file /opt/airflow/dags/pipeline.py for tasks to queue
[2026-04-06T08:44:31.255+0000] {logging_mixin.py:188} INFO - [2026-04-06T08:44:31.254+0000] {dagbag.py:545} INFO - Filling up the DagBag from /opt/airflow/dags/pipeline.py
[2026-04-06T08:44:32.646+0000] {processor.py:840} INFO - DAG(s) 'pipeline' retrieved from /opt/airflow/dags/pipeline.py
[2026-04-06T08:44:32.805+0000] {logging_mixin.py:188} INFO - [2026-04-06T08:44:32.805+0000] {dag.py:3089} INFO - Sync 1 DAGs
[2026-04-06T08:44:32.884+0000] {logging_mixin.py:188} INFO - [2026-04-06T08:44:32.883+0000] {dag.py:3947} INFO - Setting next_dagrun for pipeline to 2026-04-06 00:00:00+00:00, run_after=2026-04-07 00:00:00+00:00
[2026-04-06T08:44:32.955+0000] {processor.py:183} INFO - Processing /opt/airflow/dags/pipeline.py took 1.717 seconds
[2026-04-06T08:45:03.304+0000] {processor.py:161} INFO - Started process (PID=222) to work on /opt/airflow/dags/pipeline.py
[2026-04-06T08:45:03.307+0000] {processor.py:830} INFO - Processing file /opt/airflow/dags/pipeline.py for tasks to queue
[2026-04-06T08:45:03.311+0000] {logging_mixin.py:188} INFO - [2026-04-06T08:45:03.311+0000] {dagbag.py:545} INFO - Filling up the DagBag from /opt/airflow/dags/pipeline.py
[2026-04-06T08:45:06.006+0000] {processor.py:840} INFO - DAG(s) 'pipeline' retrieved from /opt/airflow/dags/pipeline.py
[2026-04-06T08:45:06.132+0000] {logging_mixin.py:188} INFO - [2026-04-06T08:45:06.132+0000] {dag.py:3089} INFO - Sync 1 DAGs
[2026-04-06T08:45:06.181+0000] {logging_mixin.py:188} INFO - [2026-04-06T08:45:06.181+0000] {dag.py:3947} INFO - Setting next_dagrun for pipeline to 2026-04-06 00:00:00+00:00, run_after=2026-04-07 00:00:00+00:00
[2026-04-06T08:45:06.243+0000] {processor.py:183} INFO - Processing /opt/airflow/dags/pipeline.py took 2.954 seconds
[2026-04-06T08:45:36.961+0000] {processor.py:161} INFO - Started process (PID=228) to work on /opt/airflow/dags/pipeline.py
[2026-04-06T08:45:36.965+0000] {processor.py:830} INFO - Processing file /opt/airflow/dags/pipeline.py for tasks to queue
[2026-04-06T08:45:36.972+0000] {logging_mixin.py:188} INFO - [2026-04-06T08:45:36.972+0000] {dagbag.py:545} INFO - Filling up the DagBag from /opt/airflow/dags/pipeline.py
[2026-04-06T08:45:39.170+0000] {processor.py:840} INFO - DAG(s) 'pipeline' retrieved from /opt/airflow/dags/pipeline.py
[2026-04-06T08:45:39.287+0000] {logging_mixin.py:188} INFO - [2026-04-06T08:45:39.287+0000] {dag.py:3089} INFO - Sync 1 DAGs
[2026-04-06T08:45:39.357+0000] {logging_mixin.py:188} INFO - [2026-04-06T08:45:39.357+0000] {dag.py:3947} INFO - Setting next_dagrun for pipeline to 2026-04-06 00:00:00+00:00, run_after=2026-04-07 00:00:00+00:00
[2026-04-06T08:45:39.429+0000] {processor.py:183} INFO - Processing /opt/airflow/dags/pipeline.py took 2.490 seconds
[2026-04-06T08:46:09.802+0000] {processor.py:161} INFO - Started process (PID=234) to work on /opt/airflow/dags/pipeline.py
[2026-04-06T08:46:09.804+0000] {processor.py:830} INFO - Processing file /opt/airflow/dags/pipeline.py for tasks to queue
[2026-04-06T08:46:09.808+0000] {logging_mixin.py:188} INFO - [2026-04-06T08:46:09.807+0000] {dagbag.py:545} INFO - Filling up the DagBag from /opt/airflow/dags/pipeline.py
[2026-04-06T08:46:10.946+0000] {processor.py:840} INFO - DAG(s) 'pipeline' retrieved from /opt/airflow/dags/pipeline.py
[2026-04-06T08:46:11.133+0000] {logging_mixin.py:188} INFO - [2026-04-06T08:46:11.133+0000] {dag.py:3089} INFO - Sync 1 DAGs
[2026-04-06T08:46:11.173+0000] {logging_mixin.py:188} INFO - [2026-04-06T08:46:11.173+0000] {dag.py:3947} INFO - Setting next_dagrun for pipeline to 2026-04-06 00:00:00+00:00, run_after=2026-04-07 00:00:00+00:00
[2026-04-06T08:46:11.214+0000] {processor.py:183} INFO - Processing /opt/airflow/dags/pipeline.py took 1.422 seconds
[2026-04-06T08:46:41.584+0000] {processor.py:161} INFO - Started process (PID=240) to work on /opt/airflow/dags/pipeline.py
[2026-04-06T08:46:41.586+0000] {processor.py:830} INFO - Processing file /opt/airflow/dags/pipeline.py for tasks to queue
[2026-04-06T08:46:41.593+0000] {logging_mixin.py:188} INFO - [2026-04-06T08:46:41.593+0000] {dagbag.py:545} INFO - Filling up the DagBag from /opt/airflow/dags/pipeline.py
[2026-04-06T08:46:43.197+0000] {processor.py:840} INFO - DAG(s) 'pipeline' retrieved from /opt/airflow/dags/pipeline.py
[2026-04-06T08:46:43.301+0000] {logging_mixin.py:188} INFO - [2026-04-06T08:46:43.300+0000] {dag.py:3089} INFO - Sync 1 DAGs
[2026-04-06T08:46:43.353+0000] {logging_mixin.py:188} INFO - [2026-04-06T08:46:43.353+0000] {dag.py:3947} INFO - Setting next_dagrun for pipeline to 2026-04-06 00:00:00+00:00, run_after=2026-04-07 00:00:00+00:00
[2026-04-06T08:46:43.411+0000] {processor.py:183} INFO - Processing /opt/airflow/dags/pipeline.py took 1.844 seconds
[2026-04-06T08:47:13.755+0000] {processor.py:161} INFO - Started process (PID=246) to work on /opt/airflow/dags/pipeline.py
[2026-04-06T08:47:13.756+0000] {processor.py:830} INFO - Processing file /opt/airflow/dags/pipeline.py for tasks to queue
[2026-04-06T08:47:13.760+0000] {logging_mixin.py:188} INFO - [2026-04-06T08:47:13.759+0000] {dagbag.py:545} INFO - Filling up the DagBag from /opt/airflow/dags/pipeline.py
[2026-04-06T08:47:14.929+0000] {processor.py:840} INFO - DAG(s) 'pipeline' retrieved from /opt/airflow/dags/pipeline.py
[2026-04-06T08:47:15.010+0000] {logging_mixin.py:188} INFO - [2026-04-06T08:47:15.009+0000] {dag.py:3089} INFO - Sync 1 DAGs
[2026-04-06T08:47:15.046+0000] {logging_mixin.py:188} INFO - [2026-04-06T08:47:15.046+0000] {dag.py:3947} INFO - Setting next_dagrun for pipeline to 2026-04-06 00:00:00+00:00, run_after=2026-04-07 00:00:00+00:00
[2026-04-06T08:47:15.085+0000] {processor.py:183} INFO - Processing /opt/airflow/dags/pipeline.py took 1.341 seconds
[2026-04-06T08:47:45.782+0000] {processor.py:161} INFO - Started process (PID=261) to work on /opt/airflow/dags/pipeline.py
[2026-04-06T08:47:45.786+0000] {processor.py:830} INFO - Processing file /opt/airflow/dags/pipeline.py for tasks to queue
[2026-04-06T08:47:45.798+0000] {logging_mixin.py:188} INFO - [2026-04-06T08:47:45.796+0000] {dagbag.py:545} INFO - Filling up the DagBag from /opt/airflow/dags/pipeline.py
[2026-04-06T08:47:48.371+0000] {processor.py:840} INFO - DAG(s) 'pipeline' retrieved from /opt/airflow/dags/pipeline.py
[2026-04-06T08:47:48.543+0000] {logging_mixin.py:188} INFO - [2026-04-06T08:47:48.542+0000] {dag.py:3089} INFO - Sync 1 DAGs
[2026-04-06T08:47:48.617+0000] {logging_mixin.py:188} INFO - [2026-04-06T08:47:48.616+0000] {dag.py:3947} INFO - Setting next_dagrun for pipeline to 2026-04-06 00:00:00+00:00, run_after=2026-04-07 00:00:00+00:00
[2026-04-06T08:47:48.696+0000] {processor.py:183} INFO - Processing /opt/airflow/dags/pipeline.py took 2.953 seconds
[2026-04-06T08:48:19.216+0000] {processor.py:161} INFO - Started process (PID=291) to work on /opt/airflow/dags/pipeline.py
[2026-04-06T08:48:19.219+0000] {processor.py:830} INFO - Processing file /opt/airflow/dags/pipeline.py for tasks to queue
[2026-04-06T08:48:19.224+0000] {logging_mixin.py:188} INFO - [2026-04-06T08:48:19.223+0000] {dagbag.py:545} INFO - Filling up the DagBag from /opt/airflow/dags/pipeline.py
[2026-04-06T08:48:20.435+0000] {processor.py:840} INFO - DAG(s) 'pipeline' retrieved from /opt/airflow/dags/pipeline.py
[2026-04-06T08:48:20.536+0000] {logging_mixin.py:188} INFO - [2026-04-06T08:48:20.536+0000] {dag.py:3089} INFO - Sync 1 DAGs
[2026-04-06T08:48:20.586+0000] {logging_mixin.py:188} INFO - [2026-04-06T08:48:20.586+0000] {dag.py:3947} INFO - Setting next_dagrun for pipeline to 2026-04-06 00:00:00+00:00, run_after=2026-04-07 00:00:00+00:00
[2026-04-06T08:48:20.643+0000] {processor.py:183} INFO - Processing /opt/airflow/dags/pipeline.py took 1.443 seconds
[2026-04-06T08:48:51.235+0000] {processor.py:161} INFO - Started process (PID=297) to work on /opt/airflow/dags/pipeline.py
[2026-04-06T08:48:51.239+0000] {processor.py:830} INFO - Processing file /opt/airflow/dags/pipeline.py for tasks to queue
[2026-04-06T08:48:51.246+0000] {logging_mixin.py:188} INFO - [2026-04-06T08:48:51.245+0000] {dagbag.py:545} INFO - Filling up the DagBag from /opt/airflow/dags/pipeline.py
[2026-04-06T08:48:52.337+0000] {processor.py:840} INFO - DAG(s) 'pipeline' retrieved from /opt/airflow/dags/pipeline.py
[2026-04-06T08:48:52.524+0000] {logging_mixin.py:188} INFO - [2026-04-06T08:48:52.523+0000] {dag.py:3089} INFO - Sync 1 DAGs
[2026-04-06T08:48:52.565+0000] {logging_mixin.py:188} INFO - [2026-04-06T08:48:52.565+0000] {dag.py:3947} INFO - Setting next_dagrun for pipeline to 2026-04-06 00:00:00+00:00, run_after=2026-04-07 00:00:00+00:00
[2026-04-06T08:48:52.624+0000] {processor.py:183} INFO - Processing /opt/airflow/dags/pipeline.py took 1.426 seconds
[2026-04-06T08:49:22.884+0000] {processor.py:161} INFO - Started process (PID=303) to work on /opt/airflow/dags/pipeline.py
[2026-04-06T08:49:22.886+0000] {processor.py:830} INFO - Processing file /opt/airflow/dags/pipeline.py for tasks to queue
[2026-04-06T08:49:22.890+0000] {logging_mixin.py:188} INFO - [2026-04-06T08:49:22.890+0000] {dagbag.py:545} INFO - Filling up the DagBag from /opt/airflow/dags/pipeline.py
[2026-04-06T08:49:24.284+0000] {processor.py:840} INFO - DAG(s) 'pipeline' retrieved from /opt/airflow/dags/pipeline.py
[2026-04-06T08:49:24.410+0000] {logging_mixin.py:188} INFO - [2026-04-06T08:49:24.409+0000] {dag.py:3089} INFO - Sync 1 DAGs
[2026-04-06T08:49:24.455+0000] {logging_mixin.py:188} INFO - [2026-04-06T08:49:24.454+0000] {dag.py:3947} INFO - Setting next_dagrun for pipeline to 2026-04-06 00:00:00+00:00, run_after=2026-04-07 00:00:00+00:00
[2026-04-06T08:49:24.509+0000] {processor.py:183} INFO - Processing /opt/airflow/dags/pipeline.py took 1.643 seconds
[2026-04-06T08:49:54.867+0000] {processor.py:161} INFO - Started process (PID=309) to work on /opt/airflow/dags/pipeline.py
[2026-04-06T08:49:54.869+0000] {processor.py:830} INFO - Processing file /opt/airflow/dags/pipeline.py for tasks to queue
[2026-04-06T08:49:54.872+0000] {logging_mixin.py:188} INFO - [2026-04-06T08:49:54.872+0000] {dagbag.py:545} INFO - Filling up the DagBag from /opt/airflow/dags/pipeline.py
[2026-04-06T08:49:56.002+0000] {processor.py:840} INFO - DAG(s) 'pipeline' retrieved from /opt/airflow/dags/pipeline.py
[2026-04-06T08:49:56.116+0000] {logging_mixin.py:188} INFO - [2026-04-06T08:49:56.116+0000] {dag.py:3089} INFO - Sync 1 DAGs
[2026-04-06T08:49:56.167+0000] {logging_mixin.py:188} INFO - [2026-04-06T08:49:56.167+0000] {dag.py:3947} INFO - Setting next_dagrun for pipeline to 2026-04-06 00:00:00+00:00, run_after=2026-04-07 00:00:00+00:00
[2026-04-06T08:49:56.230+0000] {processor.py:183} INFO - Processing /opt/airflow/dags/pipeline.py took 1.375 seconds
[2026-04-06T08:50:26.859+0000] {processor.py:161} INFO - Started process (PID=315) to work on /opt/airflow/dags/pipeline.py
[2026-04-06T08:50:26.864+0000] {processor.py:830} INFO - Processing file /opt/airflow/dags/pipeline.py for tasks to queue
[2026-04-06T08:50:26.870+0000] {logging_mixin.py:188} INFO - [2026-04-06T08:50:26.869+0000] {dagbag.py:545} INFO - Filling up the DagBag from /opt/airflow/dags/pipeline.py
[2026-04-06T08:50:28.152+0000] {processor.py:840} INFO - DAG(s) 'pipeline' retrieved from /opt/airflow/dags/pipeline.py
[2026-04-06T08:50:28.281+0000] {logging_mixin.py:188} INFO - [2026-04-06T08:50:28.280+0000] {dag.py:3089} INFO - Sync 1 DAGs
[2026-04-06T08:50:28.335+0000] {logging_mixin.py:188} INFO - [2026-04-06T08:50:28.335+0000] {dag.py:3947} INFO - Setting next_dagrun for pipeline to 2026-04-06 00:00:00+00:00, run_after=2026-04-07 00:00:00+00:00
[2026-04-06T08:50:28.385+0000] {processor.py:183} INFO - Processing /opt/airflow/dags/pipeline.py took 1.541 seconds
[2026-04-06T08:50:58.570+0000] {processor.py:161} INFO - Started process (PID=321) to work on /opt/airflow/dags/pipeline.py
[2026-04-06T08:50:58.571+0000] {processor.py:830} INFO - Processing file /opt/airflow/dags/pipeline.py for tasks to queue
[2026-04-06T08:50:58.575+0000] {logging_mixin.py:188} INFO - [2026-04-06T08:50:58.575+0000] {dagbag.py:545} INFO - Filling up the DagBag from /opt/airflow/dags/pipeline.py
[2026-04-06T08:50:59.644+0000] {processor.py:840} INFO - DAG(s) 'pipeline' retrieved from /opt/airflow/dags/pipeline.py
[2026-04-06T08:50:59.717+0000] {logging_mixin.py:188} INFO - [2026-04-06T08:50:59.717+0000] {dag.py:3089} INFO - Sync 1 DAGs
[2026-04-06T08:50:59.752+0000] {logging_mixin.py:188} INFO - [2026-04-06T08:50:59.752+0000] {dag.py:3947} INFO - Setting next_dagrun for pipeline to 2026-04-06 00:00:00+00:00, run_after=2026-04-07 00:00:00+00:00
[2026-04-06T08:50:59.808+0000] {processor.py:183} INFO - Processing /opt/airflow/dags/pipeline.py took 1.246 seconds
[2026-04-06T08:51:30.248+0000] {processor.py:161} INFO - Started process (PID=327) to work on /opt/airflow/dags/pipeline.py
[2026-04-06T08:51:30.252+0000] {processor.py:830} INFO - Processing file /opt/airflow/dags/pipeline.py for tasks to queue
[2026-04-06T08:51:30.262+0000] {logging_mixin.py:188} INFO - [2026-04-06T08:51:30.261+0000] {dagbag.py:545} INFO - Filling up the DagBag from /opt/airflow/dags/pipeline.py
[2026-04-06T08:51:31.428+0000] {processor.py:840} INFO - DAG(s) 'pipeline' retrieved from /opt/airflow/dags/pipeline.py
[2026-04-06T08:51:31.512+0000] {logging_mixin.py:188} INFO - [2026-04-06T08:51:31.511+0000] {dag.py:3089} INFO - Sync 1 DAGs
[2026-04-06T08:51:31.553+0000] {logging_mixin.py:188} INFO - [2026-04-06T08:51:31.552+0000] {dag.py:3947} INFO - Setting next_dagrun for pipeline to 2026-04-06 00:00:00+00:00, run_after=2026-04-07 00:00:00+00:00
[2026-04-06T08:51:31.607+0000] {processor.py:183} INFO - Processing /opt/airflow/dags/pipeline.py took 1.387 seconds
[2026-04-06T08:52:01.995+0000] {processor.py:161} INFO - Started process (PID=333) to work on /opt/airflow/dags/pipeline.py
[2026-04-06T08:52:01.998+0000] {processor.py:830} INFO - Processing file /opt/airflow/dags/pipeline.py for tasks to queue
[2026-04-06T08:52:02.003+0000] {logging_mixin.py:188} INFO - [2026-04-06T08:52:02.002+0000] {dagbag.py:545} INFO - Filling up the DagBag from /opt/airflow/dags/pipeline.py
[2026-04-06T08:52:04.266+0000] {processor.py:840} INFO - DAG(s) 'pipeline' retrieved from /opt/airflow/dags/pipeline.py
[2026-04-06T08:52:04.617+0000] {logging_mixin.py:188} INFO - [2026-04-06T08:52:04.617+0000] {dag.py:3089} INFO - Sync 1 DAGs
[2026-04-06T08:52:04.691+0000] {logging_mixin.py:188} INFO - [2026-04-06T08:52:04.691+0000] {dag.py:3947} INFO - Setting next_dagrun for pipeline to 2026-04-06 00:00:00+00:00, run_after=2026-04-07 00:00:00+00:00
[2026-04-06T08:52:04.819+0000] {processor.py:183} INFO - Processing /opt/airflow/dags/pipeline.py took 2.837 seconds
[2026-04-06T08:52:35.555+0000] {processor.py:161} INFO - Started process (PID=339) to work on /opt/airflow/dags/pipeline.py
[2026-04-06T08:52:35.557+0000] {processor.py:830} INFO - Processing file /opt/airflow/dags/pipeline.py for tasks to queue
[2026-04-06T08:52:35.562+0000] {logging_mixin.py:188} INFO - [2026-04-06T08:52:35.561+0000] {dagbag.py:545} INFO - Filling up the DagBag from /opt/airflow/dags/pipeline.py
[2026-04-06T08:52:36.837+0000] {processor.py:840} INFO - DAG(s) 'pipeline' retrieved from /opt/airflow/dags/pipeline.py
[2026-04-06T08:52:36.980+0000] {logging_mixin.py:188} INFO - [2026-04-06T08:52:36.980+0000] {dag.py:3089} INFO - Sync 1 DAGs
[2026-04-06T08:52:37.023+0000] {logging_mixin.py:188} INFO - [2026-04-06T08:52:37.023+0000] {dag.py:3947} INFO - Setting next_dagrun for pipeline to 2026-04-06 00:00:00+00:00, run_after=2026-04-07 00:00:00+00:00
[2026-04-06T08:52:37.075+0000] {processor.py:183} INFO - Processing /opt/airflow/dags/pipeline.py took 1.552 seconds
[2026-04-06T08:53:07.393+0000] {processor.py:161} INFO - Started process (PID=345) to work on /opt/airflow/dags/pipeline.py
[2026-04-06T08:53:07.397+0000] {processor.py:830} INFO - Processing file /opt/airflow/dags/pipeline.py for tasks to queue
[2026-04-06T08:53:07.407+0000] {logging_mixin.py:188} INFO - [2026-04-06T08:53:07.406+0000] {dagbag.py:545} INFO - Filling up the DagBag from /opt/airflow/dags/pipeline.py
[2026-04-06T08:53:08.710+0000] {processor.py:840} INFO - DAG(s) 'pipeline' retrieved from /opt/airflow/dags/pipeline.py
[2026-04-06T08:53:08.787+0000] {logging_mixin.py:188} INFO - [2026-04-06T08:53:08.787+0000] {dag.py:3089} INFO - Sync 1 DAGs
[2026-04-06T08:53:08.826+0000] {logging_mixin.py:188} INFO - [2026-04-06T08:53:08.826+0000] {dag.py:3947} INFO - Setting next_dagrun for pipeline to 2026-04-06 00:00:00+00:00, run_after=2026-04-07 00:00:00+00:00
[2026-04-06T08:53:08.888+0000] {processor.py:183} INFO - Processing /opt/airflow/dags/pipeline.py took 1.528 seconds
[2026-04-06T08:53:39.283+0000] {processor.py:161} INFO - Started process (PID=351) to work on /opt/airflow/dags/pipeline.py
[2026-04-06T08:53:39.285+0000] {processor.py:830} INFO - Processing file /opt/airflow/dags/pipeline.py for tasks to queue
[2026-04-06T08:53:39.288+0000] {logging_mixin.py:188} INFO - [2026-04-06T08:53:39.287+0000] {dagbag.py:545} INFO - Filling up the DagBag from /opt/airflow/dags/pipeline.py
[2026-04-06T08:53:40.422+0000] {processor.py:840} INFO - DAG(s) 'pipeline' retrieved from /opt/airflow/dags/pipeline.py
[2026-04-06T08:53:40.506+0000] {logging_mixin.py:188} INFO - [2026-04-06T08:53:40.506+0000] {dag.py:3089} INFO - Sync 1 DAGs
[2026-04-06T08:53:40.543+0000] {logging_mixin.py:188} INFO - [2026-04-06T08:53:40.542+0000] {dag.py:3947} INFO - Setting next_dagrun for pipeline to 2026-04-06 00:00:00+00:00, run_after=2026-04-07 00:00:00+00:00
[2026-04-06T08:53:40.596+0000] {processor.py:183} INFO - Processing /opt/airflow/dags/pipeline.py took 1.321 seconds
[2026-04-06T08:54:11.254+0000] {processor.py:161} INFO - Started process (PID=357) to work on /opt/airflow/dags/pipeline.py
[2026-04-06T08:54:11.256+0000] {processor.py:830} INFO - Processing file /opt/airflow/dags/pipeline.py for tasks to queue
[2026-04-06T08:54:11.261+0000] {logging_mixin.py:188} INFO - [2026-04-06T08:54:11.260+0000] {dagbag.py:545} INFO - Filling up the DagBag from /opt/airflow/dags/pipeline.py
[2026-04-06T08:54:12.395+0000] {processor.py:840} INFO - DAG(s) 'pipeline' retrieved from /opt/airflow/dags/pipeline.py
[2026-04-06T08:54:12.472+0000] {logging_mixin.py:188} INFO - [2026-04-06T08:54:12.472+0000] {dag.py:3089} INFO - Sync 1 DAGs
[2026-04-06T08:54:12.514+0000] {logging_mixin.py:188} INFO - [2026-04-06T08:54:12.514+0000] {dag.py:3947} INFO - Setting next_dagrun for pipeline to 2026-04-06 00:00:00+00:00, run_after=2026-04-07 00:00:00+00:00
[2026-04-06T08:54:12.583+0000] {processor.py:183} INFO - Processing /opt/airflow/dags/pipeline.py took 1.342 seconds
[2026-04-06T08:54:43.008+0000] {processor.py:161} INFO - Started process (PID=363) to work on /opt/airflow/dags/pipeline.py
[2026-04-06T08:54:43.014+0000] {processor.py:830} INFO - Processing file /opt/airflow/dags/pipeline.py for tasks to queue
[2026-04-06T08:54:43.025+0000] {logging_mixin.py:188} INFO - [2026-04-06T08:54:43.023+0000] {dagbag.py:545} INFO - Filling up the DagBag from /opt/airflow/dags/pipeline.py
[2026-04-06T08:54:44.171+0000] {processor.py:840} INFO - DAG(s) 'pipeline' retrieved from /opt/airflow/dags/pipeline.py
[2026-04-06T08:54:44.262+0000] {logging_mixin.py:188} INFO - [2026-04-06T08:54:44.262+0000] {dag.py:3089} INFO - Sync 1 DAGs
[2026-04-06T08:54:44.317+0000] {logging_mixin.py:188} INFO - [2026-04-06T08:54:44.317+0000] {dag.py:3947} INFO - Setting next_dagrun for pipeline to 2026-04-06 00:00:00+00:00, run_after=2026-04-07 00:00:00+00:00
[2026-04-06T08:54:44.384+0000] {processor.py:183} INFO - Processing /opt/airflow/dags/pipeline.py took 1.418 seconds
[2026-04-06T08:55:15.047+0000] {processor.py:161} INFO - Started process (PID=369) to work on /opt/airflow/dags/pipeline.py
[2026-04-06T08:55:15.052+0000] {processor.py:830} INFO - Processing file /opt/airflow/dags/pipeline.py for tasks to queue
[2026-04-06T08:55:15.057+0000] {logging_mixin.py:188} INFO - [2026-04-06T08:55:15.056+0000] {dagbag.py:545} INFO - Filling up the DagBag from /opt/airflow/dags/pipeline.py
[2026-04-06T08:55:17.793+0000] {processor.py:840} INFO - DAG(s) 'pipeline' retrieved from /opt/airflow/dags/pipeline.py
[2026-04-06T08:55:18.141+0000] {logging_mixin.py:188} INFO - [2026-04-06T08:55:18.140+0000] {dag.py:3089} INFO - Sync 1 DAGs
[2026-04-06T08:55:18.195+0000] {logging_mixin.py:188} INFO - [2026-04-06T08:55:18.194+0000] {dag.py:3947} INFO - Setting next_dagrun for pipeline to 2026-04-06 00:00:00+00:00, run_after=2026-04-07 00:00:00+00:00
[2026-04-06T08:55:18.260+0000] {processor.py:183} INFO - Processing /opt/airflow/dags/pipeline.py took 3.255 seconds
[2026-04-06T08:55:48.706+0000] {processor.py:161} INFO - Started process (PID=375) to work on /opt/airflow/dags/pipeline.py
[2026-04-06T08:55:48.708+0000] {processor.py:830} INFO - Processing file /opt/airflow/dags/pipeline.py for tasks to queue
[2026-04-06T08:55:48.712+0000] {logging_mixin.py:188} INFO - [2026-04-06T08:55:48.711+0000] {dagbag.py:545} INFO - Filling up the DagBag from /opt/airflow/dags/pipeline.py
[2026-04-06T08:55:50.108+0000] {processor.py:840} INFO - DAG(s) 'pipeline' retrieved from /opt/airflow/dags/pipeline.py
[2026-04-06T08:55:50.208+0000] {logging_mixin.py:188} INFO - [2026-04-06T08:55:50.207+0000] {dag.py:3089} INFO - Sync 1 DAGs
[2026-04-06T08:55:50.251+0000] {logging_mixin.py:188} INFO - [2026-04-06T08:55:50.251+0000] {dag.py:3947} INFO - Setting next_dagrun for pipeline to 2026-04-06 00:00:00+00:00, run_after=2026-04-07 00:00:00+00:00
[2026-04-06T08:55:50.301+0000] {processor.py:183} INFO - Processing /opt/airflow/dags/pipeline.py took 1.612 seconds
[2026-04-06T08:56:21.083+0000] {processor.py:161} INFO - Started process (PID=381) to work on /opt/airflow/dags/pipeline.py
[2026-04-06T08:56:21.088+0000] {processor.py:830} INFO - Processing file /opt/airflow/dags/pipeline.py for tasks to queue
[2026-04-06T08:56:21.098+0000] {logging_mixin.py:188} INFO - [2026-04-06T08:56:21.097+0000] {dagbag.py:545} INFO - Filling up the DagBag from /opt/airflow/dags/pipeline.py
[2026-04-06T08:56:22.478+0000] {processor.py:840} INFO - DAG(s) 'pipeline' retrieved from /opt/airflow/dags/pipeline.py
[2026-04-06T08:56:22.597+0000] {logging_mixin.py:188} INFO - [2026-04-06T08:56:22.597+0000] {dag.py:3089} INFO - Sync 1 DAGs
[2026-04-06T08:56:22.651+0000] {logging_mixin.py:188} INFO - [2026-04-06T08:56:22.650+0000] {dag.py:3947} INFO - Setting next_dagrun for pipeline to 2026-04-06 00:00:00+00:00, run_after=2026-04-07 00:00:00+00:00
[2026-04-06T08:56:22.722+0000] {processor.py:183} INFO - Processing /opt/airflow/dags/pipeline.py took 1.671 seconds
[2026-04-06T08:56:52.987+0000] {processor.py:161} INFO - Started process (PID=387) to work on /opt/airflow/dags/pipeline.py
[2026-04-06T08:56:52.991+0000] {processor.py:830} INFO - Processing file /opt/airflow/dags/pipeline.py for tasks to queue
[2026-04-06T08:56:53.000+0000] {logging_mixin.py:188} INFO - [2026-04-06T08:56:52.998+0000] {dagbag.py:545} INFO - Filling up the DagBag from /opt/airflow/dags/pipeline.py
[2026-04-06T08:56:54.152+0000] {processor.py:840} INFO - DAG(s) 'pipeline' retrieved from /opt/airflow/dags/pipeline.py
[2026-04-06T08:56:54.237+0000] {logging_mixin.py:188} INFO - [2026-04-06T08:56:54.237+0000] {dag.py:3089} INFO - Sync 1 DAGs
[2026-04-06T08:56:54.275+0000] {logging_mixin.py:188} INFO - [2026-04-06T08:56:54.275+0000] {dag.py:3947} INFO - Setting next_dagrun for pipeline to 2026-04-06 00:00:00+00:00, run_after=2026-04-07 00:00:00+00:00
[2026-04-06T08:56:54.330+0000] {processor.py:183} INFO - Processing /opt/airflow/dags/pipeline.py took 1.373 seconds
[2026-04-06T08:57:24.918+0000] {processor.py:161} INFO - Started process (PID=393) to work on /opt/airflow/dags/pipeline.py
[2026-04-06T08:57:24.919+0000] {processor.py:830} INFO - Processing file /opt/airflow/dags/pipeline.py for tasks to queue
[2026-04-06T08:57:24.922+0000] {logging_mixin.py:188} INFO - [2026-04-06T08:57:24.922+0000] {dagbag.py:545} INFO - Filling up the DagBag from /opt/airflow/dags/pipeline.py
[2026-04-06T08:57:25.975+0000] {processor.py:840} INFO - DAG(s) 'pipeline' retrieved from /opt/airflow/dags/pipeline.py
[2026-04-06T08:57:26.049+0000] {logging_mixin.py:188} INFO - [2026-04-06T08:57:26.049+0000] {dag.py:3089} INFO - Sync 1 DAGs
[2026-04-06T08:57:26.091+0000] {logging_mixin.py:188} INFO - [2026-04-06T08:57:26.091+0000] {dag.py:3947} INFO - Setting next_dagrun for pipeline to 2026-04-06 00:00:00+00:00, run_after=2026-04-07 00:00:00+00:00
[2026-04-06T08:57:26.133+0000] {processor.py:183} INFO - Processing /opt/airflow/dags/pipeline.py took 1.226 seconds
[2026-04-06T08:57:56.668+0000] {processor.py:161} INFO - Started process (PID=399) to work on /opt/airflow/dags/pipeline.py
[2026-04-06T08:57:56.673+0000] {processor.py:830} INFO - Processing file /opt/airflow/dags/pipeline.py for tasks to queue
[2026-04-06T08:57:56.681+0000] {logging_mixin.py:188} INFO - [2026-04-06T08:57:56.680+0000] {dagbag.py:545} INFO - Filling up the DagBag from /opt/airflow/dags/pipeline.py
[2026-04-06T08:57:57.954+0000] {processor.py:840} INFO - DAG(s) 'pipeline' retrieved from /opt/airflow/dags/pipeline.py
[2026-04-06T08:57:58.034+0000] {logging_mixin.py:188} INFO - [2026-04-06T08:57:58.034+0000] {dag.py:3089} INFO - Sync 1 DAGs
[2026-04-06T08:57:58.074+0000] {logging_mixin.py:188} INFO - [2026-04-06T08:57:58.074+0000] {dag.py:3947} INFO - Setting next_dagrun for pipeline to 2026-04-06 00:00:00+00:00, run_after=2026-04-07 00:00:00+00:00
[2026-04-06T08:57:58.115+0000] {processor.py:183} INFO - Processing /opt/airflow/dags/pipeline.py took 1.487 seconds
[2026-04-06T08:58:28.421+0000] {processor.py:161} INFO - Started process (PID=405) to work on /opt/airflow/dags/pipeline.py
[2026-04-06T08:58:28.422+0000] {processor.py:830} INFO - Processing file /opt/airflow/dags/pipeline.py for tasks to queue
[2026-04-06T08:58:28.426+0000] {logging_mixin.py:188} INFO - [2026-04-06T08:58:28.426+0000] {dagbag.py:545} INFO - Filling up the DagBag from /opt/airflow/dags/pipeline.py
[2026-04-06T08:58:29.554+0000] {processor.py:840} INFO - DAG(s) 'pipeline' retrieved from /opt/airflow/dags/pipeline.py
[2026-04-06T08:58:29.645+0000] {logging_mixin.py:188} INFO - [2026-04-06T08:58:29.645+0000] {dag.py:3089} INFO - Sync 1 DAGs
[2026-04-06T08:58:29.684+0000] {logging_mixin.py:188} INFO - [2026-04-06T08:58:29.684+0000] {dag.py:3947} INFO - Setting next_dagrun for pipeline to 2026-04-06 00:00:00+00:00, run_after=2026-04-07 00:00:00+00:00
[2026-04-06T08:58:29.748+0000] {processor.py:183} INFO - Processing /opt/airflow/dags/pipeline.py took 1.337 seconds
[2026-04-06T08:59:00.117+0000] {processor.py:161} INFO - Started process (PID=411) to work on /opt/airflow/dags/pipeline.py
[2026-04-06T08:59:00.119+0000] {processor.py:830} INFO - Processing file /opt/airflow/dags/pipeline.py for tasks to queue
[2026-04-06T08:59:00.122+0000] {logging_mixin.py:188} INFO - [2026-04-06T08:59:00.121+0000] {dagbag.py:545} INFO - Filling up the DagBag from /opt/airflow/dags/pipeline.py
[2026-04-06T08:59:01.201+0000] {processor.py:840} INFO - DAG(s) 'pipeline' retrieved from /opt/airflow/dags/pipeline.py
[2026-04-06T08:59:01.508+0000] {logging_mixin.py:188} INFO - [2026-04-06T08:59:01.508+0000] {dag.py:3089} INFO - Sync 1 DAGs
[2026-04-06T08:59:01.547+0000] {logging_mixin.py:188} INFO - [2026-04-06T08:59:01.547+0000] {dag.py:3947} INFO - Setting next_dagrun for pipeline to 2026-04-06 00:00:00+00:00, run_after=2026-04-07 00:00:00+00:00
[2026-04-06T08:59:01.606+0000] {processor.py:183} INFO - Processing /opt/airflow/dags/pipeline.py took 1.506 seconds
[2026-04-06T08:59:32.123+0000] {processor.py:161} INFO - Started process (PID=417) to work on /opt/airflow/dags/pipeline.py
[2026-04-06T08:59:32.127+0000] {processor.py:830} INFO - Processing file /opt/airflow/dags/pipeline.py for tasks to queue
[2026-04-06T08:59:32.135+0000] {logging_mixin.py:188} INFO - [2026-04-06T08:59:32.134+0000] {dagbag.py:545} INFO - Filling up the DagBag from /opt/airflow/dags/pipeline.py
[2026-04-06T08:59:33.415+0000] {processor.py:840} INFO - DAG(s) 'pipeline' retrieved from /opt/airflow/dags/pipeline.py
[2026-04-06T08:59:33.492+0000] {logging_mixin.py:188} INFO - [2026-04-06T08:59:33.492+0000] {dag.py:3089} INFO - Sync 1 DAGs
[2026-04-06T08:59:33.528+0000] {logging_mixin.py:188} INFO - [2026-04-06T08:59:33.528+0000] {dag.py:3947} INFO - Setting next_dagrun for pipeline to 2026-04-06 00:00:00+00:00, run_after=2026-04-07 00:00:00+00:00
[2026-04-06T08:59:33.591+0000] {processor.py:183} INFO - Processing /opt/airflow/dags/pipeline.py took 1.496 seconds
[2026-04-06T09:00:03.982+0000] {processor.py:161} INFO - Started process (PID=423) to work on /opt/airflow/dags/pipeline.py
[2026-04-06T09:00:03.984+0000] {processor.py:830} INFO - Processing file /opt/airflow/dags/pipeline.py for tasks to queue
[2026-04-06T09:00:03.989+0000] {logging_mixin.py:188} INFO - [2026-04-06T09:00:03.988+0000] {dagbag.py:545} INFO - Filling up the DagBag from /opt/airflow/dags/pipeline.py
[2026-04-06T09:00:05.082+0000] {processor.py:840} INFO - DAG(s) 'pipeline' retrieved from /opt/airflow/dags/pipeline.py
[2026-04-06T09:00:05.158+0000] {logging_mixin.py:188} INFO - [2026-04-06T09:00:05.158+0000] {dag.py:3089} INFO - Sync 1 DAGs
[2026-04-06T09:00:05.202+0000] {logging_mixin.py:188} INFO - [2026-04-06T09:00:05.201+0000] {dag.py:3947} INFO - Setting next_dagrun for pipeline to 2026-04-06 00:00:00+00:00, run_after=2026-04-07 00:00:00+00:00
[2026-04-06T09:00:05.256+0000] {processor.py:183} INFO - Processing /opt/airflow/dags/pipeline.py took 1.299 seconds
[2026-04-06T09:00:36.103+0000] {processor.py:161} INFO - Started process (PID=447) to work on /opt/airflow/dags/pipeline.py
[2026-04-06T09:00:36.106+0000] {processor.py:830} INFO - Processing file /opt/airflow/dags/pipeline.py for tasks to queue
[2026-04-06T09:00:36.143+0000] {logging_mixin.py:188} INFO - [2026-04-06T09:00:36.140+0000] {dagbag.py:545} INFO - Filling up the DagBag from /opt/airflow/dags/pipeline.py
[2026-04-06T09:00:45.979+0000] {processor.py:840} INFO - DAG(s) 'pipeline' retrieved from /opt/airflow/dags/pipeline.py
[2026-04-06T09:00:46.156+0000] {logging_mixin.py:188} INFO - [2026-04-06T09:00:46.155+0000] {dag.py:3089} INFO - Sync 1 DAGs
[2026-04-06T09:00:46.234+0000] {logging_mixin.py:188} INFO - [2026-04-06T09:00:46.233+0000] {dag.py:3947} INFO - Setting next_dagrun for pipeline to 2026-04-06 00:00:00+00:00, run_after=2026-04-07 00:00:00+00:00
[2026-04-06T09:00:46.425+0000] {processor.py:183} INFO - Processing /opt/airflow/dags/pipeline.py took 10.368 seconds
[2026-04-06T09:01:17.033+0000] {processor.py:161} INFO - Started process (PID=494) to work on /opt/airflow/dags/pipeline.py
[2026-04-06T09:01:17.036+0000] {processor.py:830} INFO - Processing file /opt/airflow/dags/pipeline.py for tasks to queue
[2026-04-06T09:01:17.043+0000] {logging_mixin.py:188} INFO - [2026-04-06T09:01:17.043+0000] {dagbag.py:545} INFO - Filling up the DagBag from /opt/airflow/dags/pipeline.py
[2026-04-06T09:01:18.863+0000] {processor.py:840} INFO - DAG(s) 'pipeline' retrieved from /opt/airflow/dags/pipeline.py
[2026-04-06T09:01:18.971+0000] {logging_mixin.py:188} INFO - [2026-04-06T09:01:18.971+0000] {dag.py:3089} INFO - Sync 1 DAGs
[2026-04-06T09:01:19.013+0000] {logging_mixin.py:188} INFO - [2026-04-06T09:01:19.013+0000] {dag.py:3947} INFO - Setting next_dagrun for pipeline to 2026-04-06 00:00:00+00:00, run_after=2026-04-07 00:00:00+00:00
[2026-04-06T09:01:19.067+0000] {processor.py:183} INFO - Processing /opt/airflow/dags/pipeline.py took 2.051 seconds
[2026-04-06T09:01:49.366+0000] {processor.py:161} INFO - Started process (PID=500) to work on /opt/airflow/dags/pipeline.py
[2026-04-06T09:01:49.368+0000] {processor.py:830} INFO - Processing file /opt/airflow/dags/pipeline.py for tasks to queue
[2026-04-06T09:01:49.372+0000] {logging_mixin.py:188} INFO - [2026-04-06T09:01:49.371+0000] {dagbag.py:545} INFO - Filling up the DagBag from /opt/airflow/dags/pipeline.py
[2026-04-06T09:01:51.162+0000] {processor.py:840} INFO - DAG(s) 'pipeline' retrieved from /opt/airflow/dags/pipeline.py
[2026-04-06T09:01:51.284+0000] {logging_mixin.py:188} INFO - [2026-04-06T09:01:51.283+0000] {dag.py:3089} INFO - Sync 1 DAGs
[2026-04-06T09:01:51.343+0000] {logging_mixin.py:188} INFO - [2026-04-06T09:01:51.342+0000] {dag.py:3947} INFO - Setting next_dagrun for pipeline to 2026-04-06 00:00:00+00:00, run_after=2026-04-07 00:00:00+00:00
[2026-04-06T09:01:51.411+0000] {processor.py:183} INFO - Processing /opt/airflow/dags/pipeline.py took 2.056 seconds
[2026-04-06T09:02:21.741+0000] {processor.py:161} INFO - Started process (PID=506) to work on /opt/airflow/dags/pipeline.py
[2026-04-06T09:02:21.743+0000] {processor.py:830} INFO - Processing file /opt/airflow/dags/pipeline.py for tasks to queue
[2026-04-06T09:02:21.745+0000] {logging_mixin.py:188} INFO - [2026-04-06T09:02:21.745+0000] {dagbag.py:545} INFO - Filling up the DagBag from /opt/airflow/dags/pipeline.py
[2026-04-06T09:02:22.779+0000] {processor.py:840} INFO - DAG(s) 'pipeline' retrieved from /opt/airflow/dags/pipeline.py
[2026-04-06T09:02:22.856+0000] {logging_mixin.py:188} INFO - [2026-04-06T09:02:22.856+0000] {dag.py:3089} INFO - Sync 1 DAGs
[2026-04-06T09:02:22.892+0000] {logging_mixin.py:188} INFO - [2026-04-06T09:02:22.892+0000] {dag.py:3947} INFO - Setting next_dagrun for pipeline to 2026-04-06 00:00:00+00:00, run_after=2026-04-07 00:00:00+00:00
[2026-04-06T09:02:22.931+0000] {processor.py:183} INFO - Processing /opt/airflow/dags/pipeline.py took 1.198 seconds
[2026-04-06T09:02:53.055+0000] {processor.py:161} INFO - Started process (PID=513) to work on /opt/airflow/dags/pipeline.py
[2026-04-06T09:02:53.057+0000] {processor.py:830} INFO - Processing file /opt/airflow/dags/pipeline.py for tasks to queue
[2026-04-06T09:02:53.059+0000] {logging_mixin.py:188} INFO - [2026-04-06T09:02:53.059+0000] {dagbag.py:545} INFO - Filling up the DagBag from /opt/airflow/dags/pipeline.py
[2026-04-06T09:02:54.169+0000] {processor.py:840} INFO - DAG(s) 'pipeline' retrieved from /opt/airflow/dags/pipeline.py
[2026-04-06T09:02:54.389+0000] {logging_mixin.py:188} INFO - [2026-04-06T09:02:54.388+0000] {dag.py:3089} INFO - Sync 1 DAGs
[2026-04-06T09:02:54.432+0000] {logging_mixin.py:188} INFO - [2026-04-06T09:02:54.432+0000] {dag.py:3947} INFO - Setting next_dagrun for pipeline to 2026-04-06 00:00:00+00:00, run_after=2026-04-07 00:00:00+00:00
[2026-04-06T09:02:54.486+0000] {processor.py:183} INFO - Processing /opt/airflow/dags/pipeline.py took 1.440 seconds
[2026-04-06T09:03:24.882+0000] {processor.py:161} INFO - Started process (PID=519) to work on /opt/airflow/dags/pipeline.py
[2026-04-06T09:03:24.884+0000] {processor.py:830} INFO - Processing file /opt/airflow/dags/pipeline.py for tasks to queue
[2026-04-06T09:03:24.886+0000] {logging_mixin.py:188} INFO - [2026-04-06T09:03:24.886+0000] {dagbag.py:545} INFO - Filling up the DagBag from /opt/airflow/dags/pipeline.py
[2026-04-06T09:03:26.458+0000] {processor.py:840} INFO - DAG(s) 'pipeline' retrieved from /opt/airflow/dags/pipeline.py
[2026-04-06T09:03:26.569+0000] {logging_mixin.py:188} INFO - [2026-04-06T09:03:26.569+0000] {dag.py:3089} INFO - Sync 1 DAGs
[2026-04-06T09:03:26.614+0000] {logging_mixin.py:188} INFO - [2026-04-06T09:03:26.614+0000] {dag.py:3947} INFO - Setting next_dagrun for pipeline to 2026-04-06 00:00:00+00:00, run_after=2026-04-07 00:00:00+00:00
[2026-04-06T09:03:26.678+0000] {processor.py:183} INFO - Processing /opt/airflow/dags/pipeline.py took 1.806 seconds
[2026-04-06T09:03:56.876+0000] {processor.py:161} INFO - Started process (PID=525) to work on /opt/airflow/dags/pipeline.py
[2026-04-06T09:03:56.879+0000] {processor.py:830} INFO - Processing file /opt/airflow/dags/pipeline.py for tasks to queue
[2026-04-06T09:03:56.883+0000] {logging_mixin.py:188} INFO - [2026-04-06T09:03:56.882+0000] {dagbag.py:545} INFO - Filling up the DagBag from /opt/airflow/dags/pipeline.py
[2026-04-06T09:03:58.121+0000] {processor.py:840} INFO - DAG(s) 'pipeline' retrieved from /opt/airflow/dags/pipeline.py
[2026-04-06T09:03:58.202+0000] {logging_mixin.py:188} INFO - [2026-04-06T09:03:58.201+0000] {dag.py:3089} INFO - Sync 1 DAGs
[2026-04-06T09:03:58.237+0000] {logging_mixin.py:188} INFO - [2026-04-06T09:03:58.237+0000] {dag.py:3947} INFO - Setting next_dagrun for pipeline to 2026-04-06 00:00:00+00:00, run_after=2026-04-07 00:00:00+00:00
[2026-04-06T09:03:58.307+0000] {processor.py:183} INFO - Processing /opt/airflow/dags/pipeline.py took 1.447 seconds
[2026-04-06T09:04:28.717+0000] {processor.py:161} INFO - Started process (PID=531) to work on /opt/airflow/dags/pipeline.py
[2026-04-06T09:04:28.720+0000] {processor.py:830} INFO - Processing file /opt/airflow/dags/pipeline.py for tasks to queue
[2026-04-06T09:04:28.724+0000] {logging_mixin.py:188} INFO - [2026-04-06T09:04:28.724+0000] {dagbag.py:545} INFO - Filling up the DagBag from /opt/airflow/dags/pipeline.py
[2026-04-06T09:04:30.384+0000] {processor.py:840} INFO - DAG(s) 'pipeline' retrieved from /opt/airflow/dags/pipeline.py
[2026-04-06T09:04:30.712+0000] {logging_mixin.py:188} INFO - [2026-04-06T09:04:30.712+0000] {dag.py:3089} INFO - Sync 1 DAGs
[2026-04-06T09:04:30.787+0000] {logging_mixin.py:188} INFO - [2026-04-06T09:04:30.787+0000] {dag.py:3947} INFO - Setting next_dagrun for pipeline to 2026-04-06 00:00:00+00:00, run_after=2026-04-07 00:00:00+00:00
[2026-04-06T09:04:30.847+0000] {processor.py:183} INFO - Processing /opt/airflow/dags/pipeline.py took 2.145 seconds
[2026-04-06T09:05:01.227+0000] {processor.py:161} INFO - Started process (PID=546) to work on /opt/airflow/dags/pipeline.py
[2026-04-06T09:05:01.231+0000] {processor.py:830} INFO - Processing file /opt/airflow/dags/pipeline.py for tasks to queue
[2026-04-06T09:05:01.250+0000] {logging_mixin.py:188} INFO - [2026-04-06T09:05:01.247+0000] {dagbag.py:545} INFO - Filling up the DagBag from /opt/airflow/dags/pipeline.py
[2026-04-06T09:05:05.039+0000] {processor.py:840} INFO - DAG(s) 'pipeline' retrieved from /opt/airflow/dags/pipeline.py
[2026-04-06T09:05:05.168+0000] {logging_mixin.py:188} INFO - [2026-04-06T09:05:05.168+0000] {dag.py:3089} INFO - Sync 1 DAGs
[2026-04-06T09:05:05.228+0000] {logging_mixin.py:188} INFO - [2026-04-06T09:05:05.228+0000] {dag.py:3947} INFO - Setting next_dagrun for pipeline to 2026-04-06 00:00:00+00:00, run_after=2026-04-07 00:00:00+00:00
[2026-04-06T09:05:05.291+0000] {processor.py:183} INFO - Processing /opt/airflow/dags/pipeline.py took 4.119 seconds
[2026-04-06T09:05:35.810+0000] {processor.py:161} INFO - Started process (PID=566) to work on /opt/airflow/dags/pipeline.py
[2026-04-06T09:05:35.815+0000] {processor.py:830} INFO - Processing file /opt/airflow/dags/pipeline.py for tasks to queue
[2026-04-06T09:05:35.825+0000] {logging_mixin.py:188} INFO - [2026-04-06T09:05:35.824+0000] {dagbag.py:545} INFO - Filling up the DagBag from /opt/airflow/dags/pipeline.py
[2026-04-06T09:05:37.230+0000] {processor.py:840} INFO - DAG(s) 'pipeline' retrieved from /opt/airflow/dags/pipeline.py
[2026-04-06T09:05:37.456+0000] {logging_mixin.py:188} INFO - [2026-04-06T09:05:37.455+0000] {dag.py:3089} INFO - Sync 1 DAGs
[2026-04-06T09:05:37.497+0000] {logging_mixin.py:188} INFO - [2026-04-06T09:05:37.497+0000] {dag.py:3947} INFO - Setting next_dagrun for pipeline to 2026-04-06 00:00:00+00:00, run_after=2026-04-07 00:00:00+00:00
[2026-04-06T09:05:37.540+0000] {processor.py:183} INFO - Processing /opt/airflow/dags/pipeline.py took 1.762 seconds
[2026-04-06T09:06:08.448+0000] {processor.py:161} INFO - Started process (PID=572) to work on /opt/airflow/dags/pipeline.py
[2026-04-06T09:06:08.450+0000] {processor.py:830} INFO - Processing file /opt/airflow/dags/pipeline.py for tasks to queue
[2026-04-06T09:06:08.454+0000] {logging_mixin.py:188} INFO - [2026-04-06T09:06:08.454+0000] {dagbag.py:545} INFO - Filling up the DagBag from /opt/airflow/dags/pipeline.py
[2026-04-06T09:06:09.774+0000] {processor.py:840} INFO - DAG(s) 'pipeline' retrieved from /opt/airflow/dags/pipeline.py
[2026-04-06T09:06:09.896+0000] {logging_mixin.py:188} INFO - [2026-04-06T09:06:09.896+0000] {dag.py:3089} INFO - Sync 1 DAGs
[2026-04-06T09:06:09.989+0000] {logging_mixin.py:188} INFO - [2026-04-06T09:06:09.988+0000] {dag.py:3947} INFO - Setting next_dagrun for pipeline to 2026-04-06 00:00:00+00:00, run_after=2026-04-07 00:00:00+00:00
[2026-04-06T09:06:10.084+0000] {processor.py:183} INFO - Processing /opt/airflow/dags/pipeline.py took 1.655 seconds
[2026-04-06T09:06:40.895+0000] {processor.py:161} INFO - Started process (PID=578) to work on /opt/airflow/dags/pipeline.py
[2026-04-06T09:06:40.897+0000] {processor.py:830} INFO - Processing file /opt/airflow/dags/pipeline.py for tasks to queue
[2026-04-06T09:06:40.902+0000] {logging_mixin.py:188} INFO - [2026-04-06T09:06:40.901+0000] {dagbag.py:545} INFO - Filling up the DagBag from /opt/airflow/dags/pipeline.py
[2026-04-06T09:06:42.131+0000] {processor.py:840} INFO - DAG(s) 'pipeline' retrieved from /opt/airflow/dags/pipeline.py
[2026-04-06T09:06:42.229+0000] {logging_mixin.py:188} INFO - [2026-04-06T09:06:42.228+0000] {dag.py:3089} INFO - Sync 1 DAGs
[2026-04-06T09:06:42.276+0000] {logging_mixin.py:188} INFO - [2026-04-06T09:06:42.275+0000] {dag.py:3947} INFO - Setting next_dagrun for pipeline to 2026-04-06 00:00:00+00:00, run_after=2026-04-07 00:00:00+00:00
[2026-04-06T09:06:42.342+0000] {processor.py:183} INFO - Processing /opt/airflow/dags/pipeline.py took 1.462 seconds
[2026-04-06T09:07:12.890+0000] {processor.py:161} INFO - Started process (PID=584) to work on /opt/airflow/dags/pipeline.py
[2026-04-06T09:07:12.896+0000] {processor.py:830} INFO - Processing file /opt/airflow/dags/pipeline.py for tasks to queue
[2026-04-06T09:07:12.909+0000] {logging_mixin.py:188} INFO - [2026-04-06T09:07:12.908+0000] {dagbag.py:545} INFO - Filling up the DagBag from /opt/airflow/dags/pipeline.py
[2026-04-06T09:07:14.607+0000] {processor.py:840} INFO - DAG(s) 'pipeline' retrieved from /opt/airflow/dags/pipeline.py
[2026-04-06T09:07:14.714+0000] {logging_mixin.py:188} INFO - [2026-04-06T09:07:14.714+0000] {dag.py:3089} INFO - Sync 1 DAGs
[2026-04-06T09:07:14.752+0000] {logging_mixin.py:188} INFO - [2026-04-06T09:07:14.752+0000] {dag.py:3947} INFO - Setting next_dagrun for pipeline to 2026-04-06 00:00:00+00:00, run_after=2026-04-07 00:00:00+00:00
[2026-04-06T09:07:14.803+0000] {processor.py:183} INFO - Processing /opt/airflow/dags/pipeline.py took 1.971 seconds
[2026-04-06T09:07:45.637+0000] {processor.py:161} INFO - Started process (PID=590) to work on /opt/airflow/dags/pipeline.py
[2026-04-06T09:07:45.642+0000] {processor.py:830} INFO - Processing file /opt/airflow/dags/pipeline.py for tasks to queue
[2026-04-06T09:07:45.651+0000] {logging_mixin.py:188} INFO - [2026-04-06T09:07:45.650+0000] {dagbag.py:545} INFO - Filling up the DagBag from /opt/airflow/dags/pipeline.py
[2026-04-06T09:07:47.022+0000] {processor.py:840} INFO - DAG(s) 'pipeline' retrieved from /opt/airflow/dags/pipeline.py
[2026-04-06T09:07:47.122+0000] {logging_mixin.py:188} INFO - [2026-04-06T09:07:47.122+0000] {dag.py:3089} INFO - Sync 1 DAGs
[2026-04-06T09:07:47.166+0000] {logging_mixin.py:188} INFO - [2026-04-06T09:07:47.166+0000] {dag.py:3947} INFO - Setting next_dagrun for pipeline to 2026-04-06 00:00:00+00:00, run_after=2026-04-07 00:00:00+00:00
[2026-04-06T09:07:47.217+0000] {processor.py:183} INFO - Processing /opt/airflow/dags/pipeline.py took 1.606 seconds
[2026-04-06T09:08:17.922+0000] {processor.py:161} INFO - Started process (PID=596) to work on /opt/airflow/dags/pipeline.py
[2026-04-06T09:08:17.924+0000] {processor.py:830} INFO - Processing file /opt/airflow/dags/pipeline.py for tasks to queue
[2026-04-06T09:08:17.928+0000] {logging_mixin.py:188} INFO - [2026-04-06T09:08:17.927+0000] {dagbag.py:545} INFO - Filling up the DagBag from /opt/airflow/dags/pipeline.py
[2026-04-06T09:08:19.144+0000] {processor.py:840} INFO - DAG(s) 'pipeline' retrieved from /opt/airflow/dags/pipeline.py
[2026-04-06T09:08:19.287+0000] {logging_mixin.py:188} INFO - [2026-04-06T09:08:19.285+0000] {dag.py:3089} INFO - Sync 1 DAGs
[2026-04-06T09:08:19.357+0000] {logging_mixin.py:188} INFO - [2026-04-06T09:08:19.356+0000] {dag.py:3947} INFO - Setting next_dagrun for pipeline to 2026-04-06 00:00:00+00:00, run_after=2026-04-07 00:00:00+00:00
[2026-04-06T09:08:19.415+0000] {processor.py:183} INFO - Processing /opt/airflow/dags/pipeline.py took 1.511 seconds
[2026-04-06T09:08:50.031+0000] {processor.py:161} INFO - Started process (PID=602) to work on /opt/airflow/dags/pipeline.py
[2026-04-06T09:08:50.033+0000] {processor.py:830} INFO - Processing file /opt/airflow/dags/pipeline.py for tasks to queue
[2026-04-06T09:08:50.042+0000] {logging_mixin.py:188} INFO - [2026-04-06T09:08:50.041+0000] {dagbag.py:545} INFO - Filling up the DagBag from /opt/airflow/dags/pipeline.py
[2026-04-06T09:08:51.490+0000] {processor.py:840} INFO - DAG(s) 'pipeline' retrieved from /opt/airflow/dags/pipeline.py
[2026-04-06T09:08:51.585+0000] {logging_mixin.py:188} INFO - [2026-04-06T09:08:51.585+0000] {dag.py:3089} INFO - Sync 1 DAGs
[2026-04-06T09:08:51.635+0000] {logging_mixin.py:188} INFO - [2026-04-06T09:08:51.635+0000] {dag.py:3947} INFO - Setting next_dagrun for pipeline to 2026-04-06 00:00:00+00:00, run_after=2026-04-07 00:00:00+00:00
[2026-04-06T09:08:51.697+0000] {processor.py:183} INFO - Processing /opt/airflow/dags/pipeline.py took 1.700 seconds
[2026-04-06T09:09:22.428+0000] {processor.py:161} INFO - Started process (PID=608) to work on /opt/airflow/dags/pipeline.py
[2026-04-06T09:09:22.430+0000] {processor.py:830} INFO - Processing file /opt/airflow/dags/pipeline.py for tasks to queue
[2026-04-06T09:09:22.433+0000] {logging_mixin.py:188} INFO - [2026-04-06T09:09:22.433+0000] {dagbag.py:545} INFO - Filling up the DagBag from /opt/airflow/dags/pipeline.py
[2026-04-06T09:09:23.960+0000] {processor.py:840} INFO - DAG(s) 'pipeline' retrieved from /opt/airflow/dags/pipeline.py
[2026-04-06T09:09:24.315+0000] {logging_mixin.py:188} INFO - [2026-04-06T09:09:24.314+0000] {dag.py:3089} INFO - Sync 1 DAGs
[2026-04-06T09:09:24.441+0000] {logging_mixin.py:188} INFO - [2026-04-06T09:09:24.441+0000] {dag.py:3947} INFO - Setting next_dagrun for pipeline to 2026-04-06 00:00:00+00:00, run_after=2026-04-07 00:00:00+00:00
[2026-04-06T09:09:24.504+0000] {processor.py:183} INFO - Processing /opt/airflow/dags/pipeline.py took 2.086 seconds
[2026-04-06T09:09:55.085+0000] {processor.py:161} INFO - Started process (PID=614) to work on /opt/airflow/dags/pipeline.py
[2026-04-06T09:09:55.089+0000] {processor.py:830} INFO - Processing file /opt/airflow/dags/pipeline.py for tasks to queue
[2026-04-06T09:09:55.092+0000] {logging_mixin.py:188} INFO - [2026-04-06T09:09:55.092+0000] {dagbag.py:545} INFO - Filling up the DagBag from /opt/airflow/dags/pipeline.py
[2026-04-06T09:09:56.143+0000] {processor.py:840} INFO - DAG(s) 'pipeline' retrieved from /opt/airflow/dags/pipeline.py
[2026-04-06T09:09:56.238+0000] {logging_mixin.py:188} INFO - [2026-04-06T09:09:56.237+0000] {dag.py:3089} INFO - Sync 1 DAGs
[2026-04-06T09:09:56.275+0000] {logging_mixin.py:188} INFO - [2026-04-06T09:09:56.275+0000] {dag.py:3947} INFO - Setting next_dagrun for pipeline to 2026-04-06 00:00:00+00:00, run_after=2026-04-07 00:00:00+00:00
[2026-04-06T09:09:56.325+0000] {processor.py:183} INFO - Processing /opt/airflow/dags/pipeline.py took 1.251 seconds
[2026-04-06T09:10:26.735+0000] {processor.py:161} INFO - Started process (PID=620) to work on /opt/airflow/dags/pipeline.py
[2026-04-06T09:10:26.740+0000] {processor.py:830} INFO - Processing file /opt/airflow/dags/pipeline.py for tasks to queue
[2026-04-06T09:10:26.751+0000] {logging_mixin.py:188} INFO - [2026-04-06T09:10:26.751+0000] {dagbag.py:545} INFO - Filling up the DagBag from /opt/airflow/dags/pipeline.py
[2026-04-06T09:10:29.786+0000] {processor.py:840} INFO - DAG(s) 'pipeline' retrieved from /opt/airflow/dags/pipeline.py
[2026-04-06T09:10:29.975+0000] {logging_mixin.py:188} INFO - [2026-04-06T09:10:29.974+0000] {dag.py:3089} INFO - Sync 1 DAGs
[2026-04-06T09:10:30.052+0000] {logging_mixin.py:188} INFO - [2026-04-06T09:10:30.051+0000] {dag.py:3947} INFO - Setting next_dagrun for pipeline to 2026-04-06 00:00:00+00:00, run_after=2026-04-07 00:00:00+00:00
[2026-04-06T09:10:30.288+0000] {processor.py:183} INFO - Processing /opt/airflow/dags/pipeline.py took 3.581 seconds
[2026-04-06T09:11:00.614+0000] {processor.py:161} INFO - Started process (PID=626) to work on /opt/airflow/dags/pipeline.py
[2026-04-06T09:11:00.616+0000] {processor.py:830} INFO - Processing file /opt/airflow/dags/pipeline.py for tasks to queue
[2026-04-06T09:11:00.619+0000] {logging_mixin.py:188} INFO - [2026-04-06T09:11:00.619+0000] {dagbag.py:545} INFO - Filling up the DagBag from /opt/airflow/dags/pipeline.py
[2026-04-06T09:11:01.979+0000] {processor.py:840} INFO - DAG(s) 'pipeline' retrieved from /opt/airflow/dags/pipeline.py
[2026-04-06T09:11:02.063+0000] {logging_mixin.py:188} INFO - [2026-04-06T09:11:02.063+0000] {dag.py:3089} INFO - Sync 1 DAGs
[2026-04-06T09:11:02.104+0000] {logging_mixin.py:188} INFO - [2026-04-06T09:11:02.104+0000] {dag.py:3947} INFO - Setting next_dagrun for pipeline to 2026-04-06 00:00:00+00:00, run_after=2026-04-07 00:00:00+00:00
[2026-04-06T09:11:02.162+0000] {processor.py:183} INFO - Processing /opt/airflow/dags/pipeline.py took 1.559 seconds
[2026-04-06T09:11:32.557+0000] {processor.py:161} INFO - Started process (PID=636) to work on /opt/airflow/dags/pipeline.py
[2026-04-06T09:11:32.560+0000] {processor.py:830} INFO - Processing file /opt/airflow/dags/pipeline.py for tasks to queue
[2026-04-06T09:11:32.564+0000] {logging_mixin.py:188} INFO - [2026-04-06T09:11:32.564+0000] {dagbag.py:545} INFO - Filling up the DagBag from /opt/airflow/dags/pipeline.py
[2026-04-06T09:11:34.307+0000] {processor.py:840} INFO - DAG(s) 'pipeline' retrieved from /opt/airflow/dags/pipeline.py
[2026-04-06T09:11:34.564+0000] {logging_mixin.py:188} INFO - [2026-04-06T09:11:34.564+0000] {dag.py:3089} INFO - Sync 1 DAGs
[2026-04-06T09:11:34.653+0000] {logging_mixin.py:188} INFO - [2026-04-06T09:11:34.653+0000] {dag.py:3947} INFO - Setting next_dagrun for pipeline to 2026-04-06 00:00:00+00:00, run_after=2026-04-07 00:00:00+00:00
[2026-04-06T09:11:34.739+0000] {processor.py:183} INFO - Processing /opt/airflow/dags/pipeline.py took 2.200 seconds
[2026-04-06T09:12:05.130+0000] {processor.py:161} INFO - Started process (PID=665) to work on /opt/airflow/dags/pipeline.py
[2026-04-06T09:12:05.132+0000] {processor.py:830} INFO - Processing file /opt/airflow/dags/pipeline.py for tasks to queue
[2026-04-06T09:12:05.135+0000] {logging_mixin.py:188} INFO - [2026-04-06T09:12:05.135+0000] {dagbag.py:545} INFO - Filling up the DagBag from /opt/airflow/dags/pipeline.py
[2026-04-06T09:12:06.810+0000] {processor.py:840} INFO - DAG(s) 'pipeline' retrieved from /opt/airflow/dags/pipeline.py
[2026-04-06T09:12:06.929+0000] {logging_mixin.py:188} INFO - [2026-04-06T09:12:06.929+0000] {dag.py:3089} INFO - Sync 1 DAGs
[2026-04-06T09:12:06.984+0000] {logging_mixin.py:188} INFO - [2026-04-06T09:12:06.984+0000] {dag.py:3947} INFO - Setting next_dagrun for pipeline to 2026-04-06 00:00:00+00:00, run_after=2026-04-07 00:00:00+00:00
[2026-04-06T09:12:07.054+0000] {processor.py:183} INFO - Processing /opt/airflow/dags/pipeline.py took 1.935 seconds
[2026-04-06T09:12:37.492+0000] {processor.py:161} INFO - Started process (PID=671) to work on /opt/airflow/dags/pipeline.py
[2026-04-06T09:12:37.495+0000] {processor.py:830} INFO - Processing file /opt/airflow/dags/pipeline.py for tasks to queue
[2026-04-06T09:12:37.503+0000] {logging_mixin.py:188} INFO - [2026-04-06T09:12:37.503+0000] {dagbag.py:545} INFO - Filling up the DagBag from /opt/airflow/dags/pipeline.py
[2026-04-06T09:12:38.753+0000] {processor.py:840} INFO - DAG(s) 'pipeline' retrieved from /opt/airflow/dags/pipeline.py
[2026-04-06T09:12:38.964+0000] {logging_mixin.py:188} INFO - [2026-04-06T09:12:38.964+0000] {dag.py:3089} INFO - Sync 1 DAGs
[2026-04-06T09:12:39.006+0000] {logging_mixin.py:188} INFO - [2026-04-06T09:12:39.006+0000] {dag.py:3947} INFO - Setting next_dagrun for pipeline to 2026-04-06 00:00:00+00:00, run_after=2026-04-07 00:00:00+00:00
[2026-04-06T09:12:39.069+0000] {processor.py:183} INFO - Processing /opt/airflow/dags/pipeline.py took 1.595 seconds
[2026-04-06T09:13:09.422+0000] {processor.py:161} INFO - Started process (PID=677) to work on /opt/airflow/dags/pipeline.py
[2026-04-06T09:13:09.425+0000] {processor.py:830} INFO - Processing file /opt/airflow/dags/pipeline.py for tasks to queue
[2026-04-06T09:13:09.430+0000] {logging_mixin.py:188} INFO - [2026-04-06T09:13:09.429+0000] {dagbag.py:545} INFO - Filling up the DagBag from /opt/airflow/dags/pipeline.py
[2026-04-06T09:13:10.915+0000] {processor.py:840} INFO - DAG(s) 'pipeline' retrieved from /opt/airflow/dags/pipeline.py
[2026-04-06T09:13:10.998+0000] {logging_mixin.py:188} INFO - [2026-04-06T09:13:10.998+0000] {dag.py:3089} INFO - Sync 1 DAGs
[2026-04-06T09:13:11.035+0000] {logging_mixin.py:188} INFO - [2026-04-06T09:13:11.035+0000] {dag.py:3947} INFO - Setting next_dagrun for pipeline to 2026-04-06 00:00:00+00:00, run_after=2026-04-07 00:00:00+00:00
[2026-04-06T09:13:11.073+0000] {processor.py:183} INFO - Processing /opt/airflow/dags/pipeline.py took 1.666 seconds
[2026-04-06T09:13:41.400+0000] {processor.py:161} INFO - Started process (PID=684) to work on /opt/airflow/dags/pipeline.py
[2026-04-06T09:13:41.402+0000] {processor.py:830} INFO - Processing file /opt/airflow/dags/pipeline.py for tasks to queue
[2026-04-06T09:13:41.406+0000] {logging_mixin.py:188} INFO - [2026-04-06T09:13:41.406+0000] {dagbag.py:545} INFO - Filling up the DagBag from /opt/airflow/dags/pipeline.py
[2026-04-06T09:13:42.583+0000] {processor.py:840} INFO - DAG(s) 'pipeline' retrieved from /opt/airflow/dags/pipeline.py
[2026-04-06T09:13:42.692+0000] {logging_mixin.py:188} INFO - [2026-04-06T09:13:42.691+0000] {dag.py:3089} INFO - Sync 1 DAGs
[2026-04-06T09:13:42.766+0000] {logging_mixin.py:188} INFO - [2026-04-06T09:13:42.766+0000] {dag.py:3947} INFO - Setting next_dagrun for pipeline to 2026-04-06 00:00:00+00:00, run_after=2026-04-07 00:00:00+00:00
[2026-04-06T09:13:42.819+0000] {processor.py:183} INFO - Processing /opt/airflow/dags/pipeline.py took 1.434 seconds
[2026-04-06T09:14:13.182+0000] {processor.py:161} INFO - Started process (PID=690) to work on /opt/airflow/dags/pipeline.py
[2026-04-06T09:14:13.184+0000] {processor.py:830} INFO - Processing file /opt/airflow/dags/pipeline.py for tasks to queue
[2026-04-06T09:14:13.187+0000] {logging_mixin.py:188} INFO - [2026-04-06T09:14:13.187+0000] {dagbag.py:545} INFO - Filling up the DagBag from /opt/airflow/dags/pipeline.py
[2026-04-06T09:14:14.348+0000] {processor.py:840} INFO - DAG(s) 'pipeline' retrieved from /opt/airflow/dags/pipeline.py
[2026-04-06T09:14:14.544+0000] {logging_mixin.py:188} INFO - [2026-04-06T09:14:14.544+0000] {dag.py:3089} INFO - Sync 1 DAGs
[2026-04-06T09:14:14.587+0000] {logging_mixin.py:188} INFO - [2026-04-06T09:14:14.587+0000] {dag.py:3947} INFO - Setting next_dagrun for pipeline to 2026-04-06 00:00:00+00:00, run_after=2026-04-07 00:00:00+00:00
[2026-04-06T09:14:14.651+0000] {processor.py:183} INFO - Processing /opt/airflow/dags/pipeline.py took 1.481 seconds
[2026-04-06T09:14:45.008+0000] {processor.py:161} INFO - Started process (PID=696) to work on /opt/airflow/dags/pipeline.py
[2026-04-06T09:14:45.010+0000] {processor.py:830} INFO - Processing file /opt/airflow/dags/pipeline.py for tasks to queue
[2026-04-06T09:14:45.014+0000] {logging_mixin.py:188} INFO - [2026-04-06T09:14:45.013+0000] {dagbag.py:545} INFO - Filling up the DagBag from /opt/airflow/dags/pipeline.py
[2026-04-06T09:14:46.315+0000] {processor.py:840} INFO - DAG(s) 'pipeline' retrieved from /opt/airflow/dags/pipeline.py
[2026-04-06T09:14:46.404+0000] {logging_mixin.py:188} INFO - [2026-04-06T09:14:46.404+0000] {dag.py:3089} INFO - Sync 1 DAGs
[2026-04-06T09:14:46.440+0000] {logging_mixin.py:188} INFO - [2026-04-06T09:14:46.440+0000] {dag.py:3947} INFO - Setting next_dagrun for pipeline to 2026-04-06 00:00:00+00:00, run_after=2026-04-07 00:00:00+00:00
[2026-04-06T09:14:46.492+0000] {processor.py:183} INFO - Processing /opt/airflow/dags/pipeline.py took 1.495 seconds
[2026-04-06T09:15:16.871+0000] {processor.py:161} INFO - Started process (PID=702) to work on /opt/airflow/dags/pipeline.py
[2026-04-06T09:15:16.873+0000] {processor.py:830} INFO - Processing file /opt/airflow/dags/pipeline.py for tasks to queue
[2026-04-06T09:15:16.876+0000] {logging_mixin.py:188} INFO - [2026-04-06T09:15:16.876+0000] {dagbag.py:545} INFO - Filling up the DagBag from /opt/airflow/dags/pipeline.py
[2026-04-06T09:15:18.231+0000] {processor.py:840} INFO - DAG(s) 'pipeline' retrieved from /opt/airflow/dags/pipeline.py
[2026-04-06T09:15:18.320+0000] {logging_mixin.py:188} INFO - [2026-04-06T09:15:18.320+0000] {dag.py:3089} INFO - Sync 1 DAGs
[2026-04-06T09:15:18.365+0000] {logging_mixin.py:188} INFO - [2026-04-06T09:15:18.365+0000] {dag.py:3947} INFO - Setting next_dagrun for pipeline to 2026-04-06 00:00:00+00:00, run_after=2026-04-07 00:00:00+00:00
[2026-04-06T09:15:18.428+0000] {processor.py:183} INFO - Processing /opt/airflow/dags/pipeline.py took 1.570 seconds
[2026-04-06T09:15:48.983+0000] {processor.py:161} INFO - Started process (PID=717) to work on /opt/airflow/dags/pipeline.py
[2026-04-06T09:15:48.992+0000] {processor.py:830} INFO - Processing file /opt/airflow/dags/pipeline.py for tasks to queue
[2026-04-06T09:15:49.010+0000] {logging_mixin.py:188} INFO - [2026-04-06T09:15:49.007+0000] {dagbag.py:545} INFO - Filling up the DagBag from /opt/airflow/dags/pipeline.py
[2026-04-06T09:15:49.121+0000] {logging_mixin.py:188} INFO - [2026-04-06T09:15:49.096+0000] {dagbag.py:355} ERROR - Failed to import: /opt/airflow/dags/pipeline.py
Traceback (most recent call last):
  File "/home/airflow/.local/lib/python3.10/site-packages/airflow/models/dagbag.py", line 351, in parse
    loader.exec_module(new_module)
  File "<frozen importlib._bootstrap_external>", line 883, in exec_module
  File "<frozen importlib._bootstrap>", line 241, in _call_with_frames_removed
  File "/opt/airflow/dags/pipeline.py", line 22, in <module>
    from scripts.ingestion_data import load_to_postgres
  File "/opt/airflow/scripts/ingestion_data.py", line 53
    pipeline = dlt.pipeline(
SyntaxError: expected 'except' or 'finally' block
[2026-04-06T09:15:49.123+0000] {processor.py:842} WARNING - No viable dags retrieved from /opt/airflow/dags/pipeline.py
[2026-04-06T09:15:49.288+0000] {processor.py:183} INFO - Processing /opt/airflow/dags/pipeline.py took 0.358 seconds
[2026-04-06T09:16:19.456+0000] {processor.py:161} INFO - Started process (PID=723) to work on /opt/airflow/dags/pipeline.py
[2026-04-06T09:16:19.458+0000] {processor.py:830} INFO - Processing file /opt/airflow/dags/pipeline.py for tasks to queue
[2026-04-06T09:16:19.470+0000] {logging_mixin.py:188} INFO - [2026-04-06T09:16:19.469+0000] {dagbag.py:545} INFO - Filling up the DagBag from /opt/airflow/dags/pipeline.py
[2026-04-06T09:16:19.537+0000] {logging_mixin.py:188} INFO - [2026-04-06T09:16:19.532+0000] {dagbag.py:355} ERROR - Failed to import: /opt/airflow/dags/pipeline.py
Traceback (most recent call last):
  File "/home/airflow/.local/lib/python3.10/site-packages/airflow/models/dagbag.py", line 351, in parse
    loader.exec_module(new_module)
  File "<frozen importlib._bootstrap_external>", line 883, in exec_module
  File "<frozen importlib._bootstrap>", line 241, in _call_with_frames_removed
  File "/opt/airflow/dags/pipeline.py", line 22, in <module>
    from scripts.ingestion_data import load_to_postgres
  File "/opt/airflow/scripts/ingestion_data.py", line 54
    pipeline = dlt.pipeline(
SyntaxError: expected 'except' or 'finally' block
[2026-04-06T09:16:19.539+0000] {processor.py:842} WARNING - No viable dags retrieved from /opt/airflow/dags/pipeline.py
[2026-04-06T09:16:19.672+0000] {processor.py:183} INFO - Processing /opt/airflow/dags/pipeline.py took 0.229 seconds
[2026-04-06T09:16:50.103+0000] {processor.py:161} INFO - Started process (PID=728) to work on /opt/airflow/dags/pipeline.py
[2026-04-06T09:16:50.107+0000] {processor.py:830} INFO - Processing file /opt/airflow/dags/pipeline.py for tasks to queue
[2026-04-06T09:16:50.114+0000] {logging_mixin.py:188} INFO - [2026-04-06T09:16:50.113+0000] {dagbag.py:545} INFO - Filling up the DagBag from /opt/airflow/dags/pipeline.py
[2026-04-06T09:16:53.710+0000] {logging_mixin.py:188} INFO - [2026-04-06T09:16:53.698+0000] {dagbag.py:355} ERROR - Failed to import: /opt/airflow/dags/pipeline.py
Traceback (most recent call last):
  File "/home/airflow/.local/lib/python3.10/site-packages/airflow/models/dagbag.py", line 351, in parse
    loader.exec_module(new_module)
  File "<frozen importlib._bootstrap_external>", line 883, in exec_module
  File "<frozen importlib._bootstrap>", line 241, in _call_with_frames_removed
  File "/opt/airflow/dags/pipeline.py", line 22, in <module>
    from scripts.ingestion_data import load_to_postgres
  File "/opt/airflow/scripts/ingestion_data.py", line 5, in <module>
    from dlt.common.naming import DirectNamingConvention # Import à ajouter
ModuleNotFoundError: No module named 'dlt.common.naming'
[2026-04-06T09:16:53.714+0000] {processor.py:842} WARNING - No viable dags retrieved from /opt/airflow/dags/pipeline.py
[2026-04-06T09:16:53.816+0000] {processor.py:183} INFO - Processing /opt/airflow/dags/pipeline.py took 3.739 seconds
[2026-04-06T09:17:24.118+0000] {processor.py:161} INFO - Started process (PID=734) to work on /opt/airflow/dags/pipeline.py
[2026-04-06T09:17:24.120+0000] {processor.py:830} INFO - Processing file /opt/airflow/dags/pipeline.py for tasks to queue
[2026-04-06T09:17:24.121+0000] {logging_mixin.py:188} INFO - [2026-04-06T09:17:24.121+0000] {dagbag.py:545} INFO - Filling up the DagBag from /opt/airflow/dags/pipeline.py
[2026-04-06T09:17:25.479+0000] {logging_mixin.py:188} INFO - [2026-04-06T09:17:25.469+0000] {dagbag.py:355} ERROR - Failed to import: /opt/airflow/dags/pipeline.py
Traceback (most recent call last):
  File "/home/airflow/.local/lib/python3.10/site-packages/airflow/models/dagbag.py", line 351, in parse
    loader.exec_module(new_module)
  File "<frozen importlib._bootstrap_external>", line 883, in exec_module
  File "<frozen importlib._bootstrap>", line 241, in _call_with_frames_removed
  File "/opt/airflow/dags/pipeline.py", line 22, in <module>
    from scripts.ingestion_data import load_to_postgres
  File "/opt/airflow/scripts/ingestion_data.py", line 5, in <module>
    from dlt.common.naming import DirectNamingConvention # Import à ajouter
ModuleNotFoundError: No module named 'dlt.common.naming'
[2026-04-06T09:17:25.483+0000] {processor.py:842} WARNING - No viable dags retrieved from /opt/airflow/dags/pipeline.py
[2026-04-06T09:17:25.611+0000] {processor.py:183} INFO - Processing /opt/airflow/dags/pipeline.py took 1.513 seconds
[2026-04-06T09:17:56.038+0000] {processor.py:161} INFO - Started process (PID=740) to work on /opt/airflow/dags/pipeline.py
[2026-04-06T09:17:56.040+0000] {processor.py:830} INFO - Processing file /opt/airflow/dags/pipeline.py for tasks to queue
[2026-04-06T09:17:56.041+0000] {logging_mixin.py:188} INFO - [2026-04-06T09:17:56.041+0000] {dagbag.py:545} INFO - Filling up the DagBag from /opt/airflow/dags/pipeline.py
[2026-04-06T09:17:57.756+0000] {logging_mixin.py:188} INFO - [2026-04-06T09:17:57.745+0000] {dagbag.py:355} ERROR - Failed to import: /opt/airflow/dags/pipeline.py
Traceback (most recent call last):
  File "/home/airflow/.local/lib/python3.10/site-packages/airflow/models/dagbag.py", line 351, in parse
    loader.exec_module(new_module)
  File "<frozen importlib._bootstrap_external>", line 883, in exec_module
  File "<frozen importlib._bootstrap>", line 241, in _call_with_frames_removed
  File "/opt/airflow/dags/pipeline.py", line 22, in <module>
    from scripts.ingestion_data import load_to_postgres
  File "/opt/airflow/scripts/ingestion_data.py", line 5, in <module>
    from dlt.common.naming import DirectNamingConvention # Import à ajouter
ModuleNotFoundError: No module named 'dlt.common.naming'
[2026-04-06T09:17:57.759+0000] {processor.py:842} WARNING - No viable dags retrieved from /opt/airflow/dags/pipeline.py
[2026-04-06T09:17:57.846+0000] {processor.py:183} INFO - Processing /opt/airflow/dags/pipeline.py took 1.824 seconds
[2026-04-06T09:18:28.428+0000] {processor.py:161} INFO - Started process (PID=746) to work on /opt/airflow/dags/pipeline.py
[2026-04-06T09:18:28.431+0000] {processor.py:830} INFO - Processing file /opt/airflow/dags/pipeline.py for tasks to queue
[2026-04-06T09:18:28.438+0000] {logging_mixin.py:188} INFO - [2026-04-06T09:18:28.436+0000] {dagbag.py:545} INFO - Filling up the DagBag from /opt/airflow/dags/pipeline.py
[2026-04-06T09:18:30.555+0000] {logging_mixin.py:188} INFO - [2026-04-06T09:18:30.539+0000] {dagbag.py:355} ERROR - Failed to import: /opt/airflow/dags/pipeline.py
Traceback (most recent call last):
  File "/home/airflow/.local/lib/python3.10/site-packages/airflow/models/dagbag.py", line 351, in parse
    loader.exec_module(new_module)
  File "<frozen importlib._bootstrap_external>", line 883, in exec_module
  File "<frozen importlib._bootstrap>", line 241, in _call_with_frames_removed
  File "/opt/airflow/dags/pipeline.py", line 22, in <module>
    from scripts.ingestion_data import load_to_postgres
  File "/opt/airflow/scripts/ingestion_data.py", line 5, in <module>
    from dlt.common.naming import DirectNamingConvention # Import à ajouter
ModuleNotFoundError: No module named 'dlt.common.naming'
[2026-04-06T09:18:30.559+0000] {processor.py:842} WARNING - No viable dags retrieved from /opt/airflow/dags/pipeline.py
[2026-04-06T09:18:30.665+0000] {processor.py:183} INFO - Processing /opt/airflow/dags/pipeline.py took 2.255 seconds
[2026-04-06T09:19:00.929+0000] {processor.py:161} INFO - Started process (PID=752) to work on /opt/airflow/dags/pipeline.py
[2026-04-06T09:19:00.931+0000] {processor.py:830} INFO - Processing file /opt/airflow/dags/pipeline.py for tasks to queue
[2026-04-06T09:19:00.933+0000] {logging_mixin.py:188} INFO - [2026-04-06T09:19:00.932+0000] {dagbag.py:545} INFO - Filling up the DagBag from /opt/airflow/dags/pipeline.py
[2026-04-06T09:19:02.184+0000] {logging_mixin.py:188} INFO - [2026-04-06T09:19:02.173+0000] {dagbag.py:355} ERROR - Failed to import: /opt/airflow/dags/pipeline.py
Traceback (most recent call last):
  File "/home/airflow/.local/lib/python3.10/site-packages/airflow/models/dagbag.py", line 351, in parse
    loader.exec_module(new_module)
  File "<frozen importlib._bootstrap_external>", line 883, in exec_module
  File "<frozen importlib._bootstrap>", line 241, in _call_with_frames_removed
  File "/opt/airflow/dags/pipeline.py", line 22, in <module>
    from scripts.ingestion_data import load_to_postgres
  File "/opt/airflow/scripts/ingestion_data.py", line 5, in <module>
    from dlt.common.naming import DirectNamingConvention # Import à ajouter
ModuleNotFoundError: No module named 'dlt.common.naming'
[2026-04-06T09:19:02.188+0000] {processor.py:842} WARNING - No viable dags retrieved from /opt/airflow/dags/pipeline.py
[2026-04-06T09:19:02.273+0000] {processor.py:183} INFO - Processing /opt/airflow/dags/pipeline.py took 1.353 seconds
[2026-04-06T09:19:32.659+0000] {processor.py:161} INFO - Started process (PID=758) to work on /opt/airflow/dags/pipeline.py
[2026-04-06T09:19:32.663+0000] {processor.py:830} INFO - Processing file /opt/airflow/dags/pipeline.py for tasks to queue
[2026-04-06T09:19:32.667+0000] {logging_mixin.py:188} INFO - [2026-04-06T09:19:32.667+0000] {dagbag.py:545} INFO - Filling up the DagBag from /opt/airflow/dags/pipeline.py
[2026-04-06T09:19:34.398+0000] {logging_mixin.py:188} INFO - [2026-04-06T09:19:34.349+0000] {dagbag.py:355} ERROR - Failed to import: /opt/airflow/dags/pipeline.py
Traceback (most recent call last):
  File "/home/airflow/.local/lib/python3.10/site-packages/airflow/models/dagbag.py", line 351, in parse
    loader.exec_module(new_module)
  File "<frozen importlib._bootstrap_external>", line 883, in exec_module
  File "<frozen importlib._bootstrap>", line 241, in _call_with_frames_removed
  File "/opt/airflow/dags/pipeline.py", line 22, in <module>
    from scripts.ingestion_data import load_to_postgres
  File "/opt/airflow/scripts/ingestion_data.py", line 5, in <module>
    from dlt.common.naming import DirectNamingConvention # Import à ajouter
ModuleNotFoundError: No module named 'dlt.common.naming'
[2026-04-06T09:19:34.402+0000] {processor.py:842} WARNING - No viable dags retrieved from /opt/airflow/dags/pipeline.py
[2026-04-06T09:19:34.567+0000] {processor.py:183} INFO - Processing /opt/airflow/dags/pipeline.py took 1.928 seconds
[2026-04-06T09:20:05.120+0000] {processor.py:161} INFO - Started process (PID=764) to work on /opt/airflow/dags/pipeline.py
[2026-04-06T09:20:05.122+0000] {processor.py:830} INFO - Processing file /opt/airflow/dags/pipeline.py for tasks to queue
[2026-04-06T09:20:05.124+0000] {logging_mixin.py:188} INFO - [2026-04-06T09:20:05.123+0000] {dagbag.py:545} INFO - Filling up the DagBag from /opt/airflow/dags/pipeline.py
[2026-04-06T09:20:06.698+0000] {logging_mixin.py:188} INFO - [2026-04-06T09:20:06.688+0000] {dagbag.py:355} ERROR - Failed to import: /opt/airflow/dags/pipeline.py
Traceback (most recent call last):
  File "/home/airflow/.local/lib/python3.10/site-packages/airflow/models/dagbag.py", line 351, in parse
    loader.exec_module(new_module)
  File "<frozen importlib._bootstrap_external>", line 883, in exec_module
  File "<frozen importlib._bootstrap>", line 241, in _call_with_frames_removed
  File "/opt/airflow/dags/pipeline.py", line 22, in <module>
    from scripts.ingestion_data import load_to_postgres
  File "/opt/airflow/scripts/ingestion_data.py", line 5, in <module>
    from dlt.common.naming import DirectNamingConvention # Import à ajouter
ModuleNotFoundError: No module named 'dlt.common.naming'
[2026-04-06T09:20:06.701+0000] {processor.py:842} WARNING - No viable dags retrieved from /opt/airflow/dags/pipeline.py
[2026-04-06T09:20:06.772+0000] {processor.py:183} INFO - Processing /opt/airflow/dags/pipeline.py took 1.662 seconds
[2026-04-06T09:20:37.433+0000] {processor.py:161} INFO - Started process (PID=770) to work on /opt/airflow/dags/pipeline.py
[2026-04-06T09:20:37.435+0000] {processor.py:830} INFO - Processing file /opt/airflow/dags/pipeline.py for tasks to queue
[2026-04-06T09:20:37.437+0000] {logging_mixin.py:188} INFO - [2026-04-06T09:20:37.436+0000] {dagbag.py:545} INFO - Filling up the DagBag from /opt/airflow/dags/pipeline.py
[2026-04-06T09:20:39.715+0000] {logging_mixin.py:188} INFO - [2026-04-06T09:20:39.706+0000] {dagbag.py:355} ERROR - Failed to import: /opt/airflow/dags/pipeline.py
Traceback (most recent call last):
  File "/home/airflow/.local/lib/python3.10/site-packages/airflow/models/dagbag.py", line 351, in parse
    loader.exec_module(new_module)
  File "<frozen importlib._bootstrap_external>", line 883, in exec_module
  File "<frozen importlib._bootstrap>", line 241, in _call_with_frames_removed
  File "/opt/airflow/dags/pipeline.py", line 22, in <module>
    from scripts.ingestion_data import load_to_postgres
  File "/opt/airflow/scripts/ingestion_data.py", line 5, in <module>
    from dlt.common.naming import DirectNamingConvention # Import à ajouter
ModuleNotFoundError: No module named 'dlt.common.naming'
[2026-04-06T09:20:39.717+0000] {processor.py:842} WARNING - No viable dags retrieved from /opt/airflow/dags/pipeline.py
[2026-04-06T09:20:39.935+0000] {processor.py:183} INFO - Processing /opt/airflow/dags/pipeline.py took 2.514 seconds
[2026-04-06T09:21:10.581+0000] {processor.py:161} INFO - Started process (PID=776) to work on /opt/airflow/dags/pipeline.py
[2026-04-06T09:21:10.584+0000] {processor.py:830} INFO - Processing file /opt/airflow/dags/pipeline.py for tasks to queue
[2026-04-06T09:21:10.588+0000] {logging_mixin.py:188} INFO - [2026-04-06T09:21:10.587+0000] {dagbag.py:545} INFO - Filling up the DagBag from /opt/airflow/dags/pipeline.py
[2026-04-06T09:21:12.648+0000] {logging_mixin.py:188} INFO - [2026-04-06T09:21:12.637+0000] {dagbag.py:355} ERROR - Failed to import: /opt/airflow/dags/pipeline.py
Traceback (most recent call last):
  File "/home/airflow/.local/lib/python3.10/site-packages/airflow/models/dagbag.py", line 351, in parse
    loader.exec_module(new_module)
  File "<frozen importlib._bootstrap_external>", line 883, in exec_module
  File "<frozen importlib._bootstrap>", line 241, in _call_with_frames_removed
  File "/opt/airflow/dags/pipeline.py", line 22, in <module>
    from scripts.ingestion_data import load_to_postgres
  File "/opt/airflow/scripts/ingestion_data.py", line 5, in <module>
    from dlt.common.naming import DirectNamingConvention # Import à ajouter
ModuleNotFoundError: No module named 'dlt.common.naming'
[2026-04-06T09:21:12.651+0000] {processor.py:842} WARNING - No viable dags retrieved from /opt/airflow/dags/pipeline.py
[2026-04-06T09:21:12.805+0000] {processor.py:183} INFO - Processing /opt/airflow/dags/pipeline.py took 2.247 seconds
[2026-04-06T09:21:43.421+0000] {processor.py:161} INFO - Started process (PID=782) to work on /opt/airflow/dags/pipeline.py
[2026-04-06T09:21:43.423+0000] {processor.py:830} INFO - Processing file /opt/airflow/dags/pipeline.py for tasks to queue
[2026-04-06T09:21:43.425+0000] {logging_mixin.py:188} INFO - [2026-04-06T09:21:43.424+0000] {dagbag.py:545} INFO - Filling up the DagBag from /opt/airflow/dags/pipeline.py
[2026-04-06T09:21:44.528+0000] {logging_mixin.py:188} INFO - [2026-04-06T09:21:44.518+0000] {dagbag.py:355} ERROR - Failed to import: /opt/airflow/dags/pipeline.py
Traceback (most recent call last):
  File "/home/airflow/.local/lib/python3.10/site-packages/airflow/models/dagbag.py", line 351, in parse
    loader.exec_module(new_module)
  File "<frozen importlib._bootstrap_external>", line 883, in exec_module
  File "<frozen importlib._bootstrap>", line 241, in _call_with_frames_removed
  File "/opt/airflow/dags/pipeline.py", line 22, in <module>
    from scripts.ingestion_data import load_to_postgres
  File "/opt/airflow/scripts/ingestion_data.py", line 5, in <module>
    from dlt.common.naming import DirectNamingConvention # Import à ajouter
ModuleNotFoundError: No module named 'dlt.common.naming'
[2026-04-06T09:21:44.531+0000] {processor.py:842} WARNING - No viable dags retrieved from /opt/airflow/dags/pipeline.py
[2026-04-06T09:21:44.621+0000] {processor.py:183} INFO - Processing /opt/airflow/dags/pipeline.py took 1.211 seconds
[2026-04-06T09:22:15.226+0000] {processor.py:161} INFO - Started process (PID=788) to work on /opt/airflow/dags/pipeline.py
[2026-04-06T09:22:15.230+0000] {processor.py:830} INFO - Processing file /opt/airflow/dags/pipeline.py for tasks to queue
[2026-04-06T09:22:15.234+0000] {logging_mixin.py:188} INFO - [2026-04-06T09:22:15.233+0000] {dagbag.py:545} INFO - Filling up the DagBag from /opt/airflow/dags/pipeline.py
[2026-04-06T09:22:16.642+0000] {logging_mixin.py:188} INFO - [2026-04-06T09:22:16.634+0000] {dagbag.py:355} ERROR - Failed to import: /opt/airflow/dags/pipeline.py
Traceback (most recent call last):
  File "/home/airflow/.local/lib/python3.10/site-packages/airflow/models/dagbag.py", line 351, in parse
    loader.exec_module(new_module)
  File "<frozen importlib._bootstrap_external>", line 883, in exec_module
  File "<frozen importlib._bootstrap>", line 241, in _call_with_frames_removed
  File "/opt/airflow/dags/pipeline.py", line 22, in <module>
    from scripts.ingestion_data import load_to_postgres
  File "/opt/airflow/scripts/ingestion_data.py", line 5, in <module>
    from dlt.common.naming import DirectNamingConvention # Import à ajouter
ModuleNotFoundError: No module named 'dlt.common.naming'
[2026-04-06T09:22:16.644+0000] {processor.py:842} WARNING - No viable dags retrieved from /opt/airflow/dags/pipeline.py
[2026-04-06T09:22:16.751+0000] {processor.py:183} INFO - Processing /opt/airflow/dags/pipeline.py took 1.551 seconds
[2026-04-06T09:22:46.935+0000] {processor.py:161} INFO - Started process (PID=794) to work on /opt/airflow/dags/pipeline.py
[2026-04-06T09:22:46.938+0000] {processor.py:830} INFO - Processing file /opt/airflow/dags/pipeline.py for tasks to queue
[2026-04-06T09:22:46.940+0000] {logging_mixin.py:188} INFO - [2026-04-06T09:22:46.939+0000] {dagbag.py:545} INFO - Filling up the DagBag from /opt/airflow/dags/pipeline.py
[2026-04-06T09:22:48.037+0000] {logging_mixin.py:188} INFO - [2026-04-06T09:22:48.027+0000] {dagbag.py:355} ERROR - Failed to import: /opt/airflow/dags/pipeline.py
Traceback (most recent call last):
  File "/home/airflow/.local/lib/python3.10/site-packages/airflow/models/dagbag.py", line 351, in parse
    loader.exec_module(new_module)
  File "<frozen importlib._bootstrap_external>", line 883, in exec_module
  File "<frozen importlib._bootstrap>", line 241, in _call_with_frames_removed
  File "/opt/airflow/dags/pipeline.py", line 22, in <module>
    from scripts.ingestion_data import load_to_postgres
  File "/opt/airflow/scripts/ingestion_data.py", line 5, in <module>
    from dlt.common.naming import DirectNamingConvention # Import à ajouter
ModuleNotFoundError: No module named 'dlt.common.naming'
[2026-04-06T09:22:48.040+0000] {processor.py:842} WARNING - No viable dags retrieved from /opt/airflow/dags/pipeline.py
[2026-04-06T09:22:48.135+0000] {processor.py:183} INFO - Processing /opt/airflow/dags/pipeline.py took 1.216 seconds
[2026-04-06T09:23:18.703+0000] {processor.py:161} INFO - Started process (PID=800) to work on /opt/airflow/dags/pipeline.py
[2026-04-06T09:23:18.705+0000] {processor.py:830} INFO - Processing file /opt/airflow/dags/pipeline.py for tasks to queue
[2026-04-06T09:23:18.706+0000] {logging_mixin.py:188} INFO - [2026-04-06T09:23:18.706+0000] {dagbag.py:545} INFO - Filling up the DagBag from /opt/airflow/dags/pipeline.py
[2026-04-06T09:23:20.098+0000] {logging_mixin.py:188} INFO - [2026-04-06T09:23:20.079+0000] {dagbag.py:355} ERROR - Failed to import: /opt/airflow/dags/pipeline.py
Traceback (most recent call last):
  File "/home/airflow/.local/lib/python3.10/site-packages/airflow/models/dagbag.py", line 351, in parse
    loader.exec_module(new_module)
  File "<frozen importlib._bootstrap_external>", line 883, in exec_module
  File "<frozen importlib._bootstrap>", line 241, in _call_with_frames_removed
  File "/opt/airflow/dags/pipeline.py", line 22, in <module>
    from scripts.ingestion_data import load_to_postgres
  File "/opt/airflow/scripts/ingestion_data.py", line 5, in <module>
    from dlt.common.naming import DirectNamingConvention # Import à ajouter
ModuleNotFoundError: No module named 'dlt.common.naming'
[2026-04-06T09:23:20.100+0000] {processor.py:842} WARNING - No viable dags retrieved from /opt/airflow/dags/pipeline.py
[2026-04-06T09:23:20.194+0000] {processor.py:183} INFO - Processing /opt/airflow/dags/pipeline.py took 1.505 seconds
[2026-04-06T09:23:50.410+0000] {processor.py:161} INFO - Started process (PID=806) to work on /opt/airflow/dags/pipeline.py
[2026-04-06T09:23:50.412+0000] {processor.py:830} INFO - Processing file /opt/airflow/dags/pipeline.py for tasks to queue
[2026-04-06T09:23:50.413+0000] {logging_mixin.py:188} INFO - [2026-04-06T09:23:50.413+0000] {dagbag.py:545} INFO - Filling up the DagBag from /opt/airflow/dags/pipeline.py
[2026-04-06T09:23:51.522+0000] {logging_mixin.py:188} INFO - [2026-04-06T09:23:51.512+0000] {dagbag.py:355} ERROR - Failed to import: /opt/airflow/dags/pipeline.py
Traceback (most recent call last):
  File "/home/airflow/.local/lib/python3.10/site-packages/airflow/models/dagbag.py", line 351, in parse
    loader.exec_module(new_module)
  File "<frozen importlib._bootstrap_external>", line 883, in exec_module
  File "<frozen importlib._bootstrap>", line 241, in _call_with_frames_removed
  File "/opt/airflow/dags/pipeline.py", line 22, in <module>
    from scripts.ingestion_data import load_to_postgres
  File "/opt/airflow/scripts/ingestion_data.py", line 5, in <module>
    from dlt.common.naming import DirectNamingConvention # Import à ajouter
ModuleNotFoundError: No module named 'dlt.common.naming'
[2026-04-06T09:23:51.525+0000] {processor.py:842} WARNING - No viable dags retrieved from /opt/airflow/dags/pipeline.py
[2026-04-06T09:23:51.833+0000] {processor.py:183} INFO - Processing /opt/airflow/dags/pipeline.py took 1.435 seconds
[2026-04-06T09:24:22.588+0000] {processor.py:161} INFO - Started process (PID=812) to work on /opt/airflow/dags/pipeline.py
[2026-04-06T09:24:22.593+0000] {processor.py:830} INFO - Processing file /opt/airflow/dags/pipeline.py for tasks to queue
[2026-04-06T09:24:22.597+0000] {logging_mixin.py:188} INFO - [2026-04-06T09:24:22.596+0000] {dagbag.py:545} INFO - Filling up the DagBag from /opt/airflow/dags/pipeline.py
[2026-04-06T09:24:23.972+0000] {logging_mixin.py:188} INFO - [2026-04-06T09:24:23.951+0000] {dagbag.py:355} ERROR - Failed to import: /opt/airflow/dags/pipeline.py
Traceback (most recent call last):
  File "/home/airflow/.local/lib/python3.10/site-packages/airflow/models/dagbag.py", line 351, in parse
    loader.exec_module(new_module)
  File "<frozen importlib._bootstrap_external>", line 883, in exec_module
  File "<frozen importlib._bootstrap>", line 241, in _call_with_frames_removed
  File "/opt/airflow/dags/pipeline.py", line 22, in <module>
    from scripts.ingestion_data import load_to_postgres
  File "/opt/airflow/scripts/ingestion_data.py", line 5, in <module>
    from dlt.common.naming import DirectNamingConvention # Import à ajouter
ModuleNotFoundError: No module named 'dlt.common.naming'
[2026-04-06T09:24:23.974+0000] {processor.py:842} WARNING - No viable dags retrieved from /opt/airflow/dags/pipeline.py
[2026-04-06T09:24:24.056+0000] {processor.py:183} INFO - Processing /opt/airflow/dags/pipeline.py took 1.494 seconds
[2026-04-06T09:24:54.317+0000] {processor.py:161} INFO - Started process (PID=818) to work on /opt/airflow/dags/pipeline.py
[2026-04-06T09:24:54.319+0000] {processor.py:830} INFO - Processing file /opt/airflow/dags/pipeline.py for tasks to queue
[2026-04-06T09:24:54.321+0000] {logging_mixin.py:188} INFO - [2026-04-06T09:24:54.321+0000] {dagbag.py:545} INFO - Filling up the DagBag from /opt/airflow/dags/pipeline.py
[2026-04-06T09:24:55.592+0000] {logging_mixin.py:188} INFO - [2026-04-06T09:24:55.581+0000] {dagbag.py:355} ERROR - Failed to import: /opt/airflow/dags/pipeline.py
Traceback (most recent call last):
  File "/home/airflow/.local/lib/python3.10/site-packages/airflow/models/dagbag.py", line 351, in parse
    loader.exec_module(new_module)
  File "<frozen importlib._bootstrap_external>", line 883, in exec_module
  File "<frozen importlib._bootstrap>", line 241, in _call_with_frames_removed
  File "/opt/airflow/dags/pipeline.py", line 22, in <module>
    from scripts.ingestion_data import load_to_postgres
  File "/opt/airflow/scripts/ingestion_data.py", line 5, in <module>
    from dlt.common.naming import DirectNamingConvention # Import à ajouter
ModuleNotFoundError: No module named 'dlt.common.naming'
[2026-04-06T09:24:55.594+0000] {processor.py:842} WARNING - No viable dags retrieved from /opt/airflow/dags/pipeline.py
[2026-04-06T09:24:55.696+0000] {processor.py:183} INFO - Processing /opt/airflow/dags/pipeline.py took 1.395 seconds
[2026-04-06T09:25:26.387+0000] {processor.py:161} INFO - Started process (PID=824) to work on /opt/airflow/dags/pipeline.py
[2026-04-06T09:25:26.389+0000] {processor.py:830} INFO - Processing file /opt/airflow/dags/pipeline.py for tasks to queue
[2026-04-06T09:25:26.391+0000] {logging_mixin.py:188} INFO - [2026-04-06T09:25:26.390+0000] {dagbag.py:545} INFO - Filling up the DagBag from /opt/airflow/dags/pipeline.py
[2026-04-06T09:25:28.052+0000] {logging_mixin.py:188} INFO - [2026-04-06T09:25:28.043+0000] {dagbag.py:355} ERROR - Failed to import: /opt/airflow/dags/pipeline.py
Traceback (most recent call last):
  File "/home/airflow/.local/lib/python3.10/site-packages/airflow/models/dagbag.py", line 351, in parse
    loader.exec_module(new_module)
  File "<frozen importlib._bootstrap_external>", line 883, in exec_module
  File "<frozen importlib._bootstrap>", line 241, in _call_with_frames_removed
  File "/opt/airflow/dags/pipeline.py", line 22, in <module>
    from scripts.ingestion_data import load_to_postgres
  File "/opt/airflow/scripts/ingestion_data.py", line 5, in <module>
    from dlt.common.naming import DirectNamingConvention # Import à ajouter
ModuleNotFoundError: No module named 'dlt.common.naming'
[2026-04-06T09:25:28.055+0000] {processor.py:842} WARNING - No viable dags retrieved from /opt/airflow/dags/pipeline.py
[2026-04-06T09:25:28.152+0000] {processor.py:183} INFO - Processing /opt/airflow/dags/pipeline.py took 1.775 seconds
[2026-04-06T09:25:59.160+0000] {processor.py:161} INFO - Started process (PID=830) to work on /opt/airflow/dags/pipeline.py
[2026-04-06T09:25:59.162+0000] {processor.py:830} INFO - Processing file /opt/airflow/dags/pipeline.py for tasks to queue
[2026-04-06T09:25:59.164+0000] {logging_mixin.py:188} INFO - [2026-04-06T09:25:59.163+0000] {dagbag.py:545} INFO - Filling up the DagBag from /opt/airflow/dags/pipeline.py
[2026-04-06T09:26:00.323+0000] {logging_mixin.py:188} INFO - [2026-04-06T09:26:00.312+0000] {dagbag.py:355} ERROR - Failed to import: /opt/airflow/dags/pipeline.py
Traceback (most recent call last):
  File "/home/airflow/.local/lib/python3.10/site-packages/airflow/models/dagbag.py", line 351, in parse
    loader.exec_module(new_module)
  File "<frozen importlib._bootstrap_external>", line 883, in exec_module
  File "<frozen importlib._bootstrap>", line 241, in _call_with_frames_removed
  File "/opt/airflow/dags/pipeline.py", line 22, in <module>
    from scripts.ingestion_data import load_to_postgres
  File "/opt/airflow/scripts/ingestion_data.py", line 5, in <module>
    from dlt.common.naming import DirectNamingConvention # Import à ajouter
ModuleNotFoundError: No module named 'dlt.common.naming'
[2026-04-06T09:26:00.326+0000] {processor.py:842} WARNING - No viable dags retrieved from /opt/airflow/dags/pipeline.py
[2026-04-06T09:26:00.398+0000] {processor.py:183} INFO - Processing /opt/airflow/dags/pipeline.py took 1.253 seconds
[2026-04-06T09:26:30.881+0000] {processor.py:161} INFO - Started process (PID=836) to work on /opt/airflow/dags/pipeline.py
[2026-04-06T09:26:30.883+0000] {processor.py:830} INFO - Processing file /opt/airflow/dags/pipeline.py for tasks to queue
[2026-04-06T09:26:30.885+0000] {logging_mixin.py:188} INFO - [2026-04-06T09:26:30.884+0000] {dagbag.py:545} INFO - Filling up the DagBag from /opt/airflow/dags/pipeline.py
[2026-04-06T09:26:32.246+0000] {logging_mixin.py:188} INFO - [2026-04-06T09:26:32.218+0000] {dagbag.py:355} ERROR - Failed to import: /opt/airflow/dags/pipeline.py
Traceback (most recent call last):
  File "/home/airflow/.local/lib/python3.10/site-packages/airflow/models/dagbag.py", line 351, in parse
    loader.exec_module(new_module)
  File "<frozen importlib._bootstrap_external>", line 883, in exec_module
  File "<frozen importlib._bootstrap>", line 241, in _call_with_frames_removed
  File "/opt/airflow/dags/pipeline.py", line 22, in <module>
    from scripts.ingestion_data import load_to_postgres
  File "/opt/airflow/scripts/ingestion_data.py", line 5, in <module>
    from dlt.common.naming import DirectNamingConvention # Import à ajouter
ModuleNotFoundError: No module named 'dlt.common.naming'
[2026-04-06T09:26:32.254+0000] {processor.py:842} WARNING - No viable dags retrieved from /opt/airflow/dags/pipeline.py
[2026-04-06T09:26:32.387+0000] {processor.py:183} INFO - Processing /opt/airflow/dags/pipeline.py took 1.518 seconds
[2026-04-06T09:27:02.638+0000] {processor.py:161} INFO - Started process (PID=842) to work on /opt/airflow/dags/pipeline.py
[2026-04-06T09:27:02.640+0000] {processor.py:830} INFO - Processing file /opt/airflow/dags/pipeline.py for tasks to queue
[2026-04-06T09:27:02.642+0000] {logging_mixin.py:188} INFO - [2026-04-06T09:27:02.642+0000] {dagbag.py:545} INFO - Filling up the DagBag from /opt/airflow/dags/pipeline.py
[2026-04-06T09:27:03.737+0000] {logging_mixin.py:188} INFO - [2026-04-06T09:27:03.727+0000] {dagbag.py:355} ERROR - Failed to import: /opt/airflow/dags/pipeline.py
Traceback (most recent call last):
  File "/home/airflow/.local/lib/python3.10/site-packages/airflow/models/dagbag.py", line 351, in parse
    loader.exec_module(new_module)
  File "<frozen importlib._bootstrap_external>", line 883, in exec_module
  File "<frozen importlib._bootstrap>", line 241, in _call_with_frames_removed
  File "/opt/airflow/dags/pipeline.py", line 22, in <module>
    from scripts.ingestion_data import load_to_postgres
  File "/opt/airflow/scripts/ingestion_data.py", line 5, in <module>
    from dlt.common.naming import DirectNamingConvention # Import à ajouter
ModuleNotFoundError: No module named 'dlt.common.naming'
[2026-04-06T09:27:03.739+0000] {processor.py:842} WARNING - No viable dags retrieved from /opt/airflow/dags/pipeline.py
[2026-04-06T09:27:03.817+0000] {processor.py:183} INFO - Processing /opt/airflow/dags/pipeline.py took 1.189 seconds
[2026-04-06T09:27:34.268+0000] {processor.py:161} INFO - Started process (PID=848) to work on /opt/airflow/dags/pipeline.py
[2026-04-06T09:27:34.273+0000] {processor.py:830} INFO - Processing file /opt/airflow/dags/pipeline.py for tasks to queue
[2026-04-06T09:27:34.279+0000] {logging_mixin.py:188} INFO - [2026-04-06T09:27:34.277+0000] {dagbag.py:545} INFO - Filling up the DagBag from /opt/airflow/dags/pipeline.py
[2026-04-06T09:27:35.404+0000] {logging_mixin.py:188} INFO - [2026-04-06T09:27:35.394+0000] {dagbag.py:355} ERROR - Failed to import: /opt/airflow/dags/pipeline.py
Traceback (most recent call last):
  File "/home/airflow/.local/lib/python3.10/site-packages/airflow/models/dagbag.py", line 351, in parse
    loader.exec_module(new_module)
  File "<frozen importlib._bootstrap_external>", line 883, in exec_module
  File "<frozen importlib._bootstrap>", line 241, in _call_with_frames_removed
  File "/opt/airflow/dags/pipeline.py", line 22, in <module>
    from scripts.ingestion_data import load_to_postgres
  File "/opt/airflow/scripts/ingestion_data.py", line 5, in <module>
    from dlt.common.naming import DirectNamingConvention # Import à ajouter
ModuleNotFoundError: No module named 'dlt.common.naming'
[2026-04-06T09:27:35.406+0000] {processor.py:842} WARNING - No viable dags retrieved from /opt/airflow/dags/pipeline.py
[2026-04-06T09:27:35.483+0000] {processor.py:183} INFO - Processing /opt/airflow/dags/pipeline.py took 1.249 seconds
[2026-04-06T09:28:06.054+0000] {processor.py:161} INFO - Started process (PID=854) to work on /opt/airflow/dags/pipeline.py
[2026-04-06T09:28:06.056+0000] {processor.py:830} INFO - Processing file /opt/airflow/dags/pipeline.py for tasks to queue
[2026-04-06T09:28:06.058+0000] {logging_mixin.py:188} INFO - [2026-04-06T09:28:06.057+0000] {dagbag.py:545} INFO - Filling up the DagBag from /opt/airflow/dags/pipeline.py
[2026-04-06T09:28:07.395+0000] {logging_mixin.py:188} INFO - [2026-04-06T09:28:07.386+0000] {dagbag.py:355} ERROR - Failed to import: /opt/airflow/dags/pipeline.py
Traceback (most recent call last):
  File "/home/airflow/.local/lib/python3.10/site-packages/airflow/models/dagbag.py", line 351, in parse
    loader.exec_module(new_module)
  File "<frozen importlib._bootstrap_external>", line 883, in exec_module
  File "<frozen importlib._bootstrap>", line 241, in _call_with_frames_removed
  File "/opt/airflow/dags/pipeline.py", line 22, in <module>
    from scripts.ingestion_data import load_to_postgres
  File "/opt/airflow/scripts/ingestion_data.py", line 5, in <module>
    from dlt.common.naming import DirectNamingConvention # Import à ajouter
ModuleNotFoundError: No module named 'dlt.common.naming'
[2026-04-06T09:28:07.397+0000] {processor.py:842} WARNING - No viable dags retrieved from /opt/airflow/dags/pipeline.py
[2026-04-06T09:28:07.668+0000] {processor.py:183} INFO - Processing /opt/airflow/dags/pipeline.py took 1.627 seconds
[2026-04-06T09:28:38.423+0000] {processor.py:161} INFO - Started process (PID=860) to work on /opt/airflow/dags/pipeline.py
[2026-04-06T09:28:38.425+0000] {processor.py:830} INFO - Processing file /opt/airflow/dags/pipeline.py for tasks to queue
[2026-04-06T09:28:38.427+0000] {logging_mixin.py:188} INFO - [2026-04-06T09:28:38.426+0000] {dagbag.py:545} INFO - Filling up the DagBag from /opt/airflow/dags/pipeline.py
[2026-04-06T09:28:39.627+0000] {logging_mixin.py:188} INFO - [2026-04-06T09:28:39.605+0000] {dagbag.py:355} ERROR - Failed to import: /opt/airflow/dags/pipeline.py
Traceback (most recent call last):
  File "/home/airflow/.local/lib/python3.10/site-packages/airflow/models/dagbag.py", line 351, in parse
    loader.exec_module(new_module)
  File "<frozen importlib._bootstrap_external>", line 883, in exec_module
  File "<frozen importlib._bootstrap>", line 241, in _call_with_frames_removed
  File "/opt/airflow/dags/pipeline.py", line 22, in <module>
    from scripts.ingestion_data import load_to_postgres
  File "/opt/airflow/scripts/ingestion_data.py", line 5, in <module>
    from dlt.common.naming import DirectNamingConvention # Import à ajouter
ModuleNotFoundError: No module named 'dlt.common.naming'
[2026-04-06T09:28:39.630+0000] {processor.py:842} WARNING - No viable dags retrieved from /opt/airflow/dags/pipeline.py
[2026-04-06T09:28:39.704+0000] {processor.py:183} INFO - Processing /opt/airflow/dags/pipeline.py took 1.290 seconds
[2026-04-06T09:29:10.173+0000] {processor.py:161} INFO - Started process (PID=866) to work on /opt/airflow/dags/pipeline.py
[2026-04-06T09:29:10.175+0000] {processor.py:830} INFO - Processing file /opt/airflow/dags/pipeline.py for tasks to queue
[2026-04-06T09:29:10.178+0000] {logging_mixin.py:188} INFO - [2026-04-06T09:29:10.177+0000] {dagbag.py:545} INFO - Filling up the DagBag from /opt/airflow/dags/pipeline.py
[2026-04-06T09:29:11.679+0000] {logging_mixin.py:188} INFO - [2026-04-06T09:29:11.668+0000] {dagbag.py:355} ERROR - Failed to import: /opt/airflow/dags/pipeline.py
Traceback (most recent call last):
  File "/home/airflow/.local/lib/python3.10/site-packages/airflow/models/dagbag.py", line 351, in parse
    loader.exec_module(new_module)
  File "<frozen importlib._bootstrap_external>", line 883, in exec_module
  File "<frozen importlib._bootstrap>", line 241, in _call_with_frames_removed
  File "/opt/airflow/dags/pipeline.py", line 22, in <module>
    from scripts.ingestion_data import load_to_postgres
  File "/opt/airflow/scripts/ingestion_data.py", line 5, in <module>
    from dlt.common.naming import DirectNamingConvention # Import à ajouter
ModuleNotFoundError: No module named 'dlt.common.naming'
[2026-04-06T09:29:11.683+0000] {processor.py:842} WARNING - No viable dags retrieved from /opt/airflow/dags/pipeline.py
[2026-04-06T09:29:11.792+0000] {processor.py:183} INFO - Processing /opt/airflow/dags/pipeline.py took 1.632 seconds
[2026-04-06T09:29:42.583+0000] {processor.py:161} INFO - Started process (PID=872) to work on /opt/airflow/dags/pipeline.py
[2026-04-06T09:29:42.587+0000] {processor.py:830} INFO - Processing file /opt/airflow/dags/pipeline.py for tasks to queue
[2026-04-06T09:29:42.592+0000] {logging_mixin.py:188} INFO - [2026-04-06T09:29:42.591+0000] {dagbag.py:545} INFO - Filling up the DagBag from /opt/airflow/dags/pipeline.py
[2026-04-06T09:29:43.962+0000] {logging_mixin.py:188} INFO - [2026-04-06T09:29:43.952+0000] {dagbag.py:355} ERROR - Failed to import: /opt/airflow/dags/pipeline.py
Traceback (most recent call last):
  File "/home/airflow/.local/lib/python3.10/site-packages/airflow/models/dagbag.py", line 351, in parse
    loader.exec_module(new_module)
  File "<frozen importlib._bootstrap_external>", line 883, in exec_module
  File "<frozen importlib._bootstrap>", line 241, in _call_with_frames_removed
  File "/opt/airflow/dags/pipeline.py", line 22, in <module>
    from scripts.ingestion_data import load_to_postgres
  File "/opt/airflow/scripts/ingestion_data.py", line 5, in <module>
    from dlt.common.naming import DirectNamingConvention # Import à ajouter
ModuleNotFoundError: No module named 'dlt.common.naming'
[2026-04-06T09:29:43.965+0000] {processor.py:842} WARNING - No viable dags retrieved from /opt/airflow/dags/pipeline.py
[2026-04-06T09:29:44.036+0000] {processor.py:183} INFO - Processing /opt/airflow/dags/pipeline.py took 1.482 seconds
[2026-04-06T09:30:14.547+0000] {processor.py:161} INFO - Started process (PID=878) to work on /opt/airflow/dags/pipeline.py
[2026-04-06T09:30:14.549+0000] {processor.py:830} INFO - Processing file /opt/airflow/dags/pipeline.py for tasks to queue
[2026-04-06T09:30:14.550+0000] {logging_mixin.py:188} INFO - [2026-04-06T09:30:14.550+0000] {dagbag.py:545} INFO - Filling up the DagBag from /opt/airflow/dags/pipeline.py
[2026-04-06T09:30:16.455+0000] {logging_mixin.py:188} INFO - [2026-04-06T09:30:16.439+0000] {dagbag.py:355} ERROR - Failed to import: /opt/airflow/dags/pipeline.py
Traceback (most recent call last):
  File "/home/airflow/.local/lib/python3.10/site-packages/airflow/models/dagbag.py", line 351, in parse
    loader.exec_module(new_module)
  File "<frozen importlib._bootstrap_external>", line 883, in exec_module
  File "<frozen importlib._bootstrap>", line 241, in _call_with_frames_removed
  File "/opt/airflow/dags/pipeline.py", line 22, in <module>
    from scripts.ingestion_data import load_to_postgres
  File "/opt/airflow/scripts/ingestion_data.py", line 5, in <module>
    from dlt.common.naming import DirectNamingConvention # Import à ajouter
ModuleNotFoundError: No module named 'dlt.common.naming'
[2026-04-06T09:30:16.458+0000] {processor.py:842} WARNING - No viable dags retrieved from /opt/airflow/dags/pipeline.py
[2026-04-06T09:30:16.608+0000] {processor.py:183} INFO - Processing /opt/airflow/dags/pipeline.py took 2.078 seconds
[2026-04-06T09:30:47.302+0000] {processor.py:161} INFO - Started process (PID=884) to work on /opt/airflow/dags/pipeline.py
[2026-04-06T09:30:47.304+0000] {processor.py:830} INFO - Processing file /opt/airflow/dags/pipeline.py for tasks to queue
[2026-04-06T09:30:47.306+0000] {logging_mixin.py:188} INFO - [2026-04-06T09:30:47.306+0000] {dagbag.py:545} INFO - Filling up the DagBag from /opt/airflow/dags/pipeline.py
[2026-04-06T09:30:48.518+0000] {processor.py:840} INFO - DAG(s) 'pipeline' retrieved from /opt/airflow/dags/pipeline.py
[2026-04-06T09:30:49.043+0000] {logging_mixin.py:188} INFO - [2026-04-06T09:30:49.042+0000] {dag.py:3089} INFO - Sync 1 DAGs
[2026-04-06T09:30:49.080+0000] {logging_mixin.py:188} INFO - [2026-04-06T09:30:49.080+0000] {dag.py:3947} INFO - Setting next_dagrun for pipeline to 2026-04-06 00:00:00+00:00, run_after=2026-04-07 00:00:00+00:00
[2026-04-06T09:30:49.134+0000] {processor.py:183} INFO - Processing /opt/airflow/dags/pipeline.py took 1.846 seconds
[2026-04-06T09:31:19.851+0000] {processor.py:161} INFO - Started process (PID=893) to work on /opt/airflow/dags/pipeline.py
[2026-04-06T09:31:19.853+0000] {processor.py:830} INFO - Processing file /opt/airflow/dags/pipeline.py for tasks to queue
[2026-04-06T09:31:19.855+0000] {logging_mixin.py:188} INFO - [2026-04-06T09:31:19.855+0000] {dagbag.py:545} INFO - Filling up the DagBag from /opt/airflow/dags/pipeline.py
[2026-04-06T09:31:21.121+0000] {processor.py:840} INFO - DAG(s) 'pipeline' retrieved from /opt/airflow/dags/pipeline.py
[2026-04-06T09:31:21.221+0000] {logging_mixin.py:188} INFO - [2026-04-06T09:31:21.221+0000] {dag.py:3089} INFO - Sync 1 DAGs
[2026-04-06T09:31:21.261+0000] {logging_mixin.py:188} INFO - [2026-04-06T09:31:21.261+0000] {dag.py:3947} INFO - Setting next_dagrun for pipeline to 2026-04-06 00:00:00+00:00, run_after=2026-04-07 00:00:00+00:00
[2026-04-06T09:31:21.319+0000] {processor.py:183} INFO - Processing /opt/airflow/dags/pipeline.py took 1.485 seconds
[2026-04-06T09:31:51.892+0000] {processor.py:161} INFO - Started process (PID=900) to work on /opt/airflow/dags/pipeline.py
[2026-04-06T09:31:51.913+0000] {processor.py:830} INFO - Processing file /opt/airflow/dags/pipeline.py for tasks to queue
[2026-04-06T09:31:51.920+0000] {logging_mixin.py:188} INFO - [2026-04-06T09:31:51.918+0000] {dagbag.py:545} INFO - Filling up the DagBag from /opt/airflow/dags/pipeline.py
[2026-04-06T09:31:54.316+0000] {processor.py:840} INFO - DAG(s) 'pipeline' retrieved from /opt/airflow/dags/pipeline.py
[2026-04-06T09:31:54.409+0000] {logging_mixin.py:188} INFO - [2026-04-06T09:31:54.409+0000] {dag.py:3089} INFO - Sync 1 DAGs
[2026-04-06T09:31:54.450+0000] {logging_mixin.py:188} INFO - [2026-04-06T09:31:54.450+0000] {dag.py:3947} INFO - Setting next_dagrun for pipeline to 2026-04-06 00:00:00+00:00, run_after=2026-04-07 00:00:00+00:00
[2026-04-06T09:31:54.493+0000] {processor.py:183} INFO - Processing /opt/airflow/dags/pipeline.py took 2.734 seconds
[2026-04-06T09:32:24.626+0000] {processor.py:161} INFO - Started process (PID=908) to work on /opt/airflow/dags/pipeline.py
[2026-04-06T09:32:24.629+0000] {processor.py:830} INFO - Processing file /opt/airflow/dags/pipeline.py for tasks to queue
[2026-04-06T09:32:24.632+0000] {logging_mixin.py:188} INFO - [2026-04-06T09:32:24.631+0000] {dagbag.py:545} INFO - Filling up the DagBag from /opt/airflow/dags/pipeline.py
[2026-04-06T09:32:26.071+0000] {processor.py:840} INFO - DAG(s) 'pipeline' retrieved from /opt/airflow/dags/pipeline.py
[2026-04-06T09:32:26.196+0000] {logging_mixin.py:188} INFO - [2026-04-06T09:32:26.196+0000] {dag.py:3089} INFO - Sync 1 DAGs
[2026-04-06T09:32:26.297+0000] {logging_mixin.py:188} INFO - [2026-04-06T09:32:26.295+0000] {dag.py:3947} INFO - Setting next_dagrun for pipeline to 2026-04-06 00:00:00+00:00, run_after=2026-04-07 00:00:00+00:00
[2026-04-06T09:32:26.371+0000] {processor.py:183} INFO - Processing /opt/airflow/dags/pipeline.py took 1.760 seconds
[2026-04-06T09:32:56.787+0000] {processor.py:161} INFO - Started process (PID=914) to work on /opt/airflow/dags/pipeline.py
[2026-04-06T09:32:56.789+0000] {processor.py:830} INFO - Processing file /opt/airflow/dags/pipeline.py for tasks to queue
[2026-04-06T09:32:56.790+0000] {logging_mixin.py:188} INFO - [2026-04-06T09:32:56.790+0000] {dagbag.py:545} INFO - Filling up the DagBag from /opt/airflow/dags/pipeline.py
[2026-04-06T09:32:57.906+0000] {processor.py:840} INFO - DAG(s) 'pipeline' retrieved from /opt/airflow/dags/pipeline.py
[2026-04-06T09:32:57.988+0000] {logging_mixin.py:188} INFO - [2026-04-06T09:32:57.988+0000] {dag.py:3089} INFO - Sync 1 DAGs
[2026-04-06T09:32:58.024+0000] {logging_mixin.py:188} INFO - [2026-04-06T09:32:58.023+0000] {dag.py:3947} INFO - Setting next_dagrun for pipeline to 2026-04-06 00:00:00+00:00, run_after=2026-04-07 00:00:00+00:00
[2026-04-06T09:32:58.063+0000] {processor.py:183} INFO - Processing /opt/airflow/dags/pipeline.py took 1.285 seconds
[2026-04-06T09:33:28.167+0000] {processor.py:161} INFO - Started process (PID=920) to work on /opt/airflow/dags/pipeline.py
[2026-04-06T09:33:28.170+0000] {processor.py:830} INFO - Processing file /opt/airflow/dags/pipeline.py for tasks to queue
[2026-04-06T09:33:28.172+0000] {logging_mixin.py:188} INFO - [2026-04-06T09:33:28.172+0000] {dagbag.py:545} INFO - Filling up the DagBag from /opt/airflow/dags/pipeline.py
[2026-04-06T09:33:29.507+0000] {processor.py:840} INFO - DAG(s) 'pipeline' retrieved from /opt/airflow/dags/pipeline.py
[2026-04-06T09:33:29.633+0000] {logging_mixin.py:188} INFO - [2026-04-06T09:33:29.632+0000] {dag.py:3089} INFO - Sync 1 DAGs
[2026-04-06T09:33:29.674+0000] {logging_mixin.py:188} INFO - [2026-04-06T09:33:29.674+0000] {dag.py:3947} INFO - Setting next_dagrun for pipeline to 2026-04-06 00:00:00+00:00, run_after=2026-04-07 00:00:00+00:00
[2026-04-06T09:33:29.731+0000] {processor.py:183} INFO - Processing /opt/airflow/dags/pipeline.py took 1.581 seconds
[2026-04-06T09:34:00.341+0000] {processor.py:161} INFO - Started process (PID=927) to work on /opt/airflow/dags/pipeline.py
[2026-04-06T09:34:00.343+0000] {processor.py:830} INFO - Processing file /opt/airflow/dags/pipeline.py for tasks to queue
[2026-04-06T09:34:00.344+0000] {logging_mixin.py:188} INFO - [2026-04-06T09:34:00.344+0000] {dagbag.py:545} INFO - Filling up the DagBag from /opt/airflow/dags/pipeline.py
[2026-04-06T09:34:01.538+0000] {processor.py:840} INFO - DAG(s) 'pipeline' retrieved from /opt/airflow/dags/pipeline.py
[2026-04-06T09:34:01.618+0000] {logging_mixin.py:188} INFO - [2026-04-06T09:34:01.617+0000] {dag.py:3089} INFO - Sync 1 DAGs
[2026-04-06T09:34:01.658+0000] {logging_mixin.py:188} INFO - [2026-04-06T09:34:01.658+0000] {dag.py:3947} INFO - Setting next_dagrun for pipeline to 2026-04-06 00:00:00+00:00, run_after=2026-04-07 00:00:00+00:00
[2026-04-06T09:34:01.698+0000] {processor.py:183} INFO - Processing /opt/airflow/dags/pipeline.py took 1.368 seconds
[2026-04-06T09:34:32.095+0000] {processor.py:161} INFO - Started process (PID=934) to work on /opt/airflow/dags/pipeline.py
[2026-04-06T09:34:32.097+0000] {processor.py:830} INFO - Processing file /opt/airflow/dags/pipeline.py for tasks to queue
[2026-04-06T09:34:32.098+0000] {logging_mixin.py:188} INFO - [2026-04-06T09:34:32.098+0000] {dagbag.py:545} INFO - Filling up the DagBag from /opt/airflow/dags/pipeline.py
[2026-04-06T09:34:33.618+0000] {processor.py:840} INFO - DAG(s) 'pipeline' retrieved from /opt/airflow/dags/pipeline.py
[2026-04-06T09:34:33.944+0000] {logging_mixin.py:188} INFO - [2026-04-06T09:34:33.944+0000] {dag.py:3089} INFO - Sync 1 DAGs
[2026-04-06T09:34:33.979+0000] {logging_mixin.py:188} INFO - [2026-04-06T09:34:33.979+0000] {dag.py:3947} INFO - Setting next_dagrun for pipeline to 2026-04-06 00:00:00+00:00, run_after=2026-04-07 00:00:00+00:00
[2026-04-06T09:34:34.044+0000] {processor.py:183} INFO - Processing /opt/airflow/dags/pipeline.py took 1.964 seconds
[2026-04-06T09:35:04.495+0000] {processor.py:161} INFO - Started process (PID=941) to work on /opt/airflow/dags/pipeline.py
[2026-04-06T09:35:04.497+0000] {processor.py:830} INFO - Processing file /opt/airflow/dags/pipeline.py for tasks to queue
[2026-04-06T09:35:04.499+0000] {logging_mixin.py:188} INFO - [2026-04-06T09:35:04.499+0000] {dagbag.py:545} INFO - Filling up the DagBag from /opt/airflow/dags/pipeline.py
[2026-04-06T09:35:05.863+0000] {processor.py:840} INFO - DAG(s) 'pipeline' retrieved from /opt/airflow/dags/pipeline.py
[2026-04-06T09:35:05.964+0000] {logging_mixin.py:188} INFO - [2026-04-06T09:35:05.964+0000] {dag.py:3089} INFO - Sync 1 DAGs
[2026-04-06T09:35:06.013+0000] {logging_mixin.py:188} INFO - [2026-04-06T09:35:06.013+0000] {dag.py:3947} INFO - Setting next_dagrun for pipeline to 2026-04-06 00:00:00+00:00, run_after=2026-04-07 00:00:00+00:00
[2026-04-06T09:35:06.055+0000] {processor.py:183} INFO - Processing /opt/airflow/dags/pipeline.py took 1.572 seconds
[2026-04-06T09:35:36.578+0000] {processor.py:161} INFO - Started process (PID=948) to work on /opt/airflow/dags/pipeline.py
[2026-04-06T09:35:36.580+0000] {processor.py:830} INFO - Processing file /opt/airflow/dags/pipeline.py for tasks to queue
[2026-04-06T09:35:36.581+0000] {logging_mixin.py:188} INFO - [2026-04-06T09:35:36.581+0000] {dagbag.py:545} INFO - Filling up the DagBag from /opt/airflow/dags/pipeline.py
[2026-04-06T09:35:38.130+0000] {processor.py:840} INFO - DAG(s) 'pipeline' retrieved from /opt/airflow/dags/pipeline.py
[2026-04-06T09:35:38.241+0000] {logging_mixin.py:188} INFO - [2026-04-06T09:35:38.241+0000] {dag.py:3089} INFO - Sync 1 DAGs
[2026-04-06T09:35:38.300+0000] {logging_mixin.py:188} INFO - [2026-04-06T09:35:38.300+0000] {dag.py:3947} INFO - Setting next_dagrun for pipeline to 2026-04-06 00:00:00+00:00, run_after=2026-04-07 00:00:00+00:00
[2026-04-06T09:35:38.357+0000] {processor.py:183} INFO - Processing /opt/airflow/dags/pipeline.py took 1.793 seconds
[2026-04-06T09:36:09.265+0000] {processor.py:161} INFO - Started process (PID=954) to work on /opt/airflow/dags/pipeline.py
[2026-04-06T09:36:09.268+0000] {processor.py:830} INFO - Processing file /opt/airflow/dags/pipeline.py for tasks to queue
[2026-04-06T09:36:09.286+0000] {logging_mixin.py:188} INFO - [2026-04-06T09:36:09.286+0000] {dagbag.py:545} INFO - Filling up the DagBag from /opt/airflow/dags/pipeline.py
[2026-04-06T09:36:10.459+0000] {processor.py:840} INFO - DAG(s) 'pipeline' retrieved from /opt/airflow/dags/pipeline.py
[2026-04-06T09:36:10.551+0000] {logging_mixin.py:188} INFO - [2026-04-06T09:36:10.550+0000] {dag.py:3089} INFO - Sync 1 DAGs
[2026-04-06T09:36:10.593+0000] {logging_mixin.py:188} INFO - [2026-04-06T09:36:10.592+0000] {dag.py:3947} INFO - Setting next_dagrun for pipeline to 2026-04-06 00:00:00+00:00, run_after=2026-04-07 00:00:00+00:00
[2026-04-06T09:36:10.660+0000] {processor.py:183} INFO - Processing /opt/airflow/dags/pipeline.py took 1.415 seconds
[2026-04-06T09:36:40.973+0000] {processor.py:161} INFO - Started process (PID=960) to work on /opt/airflow/dags/pipeline.py
[2026-04-06T09:36:40.975+0000] {processor.py:830} INFO - Processing file /opt/airflow/dags/pipeline.py for tasks to queue
[2026-04-06T09:36:40.976+0000] {logging_mixin.py:188} INFO - [2026-04-06T09:36:40.976+0000] {dagbag.py:545} INFO - Filling up the DagBag from /opt/airflow/dags/pipeline.py
[2026-04-06T09:36:42.107+0000] {processor.py:840} INFO - DAG(s) 'pipeline' retrieved from /opt/airflow/dags/pipeline.py
[2026-04-06T09:36:42.182+0000] {logging_mixin.py:188} INFO - [2026-04-06T09:36:42.182+0000] {dag.py:3089} INFO - Sync 1 DAGs
[2026-04-06T09:36:42.217+0000] {logging_mixin.py:188} INFO - [2026-04-06T09:36:42.217+0000] {dag.py:3947} INFO - Setting next_dagrun for pipeline to 2026-04-06 00:00:00+00:00, run_after=2026-04-07 00:00:00+00:00
[2026-04-06T09:36:42.264+0000] {processor.py:183} INFO - Processing /opt/airflow/dags/pipeline.py took 1.306 seconds
[2026-04-06T09:37:12.689+0000] {processor.py:161} INFO - Started process (PID=966) to work on /opt/airflow/dags/pipeline.py
[2026-04-06T09:37:12.693+0000] {processor.py:830} INFO - Processing file /opt/airflow/dags/pipeline.py for tasks to queue
[2026-04-06T09:37:12.696+0000] {logging_mixin.py:188} INFO - [2026-04-06T09:37:12.695+0000] {dagbag.py:545} INFO - Filling up the DagBag from /opt/airflow/dags/pipeline.py
[2026-04-06T09:37:14.091+0000] {processor.py:840} INFO - DAG(s) 'pipeline' retrieved from /opt/airflow/dags/pipeline.py
[2026-04-06T09:37:14.166+0000] {logging_mixin.py:188} INFO - [2026-04-06T09:37:14.166+0000] {dag.py:3089} INFO - Sync 1 DAGs
[2026-04-06T09:37:14.205+0000] {logging_mixin.py:188} INFO - [2026-04-06T09:37:14.204+0000] {dag.py:3947} INFO - Setting next_dagrun for pipeline to 2026-04-06 00:00:00+00:00, run_after=2026-04-07 00:00:00+00:00
[2026-04-06T09:37:14.258+0000] {processor.py:183} INFO - Processing /opt/airflow/dags/pipeline.py took 1.595 seconds
[2026-04-06T09:37:44.428+0000] {processor.py:161} INFO - Started process (PID=978) to work on /opt/airflow/dags/pipeline.py
[2026-04-06T09:37:44.432+0000] {processor.py:830} INFO - Processing file /opt/airflow/dags/pipeline.py for tasks to queue
[2026-04-06T09:37:44.434+0000] {logging_mixin.py:188} INFO - [2026-04-06T09:37:44.434+0000] {dagbag.py:545} INFO - Filling up the DagBag from /opt/airflow/dags/pipeline.py
[2026-04-06T09:37:46.232+0000] {processor.py:840} INFO - DAG(s) 'pipeline' retrieved from /opt/airflow/dags/pipeline.py
[2026-04-06T09:37:46.348+0000] {logging_mixin.py:188} INFO - [2026-04-06T09:37:46.348+0000] {dag.py:3089} INFO - Sync 1 DAGs
[2026-04-06T09:37:46.420+0000] {logging_mixin.py:188} INFO - [2026-04-06T09:37:46.419+0000] {dag.py:3947} INFO - Setting next_dagrun for pipeline to 2026-04-06 00:00:00+00:00, run_after=2026-04-07 00:00:00+00:00
[2026-04-06T09:37:46.552+0000] {processor.py:183} INFO - Processing /opt/airflow/dags/pipeline.py took 2.143 seconds
[2026-04-06T09:38:16.952+0000] {processor.py:161} INFO - Started process (PID=984) to work on /opt/airflow/dags/pipeline.py
[2026-04-06T09:38:16.955+0000] {processor.py:830} INFO - Processing file /opt/airflow/dags/pipeline.py for tasks to queue
[2026-04-06T09:38:16.957+0000] {logging_mixin.py:188} INFO - [2026-04-06T09:38:16.957+0000] {dagbag.py:545} INFO - Filling up the DagBag from /opt/airflow/dags/pipeline.py
[2026-04-06T09:38:18.252+0000] {processor.py:840} INFO - DAG(s) 'pipeline' retrieved from /opt/airflow/dags/pipeline.py
[2026-04-06T09:38:18.337+0000] {logging_mixin.py:188} INFO - [2026-04-06T09:38:18.336+0000] {dag.py:3089} INFO - Sync 1 DAGs
[2026-04-06T09:38:18.374+0000] {logging_mixin.py:188} INFO - [2026-04-06T09:38:18.374+0000] {dag.py:3947} INFO - Setting next_dagrun for pipeline to 2026-04-06 00:00:00+00:00, run_after=2026-04-07 00:00:00+00:00
[2026-04-06T09:38:18.420+0000] {processor.py:183} INFO - Processing /opt/airflow/dags/pipeline.py took 1.480 seconds
[2026-04-06T09:38:48.886+0000] {processor.py:161} INFO - Started process (PID=990) to work on /opt/airflow/dags/pipeline.py
[2026-04-06T09:38:48.889+0000] {processor.py:830} INFO - Processing file /opt/airflow/dags/pipeline.py for tasks to queue
[2026-04-06T09:38:48.891+0000] {logging_mixin.py:188} INFO - [2026-04-06T09:38:48.891+0000] {dagbag.py:545} INFO - Filling up the DagBag from /opt/airflow/dags/pipeline.py
[2026-04-06T09:38:52.781+0000] {processor.py:840} INFO - DAG(s) 'pipeline' retrieved from /opt/airflow/dags/pipeline.py
[2026-04-06T09:38:53.115+0000] {logging_mixin.py:188} INFO - [2026-04-06T09:38:53.114+0000] {dag.py:3089} INFO - Sync 1 DAGs
[2026-04-06T09:38:53.240+0000] {logging_mixin.py:188} INFO - [2026-04-06T09:38:53.239+0000] {dag.py:3947} INFO - Setting next_dagrun for pipeline to 2026-04-06 00:00:00+00:00, run_after=2026-04-07 00:00:00+00:00
[2026-04-06T09:38:53.335+0000] {processor.py:183} INFO - Processing /opt/airflow/dags/pipeline.py took 4.471 seconds
[2026-04-06T09:39:24.129+0000] {processor.py:161} INFO - Started process (PID=996) to work on /opt/airflow/dags/pipeline.py
[2026-04-06T09:39:24.131+0000] {processor.py:830} INFO - Processing file /opt/airflow/dags/pipeline.py for tasks to queue
[2026-04-06T09:39:24.134+0000] {logging_mixin.py:188} INFO - [2026-04-06T09:39:24.133+0000] {dagbag.py:545} INFO - Filling up the DagBag from /opt/airflow/dags/pipeline.py
[2026-04-06T09:39:25.775+0000] {processor.py:840} INFO - DAG(s) 'pipeline' retrieved from /opt/airflow/dags/pipeline.py
[2026-04-06T09:39:26.007+0000] {logging_mixin.py:188} INFO - [2026-04-06T09:39:26.006+0000] {dag.py:3089} INFO - Sync 1 DAGs
[2026-04-06T09:39:26.055+0000] {logging_mixin.py:188} INFO - [2026-04-06T09:39:26.054+0000] {dag.py:3947} INFO - Setting next_dagrun for pipeline to 2026-04-06 00:00:00+00:00, run_after=2026-04-07 00:00:00+00:00
[2026-04-06T09:39:26.102+0000] {processor.py:183} INFO - Processing /opt/airflow/dags/pipeline.py took 1.989 seconds
[2026-04-06T09:39:56.520+0000] {processor.py:161} INFO - Started process (PID=1004) to work on /opt/airflow/dags/pipeline.py
[2026-04-06T09:39:56.524+0000] {processor.py:830} INFO - Processing file /opt/airflow/dags/pipeline.py for tasks to queue
[2026-04-06T09:39:56.528+0000] {logging_mixin.py:188} INFO - [2026-04-06T09:39:56.527+0000] {dagbag.py:545} INFO - Filling up the DagBag from /opt/airflow/dags/pipeline.py
[2026-04-06T09:39:59.921+0000] {processor.py:840} INFO - DAG(s) 'pipeline' retrieved from /opt/airflow/dags/pipeline.py
[2026-04-06T09:40:00.040+0000] {logging_mixin.py:188} INFO - [2026-04-06T09:40:00.039+0000] {dag.py:3089} INFO - Sync 1 DAGs
[2026-04-06T09:40:00.086+0000] {logging_mixin.py:188} INFO - [2026-04-06T09:40:00.086+0000] {dag.py:3947} INFO - Setting next_dagrun for pipeline to 2026-04-06 00:00:00+00:00, run_after=2026-04-07 00:00:00+00:00
[2026-04-06T09:40:00.157+0000] {processor.py:183} INFO - Processing /opt/airflow/dags/pipeline.py took 3.662 seconds
[2026-04-06T09:40:30.549+0000] {processor.py:161} INFO - Started process (PID=1010) to work on /opt/airflow/dags/pipeline.py
[2026-04-06T09:40:30.551+0000] {processor.py:830} INFO - Processing file /opt/airflow/dags/pipeline.py for tasks to queue
[2026-04-06T09:40:30.553+0000] {logging_mixin.py:188} INFO - [2026-04-06T09:40:30.552+0000] {dagbag.py:545} INFO - Filling up the DagBag from /opt/airflow/dags/pipeline.py
[2026-04-06T09:40:31.741+0000] {processor.py:840} INFO - DAG(s) 'pipeline' retrieved from /opt/airflow/dags/pipeline.py
[2026-04-06T09:40:31.936+0000] {logging_mixin.py:188} INFO - [2026-04-06T09:40:31.936+0000] {dag.py:3089} INFO - Sync 1 DAGs
[2026-04-06T09:40:31.986+0000] {logging_mixin.py:188} INFO - [2026-04-06T09:40:31.985+0000] {dag.py:3947} INFO - Setting next_dagrun for pipeline to 2026-04-06 00:00:00+00:00, run_after=2026-04-07 00:00:00+00:00
[2026-04-06T09:40:32.038+0000] {processor.py:183} INFO - Processing /opt/airflow/dags/pipeline.py took 1.500 seconds
[2026-04-06T09:41:02.261+0000] {processor.py:161} INFO - Started process (PID=1016) to work on /opt/airflow/dags/pipeline.py
[2026-04-06T09:41:02.264+0000] {processor.py:830} INFO - Processing file /opt/airflow/dags/pipeline.py for tasks to queue
[2026-04-06T09:41:02.266+0000] {logging_mixin.py:188} INFO - [2026-04-06T09:41:02.265+0000] {dagbag.py:545} INFO - Filling up the DagBag from /opt/airflow/dags/pipeline.py
[2026-04-06T09:41:03.721+0000] {processor.py:840} INFO - DAG(s) 'pipeline' retrieved from /opt/airflow/dags/pipeline.py
[2026-04-06T09:41:03.842+0000] {logging_mixin.py:188} INFO - [2026-04-06T09:41:03.842+0000] {dag.py:3089} INFO - Sync 1 DAGs
[2026-04-06T09:41:03.905+0000] {logging_mixin.py:188} INFO - [2026-04-06T09:41:03.904+0000] {dag.py:3947} INFO - Setting next_dagrun for pipeline to 2026-04-06 00:00:00+00:00, run_after=2026-04-07 00:00:00+00:00
[2026-04-06T09:41:03.967+0000] {processor.py:183} INFO - Processing /opt/airflow/dags/pipeline.py took 1.724 seconds
[2026-04-06T09:41:34.139+0000] {processor.py:161} INFO - Started process (PID=1022) to work on /opt/airflow/dags/pipeline.py
[2026-04-06T09:41:34.141+0000] {processor.py:830} INFO - Processing file /opt/airflow/dags/pipeline.py for tasks to queue
[2026-04-06T09:41:34.142+0000] {logging_mixin.py:188} INFO - [2026-04-06T09:41:34.142+0000] {dagbag.py:545} INFO - Filling up the DagBag from /opt/airflow/dags/pipeline.py
[2026-04-06T09:41:35.565+0000] {processor.py:840} INFO - DAG(s) 'pipeline' retrieved from /opt/airflow/dags/pipeline.py
[2026-04-06T09:41:35.690+0000] {logging_mixin.py:188} INFO - [2026-04-06T09:41:35.690+0000] {dag.py:3089} INFO - Sync 1 DAGs
[2026-04-06T09:41:35.737+0000] {logging_mixin.py:188} INFO - [2026-04-06T09:41:35.737+0000] {dag.py:3947} INFO - Setting next_dagrun for pipeline to 2026-04-06 00:00:00+00:00, run_after=2026-04-07 00:00:00+00:00
[2026-04-06T09:41:35.808+0000] {processor.py:183} INFO - Processing /opt/airflow/dags/pipeline.py took 1.681 seconds
[2026-04-06T09:42:06.067+0000] {processor.py:161} INFO - Started process (PID=1028) to work on /opt/airflow/dags/pipeline.py
[2026-04-06T09:42:06.073+0000] {processor.py:830} INFO - Processing file /opt/airflow/dags/pipeline.py for tasks to queue
[2026-04-06T09:42:06.078+0000] {logging_mixin.py:188} INFO - [2026-04-06T09:42:06.077+0000] {dagbag.py:545} INFO - Filling up the DagBag from /opt/airflow/dags/pipeline.py
[2026-04-06T09:42:07.849+0000] {processor.py:840} INFO - DAG(s) 'pipeline' retrieved from /opt/airflow/dags/pipeline.py
[2026-04-06T09:42:07.964+0000] {logging_mixin.py:188} INFO - [2026-04-06T09:42:07.963+0000] {dag.py:3089} INFO - Sync 1 DAGs
[2026-04-06T09:42:08.037+0000] {logging_mixin.py:188} INFO - [2026-04-06T09:42:08.036+0000] {dag.py:3947} INFO - Setting next_dagrun for pipeline to 2026-04-06 00:00:00+00:00, run_after=2026-04-07 00:00:00+00:00
[2026-04-06T09:42:08.098+0000] {processor.py:183} INFO - Processing /opt/airflow/dags/pipeline.py took 2.072 seconds
[2026-04-06T09:42:38.372+0000] {processor.py:161} INFO - Started process (PID=1034) to work on /opt/airflow/dags/pipeline.py
[2026-04-06T09:42:38.375+0000] {processor.py:830} INFO - Processing file /opt/airflow/dags/pipeline.py for tasks to queue
[2026-04-06T09:42:38.378+0000] {logging_mixin.py:188} INFO - [2026-04-06T09:42:38.377+0000] {dagbag.py:545} INFO - Filling up the DagBag from /opt/airflow/dags/pipeline.py
[2026-04-06T09:42:39.993+0000] {processor.py:840} INFO - DAG(s) 'pipeline' retrieved from /opt/airflow/dags/pipeline.py
[2026-04-06T09:42:40.082+0000] {logging_mixin.py:188} INFO - [2026-04-06T09:42:40.082+0000] {dag.py:3089} INFO - Sync 1 DAGs
[2026-04-06T09:42:40.118+0000] {logging_mixin.py:188} INFO - [2026-04-06T09:42:40.118+0000] {dag.py:3947} INFO - Setting next_dagrun for pipeline to 2026-04-06 00:00:00+00:00, run_after=2026-04-07 00:00:00+00:00
[2026-04-06T09:42:40.167+0000] {processor.py:183} INFO - Processing /opt/airflow/dags/pipeline.py took 1.807 seconds
[2026-04-06T09:43:10.606+0000] {processor.py:161} INFO - Started process (PID=1040) to work on /opt/airflow/dags/pipeline.py
[2026-04-06T09:43:10.609+0000] {processor.py:830} INFO - Processing file /opt/airflow/dags/pipeline.py for tasks to queue
[2026-04-06T09:43:10.611+0000] {logging_mixin.py:188} INFO - [2026-04-06T09:43:10.611+0000] {dagbag.py:545} INFO - Filling up the DagBag from /opt/airflow/dags/pipeline.py
[2026-04-06T09:43:11.998+0000] {processor.py:840} INFO - DAG(s) 'pipeline' retrieved from /opt/airflow/dags/pipeline.py
[2026-04-06T09:43:12.110+0000] {logging_mixin.py:188} INFO - [2026-04-06T09:43:12.109+0000] {dag.py:3089} INFO - Sync 1 DAGs
[2026-04-06T09:43:12.179+0000] {logging_mixin.py:188} INFO - [2026-04-06T09:43:12.179+0000] {dag.py:3947} INFO - Setting next_dagrun for pipeline to 2026-04-06 00:00:00+00:00, run_after=2026-04-07 00:00:00+00:00
[2026-04-06T09:43:12.232+0000] {processor.py:183} INFO - Processing /opt/airflow/dags/pipeline.py took 1.644 seconds
[2026-04-06T09:43:42.739+0000] {processor.py:161} INFO - Started process (PID=1046) to work on /opt/airflow/dags/pipeline.py
[2026-04-06T09:43:42.741+0000] {processor.py:830} INFO - Processing file /opt/airflow/dags/pipeline.py for tasks to queue
[2026-04-06T09:43:42.744+0000] {logging_mixin.py:188} INFO - [2026-04-06T09:43:42.744+0000] {dagbag.py:545} INFO - Filling up the DagBag from /opt/airflow/dags/pipeline.py
[2026-04-06T09:43:44.153+0000] {processor.py:840} INFO - DAG(s) 'pipeline' retrieved from /opt/airflow/dags/pipeline.py
[2026-04-06T09:43:44.251+0000] {logging_mixin.py:188} INFO - [2026-04-06T09:43:44.250+0000] {dag.py:3089} INFO - Sync 1 DAGs
[2026-04-06T09:43:44.300+0000] {logging_mixin.py:188} INFO - [2026-04-06T09:43:44.300+0000] {dag.py:3947} INFO - Setting next_dagrun for pipeline to 2026-04-06 00:00:00+00:00, run_after=2026-04-07 00:00:00+00:00
[2026-04-06T09:43:44.355+0000] {processor.py:183} INFO - Processing /opt/airflow/dags/pipeline.py took 1.642 seconds
[2026-04-06T09:44:14.530+0000] {processor.py:161} INFO - Started process (PID=1069) to work on /opt/airflow/dags/pipeline.py
[2026-04-06T09:44:14.533+0000] {processor.py:830} INFO - Processing file /opt/airflow/dags/pipeline.py for tasks to queue
[2026-04-06T09:44:14.535+0000] {logging_mixin.py:188} INFO - [2026-04-06T09:44:14.534+0000] {dagbag.py:545} INFO - Filling up the DagBag from /opt/airflow/dags/pipeline.py
[2026-04-06T09:44:19.988+0000] {processor.py:840} INFO - DAG(s) 'pipeline' retrieved from /opt/airflow/dags/pipeline.py
[2026-04-06T09:44:26.518+0000] {logging_mixin.py:188} INFO - [2026-04-06T09:44:26.509+0000] {dag.py:3089} INFO - Sync 1 DAGs
[2026-04-06T09:44:27.031+0000] {logging_mixin.py:188} INFO - [2026-04-06T09:44:27.030+0000] {dag.py:3947} INFO - Setting next_dagrun for pipeline to 2026-04-06 00:00:00+00:00, run_after=2026-04-07 00:00:00+00:00
[2026-04-06T09:44:28.507+0000] {processor.py:183} INFO - Processing /opt/airflow/dags/pipeline.py took 13.999 seconds
[2026-04-06T09:45:00.421+0000] {processor.py:161} INFO - Started process (PID=1075) to work on /opt/airflow/dags/pipeline.py
[2026-04-06T09:45:00.428+0000] {processor.py:830} INFO - Processing file /opt/airflow/dags/pipeline.py for tasks to queue
[2026-04-06T09:45:00.446+0000] {logging_mixin.py:188} INFO - [2026-04-06T09:45:00.438+0000] {dagbag.py:545} INFO - Filling up the DagBag from /opt/airflow/dags/pipeline.py
[2026-04-06T09:45:07.113+0000] {processor.py:840} INFO - DAG(s) 'pipeline' retrieved from /opt/airflow/dags/pipeline.py
[2026-04-06T09:45:07.246+0000] {logging_mixin.py:188} INFO - [2026-04-06T09:45:07.245+0000] {dag.py:3089} INFO - Sync 1 DAGs
[2026-04-06T09:45:07.318+0000] {logging_mixin.py:188} INFO - [2026-04-06T09:45:07.318+0000] {dag.py:3947} INFO - Setting next_dagrun for pipeline to 2026-04-06 00:00:00+00:00, run_after=2026-04-07 00:00:00+00:00
[2026-04-06T09:45:07.406+0000] {processor.py:183} INFO - Processing /opt/airflow/dags/pipeline.py took 7.110 seconds
[2026-04-06T09:45:38.961+0000] {processor.py:161} INFO - Started process (PID=1081) to work on /opt/airflow/dags/pipeline.py
[2026-04-06T09:45:38.975+0000] {processor.py:830} INFO - Processing file /opt/airflow/dags/pipeline.py for tasks to queue
[2026-04-06T09:45:38.986+0000] {logging_mixin.py:188} INFO - [2026-04-06T09:45:38.982+0000] {dagbag.py:545} INFO - Filling up the DagBag from /opt/airflow/dags/pipeline.py
[2026-04-06T09:45:43.268+0000] {processor.py:840} INFO - DAG(s) 'pipeline' retrieved from /opt/airflow/dags/pipeline.py
[2026-04-06T09:45:43.440+0000] {logging_mixin.py:188} INFO - [2026-04-06T09:45:43.440+0000] {dag.py:3089} INFO - Sync 1 DAGs
[2026-04-06T09:45:43.493+0000] {logging_mixin.py:188} INFO - [2026-04-06T09:45:43.493+0000] {dag.py:3947} INFO - Setting next_dagrun for pipeline to 2026-04-06 00:00:00+00:00, run_after=2026-04-07 00:00:00+00:00
[2026-04-06T09:45:43.548+0000] {processor.py:183} INFO - Processing /opt/airflow/dags/pipeline.py took 4.662 seconds
[2026-04-06T09:46:13.904+0000] {processor.py:161} INFO - Started process (PID=1091) to work on /opt/airflow/dags/pipeline.py
[2026-04-06T09:46:13.906+0000] {processor.py:830} INFO - Processing file /opt/airflow/dags/pipeline.py for tasks to queue
[2026-04-06T09:46:13.908+0000] {logging_mixin.py:188} INFO - [2026-04-06T09:46:13.907+0000] {dagbag.py:545} INFO - Filling up the DagBag from /opt/airflow/dags/pipeline.py
[2026-04-06T09:46:15.987+0000] {processor.py:840} INFO - DAG(s) 'pipeline' retrieved from /opt/airflow/dags/pipeline.py
[2026-04-06T09:46:16.128+0000] {logging_mixin.py:188} INFO - [2026-04-06T09:46:16.127+0000] {dag.py:3089} INFO - Sync 1 DAGs
[2026-04-06T09:46:16.207+0000] {logging_mixin.py:188} INFO - [2026-04-06T09:46:16.206+0000] {dag.py:3947} INFO - Setting next_dagrun for pipeline to 2026-04-06 00:00:00+00:00, run_after=2026-04-07 00:00:00+00:00
[2026-04-06T09:46:16.280+0000] {processor.py:183} INFO - Processing /opt/airflow/dags/pipeline.py took 2.458 seconds
[2026-04-06T09:46:46.699+0000] {processor.py:161} INFO - Started process (PID=1107) to work on /opt/airflow/dags/pipeline.py
[2026-04-06T09:46:46.705+0000] {processor.py:830} INFO - Processing file /opt/airflow/dags/pipeline.py for tasks to queue
[2026-04-06T09:46:46.707+0000] {logging_mixin.py:188} INFO - [2026-04-06T09:46:46.706+0000] {dagbag.py:545} INFO - Filling up the DagBag from /opt/airflow/dags/pipeline.py
[2026-04-06T09:46:49.063+0000] {processor.py:840} INFO - DAG(s) 'pipeline' retrieved from /opt/airflow/dags/pipeline.py
[2026-04-06T09:46:49.202+0000] {logging_mixin.py:188} INFO - [2026-04-06T09:46:49.201+0000] {dag.py:3089} INFO - Sync 1 DAGs
[2026-04-06T09:46:49.270+0000] {logging_mixin.py:188} INFO - [2026-04-06T09:46:49.269+0000] {dag.py:3947} INFO - Setting next_dagrun for pipeline to 2026-04-06 00:00:00+00:00, run_after=2026-04-07 00:00:00+00:00
[2026-04-06T09:46:49.342+0000] {processor.py:183} INFO - Processing /opt/airflow/dags/pipeline.py took 2.662 seconds
[2026-04-06T09:47:20.178+0000] {processor.py:161} INFO - Started process (PID=1113) to work on /opt/airflow/dags/pipeline.py
[2026-04-06T09:47:20.183+0000] {processor.py:830} INFO - Processing file /opt/airflow/dags/pipeline.py for tasks to queue
[2026-04-06T09:47:20.188+0000] {logging_mixin.py:188} INFO - [2026-04-06T09:47:20.187+0000] {dagbag.py:545} INFO - Filling up the DagBag from /opt/airflow/dags/pipeline.py
[2026-04-06T09:47:22.061+0000] {processor.py:840} INFO - DAG(s) 'pipeline' retrieved from /opt/airflow/dags/pipeline.py
[2026-04-06T09:47:22.162+0000] {logging_mixin.py:188} INFO - [2026-04-06T09:47:22.162+0000] {dag.py:3089} INFO - Sync 1 DAGs
[2026-04-06T09:47:22.216+0000] {logging_mixin.py:188} INFO - [2026-04-06T09:47:22.215+0000] {dag.py:3947} INFO - Setting next_dagrun for pipeline to 2026-04-06 00:00:00+00:00, run_after=2026-04-07 00:00:00+00:00
[2026-04-06T09:47:22.273+0000] {processor.py:183} INFO - Processing /opt/airflow/dags/pipeline.py took 2.131 seconds
[2026-04-06T09:47:52.752+0000] {processor.py:161} INFO - Started process (PID=1133) to work on /opt/airflow/dags/pipeline.py
[2026-04-06T09:47:52.758+0000] {processor.py:830} INFO - Processing file /opt/airflow/dags/pipeline.py for tasks to queue
[2026-04-06T09:47:52.762+0000] {logging_mixin.py:188} INFO - [2026-04-06T09:47:52.761+0000] {dagbag.py:545} INFO - Filling up the DagBag from /opt/airflow/dags/pipeline.py
[2026-04-06T09:47:53.981+0000] {processor.py:840} INFO - DAG(s) 'pipeline' retrieved from /opt/airflow/dags/pipeline.py
[2026-04-06T09:47:54.086+0000] {logging_mixin.py:188} INFO - [2026-04-06T09:47:54.085+0000] {dag.py:3089} INFO - Sync 1 DAGs
[2026-04-06T09:47:54.132+0000] {logging_mixin.py:188} INFO - [2026-04-06T09:47:54.131+0000] {dag.py:3947} INFO - Setting next_dagrun for pipeline to 2026-04-06 00:00:00+00:00, run_after=2026-04-07 00:00:00+00:00
[2026-04-06T09:47:54.182+0000] {processor.py:183} INFO - Processing /opt/airflow/dags/pipeline.py took 1.475 seconds
[2026-04-06T09:48:24.540+0000] {processor.py:161} INFO - Started process (PID=1139) to work on /opt/airflow/dags/pipeline.py
[2026-04-06T09:48:24.542+0000] {processor.py:830} INFO - Processing file /opt/airflow/dags/pipeline.py for tasks to queue
[2026-04-06T09:48:24.544+0000] {logging_mixin.py:188} INFO - [2026-04-06T09:48:24.544+0000] {dagbag.py:545} INFO - Filling up the DagBag from /opt/airflow/dags/pipeline.py
[2026-04-06T09:48:25.880+0000] {processor.py:840} INFO - DAG(s) 'pipeline' retrieved from /opt/airflow/dags/pipeline.py
[2026-04-06T09:48:26.192+0000] {logging_mixin.py:188} INFO - [2026-04-06T09:48:26.192+0000] {dag.py:3089} INFO - Sync 1 DAGs
[2026-04-06T09:48:26.241+0000] {logging_mixin.py:188} INFO - [2026-04-06T09:48:26.240+0000] {dag.py:3947} INFO - Setting next_dagrun for pipeline to 2026-04-06 00:00:00+00:00, run_after=2026-04-07 00:00:00+00:00
[2026-04-06T09:48:26.285+0000] {processor.py:183} INFO - Processing /opt/airflow/dags/pipeline.py took 1.787 seconds
[2026-04-06T09:48:56.949+0000] {processor.py:161} INFO - Started process (PID=1145) to work on /opt/airflow/dags/pipeline.py
[2026-04-06T09:48:56.952+0000] {processor.py:830} INFO - Processing file /opt/airflow/dags/pipeline.py for tasks to queue
[2026-04-06T09:48:56.955+0000] {logging_mixin.py:188} INFO - [2026-04-06T09:48:56.953+0000] {dagbag.py:545} INFO - Filling up the DagBag from /opt/airflow/dags/pipeline.py
[2026-04-06T09:48:58.480+0000] {processor.py:840} INFO - DAG(s) 'pipeline' retrieved from /opt/airflow/dags/pipeline.py
[2026-04-06T09:48:58.563+0000] {logging_mixin.py:188} INFO - [2026-04-06T09:48:58.563+0000] {dag.py:3089} INFO - Sync 1 DAGs
[2026-04-06T09:48:58.599+0000] {logging_mixin.py:188} INFO - [2026-04-06T09:48:58.599+0000] {dag.py:3947} INFO - Setting next_dagrun for pipeline to 2026-04-06 00:00:00+00:00, run_after=2026-04-07 00:00:00+00:00
[2026-04-06T09:48:58.640+0000] {processor.py:183} INFO - Processing /opt/airflow/dags/pipeline.py took 1.709 seconds
[2026-04-06T09:49:28.707+0000] {processor.py:161} INFO - Started process (PID=1151) to work on /opt/airflow/dags/pipeline.py
[2026-04-06T09:49:28.709+0000] {processor.py:830} INFO - Processing file /opt/airflow/dags/pipeline.py for tasks to queue
[2026-04-06T09:49:28.711+0000] {logging_mixin.py:188} INFO - [2026-04-06T09:49:28.710+0000] {dagbag.py:545} INFO - Filling up the DagBag from /opt/airflow/dags/pipeline.py
[2026-04-06T09:49:29.776+0000] {processor.py:840} INFO - DAG(s) 'pipeline' retrieved from /opt/airflow/dags/pipeline.py
[2026-04-06T09:49:29.853+0000] {logging_mixin.py:188} INFO - [2026-04-06T09:49:29.853+0000] {dag.py:3089} INFO - Sync 1 DAGs
[2026-04-06T09:49:29.889+0000] {logging_mixin.py:188} INFO - [2026-04-06T09:49:29.888+0000] {dag.py:3947} INFO - Setting next_dagrun for pipeline to 2026-04-06 00:00:00+00:00, run_after=2026-04-07 00:00:00+00:00
[2026-04-06T09:49:29.926+0000] {processor.py:183} INFO - Processing /opt/airflow/dags/pipeline.py took 1.230 seconds
[2026-04-06T09:50:00.316+0000] {processor.py:161} INFO - Started process (PID=1157) to work on /opt/airflow/dags/pipeline.py
[2026-04-06T09:50:00.322+0000] {processor.py:830} INFO - Processing file /opt/airflow/dags/pipeline.py for tasks to queue
[2026-04-06T09:50:00.326+0000] {logging_mixin.py:188} INFO - [2026-04-06T09:50:00.325+0000] {dagbag.py:545} INFO - Filling up the DagBag from /opt/airflow/dags/pipeline.py
[2026-04-06T09:50:01.511+0000] {processor.py:840} INFO - DAG(s) 'pipeline' retrieved from /opt/airflow/dags/pipeline.py
[2026-04-06T09:50:01.593+0000] {logging_mixin.py:188} INFO - [2026-04-06T09:50:01.593+0000] {dag.py:3089} INFO - Sync 1 DAGs
[2026-04-06T09:50:01.630+0000] {logging_mixin.py:188} INFO - [2026-04-06T09:50:01.630+0000] {dag.py:3947} INFO - Setting next_dagrun for pipeline to 2026-04-06 00:00:00+00:00, run_after=2026-04-07 00:00:00+00:00
[2026-04-06T09:50:01.680+0000] {processor.py:183} INFO - Processing /opt/airflow/dags/pipeline.py took 1.391 seconds
[2026-04-06T09:50:32.073+0000] {processor.py:161} INFO - Started process (PID=1163) to work on /opt/airflow/dags/pipeline.py
[2026-04-06T09:50:32.077+0000] {processor.py:830} INFO - Processing file /opt/airflow/dags/pipeline.py for tasks to queue
[2026-04-06T09:50:32.079+0000] {logging_mixin.py:188} INFO - [2026-04-06T09:50:32.078+0000] {dagbag.py:545} INFO - Filling up the DagBag from /opt/airflow/dags/pipeline.py
[2026-04-06T09:50:33.749+0000] {processor.py:840} INFO - DAG(s) 'pipeline' retrieved from /opt/airflow/dags/pipeline.py
[2026-04-06T09:50:33.848+0000] {logging_mixin.py:188} INFO - [2026-04-06T09:50:33.848+0000] {dag.py:3089} INFO - Sync 1 DAGs
[2026-04-06T09:50:33.887+0000] {logging_mixin.py:188} INFO - [2026-04-06T09:50:33.887+0000] {dag.py:3947} INFO - Setting next_dagrun for pipeline to 2026-04-06 00:00:00+00:00, run_after=2026-04-07 00:00:00+00:00
[2026-04-06T09:50:33.942+0000] {processor.py:183} INFO - Processing /opt/airflow/dags/pipeline.py took 1.880 seconds
[2026-04-06T09:51:04.553+0000] {processor.py:161} INFO - Started process (PID=1172) to work on /opt/airflow/dags/pipeline.py
[2026-04-06T09:51:04.556+0000] {processor.py:830} INFO - Processing file /opt/airflow/dags/pipeline.py for tasks to queue
[2026-04-06T09:51:04.559+0000] {logging_mixin.py:188} INFO - [2026-04-06T09:51:04.558+0000] {dagbag.py:545} INFO - Filling up the DagBag from /opt/airflow/dags/pipeline.py
[2026-04-06T09:51:06.146+0000] {processor.py:840} INFO - DAG(s) 'pipeline' retrieved from /opt/airflow/dags/pipeline.py
[2026-04-06T09:51:06.218+0000] {logging_mixin.py:188} INFO - [2026-04-06T09:51:06.218+0000] {dag.py:3089} INFO - Sync 1 DAGs
[2026-04-06T09:51:06.255+0000] {logging_mixin.py:188} INFO - [2026-04-06T09:51:06.254+0000] {dag.py:3947} INFO - Setting next_dagrun for pipeline to 2026-04-06 00:00:00+00:00, run_after=2026-04-07 00:00:00+00:00
[2026-04-06T09:51:06.302+0000] {processor.py:183} INFO - Processing /opt/airflow/dags/pipeline.py took 1.769 seconds
[2026-04-06T09:51:36.714+0000] {processor.py:161} INFO - Started process (PID=1183) to work on /opt/airflow/dags/pipeline.py
[2026-04-06T09:51:36.716+0000] {processor.py:830} INFO - Processing file /opt/airflow/dags/pipeline.py for tasks to queue
[2026-04-06T09:51:36.718+0000] {logging_mixin.py:188} INFO - [2026-04-06T09:51:36.717+0000] {dagbag.py:545} INFO - Filling up the DagBag from /opt/airflow/dags/pipeline.py
[2026-04-06T09:51:39.229+0000] {processor.py:840} INFO - DAG(s) 'pipeline' retrieved from /opt/airflow/dags/pipeline.py
[2026-04-06T09:51:39.376+0000] {logging_mixin.py:188} INFO - [2026-04-06T09:51:39.376+0000] {dag.py:3089} INFO - Sync 1 DAGs
[2026-04-06T09:51:39.441+0000] {logging_mixin.py:188} INFO - [2026-04-06T09:51:39.441+0000] {dag.py:3947} INFO - Setting next_dagrun for pipeline to 2026-04-06 00:00:00+00:00, run_after=2026-04-07 00:00:00+00:00
[2026-04-06T09:51:39.508+0000] {processor.py:183} INFO - Processing /opt/airflow/dags/pipeline.py took 2.810 seconds
[2026-04-06T09:52:09.793+0000] {processor.py:161} INFO - Started process (PID=1189) to work on /opt/airflow/dags/pipeline.py
[2026-04-06T09:52:09.803+0000] {processor.py:830} INFO - Processing file /opt/airflow/dags/pipeline.py for tasks to queue
[2026-04-06T09:52:09.808+0000] {logging_mixin.py:188} INFO - [2026-04-06T09:52:09.807+0000] {dagbag.py:545} INFO - Filling up the DagBag from /opt/airflow/dags/pipeline.py
[2026-04-06T09:52:11.330+0000] {processor.py:840} INFO - DAG(s) 'pipeline' retrieved from /opt/airflow/dags/pipeline.py
[2026-04-06T09:52:11.431+0000] {logging_mixin.py:188} INFO - [2026-04-06T09:52:11.431+0000] {dag.py:3089} INFO - Sync 1 DAGs
[2026-04-06T09:52:11.476+0000] {logging_mixin.py:188} INFO - [2026-04-06T09:52:11.475+0000] {dag.py:3947} INFO - Setting next_dagrun for pipeline to 2026-04-06 00:00:00+00:00, run_after=2026-04-07 00:00:00+00:00
[2026-04-06T09:52:11.521+0000] {processor.py:183} INFO - Processing /opt/airflow/dags/pipeline.py took 1.754 seconds
[2026-04-06T09:52:42.080+0000] {processor.py:161} INFO - Started process (PID=1225) to work on /opt/airflow/dags/pipeline.py
[2026-04-06T09:52:42.084+0000] {processor.py:830} INFO - Processing file /opt/airflow/dags/pipeline.py for tasks to queue
[2026-04-06T09:52:42.089+0000] {logging_mixin.py:188} INFO - [2026-04-06T09:52:42.087+0000] {dagbag.py:545} INFO - Filling up the DagBag from /opt/airflow/dags/pipeline.py
[2026-04-06T09:52:44.101+0000] {processor.py:840} INFO - DAG(s) 'pipeline' retrieved from /opt/airflow/dags/pipeline.py
[2026-04-06T09:52:44.223+0000] {logging_mixin.py:188} INFO - [2026-04-06T09:52:44.222+0000] {dag.py:3089} INFO - Sync 1 DAGs
[2026-04-06T09:52:44.290+0000] {logging_mixin.py:188} INFO - [2026-04-06T09:52:44.290+0000] {dag.py:3947} INFO - Setting next_dagrun for pipeline to 2026-04-06 00:00:00+00:00, run_after=2026-04-07 00:00:00+00:00
[2026-04-06T09:52:44.361+0000] {processor.py:183} INFO - Processing /opt/airflow/dags/pipeline.py took 2.309 seconds
[2026-04-06T09:53:14.786+0000] {processor.py:161} INFO - Started process (PID=1232) to work on /opt/airflow/dags/pipeline.py
[2026-04-06T09:53:14.791+0000] {processor.py:830} INFO - Processing file /opt/airflow/dags/pipeline.py for tasks to queue
[2026-04-06T09:53:14.794+0000] {logging_mixin.py:188} INFO - [2026-04-06T09:53:14.793+0000] {dagbag.py:545} INFO - Filling up the DagBag from /opt/airflow/dags/pipeline.py
[2026-04-06T09:53:16.411+0000] {processor.py:840} INFO - DAG(s) 'pipeline' retrieved from /opt/airflow/dags/pipeline.py
[2026-04-06T09:53:16.503+0000] {logging_mixin.py:188} INFO - [2026-04-06T09:53:16.503+0000] {dag.py:3089} INFO - Sync 1 DAGs
[2026-04-06T09:53:16.547+0000] {logging_mixin.py:188} INFO - [2026-04-06T09:53:16.547+0000] {dag.py:3947} INFO - Setting next_dagrun for pipeline to 2026-04-06 00:00:00+00:00, run_after=2026-04-07 00:00:00+00:00
[2026-04-06T09:53:16.610+0000] {processor.py:183} INFO - Processing /opt/airflow/dags/pipeline.py took 1.840 seconds
[2026-04-06T09:53:47.096+0000] {processor.py:161} INFO - Started process (PID=1238) to work on /opt/airflow/dags/pipeline.py
[2026-04-06T09:53:47.142+0000] {processor.py:830} INFO - Processing file /opt/airflow/dags/pipeline.py for tasks to queue
[2026-04-06T09:53:47.147+0000] {logging_mixin.py:188} INFO - [2026-04-06T09:53:47.147+0000] {dagbag.py:545} INFO - Filling up the DagBag from /opt/airflow/dags/pipeline.py
[2026-04-06T09:53:48.464+0000] {processor.py:840} INFO - DAG(s) 'pipeline' retrieved from /opt/airflow/dags/pipeline.py
[2026-04-06T09:53:48.557+0000] {logging_mixin.py:188} INFO - [2026-04-06T09:53:48.557+0000] {dag.py:3089} INFO - Sync 1 DAGs
[2026-04-06T09:53:48.594+0000] {logging_mixin.py:188} INFO - [2026-04-06T09:53:48.593+0000] {dag.py:3947} INFO - Setting next_dagrun for pipeline to 2026-04-06 00:00:00+00:00, run_after=2026-04-07 00:00:00+00:00
[2026-04-06T09:53:48.639+0000] {processor.py:183} INFO - Processing /opt/airflow/dags/pipeline.py took 1.606 seconds
[2026-04-06T09:54:19.036+0000] {processor.py:161} INFO - Started process (PID=1244) to work on /opt/airflow/dags/pipeline.py
[2026-04-06T09:54:19.038+0000] {processor.py:830} INFO - Processing file /opt/airflow/dags/pipeline.py for tasks to queue
[2026-04-06T09:54:19.040+0000] {logging_mixin.py:188} INFO - [2026-04-06T09:54:19.039+0000] {dagbag.py:545} INFO - Filling up the DagBag from /opt/airflow/dags/pipeline.py
[2026-04-06T09:54:20.523+0000] {processor.py:840} INFO - DAG(s) 'pipeline' retrieved from /opt/airflow/dags/pipeline.py
[2026-04-06T09:54:20.719+0000] {logging_mixin.py:188} INFO - [2026-04-06T09:54:20.718+0000] {dag.py:3089} INFO - Sync 1 DAGs
[2026-04-06T09:54:20.754+0000] {logging_mixin.py:188} INFO - [2026-04-06T09:54:20.754+0000] {dag.py:3947} INFO - Setting next_dagrun for pipeline to 2026-04-06 00:00:00+00:00, run_after=2026-04-07 00:00:00+00:00
[2026-04-06T09:54:20.790+0000] {processor.py:183} INFO - Processing /opt/airflow/dags/pipeline.py took 1.771 seconds
[2026-04-06T09:54:51.166+0000] {processor.py:161} INFO - Started process (PID=1250) to work on /opt/airflow/dags/pipeline.py
[2026-04-06T09:54:51.169+0000] {processor.py:830} INFO - Processing file /opt/airflow/dags/pipeline.py for tasks to queue
[2026-04-06T09:54:51.171+0000] {logging_mixin.py:188} INFO - [2026-04-06T09:54:51.170+0000] {dagbag.py:545} INFO - Filling up the DagBag from /opt/airflow/dags/pipeline.py
[2026-04-06T09:54:52.630+0000] {processor.py:840} INFO - DAG(s) 'pipeline' retrieved from /opt/airflow/dags/pipeline.py
[2026-04-06T09:54:52.889+0000] {logging_mixin.py:188} INFO - [2026-04-06T09:54:52.889+0000] {dag.py:3089} INFO - Sync 1 DAGs
[2026-04-06T09:54:52.954+0000] {logging_mixin.py:188} INFO - [2026-04-06T09:54:52.953+0000] {dag.py:3947} INFO - Setting next_dagrun for pipeline to 2026-04-06 00:00:00+00:00, run_after=2026-04-07 00:00:00+00:00
[2026-04-06T09:54:53.008+0000] {processor.py:183} INFO - Processing /opt/airflow/dags/pipeline.py took 1.865 seconds
[2026-04-06T09:55:29.359+0000] {processor.py:161} INFO - Started process (PID=1270) to work on /opt/airflow/dags/pipeline.py
[2026-04-06T09:55:29.537+0000] {processor.py:830} INFO - Processing file /opt/airflow/dags/pipeline.py for tasks to queue
[2026-04-06T09:55:29.618+0000] {logging_mixin.py:188} INFO - [2026-04-06T09:55:29.595+0000] {dagbag.py:545} INFO - Filling up the DagBag from /opt/airflow/dags/pipeline.py
[2026-04-06T09:55:44.277+0000] {processor.py:840} INFO - DAG(s) 'pipeline' retrieved from /opt/airflow/dags/pipeline.py
[2026-04-06T09:55:44.599+0000] {logging_mixin.py:188} INFO - [2026-04-06T09:55:44.598+0000] {dag.py:3089} INFO - Sync 1 DAGs
[2026-04-06T09:55:44.749+0000] {logging_mixin.py:188} INFO - [2026-04-06T09:55:44.748+0000] {dag.py:3947} INFO - Setting next_dagrun for pipeline to 2026-04-06 00:00:00+00:00, run_after=2026-04-07 00:00:00+00:00
[2026-04-06T09:55:44.805+0000] {processor.py:183} INFO - Processing /opt/airflow/dags/pipeline.py took 16.683 seconds
[2026-04-06T09:56:15.473+0000] {processor.py:161} INFO - Started process (PID=1277) to work on /opt/airflow/dags/pipeline.py
[2026-04-06T09:56:15.476+0000] {processor.py:830} INFO - Processing file /opt/airflow/dags/pipeline.py for tasks to queue
[2026-04-06T09:56:15.481+0000] {logging_mixin.py:188} INFO - [2026-04-06T09:56:15.480+0000] {dagbag.py:545} INFO - Filling up the DagBag from /opt/airflow/dags/pipeline.py
[2026-04-06T09:56:18.078+0000] {processor.py:840} INFO - DAG(s) 'pipeline' retrieved from /opt/airflow/dags/pipeline.py
[2026-04-06T09:56:18.186+0000] {logging_mixin.py:188} INFO - [2026-04-06T09:56:18.186+0000] {dag.py:3089} INFO - Sync 1 DAGs
[2026-04-06T09:56:18.243+0000] {logging_mixin.py:188} INFO - [2026-04-06T09:56:18.243+0000] {dag.py:3947} INFO - Setting next_dagrun for pipeline to 2026-04-06 00:00:00+00:00, run_after=2026-04-07 00:00:00+00:00
[2026-04-06T09:56:18.315+0000] {processor.py:183} INFO - Processing /opt/airflow/dags/pipeline.py took 2.898 seconds
[2026-04-06T09:56:49.100+0000] {processor.py:161} INFO - Started process (PID=1283) to work on /opt/airflow/dags/pipeline.py
[2026-04-06T09:56:49.102+0000] {processor.py:830} INFO - Processing file /opt/airflow/dags/pipeline.py for tasks to queue
[2026-04-06T09:56:49.104+0000] {logging_mixin.py:188} INFO - [2026-04-06T09:56:49.103+0000] {dagbag.py:545} INFO - Filling up the DagBag from /opt/airflow/dags/pipeline.py
[2026-04-06T09:56:51.308+0000] {processor.py:840} INFO - DAG(s) 'pipeline' retrieved from /opt/airflow/dags/pipeline.py
[2026-04-06T09:56:51.396+0000] {logging_mixin.py:188} INFO - [2026-04-06T09:56:51.396+0000] {dag.py:3089} INFO - Sync 1 DAGs
[2026-04-06T09:56:51.435+0000] {logging_mixin.py:188} INFO - [2026-04-06T09:56:51.435+0000] {dag.py:3947} INFO - Setting next_dagrun for pipeline to 2026-04-06 00:00:00+00:00, run_after=2026-04-07 00:00:00+00:00
[2026-04-06T09:56:51.492+0000] {processor.py:183} INFO - Processing /opt/airflow/dags/pipeline.py took 2.412 seconds
[2026-04-06T09:57:21.781+0000] {processor.py:161} INFO - Started process (PID=1289) to work on /opt/airflow/dags/pipeline.py
[2026-04-06T09:57:21.783+0000] {processor.py:830} INFO - Processing file /opt/airflow/dags/pipeline.py for tasks to queue
[2026-04-06T09:57:21.785+0000] {logging_mixin.py:188} INFO - [2026-04-06T09:57:21.784+0000] {dagbag.py:545} INFO - Filling up the DagBag from /opt/airflow/dags/pipeline.py
[2026-04-06T09:57:23.644+0000] {processor.py:840} INFO - DAG(s) 'pipeline' retrieved from /opt/airflow/dags/pipeline.py
[2026-04-06T09:57:23.791+0000] {logging_mixin.py:188} INFO - [2026-04-06T09:57:23.791+0000] {dag.py:3089} INFO - Sync 1 DAGs
[2026-04-06T09:57:23.844+0000] {logging_mixin.py:188} INFO - [2026-04-06T09:57:23.844+0000] {dag.py:3947} INFO - Setting next_dagrun for pipeline to 2026-04-06 00:00:00+00:00, run_after=2026-04-07 00:00:00+00:00
[2026-04-06T09:57:23.928+0000] {processor.py:183} INFO - Processing /opt/airflow/dags/pipeline.py took 2.161 seconds
[2026-04-06T09:57:54.420+0000] {processor.py:161} INFO - Started process (PID=1295) to work on /opt/airflow/dags/pipeline.py
[2026-04-06T09:57:54.424+0000] {processor.py:830} INFO - Processing file /opt/airflow/dags/pipeline.py for tasks to queue
[2026-04-06T09:57:54.427+0000] {logging_mixin.py:188} INFO - [2026-04-06T09:57:54.426+0000] {dagbag.py:545} INFO - Filling up the DagBag from /opt/airflow/dags/pipeline.py
[2026-04-06T09:57:55.613+0000] {processor.py:840} INFO - DAG(s) 'pipeline' retrieved from /opt/airflow/dags/pipeline.py
[2026-04-06T09:57:55.741+0000] {logging_mixin.py:188} INFO - [2026-04-06T09:57:55.741+0000] {dag.py:3089} INFO - Sync 1 DAGs
[2026-04-06T09:57:55.805+0000] {logging_mixin.py:188} INFO - [2026-04-06T09:57:55.804+0000] {dag.py:3947} INFO - Setting next_dagrun for pipeline to 2026-04-06 00:00:00+00:00, run_after=2026-04-07 00:00:00+00:00
[2026-04-06T09:57:55.876+0000] {processor.py:183} INFO - Processing /opt/airflow/dags/pipeline.py took 1.487 seconds
[2026-04-06T09:58:26.250+0000] {processor.py:161} INFO - Started process (PID=1301) to work on /opt/airflow/dags/pipeline.py
[2026-04-06T09:58:26.255+0000] {processor.py:830} INFO - Processing file /opt/airflow/dags/pipeline.py for tasks to queue
[2026-04-06T09:58:26.260+0000] {logging_mixin.py:188} INFO - [2026-04-06T09:58:26.259+0000] {dagbag.py:545} INFO - Filling up the DagBag from /opt/airflow/dags/pipeline.py
[2026-04-06T09:58:27.792+0000] {processor.py:840} INFO - DAG(s) 'pipeline' retrieved from /opt/airflow/dags/pipeline.py
[2026-04-06T09:58:27.893+0000] {logging_mixin.py:188} INFO - [2026-04-06T09:58:27.893+0000] {dag.py:3089} INFO - Sync 1 DAGs
[2026-04-06T09:58:27.948+0000] {logging_mixin.py:188} INFO - [2026-04-06T09:58:27.947+0000] {dag.py:3947} INFO - Setting next_dagrun for pipeline to 2026-04-06 00:00:00+00:00, run_after=2026-04-07 00:00:00+00:00
[2026-04-06T09:58:28.003+0000] {processor.py:183} INFO - Processing /opt/airflow/dags/pipeline.py took 1.782 seconds
[2026-04-06T09:58:58.420+0000] {processor.py:161} INFO - Started process (PID=1307) to work on /opt/airflow/dags/pipeline.py
[2026-04-06T09:58:58.425+0000] {processor.py:830} INFO - Processing file /opt/airflow/dags/pipeline.py for tasks to queue
[2026-04-06T09:58:58.428+0000] {logging_mixin.py:188} INFO - [2026-04-06T09:58:58.427+0000] {dagbag.py:545} INFO - Filling up the DagBag from /opt/airflow/dags/pipeline.py
[2026-04-06T09:58:59.668+0000] {processor.py:840} INFO - DAG(s) 'pipeline' retrieved from /opt/airflow/dags/pipeline.py
[2026-04-06T09:58:59.762+0000] {logging_mixin.py:188} INFO - [2026-04-06T09:58:59.762+0000] {dag.py:3089} INFO - Sync 1 DAGs
[2026-04-06T09:58:59.815+0000] {logging_mixin.py:188} INFO - [2026-04-06T09:58:59.814+0000] {dag.py:3947} INFO - Setting next_dagrun for pipeline to 2026-04-06 00:00:00+00:00, run_after=2026-04-07 00:00:00+00:00
[2026-04-06T09:58:59.898+0000] {processor.py:183} INFO - Processing /opt/airflow/dags/pipeline.py took 1.512 seconds
[2026-04-06T09:59:30.321+0000] {processor.py:161} INFO - Started process (PID=1313) to work on /opt/airflow/dags/pipeline.py
[2026-04-06T09:59:30.324+0000] {processor.py:830} INFO - Processing file /opt/airflow/dags/pipeline.py for tasks to queue
[2026-04-06T09:59:30.326+0000] {logging_mixin.py:188} INFO - [2026-04-06T09:59:30.326+0000] {dagbag.py:545} INFO - Filling up the DagBag from /opt/airflow/dags/pipeline.py
[2026-04-06T09:59:31.569+0000] {processor.py:840} INFO - DAG(s) 'pipeline' retrieved from /opt/airflow/dags/pipeline.py
[2026-04-06T09:59:31.652+0000] {logging_mixin.py:188} INFO - [2026-04-06T09:59:31.652+0000] {dag.py:3089} INFO - Sync 1 DAGs
[2026-04-06T09:59:31.693+0000] {logging_mixin.py:188} INFO - [2026-04-06T09:59:31.693+0000] {dag.py:3947} INFO - Setting next_dagrun for pipeline to 2026-04-06 00:00:00+00:00, run_after=2026-04-07 00:00:00+00:00
[2026-04-06T09:59:31.747+0000] {processor.py:183} INFO - Processing /opt/airflow/dags/pipeline.py took 1.441 seconds
[2026-04-06T10:00:02.155+0000] {processor.py:161} INFO - Started process (PID=1319) to work on /opt/airflow/dags/pipeline.py
[2026-04-06T10:00:02.160+0000] {processor.py:830} INFO - Processing file /opt/airflow/dags/pipeline.py for tasks to queue
[2026-04-06T10:00:02.166+0000] {logging_mixin.py:188} INFO - [2026-04-06T10:00:02.165+0000] {dagbag.py:545} INFO - Filling up the DagBag from /opt/airflow/dags/pipeline.py
[2026-04-06T10:00:03.642+0000] {processor.py:840} INFO - DAG(s) 'pipeline' retrieved from /opt/airflow/dags/pipeline.py
[2026-04-06T10:00:03.746+0000] {logging_mixin.py:188} INFO - [2026-04-06T10:00:03.746+0000] {dag.py:3089} INFO - Sync 1 DAGs
[2026-04-06T10:00:03.787+0000] {logging_mixin.py:188} INFO - [2026-04-06T10:00:03.787+0000] {dag.py:3947} INFO - Setting next_dagrun for pipeline to 2026-04-06 00:00:00+00:00, run_after=2026-04-07 00:00:00+00:00
[2026-04-06T10:00:03.846+0000] {processor.py:183} INFO - Processing /opt/airflow/dags/pipeline.py took 1.716 seconds
[2026-04-06T10:00:34.491+0000] {processor.py:161} INFO - Started process (PID=1336) to work on /opt/airflow/dags/pipeline.py
[2026-04-06T10:00:34.495+0000] {processor.py:830} INFO - Processing file /opt/airflow/dags/pipeline.py for tasks to queue
[2026-04-06T10:00:34.498+0000] {logging_mixin.py:188} INFO - [2026-04-06T10:00:34.497+0000] {dagbag.py:545} INFO - Filling up the DagBag from /opt/airflow/dags/pipeline.py
[2026-04-06T10:00:38.127+0000] {processor.py:840} INFO - DAG(s) 'pipeline' retrieved from /opt/airflow/dags/pipeline.py
[2026-04-06T10:00:38.275+0000] {logging_mixin.py:188} INFO - [2026-04-06T10:00:38.274+0000] {dag.py:3089} INFO - Sync 1 DAGs
[2026-04-06T10:00:38.362+0000] {logging_mixin.py:188} INFO - [2026-04-06T10:00:38.362+0000] {dag.py:3947} INFO - Setting next_dagrun for pipeline to 2026-04-06 00:00:00+00:00, run_after=2026-04-07 00:00:00+00:00
[2026-04-06T10:00:38.472+0000] {processor.py:183} INFO - Processing /opt/airflow/dags/pipeline.py took 4.009 seconds
[2026-04-06T10:01:09.224+0000] {processor.py:161} INFO - Started process (PID=1391) to work on /opt/airflow/dags/pipeline.py
[2026-04-06T10:01:09.227+0000] {processor.py:830} INFO - Processing file /opt/airflow/dags/pipeline.py for tasks to queue
[2026-04-06T10:01:09.231+0000] {logging_mixin.py:188} INFO - [2026-04-06T10:01:09.230+0000] {dagbag.py:545} INFO - Filling up the DagBag from /opt/airflow/dags/pipeline.py
[2026-04-06T10:01:13.066+0000] {processor.py:840} INFO - DAG(s) 'pipeline' retrieved from /opt/airflow/dags/pipeline.py
[2026-04-06T10:01:13.281+0000] {logging_mixin.py:188} INFO - [2026-04-06T10:01:13.281+0000] {dag.py:3089} INFO - Sync 1 DAGs
[2026-04-06T10:01:13.358+0000] {logging_mixin.py:188} INFO - [2026-04-06T10:01:13.357+0000] {dag.py:3947} INFO - Setting next_dagrun for pipeline to 2026-04-06 00:00:00+00:00, run_after=2026-04-07 00:00:00+00:00
[2026-04-06T10:01:13.655+0000] {processor.py:183} INFO - Processing /opt/airflow/dags/pipeline.py took 4.458 seconds
[2026-04-06T10:01:44.328+0000] {processor.py:161} INFO - Started process (PID=1423) to work on /opt/airflow/dags/pipeline.py
[2026-04-06T10:01:44.330+0000] {processor.py:830} INFO - Processing file /opt/airflow/dags/pipeline.py for tasks to queue
[2026-04-06T10:01:44.331+0000] {logging_mixin.py:188} INFO - [2026-04-06T10:01:44.331+0000] {dagbag.py:545} INFO - Filling up the DagBag from /opt/airflow/dags/pipeline.py
[2026-04-06T10:01:45.505+0000] {processor.py:840} INFO - DAG(s) 'pipeline' retrieved from /opt/airflow/dags/pipeline.py
[2026-04-06T10:01:45.586+0000] {logging_mixin.py:188} INFO - [2026-04-06T10:01:45.585+0000] {dag.py:3089} INFO - Sync 1 DAGs
[2026-04-06T10:01:45.628+0000] {logging_mixin.py:188} INFO - [2026-04-06T10:01:45.628+0000] {dag.py:3947} INFO - Setting next_dagrun for pipeline to 2026-04-06 00:00:00+00:00, run_after=2026-04-07 00:00:00+00:00
[2026-04-06T10:01:45.674+0000] {processor.py:183} INFO - Processing /opt/airflow/dags/pipeline.py took 1.356 seconds
[2026-04-06T10:02:16.095+0000] {processor.py:161} INFO - Started process (PID=1429) to work on /opt/airflow/dags/pipeline.py
[2026-04-06T10:02:16.097+0000] {processor.py:830} INFO - Processing file /opt/airflow/dags/pipeline.py for tasks to queue
[2026-04-06T10:02:16.100+0000] {logging_mixin.py:188} INFO - [2026-04-06T10:02:16.099+0000] {dagbag.py:545} INFO - Filling up the DagBag from /opt/airflow/dags/pipeline.py
[2026-04-06T10:02:19.533+0000] {processor.py:840} INFO - DAG(s) 'pipeline' retrieved from /opt/airflow/dags/pipeline.py
[2026-04-06T10:02:19.759+0000] {logging_mixin.py:188} INFO - [2026-04-06T10:02:19.759+0000] {dag.py:3089} INFO - Sync 1 DAGs
[2026-04-06T10:02:19.859+0000] {logging_mixin.py:188} INFO - [2026-04-06T10:02:19.859+0000] {dag.py:3947} INFO - Setting next_dagrun for pipeline to 2026-04-06 00:00:00+00:00, run_after=2026-04-07 00:00:00+00:00
[2026-04-06T10:02:19.968+0000] {processor.py:183} INFO - Processing /opt/airflow/dags/pipeline.py took 3.888 seconds
[2026-04-06T10:02:50.772+0000] {processor.py:161} INFO - Started process (PID=1435) to work on /opt/airflow/dags/pipeline.py
[2026-04-06T10:02:50.775+0000] {processor.py:830} INFO - Processing file /opt/airflow/dags/pipeline.py for tasks to queue
[2026-04-06T10:02:50.777+0000] {logging_mixin.py:188} INFO - [2026-04-06T10:02:50.776+0000] {dagbag.py:545} INFO - Filling up the DagBag from /opt/airflow/dags/pipeline.py
[2026-04-06T10:02:52.462+0000] {processor.py:840} INFO - DAG(s) 'pipeline' retrieved from /opt/airflow/dags/pipeline.py
[2026-04-06T10:02:52.692+0000] {logging_mixin.py:188} INFO - [2026-04-06T10:02:52.692+0000] {dag.py:3089} INFO - Sync 1 DAGs
[2026-04-06T10:02:52.766+0000] {logging_mixin.py:188} INFO - [2026-04-06T10:02:52.766+0000] {dag.py:3947} INFO - Setting next_dagrun for pipeline to 2026-04-06 00:00:00+00:00, run_after=2026-04-07 00:00:00+00:00
[2026-04-06T10:02:52.834+0000] {processor.py:183} INFO - Processing /opt/airflow/dags/pipeline.py took 2.080 seconds
[2026-04-06T10:03:23.183+0000] {processor.py:161} INFO - Started process (PID=1442) to work on /opt/airflow/dags/pipeline.py
[2026-04-06T10:03:23.188+0000] {processor.py:830} INFO - Processing file /opt/airflow/dags/pipeline.py for tasks to queue
[2026-04-06T10:03:23.191+0000] {logging_mixin.py:188} INFO - [2026-04-06T10:03:23.190+0000] {dagbag.py:545} INFO - Filling up the DagBag from /opt/airflow/dags/pipeline.py
[2026-04-06T10:03:24.630+0000] {processor.py:840} INFO - DAG(s) 'pipeline' retrieved from /opt/airflow/dags/pipeline.py
[2026-04-06T10:03:24.729+0000] {logging_mixin.py:188} INFO - [2026-04-06T10:03:24.729+0000] {dag.py:3089} INFO - Sync 1 DAGs
[2026-04-06T10:03:24.768+0000] {logging_mixin.py:188} INFO - [2026-04-06T10:03:24.768+0000] {dag.py:3947} INFO - Setting next_dagrun for pipeline to 2026-04-06 00:00:00+00:00, run_after=2026-04-07 00:00:00+00:00
[2026-04-06T10:03:24.811+0000] {processor.py:183} INFO - Processing /opt/airflow/dags/pipeline.py took 1.653 seconds
[2026-04-06T10:03:55.228+0000] {processor.py:161} INFO - Started process (PID=1448) to work on /opt/airflow/dags/pipeline.py
[2026-04-06T10:03:55.229+0000] {processor.py:830} INFO - Processing file /opt/airflow/dags/pipeline.py for tasks to queue
[2026-04-06T10:03:55.231+0000] {logging_mixin.py:188} INFO - [2026-04-06T10:03:55.230+0000] {dagbag.py:545} INFO - Filling up the DagBag from /opt/airflow/dags/pipeline.py
[2026-04-06T10:03:56.468+0000] {processor.py:840} INFO - DAG(s) 'pipeline' retrieved from /opt/airflow/dags/pipeline.py
[2026-04-06T10:03:56.552+0000] {logging_mixin.py:188} INFO - [2026-04-06T10:03:56.552+0000] {dag.py:3089} INFO - Sync 1 DAGs
[2026-04-06T10:03:56.593+0000] {logging_mixin.py:188} INFO - [2026-04-06T10:03:56.593+0000] {dag.py:3947} INFO - Setting next_dagrun for pipeline to 2026-04-06 00:00:00+00:00, run_after=2026-04-07 00:00:00+00:00
[2026-04-06T10:03:56.645+0000] {processor.py:183} INFO - Processing /opt/airflow/dags/pipeline.py took 1.427 seconds
[2026-04-06T10:04:26.901+0000] {processor.py:161} INFO - Started process (PID=1454) to work on /opt/airflow/dags/pipeline.py
[2026-04-06T10:04:26.903+0000] {processor.py:830} INFO - Processing file /opt/airflow/dags/pipeline.py for tasks to queue
[2026-04-06T10:04:26.905+0000] {logging_mixin.py:188} INFO - [2026-04-06T10:04:26.905+0000] {dagbag.py:545} INFO - Filling up the DagBag from /opt/airflow/dags/pipeline.py
[2026-04-06T10:04:28.391+0000] {processor.py:840} INFO - DAG(s) 'pipeline' retrieved from /opt/airflow/dags/pipeline.py
[2026-04-06T10:04:28.582+0000] {logging_mixin.py:188} INFO - [2026-04-06T10:04:28.582+0000] {dag.py:3089} INFO - Sync 1 DAGs
[2026-04-06T10:04:28.626+0000] {logging_mixin.py:188} INFO - [2026-04-06T10:04:28.626+0000] {dag.py:3947} INFO - Setting next_dagrun for pipeline to 2026-04-06 00:00:00+00:00, run_after=2026-04-07 00:00:00+00:00
[2026-04-06T10:04:28.682+0000] {processor.py:183} INFO - Processing /opt/airflow/dags/pipeline.py took 1.797 seconds
[2026-04-06T10:04:59.044+0000] {processor.py:161} INFO - Started process (PID=1460) to work on /opt/airflow/dags/pipeline.py
[2026-04-06T10:04:59.045+0000] {processor.py:830} INFO - Processing file /opt/airflow/dags/pipeline.py for tasks to queue
[2026-04-06T10:04:59.046+0000] {logging_mixin.py:188} INFO - [2026-04-06T10:04:59.046+0000] {dagbag.py:545} INFO - Filling up the DagBag from /opt/airflow/dags/pipeline.py
[2026-04-06T10:05:00.381+0000] {processor.py:840} INFO - DAG(s) 'pipeline' retrieved from /opt/airflow/dags/pipeline.py
[2026-04-06T10:05:00.519+0000] {logging_mixin.py:188} INFO - [2026-04-06T10:05:00.519+0000] {dag.py:3089} INFO - Sync 1 DAGs
[2026-04-06T10:05:00.575+0000] {logging_mixin.py:188} INFO - [2026-04-06T10:05:00.574+0000] {dag.py:3947} INFO - Setting next_dagrun for pipeline to 2026-04-06 00:00:00+00:00, run_after=2026-04-07 00:00:00+00:00
[2026-04-06T10:05:00.639+0000] {processor.py:183} INFO - Processing /opt/airflow/dags/pipeline.py took 1.604 seconds
[2026-04-06T10:05:31.234+0000] {processor.py:161} INFO - Started process (PID=1475) to work on /opt/airflow/dags/pipeline.py
[2026-04-06T10:05:31.237+0000] {processor.py:830} INFO - Processing file /opt/airflow/dags/pipeline.py for tasks to queue
[2026-04-06T10:05:31.244+0000] {logging_mixin.py:188} INFO - [2026-04-06T10:05:31.241+0000] {dagbag.py:545} INFO - Filling up the DagBag from /opt/airflow/dags/pipeline.py
[2026-04-06T10:05:34.549+0000] {processor.py:840} INFO - DAG(s) 'pipeline' retrieved from /opt/airflow/dags/pipeline.py
[2026-04-06T10:05:34.781+0000] {logging_mixin.py:188} INFO - [2026-04-06T10:05:34.780+0000] {dag.py:3089} INFO - Sync 1 DAGs
[2026-04-06T10:05:34.855+0000] {logging_mixin.py:188} INFO - [2026-04-06T10:05:34.851+0000] {dag.py:3947} INFO - Setting next_dagrun for pipeline to 2026-04-06 00:00:00+00:00, run_after=2026-04-07 00:00:00+00:00
[2026-04-06T10:05:34.924+0000] {processor.py:183} INFO - Processing /opt/airflow/dags/pipeline.py took 3.749 seconds
[2026-04-06T10:06:05.142+0000] {processor.py:161} INFO - Started process (PID=1497) to work on /opt/airflow/dags/pipeline.py
[2026-04-06T10:06:05.145+0000] {processor.py:830} INFO - Processing file /opt/airflow/dags/pipeline.py for tasks to queue
[2026-04-06T10:06:05.147+0000] {logging_mixin.py:188} INFO - [2026-04-06T10:06:05.147+0000] {dagbag.py:545} INFO - Filling up the DagBag from /opt/airflow/dags/pipeline.py
[2026-04-06T10:06:06.489+0000] {processor.py:840} INFO - DAG(s) 'pipeline' retrieved from /opt/airflow/dags/pipeline.py
[2026-04-06T10:06:06.580+0000] {logging_mixin.py:188} INFO - [2026-04-06T10:06:06.580+0000] {dag.py:3089} INFO - Sync 1 DAGs
[2026-04-06T10:06:06.630+0000] {logging_mixin.py:188} INFO - [2026-04-06T10:06:06.629+0000] {dag.py:3947} INFO - Setting next_dagrun for pipeline to 2026-04-06 00:00:00+00:00, run_after=2026-04-07 00:00:00+00:00
[2026-04-06T10:06:06.682+0000] {processor.py:183} INFO - Processing /opt/airflow/dags/pipeline.py took 1.558 seconds
[2026-04-06T10:06:36.837+0000] {processor.py:161} INFO - Started process (PID=1519) to work on /opt/airflow/dags/pipeline.py
[2026-04-06T10:06:36.839+0000] {processor.py:830} INFO - Processing file /opt/airflow/dags/pipeline.py for tasks to queue
[2026-04-06T10:06:36.840+0000] {logging_mixin.py:188} INFO - [2026-04-06T10:06:36.840+0000] {dagbag.py:545} INFO - Filling up the DagBag from /opt/airflow/dags/pipeline.py
[2026-04-06T10:06:38.097+0000] {processor.py:840} INFO - DAG(s) 'pipeline' retrieved from /opt/airflow/dags/pipeline.py
[2026-04-06T10:06:38.188+0000] {logging_mixin.py:188} INFO - [2026-04-06T10:06:38.188+0000] {dag.py:3089} INFO - Sync 1 DAGs
[2026-04-06T10:06:38.228+0000] {logging_mixin.py:188} INFO - [2026-04-06T10:06:38.228+0000] {dag.py:3947} INFO - Setting next_dagrun for pipeline to 2026-04-06 00:00:00+00:00, run_after=2026-04-07 00:00:00+00:00
[2026-04-06T10:06:38.275+0000] {processor.py:183} INFO - Processing /opt/airflow/dags/pipeline.py took 1.447 seconds
[2026-04-06T10:07:08.860+0000] {processor.py:161} INFO - Started process (PID=1525) to work on /opt/airflow/dags/pipeline.py
[2026-04-06T10:07:08.864+0000] {processor.py:830} INFO - Processing file /opt/airflow/dags/pipeline.py for tasks to queue
[2026-04-06T10:07:08.868+0000] {logging_mixin.py:188} INFO - [2026-04-06T10:07:08.867+0000] {dagbag.py:545} INFO - Filling up the DagBag from /opt/airflow/dags/pipeline.py
[2026-04-06T10:07:10.458+0000] {processor.py:840} INFO - DAG(s) 'pipeline' retrieved from /opt/airflow/dags/pipeline.py
[2026-04-06T10:07:10.545+0000] {logging_mixin.py:188} INFO - [2026-04-06T10:07:10.545+0000] {dag.py:3089} INFO - Sync 1 DAGs
[2026-04-06T10:07:10.585+0000] {logging_mixin.py:188} INFO - [2026-04-06T10:07:10.585+0000] {dag.py:3947} INFO - Setting next_dagrun for pipeline to 2026-04-06 00:00:00+00:00, run_after=2026-04-07 00:00:00+00:00
[2026-04-06T10:07:10.637+0000] {processor.py:183} INFO - Processing /opt/airflow/dags/pipeline.py took 1.805 seconds
[2026-04-06T10:07:40.725+0000] {processor.py:161} INFO - Started process (PID=1531) to work on /opt/airflow/dags/pipeline.py
[2026-04-06T10:07:40.728+0000] {processor.py:830} INFO - Processing file /opt/airflow/dags/pipeline.py for tasks to queue
[2026-04-06T10:07:40.734+0000] {logging_mixin.py:188} INFO - [2026-04-06T10:07:40.733+0000] {dagbag.py:545} INFO - Filling up the DagBag from /opt/airflow/dags/pipeline.py
[2026-04-06T10:07:43.187+0000] {processor.py:840} INFO - DAG(s) 'pipeline' retrieved from /opt/airflow/dags/pipeline.py
[2026-04-06T10:07:43.544+0000] {logging_mixin.py:188} INFO - [2026-04-06T10:07:43.543+0000] {dag.py:3089} INFO - Sync 1 DAGs
[2026-04-06T10:07:43.629+0000] {logging_mixin.py:188} INFO - [2026-04-06T10:07:43.628+0000] {dag.py:3947} INFO - Setting next_dagrun for pipeline to 2026-04-06 00:00:00+00:00, run_after=2026-04-07 00:00:00+00:00
[2026-04-06T10:07:43.714+0000] {processor.py:183} INFO - Processing /opt/airflow/dags/pipeline.py took 3.004 seconds
[2026-04-06T10:08:14.387+0000] {processor.py:161} INFO - Started process (PID=1538) to work on /opt/airflow/dags/pipeline.py
[2026-04-06T10:08:14.389+0000] {processor.py:830} INFO - Processing file /opt/airflow/dags/pipeline.py for tasks to queue
[2026-04-06T10:08:14.391+0000] {logging_mixin.py:188} INFO - [2026-04-06T10:08:14.390+0000] {dagbag.py:545} INFO - Filling up the DagBag from /opt/airflow/dags/pipeline.py
[2026-04-06T10:08:16.000+0000] {processor.py:840} INFO - DAG(s) 'pipeline' retrieved from /opt/airflow/dags/pipeline.py
[2026-04-06T10:08:16.111+0000] {logging_mixin.py:188} INFO - [2026-04-06T10:08:16.110+0000] {dag.py:3089} INFO - Sync 1 DAGs
[2026-04-06T10:08:16.155+0000] {logging_mixin.py:188} INFO - [2026-04-06T10:08:16.155+0000] {dag.py:3947} INFO - Setting next_dagrun for pipeline to 2026-04-06 00:00:00+00:00, run_after=2026-04-07 00:00:00+00:00
[2026-04-06T10:08:16.215+0000] {processor.py:183} INFO - Processing /opt/airflow/dags/pipeline.py took 1.840 seconds
[2026-04-06T10:08:46.724+0000] {processor.py:161} INFO - Started process (PID=1561) to work on /opt/airflow/dags/pipeline.py
[2026-04-06T10:08:46.727+0000] {processor.py:830} INFO - Processing file /opt/airflow/dags/pipeline.py for tasks to queue
[2026-04-06T10:08:46.729+0000] {logging_mixin.py:188} INFO - [2026-04-06T10:08:46.728+0000] {dagbag.py:545} INFO - Filling up the DagBag from /opt/airflow/dags/pipeline.py
[2026-04-06T10:08:48.420+0000] {processor.py:840} INFO - DAG(s) 'pipeline' retrieved from /opt/airflow/dags/pipeline.py
[2026-04-06T10:08:48.518+0000] {logging_mixin.py:188} INFO - [2026-04-06T10:08:48.518+0000] {dag.py:3089} INFO - Sync 1 DAGs
[2026-04-06T10:08:48.581+0000] {logging_mixin.py:188} INFO - [2026-04-06T10:08:48.581+0000] {dag.py:3947} INFO - Setting next_dagrun for pipeline to 2026-04-06 00:00:00+00:00, run_after=2026-04-07 00:00:00+00:00
[2026-04-06T10:08:48.645+0000] {processor.py:183} INFO - Processing /opt/airflow/dags/pipeline.py took 1.933 seconds
[2026-04-06T10:09:19.133+0000] {processor.py:161} INFO - Started process (PID=1614) to work on /opt/airflow/dags/pipeline.py
[2026-04-06T10:09:19.137+0000] {processor.py:830} INFO - Processing file /opt/airflow/dags/pipeline.py for tasks to queue
[2026-04-06T10:09:19.139+0000] {logging_mixin.py:188} INFO - [2026-04-06T10:09:19.139+0000] {dagbag.py:545} INFO - Filling up the DagBag from /opt/airflow/dags/pipeline.py
[2026-04-06T10:09:20.593+0000] {processor.py:840} INFO - DAG(s) 'pipeline' retrieved from /opt/airflow/dags/pipeline.py
[2026-04-06T10:09:20.668+0000] {logging_mixin.py:188} INFO - [2026-04-06T10:09:20.668+0000] {dag.py:3089} INFO - Sync 1 DAGs
[2026-04-06T10:09:20.706+0000] {logging_mixin.py:188} INFO - [2026-04-06T10:09:20.706+0000] {dag.py:3947} INFO - Setting next_dagrun for pipeline to 2026-04-06 00:00:00+00:00, run_after=2026-04-07 00:00:00+00:00
[2026-04-06T10:09:20.750+0000] {processor.py:183} INFO - Processing /opt/airflow/dags/pipeline.py took 1.637 seconds
[2026-04-06T10:09:51.484+0000] {processor.py:161} INFO - Started process (PID=1657) to work on /opt/airflow/dags/pipeline.py
[2026-04-06T10:09:51.489+0000] {processor.py:830} INFO - Processing file /opt/airflow/dags/pipeline.py for tasks to queue
[2026-04-06T10:09:51.498+0000] {logging_mixin.py:188} INFO - [2026-04-06T10:09:51.497+0000] {dagbag.py:545} INFO - Filling up the DagBag from /opt/airflow/dags/pipeline.py
[2026-04-06T10:09:55.123+0000] {processor.py:840} INFO - DAG(s) 'pipeline' retrieved from /opt/airflow/dags/pipeline.py
[2026-04-06T10:09:55.281+0000] {logging_mixin.py:188} INFO - [2026-04-06T10:09:55.280+0000] {dag.py:3089} INFO - Sync 1 DAGs
[2026-04-06T10:09:55.367+0000] {logging_mixin.py:188} INFO - [2026-04-06T10:09:55.366+0000] {dag.py:3947} INFO - Setting next_dagrun for pipeline to 2026-04-06 00:00:00+00:00, run_after=2026-04-07 00:00:00+00:00
[2026-04-06T10:09:55.465+0000] {processor.py:183} INFO - Processing /opt/airflow/dags/pipeline.py took 4.020 seconds
[2026-04-06T10:10:26.365+0000] {processor.py:161} INFO - Started process (PID=1683) to work on /opt/airflow/dags/pipeline.py
[2026-04-06T10:10:26.369+0000] {processor.py:830} INFO - Processing file /opt/airflow/dags/pipeline.py for tasks to queue
[2026-04-06T10:10:26.372+0000] {logging_mixin.py:188} INFO - [2026-04-06T10:10:26.372+0000] {dagbag.py:545} INFO - Filling up the DagBag from /opt/airflow/dags/pipeline.py
[2026-04-06T10:10:30.445+0000] {processor.py:840} INFO - DAG(s) 'pipeline' retrieved from /opt/airflow/dags/pipeline.py
[2026-04-06T10:10:30.616+0000] {logging_mixin.py:188} INFO - [2026-04-06T10:10:30.616+0000] {dag.py:3089} INFO - Sync 1 DAGs
[2026-04-06T10:10:30.682+0000] {logging_mixin.py:188} INFO - [2026-04-06T10:10:30.681+0000] {dag.py:3947} INFO - Setting next_dagrun for pipeline to 2026-04-06 00:00:00+00:00, run_after=2026-04-07 00:00:00+00:00
[2026-04-06T10:10:30.749+0000] {processor.py:183} INFO - Processing /opt/airflow/dags/pipeline.py took 4.410 seconds
[2026-04-06T10:11:01.385+0000] {processor.py:161} INFO - Started process (PID=1707) to work on /opt/airflow/dags/pipeline.py
[2026-04-06T10:11:01.388+0000] {processor.py:830} INFO - Processing file /opt/airflow/dags/pipeline.py for tasks to queue
[2026-04-06T10:11:01.391+0000] {logging_mixin.py:188} INFO - [2026-04-06T10:11:01.390+0000] {dagbag.py:545} INFO - Filling up the DagBag from /opt/airflow/dags/pipeline.py
[2026-04-06T10:11:03.982+0000] {processor.py:840} INFO - DAG(s) 'pipeline' retrieved from /opt/airflow/dags/pipeline.py
[2026-04-06T10:11:04.231+0000] {logging_mixin.py:188} INFO - [2026-04-06T10:11:04.229+0000] {dag.py:3089} INFO - Sync 1 DAGs
[2026-04-06T10:11:04.344+0000] {logging_mixin.py:188} INFO - [2026-04-06T10:11:04.343+0000] {dag.py:3947} INFO - Setting next_dagrun for pipeline to 2026-04-06 00:00:00+00:00, run_after=2026-04-07 00:00:00+00:00
[2026-04-06T10:11:04.447+0000] {processor.py:183} INFO - Processing /opt/airflow/dags/pipeline.py took 3.081 seconds
[2026-04-06T10:11:34.840+0000] {processor.py:161} INFO - Started process (PID=1714) to work on /opt/airflow/dags/pipeline.py
[2026-04-06T10:11:34.842+0000] {processor.py:830} INFO - Processing file /opt/airflow/dags/pipeline.py for tasks to queue
[2026-04-06T10:11:34.846+0000] {logging_mixin.py:188} INFO - [2026-04-06T10:11:34.845+0000] {dagbag.py:545} INFO - Filling up the DagBag from /opt/airflow/dags/pipeline.py
[2026-04-06T10:11:36.520+0000] {processor.py:840} INFO - DAG(s) 'pipeline' retrieved from /opt/airflow/dags/pipeline.py
[2026-04-06T10:11:36.619+0000] {logging_mixin.py:188} INFO - [2026-04-06T10:11:36.619+0000] {dag.py:3089} INFO - Sync 1 DAGs
[2026-04-06T10:11:36.687+0000] {logging_mixin.py:188} INFO - [2026-04-06T10:11:36.686+0000] {dag.py:3947} INFO - Setting next_dagrun for pipeline to 2026-04-06 00:00:00+00:00, run_after=2026-04-07 00:00:00+00:00
[2026-04-06T10:11:36.744+0000] {processor.py:183} INFO - Processing /opt/airflow/dags/pipeline.py took 1.915 seconds
[2026-04-06T10:12:07.370+0000] {processor.py:161} INFO - Started process (PID=1721) to work on /opt/airflow/dags/pipeline.py
[2026-04-06T10:12:07.373+0000] {processor.py:830} INFO - Processing file /opt/airflow/dags/pipeline.py for tasks to queue
[2026-04-06T10:12:07.378+0000] {logging_mixin.py:188} INFO - [2026-04-06T10:12:07.377+0000] {dagbag.py:545} INFO - Filling up the DagBag from /opt/airflow/dags/pipeline.py
[2026-04-06T10:12:09.177+0000] {processor.py:840} INFO - DAG(s) 'pipeline' retrieved from /opt/airflow/dags/pipeline.py
[2026-04-06T10:12:09.394+0000] {logging_mixin.py:188} INFO - [2026-04-06T10:12:09.394+0000] {dag.py:3089} INFO - Sync 1 DAGs
[2026-04-06T10:12:09.457+0000] {logging_mixin.py:188} INFO - [2026-04-06T10:12:09.457+0000] {dag.py:3947} INFO - Setting next_dagrun for pipeline to 2026-04-06 00:00:00+00:00, run_after=2026-04-07 00:00:00+00:00
[2026-04-06T10:12:09.513+0000] {processor.py:183} INFO - Processing /opt/airflow/dags/pipeline.py took 2.159 seconds
[2026-04-06T10:12:39.810+0000] {processor.py:161} INFO - Started process (PID=1729) to work on /opt/airflow/dags/pipeline.py
[2026-04-06T10:12:39.815+0000] {processor.py:830} INFO - Processing file /opt/airflow/dags/pipeline.py for tasks to queue
[2026-04-06T10:12:39.819+0000] {logging_mixin.py:188} INFO - [2026-04-06T10:12:39.818+0000] {dagbag.py:545} INFO - Filling up the DagBag from /opt/airflow/dags/pipeline.py
[2026-04-06T10:12:42.096+0000] {processor.py:840} INFO - DAG(s) 'pipeline' retrieved from /opt/airflow/dags/pipeline.py
[2026-04-06T10:12:42.204+0000] {logging_mixin.py:188} INFO - [2026-04-06T10:12:42.204+0000] {dag.py:3089} INFO - Sync 1 DAGs
[2026-04-06T10:12:42.248+0000] {logging_mixin.py:188} INFO - [2026-04-06T10:12:42.248+0000] {dag.py:3947} INFO - Setting next_dagrun for pipeline to 2026-04-06 00:00:00+00:00, run_after=2026-04-07 00:00:00+00:00
[2026-04-06T10:12:42.300+0000] {processor.py:183} INFO - Processing /opt/airflow/dags/pipeline.py took 2.512 seconds
[2026-04-06T10:13:12.903+0000] {processor.py:161} INFO - Started process (PID=1735) to work on /opt/airflow/dags/pipeline.py
[2026-04-06T10:13:12.906+0000] {processor.py:830} INFO - Processing file /opt/airflow/dags/pipeline.py for tasks to queue
[2026-04-06T10:13:12.909+0000] {logging_mixin.py:188} INFO - [2026-04-06T10:13:12.908+0000] {dagbag.py:545} INFO - Filling up the DagBag from /opt/airflow/dags/pipeline.py
[2026-04-06T10:13:15.731+0000] {processor.py:840} INFO - DAG(s) 'pipeline' retrieved from /opt/airflow/dags/pipeline.py
[2026-04-06T10:13:15.954+0000] {logging_mixin.py:188} INFO - [2026-04-06T10:13:15.954+0000] {dag.py:3089} INFO - Sync 1 DAGs
[2026-04-06T10:13:16.015+0000] {logging_mixin.py:188} INFO - [2026-04-06T10:13:16.014+0000] {dag.py:3947} INFO - Setting next_dagrun for pipeline to 2026-04-06 00:00:00+00:00, run_after=2026-04-07 00:00:00+00:00
[2026-04-06T10:13:16.074+0000] {processor.py:183} INFO - Processing /opt/airflow/dags/pipeline.py took 3.193 seconds
[2026-04-06T10:13:46.768+0000] {processor.py:161} INFO - Started process (PID=1741) to work on /opt/airflow/dags/pipeline.py
[2026-04-06T10:13:46.785+0000] {processor.py:830} INFO - Processing file /opt/airflow/dags/pipeline.py for tasks to queue
[2026-04-06T10:13:46.795+0000] {logging_mixin.py:188} INFO - [2026-04-06T10:13:46.794+0000] {dagbag.py:545} INFO - Filling up the DagBag from /opt/airflow/dags/pipeline.py
[2026-04-06T10:13:54.623+0000] {processor.py:840} INFO - DAG(s) 'pipeline' retrieved from /opt/airflow/dags/pipeline.py
[2026-04-06T10:13:54.927+0000] {logging_mixin.py:188} INFO - [2026-04-06T10:13:54.926+0000] {dag.py:3089} INFO - Sync 1 DAGs
[2026-04-06T10:13:55.063+0000] {logging_mixin.py:188} INFO - [2026-04-06T10:13:55.062+0000] {dag.py:3947} INFO - Setting next_dagrun for pipeline to 2026-04-06 00:00:00+00:00, run_after=2026-04-07 00:00:00+00:00
[2026-04-06T10:13:55.274+0000] {processor.py:183} INFO - Processing /opt/airflow/dags/pipeline.py took 8.573 seconds
[2026-04-06T10:14:26.475+0000] {processor.py:161} INFO - Started process (PID=1747) to work on /opt/airflow/dags/pipeline.py
[2026-04-06T10:14:26.478+0000] {processor.py:830} INFO - Processing file /opt/airflow/dags/pipeline.py for tasks to queue
[2026-04-06T10:14:26.480+0000] {logging_mixin.py:188} INFO - [2026-04-06T10:14:26.480+0000] {dagbag.py:545} INFO - Filling up the DagBag from /opt/airflow/dags/pipeline.py
[2026-04-06T10:14:28.258+0000] {processor.py:840} INFO - DAG(s) 'pipeline' retrieved from /opt/airflow/dags/pipeline.py
[2026-04-06T10:14:28.461+0000] {logging_mixin.py:188} INFO - [2026-04-06T10:14:28.461+0000] {dag.py:3089} INFO - Sync 1 DAGs
[2026-04-06T10:14:28.518+0000] {logging_mixin.py:188} INFO - [2026-04-06T10:14:28.518+0000] {dag.py:3947} INFO - Setting next_dagrun for pipeline to 2026-04-06 00:00:00+00:00, run_after=2026-04-07 00:00:00+00:00
[2026-04-06T10:14:28.564+0000] {processor.py:183} INFO - Processing /opt/airflow/dags/pipeline.py took 2.103 seconds
[2026-04-06T10:14:58.952+0000] {processor.py:161} INFO - Started process (PID=1753) to work on /opt/airflow/dags/pipeline.py
[2026-04-06T10:14:58.957+0000] {processor.py:830} INFO - Processing file /opt/airflow/dags/pipeline.py for tasks to queue
[2026-04-06T10:14:58.960+0000] {logging_mixin.py:188} INFO - [2026-04-06T10:14:58.959+0000] {dagbag.py:545} INFO - Filling up the DagBag from /opt/airflow/dags/pipeline.py
[2026-04-06T10:15:01.515+0000] {processor.py:840} INFO - DAG(s) 'pipeline' retrieved from /opt/airflow/dags/pipeline.py
[2026-04-06T10:15:01.938+0000] {logging_mixin.py:188} INFO - [2026-04-06T10:15:01.937+0000] {dag.py:3089} INFO - Sync 1 DAGs
[2026-04-06T10:15:02.175+0000] {logging_mixin.py:188} INFO - [2026-04-06T10:15:02.174+0000] {dag.py:3947} INFO - Setting next_dagrun for pipeline to 2026-04-06 00:00:00+00:00, run_after=2026-04-07 00:00:00+00:00
[2026-04-06T10:15:02.281+0000] {processor.py:183} INFO - Processing /opt/airflow/dags/pipeline.py took 3.353 seconds
[2026-04-06T10:15:32.524+0000] {processor.py:161} INFO - Started process (PID=1759) to work on /opt/airflow/dags/pipeline.py
[2026-04-06T10:15:32.527+0000] {processor.py:830} INFO - Processing file /opt/airflow/dags/pipeline.py for tasks to queue
[2026-04-06T10:15:32.528+0000] {logging_mixin.py:188} INFO - [2026-04-06T10:15:32.528+0000] {dagbag.py:545} INFO - Filling up the DagBag from /opt/airflow/dags/pipeline.py
[2026-04-06T10:15:34.457+0000] {processor.py:840} INFO - DAG(s) 'pipeline' retrieved from /opt/airflow/dags/pipeline.py
[2026-04-06T10:15:34.646+0000] {logging_mixin.py:188} INFO - [2026-04-06T10:15:34.646+0000] {dag.py:3089} INFO - Sync 1 DAGs
[2026-04-06T10:15:34.750+0000] {logging_mixin.py:188} INFO - [2026-04-06T10:15:34.749+0000] {dag.py:3947} INFO - Setting next_dagrun for pipeline to 2026-04-06 00:00:00+00:00, run_after=2026-04-07 00:00:00+00:00
[2026-04-06T10:15:34.828+0000] {processor.py:183} INFO - Processing /opt/airflow/dags/pipeline.py took 2.323 seconds
[2026-04-06T10:16:05.134+0000] {processor.py:161} INFO - Started process (PID=1765) to work on /opt/airflow/dags/pipeline.py
[2026-04-06T10:16:05.137+0000] {processor.py:830} INFO - Processing file /opt/airflow/dags/pipeline.py for tasks to queue
[2026-04-06T10:16:05.139+0000] {logging_mixin.py:188} INFO - [2026-04-06T10:16:05.139+0000] {dagbag.py:545} INFO - Filling up the DagBag from /opt/airflow/dags/pipeline.py
[2026-04-06T10:16:06.769+0000] {processor.py:840} INFO - DAG(s) 'pipeline' retrieved from /opt/airflow/dags/pipeline.py
[2026-04-06T10:16:06.870+0000] {logging_mixin.py:188} INFO - [2026-04-06T10:16:06.870+0000] {dag.py:3089} INFO - Sync 1 DAGs
[2026-04-06T10:16:06.916+0000] {logging_mixin.py:188} INFO - [2026-04-06T10:16:06.916+0000] {dag.py:3947} INFO - Setting next_dagrun for pipeline to 2026-04-06 00:00:00+00:00, run_after=2026-04-07 00:00:00+00:00
[2026-04-06T10:16:06.984+0000] {processor.py:183} INFO - Processing /opt/airflow/dags/pipeline.py took 1.869 seconds
[2026-04-06T10:16:37.541+0000] {processor.py:161} INFO - Started process (PID=1771) to work on /opt/airflow/dags/pipeline.py
[2026-04-06T10:16:37.543+0000] {processor.py:830} INFO - Processing file /opt/airflow/dags/pipeline.py for tasks to queue
[2026-04-06T10:16:37.545+0000] {logging_mixin.py:188} INFO - [2026-04-06T10:16:37.544+0000] {dagbag.py:545} INFO - Filling up the DagBag from /opt/airflow/dags/pipeline.py
[2026-04-06T10:16:38.672+0000] {processor.py:840} INFO - DAG(s) 'pipeline' retrieved from /opt/airflow/dags/pipeline.py
[2026-04-06T10:16:38.748+0000] {logging_mixin.py:188} INFO - [2026-04-06T10:16:38.748+0000] {dag.py:3089} INFO - Sync 1 DAGs
[2026-04-06T10:16:38.793+0000] {logging_mixin.py:188} INFO - [2026-04-06T10:16:38.792+0000] {dag.py:3947} INFO - Setting next_dagrun for pipeline to 2026-04-06 00:00:00+00:00, run_after=2026-04-07 00:00:00+00:00
[2026-04-06T10:16:38.849+0000] {processor.py:183} INFO - Processing /opt/airflow/dags/pipeline.py took 1.319 seconds
[2026-04-06T10:17:09.722+0000] {processor.py:161} INFO - Started process (PID=1777) to work on /opt/airflow/dags/pipeline.py
[2026-04-06T10:17:09.731+0000] {processor.py:830} INFO - Processing file /opt/airflow/dags/pipeline.py for tasks to queue
[2026-04-06T10:17:09.737+0000] {logging_mixin.py:188} INFO - [2026-04-06T10:17:09.736+0000] {dagbag.py:545} INFO - Filling up the DagBag from /opt/airflow/dags/pipeline.py
[2026-04-06T10:17:14.786+0000] {processor.py:840} INFO - DAG(s) 'pipeline' retrieved from /opt/airflow/dags/pipeline.py
[2026-04-06T10:17:15.115+0000] {logging_mixin.py:188} INFO - [2026-04-06T10:17:15.114+0000] {dag.py:3089} INFO - Sync 1 DAGs
[2026-04-06T10:17:15.329+0000] {logging_mixin.py:188} INFO - [2026-04-06T10:17:15.329+0000] {dag.py:3947} INFO - Setting next_dagrun for pipeline to 2026-04-06 00:00:00+00:00, run_after=2026-04-07 00:00:00+00:00
[2026-04-06T10:17:15.540+0000] {processor.py:183} INFO - Processing /opt/airflow/dags/pipeline.py took 5.867 seconds
[2026-04-06T10:17:45.849+0000] {processor.py:161} INFO - Started process (PID=1783) to work on /opt/airflow/dags/pipeline.py
[2026-04-06T10:17:45.853+0000] {processor.py:830} INFO - Processing file /opt/airflow/dags/pipeline.py for tasks to queue
[2026-04-06T10:17:45.858+0000] {logging_mixin.py:188} INFO - [2026-04-06T10:17:45.858+0000] {dagbag.py:545} INFO - Filling up the DagBag from /opt/airflow/dags/pipeline.py
[2026-04-06T10:17:48.594+0000] {processor.py:840} INFO - DAG(s) 'pipeline' retrieved from /opt/airflow/dags/pipeline.py
[2026-04-06T10:17:48.765+0000] {logging_mixin.py:188} INFO - [2026-04-06T10:17:48.764+0000] {dag.py:3089} INFO - Sync 1 DAGs
[2026-04-06T10:17:48.861+0000] {logging_mixin.py:188} INFO - [2026-04-06T10:17:48.860+0000] {dag.py:3947} INFO - Setting next_dagrun for pipeline to 2026-04-06 00:00:00+00:00, run_after=2026-04-07 00:00:00+00:00
[2026-04-06T10:17:48.999+0000] {processor.py:183} INFO - Processing /opt/airflow/dags/pipeline.py took 3.173 seconds
[2026-04-06T10:18:19.392+0000] {processor.py:161} INFO - Started process (PID=1789) to work on /opt/airflow/dags/pipeline.py
[2026-04-06T10:18:19.401+0000] {processor.py:830} INFO - Processing file /opt/airflow/dags/pipeline.py for tasks to queue
[2026-04-06T10:18:19.405+0000] {logging_mixin.py:188} INFO - [2026-04-06T10:18:19.404+0000] {dagbag.py:545} INFO - Filling up the DagBag from /opt/airflow/dags/pipeline.py
[2026-04-06T10:18:20.662+0000] {processor.py:840} INFO - DAG(s) 'pipeline' retrieved from /opt/airflow/dags/pipeline.py
[2026-04-06T10:18:20.749+0000] {logging_mixin.py:188} INFO - [2026-04-06T10:18:20.748+0000] {dag.py:3089} INFO - Sync 1 DAGs
[2026-04-06T10:18:20.785+0000] {logging_mixin.py:188} INFO - [2026-04-06T10:18:20.785+0000] {dag.py:3947} INFO - Setting next_dagrun for pipeline to 2026-04-06 00:00:00+00:00, run_after=2026-04-07 00:00:00+00:00
[2026-04-06T10:18:20.824+0000] {processor.py:183} INFO - Processing /opt/airflow/dags/pipeline.py took 1.460 seconds
[2026-04-06T10:18:51.427+0000] {processor.py:161} INFO - Started process (PID=1795) to work on /opt/airflow/dags/pipeline.py
[2026-04-06T10:18:51.429+0000] {processor.py:830} INFO - Processing file /opt/airflow/dags/pipeline.py for tasks to queue
[2026-04-06T10:18:51.430+0000] {logging_mixin.py:188} INFO - [2026-04-06T10:18:51.430+0000] {dagbag.py:545} INFO - Filling up the DagBag from /opt/airflow/dags/pipeline.py
[2026-04-06T10:18:52.551+0000] {processor.py:840} INFO - DAG(s) 'pipeline' retrieved from /opt/airflow/dags/pipeline.py
[2026-04-06T10:18:52.638+0000] {logging_mixin.py:188} INFO - [2026-04-06T10:18:52.638+0000] {dag.py:3089} INFO - Sync 1 DAGs
[2026-04-06T10:18:52.673+0000] {logging_mixin.py:188} INFO - [2026-04-06T10:18:52.673+0000] {dag.py:3947} INFO - Setting next_dagrun for pipeline to 2026-04-06 00:00:00+00:00, run_after=2026-04-07 00:00:00+00:00
[2026-04-06T10:18:52.712+0000] {processor.py:183} INFO - Processing /opt/airflow/dags/pipeline.py took 1.293 seconds
[2026-04-06T10:19:23.055+0000] {processor.py:161} INFO - Started process (PID=1801) to work on /opt/airflow/dags/pipeline.py
[2026-04-06T10:19:23.057+0000] {processor.py:830} INFO - Processing file /opt/airflow/dags/pipeline.py for tasks to queue
[2026-04-06T10:19:23.059+0000] {logging_mixin.py:188} INFO - [2026-04-06T10:19:23.058+0000] {dagbag.py:545} INFO - Filling up the DagBag from /opt/airflow/dags/pipeline.py
[2026-04-06T10:19:24.519+0000] {processor.py:840} INFO - DAG(s) 'pipeline' retrieved from /opt/airflow/dags/pipeline.py
[2026-04-06T10:19:24.610+0000] {logging_mixin.py:188} INFO - [2026-04-06T10:19:24.610+0000] {dag.py:3089} INFO - Sync 1 DAGs
[2026-04-06T10:19:24.650+0000] {logging_mixin.py:188} INFO - [2026-04-06T10:19:24.650+0000] {dag.py:3947} INFO - Setting next_dagrun for pipeline to 2026-04-06 00:00:00+00:00, run_after=2026-04-07 00:00:00+00:00
[2026-04-06T10:19:24.705+0000] {processor.py:183} INFO - Processing /opt/airflow/dags/pipeline.py took 1.662 seconds
[2026-04-06T10:19:55.114+0000] {processor.py:161} INFO - Started process (PID=1807) to work on /opt/airflow/dags/pipeline.py
[2026-04-06T10:19:55.116+0000] {processor.py:830} INFO - Processing file /opt/airflow/dags/pipeline.py for tasks to queue
[2026-04-06T10:19:55.118+0000] {logging_mixin.py:188} INFO - [2026-04-06T10:19:55.118+0000] {dagbag.py:545} INFO - Filling up the DagBag from /opt/airflow/dags/pipeline.py
[2026-04-06T10:19:56.854+0000] {processor.py:840} INFO - DAG(s) 'pipeline' retrieved from /opt/airflow/dags/pipeline.py
[2026-04-06T10:19:56.960+0000] {logging_mixin.py:188} INFO - [2026-04-06T10:19:56.959+0000] {dag.py:3089} INFO - Sync 1 DAGs
[2026-04-06T10:19:56.997+0000] {logging_mixin.py:188} INFO - [2026-04-06T10:19:56.997+0000] {dag.py:3947} INFO - Setting next_dagrun for pipeline to 2026-04-06 00:00:00+00:00, run_after=2026-04-07 00:00:00+00:00
[2026-04-06T10:19:57.038+0000] {processor.py:183} INFO - Processing /opt/airflow/dags/pipeline.py took 1.943 seconds
[2026-04-06T10:20:27.466+0000] {processor.py:161} INFO - Started process (PID=1813) to work on /opt/airflow/dags/pipeline.py
[2026-04-06T10:20:27.468+0000] {processor.py:830} INFO - Processing file /opt/airflow/dags/pipeline.py for tasks to queue
[2026-04-06T10:20:27.470+0000] {logging_mixin.py:188} INFO - [2026-04-06T10:20:27.469+0000] {dagbag.py:545} INFO - Filling up the DagBag from /opt/airflow/dags/pipeline.py
[2026-04-06T10:20:29.222+0000] {processor.py:840} INFO - DAG(s) 'pipeline' retrieved from /opt/airflow/dags/pipeline.py
[2026-04-06T10:20:29.342+0000] {logging_mixin.py:188} INFO - [2026-04-06T10:20:29.341+0000] {dag.py:3089} INFO - Sync 1 DAGs
[2026-04-06T10:20:29.397+0000] {logging_mixin.py:188} INFO - [2026-04-06T10:20:29.397+0000] {dag.py:3947} INFO - Setting next_dagrun for pipeline to 2026-04-06 00:00:00+00:00, run_after=2026-04-07 00:00:00+00:00
[2026-04-06T10:20:29.451+0000] {processor.py:183} INFO - Processing /opt/airflow/dags/pipeline.py took 2.000 seconds
[2026-04-06T10:21:00.270+0000] {processor.py:161} INFO - Started process (PID=1841) to work on /opt/airflow/dags/pipeline.py
[2026-04-06T10:21:00.292+0000] {processor.py:830} INFO - Processing file /opt/airflow/dags/pipeline.py for tasks to queue
[2026-04-06T10:21:00.311+0000] {logging_mixin.py:188} INFO - [2026-04-06T10:21:00.304+0000] {dagbag.py:545} INFO - Filling up the DagBag from /opt/airflow/dags/pipeline.py
[2026-04-06T10:21:20.171+0000] {processor.py:840} INFO - DAG(s) 'pipeline' retrieved from /opt/airflow/dags/pipeline.py
[2026-04-06T10:21:20.547+0000] {logging_mixin.py:188} INFO - [2026-04-06T10:21:20.547+0000] {dag.py:3089} INFO - Sync 1 DAGs
[2026-04-06T10:21:20.794+0000] {logging_mixin.py:188} INFO - [2026-04-06T10:21:20.790+0000] {dag.py:3947} INFO - Setting next_dagrun for pipeline to 2026-04-06 00:00:00+00:00, run_after=2026-04-07 00:00:00+00:00
[2026-04-06T10:21:21.318+0000] {processor.py:183} INFO - Processing /opt/airflow/dags/pipeline.py took 21.322 seconds
[2026-04-06T10:21:53.420+0000] {processor.py:161} INFO - Started process (PID=1850) to work on /opt/airflow/dags/pipeline.py
[2026-04-06T10:21:53.431+0000] {processor.py:830} INFO - Processing file /opt/airflow/dags/pipeline.py for tasks to queue
[2026-04-06T10:21:53.447+0000] {logging_mixin.py:188} INFO - [2026-04-06T10:21:53.443+0000] {dagbag.py:545} INFO - Filling up the DagBag from /opt/airflow/dags/pipeline.py
[2026-04-06T10:22:04.233+0000] {processor.py:840} INFO - DAG(s) 'pipeline' retrieved from /opt/airflow/dags/pipeline.py
[2026-04-06T10:22:04.617+0000] {logging_mixin.py:188} INFO - [2026-04-06T10:22:04.616+0000] {dag.py:3089} INFO - Sync 1 DAGs
[2026-04-06T10:22:04.773+0000] {logging_mixin.py:188} INFO - [2026-04-06T10:22:04.772+0000] {dag.py:3947} INFO - Setting next_dagrun for pipeline to 2026-04-06 00:00:00+00:00, run_after=2026-04-07 00:00:00+00:00
[2026-04-06T10:22:05.109+0000] {processor.py:183} INFO - Processing /opt/airflow/dags/pipeline.py took 11.870 seconds
[2026-04-06T10:22:36.447+0000] {processor.py:161} INFO - Started process (PID=1865) to work on /opt/airflow/dags/pipeline.py
[2026-04-06T10:22:36.469+0000] {processor.py:830} INFO - Processing file /opt/airflow/dags/pipeline.py for tasks to queue
[2026-04-06T10:22:36.487+0000] {logging_mixin.py:188} INFO - [2026-04-06T10:22:36.478+0000] {dagbag.py:545} INFO - Filling up the DagBag from /opt/airflow/dags/pipeline.py
[2026-04-06T10:23:04.908+0000] {logging_mixin.py:188} INFO - [2026-04-06T10:23:04.837+0000] {timeout.py:68} ERROR - Process timed out, PID: 1865
[2026-04-06T10:23:46.028+0000] {processor.py:161} INFO - Started process (PID=1871) to work on /opt/airflow/dags/pipeline.py
[2026-04-06T10:23:46.111+0000] {processor.py:830} INFO - Processing file /opt/airflow/dags/pipeline.py for tasks to queue
[2026-04-06T10:23:46.591+0000] {logging_mixin.py:188} INFO - [2026-04-06T10:23:46.309+0000] {dagbag.py:545} INFO - Filling up the DagBag from /opt/airflow/dags/pipeline.py
[2026-04-06T10:24:26.180+0000] {logging_mixin.py:188} INFO - [2026-04-06T10:24:26.176+0000] {timeout.py:68} ERROR - Process timed out, PID: 1871
[2026-04-06T10:24:26.188+0000] {logging_mixin.py:188} WARNING - Exception ignored in: <function _collection_gced at 0x7dfd9f29ab90>
[2026-04-06T10:24:26.189+0000] {logging_mixin.py:188} WARNING - Traceback (most recent call last):
[2026-04-06T10:24:26.190+0000] {logging_mixin.py:188} WARNING -   File "/home/airflow/.local/lib/python3.10/site-packages/sqlalchemy/event/registry.py", line 53, in _collection_gced
[2026-04-06T10:24:26.241+0000] {logging_mixin.py:188} WARNING -     def _collection_gced(ref):
[2026-04-06T10:24:26.246+0000] {logging_mixin.py:188} WARNING -   File "/home/airflow/.local/lib/python3.10/site-packages/airflow/utils/timeout.py", line 69, in handle_timeout
[2026-04-06T10:24:26.260+0000] {logging_mixin.py:188} WARNING -     raise AirflowTaskTimeout(self.error_message)
[2026-04-06T10:24:26.266+0000] {logging_mixin.py:188} WARNING - airflow.exceptions.AirflowTaskTimeout: DagBag import timeout for /opt/airflow/dags/pipeline.py after 30.0s.
Please take a look at these docs to improve your DAG import time:
* https://airflow.apache.org/docs/apache-airflow/2.9.3/best-practices.html#top-level-python-code
* https://airflow.apache.org/docs/apache-airflow/2.9.3/best-practices.html#reducing-dag-complexity, PID: 1871
[2026-04-06T10:24:58.094+0000] {processor.py:161} INFO - Started process (PID=1875) to work on /opt/airflow/dags/pipeline.py
[2026-04-06T10:24:58.146+0000] {processor.py:830} INFO - Processing file /opt/airflow/dags/pipeline.py for tasks to queue
[2026-04-06T10:24:58.214+0000] {logging_mixin.py:188} INFO - [2026-04-06T10:24:58.197+0000] {dagbag.py:545} INFO - Filling up the DagBag from /opt/airflow/dags/pipeline.py
[2026-04-06T10:26:18.653+0000] {processor.py:161} INFO - Started process (PID=1882) to work on /opt/airflow/dags/pipeline.py
[2026-04-06T10:26:18.671+0000] {processor.py:830} INFO - Processing file /opt/airflow/dags/pipeline.py for tasks to queue
[2026-04-06T10:26:18.682+0000] {logging_mixin.py:188} INFO - [2026-04-06T10:26:18.679+0000] {dagbag.py:545} INFO - Filling up the DagBag from /opt/airflow/dags/pipeline.py
[2026-04-06T10:26:36.708+0000] {processor.py:840} INFO - DAG(s) 'pipeline' retrieved from /opt/airflow/dags/pipeline.py
[2026-04-06T10:26:37.929+0000] {logging_mixin.py:188} INFO - [2026-04-06T10:26:37.925+0000] {dag.py:3089} INFO - Sync 1 DAGs
[2026-04-06T10:26:38.145+0000] {logging_mixin.py:188} INFO - [2026-04-06T10:26:38.144+0000] {dag.py:3947} INFO - Setting next_dagrun for pipeline to 2026-04-06 00:00:00+00:00, run_after=2026-04-07 00:00:00+00:00
[2026-04-06T10:26:38.334+0000] {processor.py:183} INFO - Processing /opt/airflow/dags/pipeline.py took 19.918 seconds
[2026-04-06T10:27:08.992+0000] {processor.py:161} INFO - Started process (PID=1888) to work on /opt/airflow/dags/pipeline.py
[2026-04-06T10:27:09.005+0000] {processor.py:830} INFO - Processing file /opt/airflow/dags/pipeline.py for tasks to queue
[2026-04-06T10:27:09.014+0000] {logging_mixin.py:188} INFO - [2026-04-06T10:27:09.011+0000] {dagbag.py:545} INFO - Filling up the DagBag from /opt/airflow/dags/pipeline.py
[2026-04-06T10:27:12.768+0000] {processor.py:840} INFO - DAG(s) 'pipeline' retrieved from /opt/airflow/dags/pipeline.py
[2026-04-06T10:27:12.989+0000] {logging_mixin.py:188} INFO - [2026-04-06T10:27:12.988+0000] {dag.py:3089} INFO - Sync 1 DAGs
[2026-04-06T10:27:13.068+0000] {logging_mixin.py:188} INFO - [2026-04-06T10:27:13.067+0000] {dag.py:3947} INFO - Setting next_dagrun for pipeline to 2026-04-06 00:00:00+00:00, run_after=2026-04-07 00:00:00+00:00
[2026-04-06T10:27:13.178+0000] {processor.py:183} INFO - Processing /opt/airflow/dags/pipeline.py took 4.278 seconds
[2026-04-06T10:27:43.693+0000] {processor.py:161} INFO - Started process (PID=1900) to work on /opt/airflow/dags/pipeline.py
[2026-04-06T10:27:43.713+0000] {processor.py:830} INFO - Processing file /opt/airflow/dags/pipeline.py for tasks to queue
[2026-04-06T10:27:43.721+0000] {logging_mixin.py:188} INFO - [2026-04-06T10:27:43.719+0000] {dagbag.py:545} INFO - Filling up the DagBag from /opt/airflow/dags/pipeline.py
[2026-04-06T10:27:47.412+0000] {processor.py:840} INFO - DAG(s) 'pipeline' retrieved from /opt/airflow/dags/pipeline.py
[2026-04-06T10:27:47.507+0000] {logging_mixin.py:188} INFO - [2026-04-06T10:27:47.507+0000] {dag.py:3089} INFO - Sync 1 DAGs
[2026-04-06T10:27:47.551+0000] {logging_mixin.py:188} INFO - [2026-04-06T10:27:47.551+0000] {dag.py:3947} INFO - Setting next_dagrun for pipeline to 2026-04-06 00:00:00+00:00, run_after=2026-04-07 00:00:00+00:00
[2026-04-06T10:27:47.605+0000] {processor.py:183} INFO - Processing /opt/airflow/dags/pipeline.py took 4.090 seconds
[2026-04-06T10:28:17.900+0000] {processor.py:161} INFO - Started process (PID=1934) to work on /opt/airflow/dags/pipeline.py
[2026-04-06T10:28:17.906+0000] {processor.py:830} INFO - Processing file /opt/airflow/dags/pipeline.py for tasks to queue
[2026-04-06T10:28:17.916+0000] {logging_mixin.py:188} INFO - [2026-04-06T10:28:17.914+0000] {dagbag.py:545} INFO - Filling up the DagBag from /opt/airflow/dags/pipeline.py
[2026-04-06T10:28:19.855+0000] {processor.py:840} INFO - DAG(s) 'pipeline' retrieved from /opt/airflow/dags/pipeline.py
[2026-04-06T10:28:19.956+0000] {logging_mixin.py:188} INFO - [2026-04-06T10:28:19.956+0000] {dag.py:3089} INFO - Sync 1 DAGs
[2026-04-06T10:28:20.044+0000] {logging_mixin.py:188} INFO - [2026-04-06T10:28:20.043+0000] {dag.py:3947} INFO - Setting next_dagrun for pipeline to 2026-04-06 00:00:00+00:00, run_after=2026-04-07 00:00:00+00:00
[2026-04-06T10:28:20.236+0000] {processor.py:183} INFO - Processing /opt/airflow/dags/pipeline.py took 2.385 seconds
[2026-04-06T10:28:50.548+0000] {processor.py:161} INFO - Started process (PID=1944) to work on /opt/airflow/dags/pipeline.py
[2026-04-06T10:28:50.550+0000] {processor.py:830} INFO - Processing file /opt/airflow/dags/pipeline.py for tasks to queue
[2026-04-06T10:28:50.552+0000] {logging_mixin.py:188} INFO - [2026-04-06T10:28:50.551+0000] {dagbag.py:545} INFO - Filling up the DagBag from /opt/airflow/dags/pipeline.py
[2026-04-06T10:28:51.850+0000] {processor.py:840} INFO - DAG(s) 'pipeline' retrieved from /opt/airflow/dags/pipeline.py
[2026-04-06T10:28:51.992+0000] {logging_mixin.py:188} INFO - [2026-04-06T10:28:51.992+0000] {dag.py:3089} INFO - Sync 1 DAGs
[2026-04-06T10:28:52.035+0000] {logging_mixin.py:188} INFO - [2026-04-06T10:28:52.034+0000] {dag.py:3947} INFO - Setting next_dagrun for pipeline to 2026-04-06 00:00:00+00:00, run_after=2026-04-07 00:00:00+00:00
[2026-04-06T10:28:52.188+0000] {processor.py:183} INFO - Processing /opt/airflow/dags/pipeline.py took 1.654 seconds
[2026-04-06T10:29:22.378+0000] {processor.py:161} INFO - Started process (PID=1950) to work on /opt/airflow/dags/pipeline.py
[2026-04-06T10:29:22.380+0000] {processor.py:830} INFO - Processing file /opt/airflow/dags/pipeline.py for tasks to queue
[2026-04-06T10:29:22.382+0000] {logging_mixin.py:188} INFO - [2026-04-06T10:29:22.381+0000] {dagbag.py:545} INFO - Filling up the DagBag from /opt/airflow/dags/pipeline.py
[2026-04-06T10:29:24.017+0000] {processor.py:840} INFO - DAG(s) 'pipeline' retrieved from /opt/airflow/dags/pipeline.py
[2026-04-06T10:29:24.151+0000] {logging_mixin.py:188} INFO - [2026-04-06T10:29:24.151+0000] {dag.py:3089} INFO - Sync 1 DAGs
[2026-04-06T10:29:24.241+0000] {logging_mixin.py:188} INFO - [2026-04-06T10:29:24.241+0000] {dag.py:3947} INFO - Setting next_dagrun for pipeline to 2026-04-06 00:00:00+00:00, run_after=2026-04-07 00:00:00+00:00
[2026-04-06T10:29:24.322+0000] {processor.py:183} INFO - Processing /opt/airflow/dags/pipeline.py took 1.959 seconds
[2026-04-06T10:29:54.991+0000] {processor.py:161} INFO - Started process (PID=1956) to work on /opt/airflow/dags/pipeline.py
[2026-04-06T10:29:54.994+0000] {processor.py:830} INFO - Processing file /opt/airflow/dags/pipeline.py for tasks to queue
[2026-04-06T10:29:54.998+0000] {logging_mixin.py:188} INFO - [2026-04-06T10:29:54.997+0000] {dagbag.py:545} INFO - Filling up the DagBag from /opt/airflow/dags/pipeline.py
[2026-04-06T10:29:56.448+0000] {processor.py:840} INFO - DAG(s) 'pipeline' retrieved from /opt/airflow/dags/pipeline.py
[2026-04-06T10:29:56.524+0000] {logging_mixin.py:188} INFO - [2026-04-06T10:29:56.524+0000] {dag.py:3089} INFO - Sync 1 DAGs
[2026-04-06T10:29:56.561+0000] {logging_mixin.py:188} INFO - [2026-04-06T10:29:56.561+0000] {dag.py:3947} INFO - Setting next_dagrun for pipeline to 2026-04-06 00:00:00+00:00, run_after=2026-04-07 00:00:00+00:00
[2026-04-06T10:29:56.614+0000] {processor.py:183} INFO - Processing /opt/airflow/dags/pipeline.py took 1.641 seconds
[2026-04-06T10:30:27.302+0000] {processor.py:161} INFO - Started process (PID=1962) to work on /opt/airflow/dags/pipeline.py
[2026-04-06T10:30:27.304+0000] {processor.py:830} INFO - Processing file /opt/airflow/dags/pipeline.py for tasks to queue
[2026-04-06T10:30:27.305+0000] {logging_mixin.py:188} INFO - [2026-04-06T10:30:27.305+0000] {dagbag.py:545} INFO - Filling up the DagBag from /opt/airflow/dags/pipeline.py
[2026-04-06T10:30:28.619+0000] {processor.py:840} INFO - DAG(s) 'pipeline' retrieved from /opt/airflow/dags/pipeline.py
[2026-04-06T10:30:28.719+0000] {logging_mixin.py:188} INFO - [2026-04-06T10:30:28.719+0000] {dag.py:3089} INFO - Sync 1 DAGs
[2026-04-06T10:30:28.759+0000] {logging_mixin.py:188} INFO - [2026-04-06T10:30:28.759+0000] {dag.py:3947} INFO - Setting next_dagrun for pipeline to 2026-04-06 00:00:00+00:00, run_after=2026-04-07 00:00:00+00:00
[2026-04-06T10:30:28.814+0000] {processor.py:183} INFO - Processing /opt/airflow/dags/pipeline.py took 1.525 seconds
[2026-04-06T10:30:59.154+0000] {processor.py:161} INFO - Started process (PID=1968) to work on /opt/airflow/dags/pipeline.py
[2026-04-06T10:30:59.156+0000] {processor.py:830} INFO - Processing file /opt/airflow/dags/pipeline.py for tasks to queue
[2026-04-06T10:30:59.158+0000] {logging_mixin.py:188} INFO - [2026-04-06T10:30:59.158+0000] {dagbag.py:545} INFO - Filling up the DagBag from /opt/airflow/dags/pipeline.py
[2026-04-06T10:31:00.632+0000] {processor.py:840} INFO - DAG(s) 'pipeline' retrieved from /opt/airflow/dags/pipeline.py
[2026-04-06T10:31:00.755+0000] {logging_mixin.py:188} INFO - [2026-04-06T10:31:00.754+0000] {dag.py:3089} INFO - Sync 1 DAGs
[2026-04-06T10:31:00.817+0000] {logging_mixin.py:188} INFO - [2026-04-06T10:31:00.817+0000] {dag.py:3947} INFO - Setting next_dagrun for pipeline to 2026-04-06 00:00:00+00:00, run_after=2026-04-07 00:00:00+00:00
[2026-04-06T10:31:00.865+0000] {processor.py:183} INFO - Processing /opt/airflow/dags/pipeline.py took 1.722 seconds
[2026-04-06T10:31:31.554+0000] {processor.py:161} INFO - Started process (PID=1974) to work on /opt/airflow/dags/pipeline.py
[2026-04-06T10:31:31.555+0000] {processor.py:830} INFO - Processing file /opt/airflow/dags/pipeline.py for tasks to queue
[2026-04-06T10:31:31.557+0000] {logging_mixin.py:188} INFO - [2026-04-06T10:31:31.556+0000] {dagbag.py:545} INFO - Filling up the DagBag from /opt/airflow/dags/pipeline.py
[2026-04-06T10:31:32.766+0000] {processor.py:840} INFO - DAG(s) 'pipeline' retrieved from /opt/airflow/dags/pipeline.py
[2026-04-06T10:31:32.858+0000] {logging_mixin.py:188} INFO - [2026-04-06T10:31:32.857+0000] {dag.py:3089} INFO - Sync 1 DAGs
[2026-04-06T10:31:32.902+0000] {logging_mixin.py:188} INFO - [2026-04-06T10:31:32.902+0000] {dag.py:3947} INFO - Setting next_dagrun for pipeline to 2026-04-06 00:00:00+00:00, run_after=2026-04-07 00:00:00+00:00
[2026-04-06T10:31:32.957+0000] {processor.py:183} INFO - Processing /opt/airflow/dags/pipeline.py took 1.418 seconds
[2026-04-06T10:32:03.506+0000] {processor.py:161} INFO - Started process (PID=1980) to work on /opt/airflow/dags/pipeline.py
[2026-04-06T10:32:03.509+0000] {processor.py:830} INFO - Processing file /opt/airflow/dags/pipeline.py for tasks to queue
[2026-04-06T10:32:03.512+0000] {logging_mixin.py:188} INFO - [2026-04-06T10:32:03.512+0000] {dagbag.py:545} INFO - Filling up the DagBag from /opt/airflow/dags/pipeline.py
[2026-04-06T10:32:04.902+0000] {processor.py:840} INFO - DAG(s) 'pipeline' retrieved from /opt/airflow/dags/pipeline.py
[2026-04-06T10:32:05.065+0000] {logging_mixin.py:188} INFO - [2026-04-06T10:32:05.065+0000] {dag.py:3089} INFO - Sync 1 DAGs
[2026-04-06T10:32:05.116+0000] {logging_mixin.py:188} INFO - [2026-04-06T10:32:05.115+0000] {dag.py:3947} INFO - Setting next_dagrun for pipeline to 2026-04-06 00:00:00+00:00, run_after=2026-04-07 00:00:00+00:00
[2026-04-06T10:32:05.196+0000] {processor.py:183} INFO - Processing /opt/airflow/dags/pipeline.py took 1.707 seconds
[2026-04-06T10:32:35.713+0000] {processor.py:161} INFO - Started process (PID=1986) to work on /opt/airflow/dags/pipeline.py
[2026-04-06T10:32:35.715+0000] {processor.py:830} INFO - Processing file /opt/airflow/dags/pipeline.py for tasks to queue
[2026-04-06T10:32:35.716+0000] {logging_mixin.py:188} INFO - [2026-04-06T10:32:35.716+0000] {dagbag.py:545} INFO - Filling up the DagBag from /opt/airflow/dags/pipeline.py
[2026-04-06T10:32:37.094+0000] {processor.py:840} INFO - DAG(s) 'pipeline' retrieved from /opt/airflow/dags/pipeline.py
[2026-04-06T10:32:37.197+0000] {logging_mixin.py:188} INFO - [2026-04-06T10:32:37.197+0000] {dag.py:3089} INFO - Sync 1 DAGs
[2026-04-06T10:32:37.253+0000] {logging_mixin.py:188} INFO - [2026-04-06T10:32:37.252+0000] {dag.py:3947} INFO - Setting next_dagrun for pipeline to 2026-04-06 00:00:00+00:00, run_after=2026-04-07 00:00:00+00:00
[2026-04-06T10:32:37.307+0000] {processor.py:183} INFO - Processing /opt/airflow/dags/pipeline.py took 1.608 seconds
[2026-04-06T10:33:07.746+0000] {processor.py:161} INFO - Started process (PID=1992) to work on /opt/airflow/dags/pipeline.py
[2026-04-06T10:33:07.748+0000] {processor.py:830} INFO - Processing file /opt/airflow/dags/pipeline.py for tasks to queue
[2026-04-06T10:33:07.750+0000] {logging_mixin.py:188} INFO - [2026-04-06T10:33:07.749+0000] {dagbag.py:545} INFO - Filling up the DagBag from /opt/airflow/dags/pipeline.py
[2026-04-06T10:33:09.567+0000] {processor.py:840} INFO - DAG(s) 'pipeline' retrieved from /opt/airflow/dags/pipeline.py
[2026-04-06T10:33:09.667+0000] {logging_mixin.py:188} INFO - [2026-04-06T10:33:09.666+0000] {dag.py:3089} INFO - Sync 1 DAGs
[2026-04-06T10:33:09.716+0000] {logging_mixin.py:188} INFO - [2026-04-06T10:33:09.716+0000] {dag.py:3947} INFO - Setting next_dagrun for pipeline to 2026-04-06 00:00:00+00:00, run_after=2026-04-07 00:00:00+00:00
[2026-04-06T10:33:09.769+0000] {processor.py:183} INFO - Processing /opt/airflow/dags/pipeline.py took 2.044 seconds
[2026-04-06T10:33:40.460+0000] {processor.py:161} INFO - Started process (PID=1998) to work on /opt/airflow/dags/pipeline.py
[2026-04-06T10:33:40.463+0000] {processor.py:830} INFO - Processing file /opt/airflow/dags/pipeline.py for tasks to queue
[2026-04-06T10:33:40.466+0000] {logging_mixin.py:188} INFO - [2026-04-06T10:33:40.465+0000] {dagbag.py:545} INFO - Filling up the DagBag from /opt/airflow/dags/pipeline.py
[2026-04-06T10:33:41.855+0000] {processor.py:840} INFO - DAG(s) 'pipeline' retrieved from /opt/airflow/dags/pipeline.py
[2026-04-06T10:33:41.938+0000] {logging_mixin.py:188} INFO - [2026-04-06T10:33:41.938+0000] {dag.py:3089} INFO - Sync 1 DAGs
[2026-04-06T10:33:41.976+0000] {logging_mixin.py:188} INFO - [2026-04-06T10:33:41.975+0000] {dag.py:3947} INFO - Setting next_dagrun for pipeline to 2026-04-06 00:00:00+00:00, run_after=2026-04-07 00:00:00+00:00
[2026-04-06T10:33:42.027+0000] {processor.py:183} INFO - Processing /opt/airflow/dags/pipeline.py took 1.602 seconds
[2026-04-06T10:34:12.673+0000] {processor.py:161} INFO - Started process (PID=2004) to work on /opt/airflow/dags/pipeline.py
[2026-04-06T10:34:12.676+0000] {processor.py:830} INFO - Processing file /opt/airflow/dags/pipeline.py for tasks to queue
[2026-04-06T10:34:12.679+0000] {logging_mixin.py:188} INFO - [2026-04-06T10:34:12.679+0000] {dagbag.py:545} INFO - Filling up the DagBag from /opt/airflow/dags/pipeline.py
[2026-04-06T10:34:14.859+0000] {processor.py:840} INFO - DAG(s) 'pipeline' retrieved from /opt/airflow/dags/pipeline.py
[2026-04-06T10:34:14.956+0000] {logging_mixin.py:188} INFO - [2026-04-06T10:34:14.956+0000] {dag.py:3089} INFO - Sync 1 DAGs
[2026-04-06T10:34:14.991+0000] {logging_mixin.py:188} INFO - [2026-04-06T10:34:14.991+0000] {dag.py:3947} INFO - Setting next_dagrun for pipeline to 2026-04-06 00:00:00+00:00, run_after=2026-04-07 00:00:00+00:00
[2026-04-06T10:34:15.043+0000] {processor.py:183} INFO - Processing /opt/airflow/dags/pipeline.py took 2.387 seconds
[2026-04-06T10:34:45.299+0000] {processor.py:161} INFO - Started process (PID=2010) to work on /opt/airflow/dags/pipeline.py
[2026-04-06T10:34:45.305+0000] {processor.py:830} INFO - Processing file /opt/airflow/dags/pipeline.py for tasks to queue
[2026-04-06T10:34:45.310+0000] {logging_mixin.py:188} INFO - [2026-04-06T10:34:45.309+0000] {dagbag.py:545} INFO - Filling up the DagBag from /opt/airflow/dags/pipeline.py
[2026-04-06T10:34:46.874+0000] {processor.py:840} INFO - DAG(s) 'pipeline' retrieved from /opt/airflow/dags/pipeline.py
[2026-04-06T10:34:47.041+0000] {logging_mixin.py:188} INFO - [2026-04-06T10:34:47.040+0000] {dag.py:3089} INFO - Sync 1 DAGs
[2026-04-06T10:34:47.116+0000] {logging_mixin.py:188} INFO - [2026-04-06T10:34:47.116+0000] {dag.py:3947} INFO - Setting next_dagrun for pipeline to 2026-04-06 00:00:00+00:00, run_after=2026-04-07 00:00:00+00:00
[2026-04-06T10:34:47.202+0000] {processor.py:183} INFO - Processing /opt/airflow/dags/pipeline.py took 1.940 seconds
[2026-04-06T10:35:17.963+0000] {processor.py:161} INFO - Started process (PID=2016) to work on /opt/airflow/dags/pipeline.py
[2026-04-06T10:35:17.965+0000] {processor.py:830} INFO - Processing file /opt/airflow/dags/pipeline.py for tasks to queue
[2026-04-06T10:35:17.967+0000] {logging_mixin.py:188} INFO - [2026-04-06T10:35:17.967+0000] {dagbag.py:545} INFO - Filling up the DagBag from /opt/airflow/dags/pipeline.py
[2026-04-06T10:35:19.286+0000] {processor.py:840} INFO - DAG(s) 'pipeline' retrieved from /opt/airflow/dags/pipeline.py
[2026-04-06T10:35:19.383+0000] {logging_mixin.py:188} INFO - [2026-04-06T10:35:19.383+0000] {dag.py:3089} INFO - Sync 1 DAGs
[2026-04-06T10:35:19.431+0000] {logging_mixin.py:188} INFO - [2026-04-06T10:35:19.431+0000] {dag.py:3947} INFO - Setting next_dagrun for pipeline to 2026-04-06 00:00:00+00:00, run_after=2026-04-07 00:00:00+00:00
[2026-04-06T10:35:19.490+0000] {processor.py:183} INFO - Processing /opt/airflow/dags/pipeline.py took 1.541 seconds
[2026-04-06T10:35:50.405+0000] {processor.py:161} INFO - Started process (PID=2027) to work on /opt/airflow/dags/pipeline.py
[2026-04-06T10:35:50.433+0000] {processor.py:830} INFO - Processing file /opt/airflow/dags/pipeline.py for tasks to queue
[2026-04-06T10:35:50.443+0000] {logging_mixin.py:188} INFO - [2026-04-06T10:35:50.439+0000] {dagbag.py:545} INFO - Filling up the DagBag from /opt/airflow/dags/pipeline.py
[2026-04-06T10:35:57.206+0000] {processor.py:840} INFO - DAG(s) 'pipeline' retrieved from /opt/airflow/dags/pipeline.py
[2026-04-06T10:35:57.334+0000] {logging_mixin.py:188} INFO - [2026-04-06T10:35:57.333+0000] {dag.py:3089} INFO - Sync 1 DAGs
[2026-04-06T10:35:57.403+0000] {logging_mixin.py:188} INFO - [2026-04-06T10:35:57.403+0000] {dag.py:3947} INFO - Setting next_dagrun for pipeline to 2026-04-06 00:00:00+00:00, run_after=2026-04-07 00:00:00+00:00
[2026-04-06T10:35:57.465+0000] {processor.py:183} INFO - Processing /opt/airflow/dags/pipeline.py took 7.294 seconds
[2026-04-06T10:36:27.809+0000] {processor.py:161} INFO - Started process (PID=2034) to work on /opt/airflow/dags/pipeline.py
[2026-04-06T10:36:27.812+0000] {processor.py:830} INFO - Processing file /opt/airflow/dags/pipeline.py for tasks to queue
[2026-04-06T10:36:27.815+0000] {logging_mixin.py:188} INFO - [2026-04-06T10:36:27.814+0000] {dagbag.py:545} INFO - Filling up the DagBag from /opt/airflow/dags/pipeline.py
[2026-04-06T10:36:29.132+0000] {processor.py:840} INFO - DAG(s) 'pipeline' retrieved from /opt/airflow/dags/pipeline.py
[2026-04-06T10:36:29.217+0000] {logging_mixin.py:188} INFO - [2026-04-06T10:36:29.217+0000] {dag.py:3089} INFO - Sync 1 DAGs
[2026-04-06T10:36:29.266+0000] {logging_mixin.py:188} INFO - [2026-04-06T10:36:29.266+0000] {dag.py:3947} INFO - Setting next_dagrun for pipeline to 2026-04-06 00:00:00+00:00, run_after=2026-04-07 00:00:00+00:00
[2026-04-06T10:36:29.342+0000] {processor.py:183} INFO - Processing /opt/airflow/dags/pipeline.py took 1.551 seconds
[2026-04-06T10:36:59.775+0000] {processor.py:161} INFO - Started process (PID=2041) to work on /opt/airflow/dags/pipeline.py
[2026-04-06T10:36:59.777+0000] {processor.py:830} INFO - Processing file /opt/airflow/dags/pipeline.py for tasks to queue
[2026-04-06T10:36:59.780+0000] {logging_mixin.py:188} INFO - [2026-04-06T10:36:59.779+0000] {dagbag.py:545} INFO - Filling up the DagBag from /opt/airflow/dags/pipeline.py
[2026-04-06T10:37:02.275+0000] {processor.py:840} INFO - DAG(s) 'pipeline' retrieved from /opt/airflow/dags/pipeline.py
[2026-04-06T10:37:02.465+0000] {logging_mixin.py:188} INFO - [2026-04-06T10:37:02.465+0000] {dag.py:3089} INFO - Sync 1 DAGs
[2026-04-06T10:37:02.560+0000] {logging_mixin.py:188} INFO - [2026-04-06T10:37:02.560+0000] {dag.py:3947} INFO - Setting next_dagrun for pipeline to 2026-04-06 00:00:00+00:00, run_after=2026-04-07 00:00:00+00:00
[2026-04-06T10:37:02.620+0000] {processor.py:183} INFO - Processing /opt/airflow/dags/pipeline.py took 2.857 seconds
[2026-04-06T10:37:33.048+0000] {processor.py:161} INFO - Started process (PID=2049) to work on /opt/airflow/dags/pipeline.py
[2026-04-06T10:37:33.050+0000] {processor.py:830} INFO - Processing file /opt/airflow/dags/pipeline.py for tasks to queue
[2026-04-06T10:37:33.051+0000] {logging_mixin.py:188} INFO - [2026-04-06T10:37:33.051+0000] {dagbag.py:545} INFO - Filling up the DagBag from /opt/airflow/dags/pipeline.py
[2026-04-06T10:37:36.253+0000] {processor.py:840} INFO - DAG(s) 'pipeline' retrieved from /opt/airflow/dags/pipeline.py
[2026-04-06T10:37:36.387+0000] {logging_mixin.py:188} INFO - [2026-04-06T10:37:36.387+0000] {dag.py:3089} INFO - Sync 1 DAGs
[2026-04-06T10:37:36.468+0000] {logging_mixin.py:188} INFO - [2026-04-06T10:37:36.467+0000] {dag.py:3947} INFO - Setting next_dagrun for pipeline to 2026-04-06 00:00:00+00:00, run_after=2026-04-07 00:00:00+00:00
[2026-04-06T10:37:36.542+0000] {processor.py:183} INFO - Processing /opt/airflow/dags/pipeline.py took 3.505 seconds
[2026-04-06T10:38:06.937+0000] {processor.py:161} INFO - Started process (PID=2056) to work on /opt/airflow/dags/pipeline.py
[2026-04-06T10:38:06.939+0000] {processor.py:830} INFO - Processing file /opt/airflow/dags/pipeline.py for tasks to queue
[2026-04-06T10:38:06.941+0000] {logging_mixin.py:188} INFO - [2026-04-06T10:38:06.940+0000] {dagbag.py:545} INFO - Filling up the DagBag from /opt/airflow/dags/pipeline.py
[2026-04-06T10:38:08.764+0000] {processor.py:840} INFO - DAG(s) 'pipeline' retrieved from /opt/airflow/dags/pipeline.py
[2026-04-06T10:38:08.931+0000] {logging_mixin.py:188} INFO - [2026-04-06T10:38:08.931+0000] {dag.py:3089} INFO - Sync 1 DAGs
[2026-04-06T10:38:09.026+0000] {logging_mixin.py:188} INFO - [2026-04-06T10:38:09.025+0000] {dag.py:3947} INFO - Setting next_dagrun for pipeline to 2026-04-06 00:00:00+00:00, run_after=2026-04-07 00:00:00+00:00
[2026-04-06T10:38:09.100+0000] {processor.py:183} INFO - Processing /opt/airflow/dags/pipeline.py took 2.180 seconds
[2026-04-06T10:38:39.347+0000] {processor.py:161} INFO - Started process (PID=2062) to work on /opt/airflow/dags/pipeline.py
[2026-04-06T10:38:39.349+0000] {processor.py:830} INFO - Processing file /opt/airflow/dags/pipeline.py for tasks to queue
[2026-04-06T10:38:39.351+0000] {logging_mixin.py:188} INFO - [2026-04-06T10:38:39.350+0000] {dagbag.py:545} INFO - Filling up the DagBag from /opt/airflow/dags/pipeline.py
[2026-04-06T10:38:41.194+0000] {processor.py:840} INFO - DAG(s) 'pipeline' retrieved from /opt/airflow/dags/pipeline.py
[2026-04-06T10:38:41.288+0000] {logging_mixin.py:188} INFO - [2026-04-06T10:38:41.288+0000] {dag.py:3089} INFO - Sync 1 DAGs
[2026-04-06T10:38:41.363+0000] {logging_mixin.py:188} INFO - [2026-04-06T10:38:41.362+0000] {dag.py:3947} INFO - Setting next_dagrun for pipeline to 2026-04-06 00:00:00+00:00, run_after=2026-04-07 00:00:00+00:00
[2026-04-06T10:38:41.430+0000] {processor.py:183} INFO - Processing /opt/airflow/dags/pipeline.py took 2.100 seconds
[2026-04-06T10:39:11.836+0000] {processor.py:161} INFO - Started process (PID=2072) to work on /opt/airflow/dags/pipeline.py
[2026-04-06T10:39:11.839+0000] {processor.py:830} INFO - Processing file /opt/airflow/dags/pipeline.py for tasks to queue
[2026-04-06T10:39:11.842+0000] {logging_mixin.py:188} INFO - [2026-04-06T10:39:11.841+0000] {dagbag.py:545} INFO - Filling up the DagBag from /opt/airflow/dags/pipeline.py
[2026-04-06T10:39:13.269+0000] {processor.py:840} INFO - DAG(s) 'pipeline' retrieved from /opt/airflow/dags/pipeline.py
[2026-04-06T10:39:13.364+0000] {logging_mixin.py:188} INFO - [2026-04-06T10:39:13.364+0000] {dag.py:3089} INFO - Sync 1 DAGs
[2026-04-06T10:39:13.414+0000] {logging_mixin.py:188} INFO - [2026-04-06T10:39:13.414+0000] {dag.py:3947} INFO - Setting next_dagrun for pipeline to 2026-04-06 00:00:00+00:00, run_after=2026-04-07 00:00:00+00:00
[2026-04-06T10:39:13.463+0000] {processor.py:183} INFO - Processing /opt/airflow/dags/pipeline.py took 1.644 seconds
[2026-04-06T10:39:43.882+0000] {processor.py:161} INFO - Started process (PID=2078) to work on /opt/airflow/dags/pipeline.py
[2026-04-06T10:39:43.888+0000] {processor.py:830} INFO - Processing file /opt/airflow/dags/pipeline.py for tasks to queue
[2026-04-06T10:39:43.892+0000] {logging_mixin.py:188} INFO - [2026-04-06T10:39:43.891+0000] {dagbag.py:545} INFO - Filling up the DagBag from /opt/airflow/dags/pipeline.py
[2026-04-06T10:39:45.379+0000] {processor.py:840} INFO - DAG(s) 'pipeline' retrieved from /opt/airflow/dags/pipeline.py
[2026-04-06T10:39:45.493+0000] {logging_mixin.py:188} INFO - [2026-04-06T10:39:45.493+0000] {dag.py:3089} INFO - Sync 1 DAGs
[2026-04-06T10:39:45.546+0000] {logging_mixin.py:188} INFO - [2026-04-06T10:39:45.545+0000] {dag.py:3947} INFO - Setting next_dagrun for pipeline to 2026-04-06 00:00:00+00:00, run_after=2026-04-07 00:00:00+00:00
[2026-04-06T10:39:45.628+0000] {processor.py:183} INFO - Processing /opt/airflow/dags/pipeline.py took 1.764 seconds
[2026-04-06T10:40:16.150+0000] {processor.py:161} INFO - Started process (PID=2084) to work on /opt/airflow/dags/pipeline.py
[2026-04-06T10:40:16.152+0000] {processor.py:830} INFO - Processing file /opt/airflow/dags/pipeline.py for tasks to queue
[2026-04-06T10:40:16.154+0000] {logging_mixin.py:188} INFO - [2026-04-06T10:40:16.154+0000] {dagbag.py:545} INFO - Filling up the DagBag from /opt/airflow/dags/pipeline.py
[2026-04-06T10:40:18.769+0000] {processor.py:840} INFO - DAG(s) 'pipeline' retrieved from /opt/airflow/dags/pipeline.py
[2026-04-06T10:40:18.933+0000] {logging_mixin.py:188} INFO - [2026-04-06T10:40:18.933+0000] {dag.py:3089} INFO - Sync 1 DAGs
[2026-04-06T10:40:18.988+0000] {logging_mixin.py:188} INFO - [2026-04-06T10:40:18.988+0000] {dag.py:3947} INFO - Setting next_dagrun for pipeline to 2026-04-06 00:00:00+00:00, run_after=2026-04-07 00:00:00+00:00
[2026-04-06T10:40:19.043+0000] {processor.py:183} INFO - Processing /opt/airflow/dags/pipeline.py took 2.904 seconds
[2026-04-06T10:40:49.442+0000] {processor.py:161} INFO - Started process (PID=2091) to work on /opt/airflow/dags/pipeline.py
[2026-04-06T10:40:49.444+0000] {processor.py:830} INFO - Processing file /opt/airflow/dags/pipeline.py for tasks to queue
[2026-04-06T10:40:49.446+0000] {logging_mixin.py:188} INFO - [2026-04-06T10:40:49.445+0000] {dagbag.py:545} INFO - Filling up the DagBag from /opt/airflow/dags/pipeline.py
[2026-04-06T10:40:50.845+0000] {processor.py:840} INFO - DAG(s) 'pipeline' retrieved from /opt/airflow/dags/pipeline.py
[2026-04-06T10:40:51.085+0000] {logging_mixin.py:188} INFO - [2026-04-06T10:40:51.085+0000] {dag.py:3089} INFO - Sync 1 DAGs
[2026-04-06T10:40:51.140+0000] {logging_mixin.py:188} INFO - [2026-04-06T10:40:51.139+0000] {dag.py:3947} INFO - Setting next_dagrun for pipeline to 2026-04-06 00:00:00+00:00, run_after=2026-04-07 00:00:00+00:00
[2026-04-06T10:40:51.196+0000] {processor.py:183} INFO - Processing /opt/airflow/dags/pipeline.py took 1.764 seconds
[2026-04-06T10:41:21.739+0000] {processor.py:161} INFO - Started process (PID=2097) to work on /opt/airflow/dags/pipeline.py
[2026-04-06T10:41:21.741+0000] {processor.py:830} INFO - Processing file /opt/airflow/dags/pipeline.py for tasks to queue
[2026-04-06T10:41:21.743+0000] {logging_mixin.py:188} INFO - [2026-04-06T10:41:21.742+0000] {dagbag.py:545} INFO - Filling up the DagBag from /opt/airflow/dags/pipeline.py
[2026-04-06T10:41:23.358+0000] {processor.py:840} INFO - DAG(s) 'pipeline' retrieved from /opt/airflow/dags/pipeline.py
[2026-04-06T10:41:23.519+0000] {logging_mixin.py:188} INFO - [2026-04-06T10:41:23.519+0000] {dag.py:3089} INFO - Sync 1 DAGs
[2026-04-06T10:41:23.576+0000] {logging_mixin.py:188} INFO - [2026-04-06T10:41:23.575+0000] {dag.py:3947} INFO - Setting next_dagrun for pipeline to 2026-04-06 00:00:00+00:00, run_after=2026-04-07 00:00:00+00:00
[2026-04-06T10:41:23.635+0000] {processor.py:183} INFO - Processing /opt/airflow/dags/pipeline.py took 1.906 seconds
[2026-04-06T10:41:54.019+0000] {processor.py:161} INFO - Started process (PID=2103) to work on /opt/airflow/dags/pipeline.py
[2026-04-06T10:41:54.021+0000] {processor.py:830} INFO - Processing file /opt/airflow/dags/pipeline.py for tasks to queue
[2026-04-06T10:41:54.022+0000] {logging_mixin.py:188} INFO - [2026-04-06T10:41:54.022+0000] {dagbag.py:545} INFO - Filling up the DagBag from /opt/airflow/dags/pipeline.py
[2026-04-06T10:41:56.367+0000] {processor.py:840} INFO - DAG(s) 'pipeline' retrieved from /opt/airflow/dags/pipeline.py
[2026-04-06T10:41:56.461+0000] {logging_mixin.py:188} INFO - [2026-04-06T10:41:56.460+0000] {dag.py:3089} INFO - Sync 1 DAGs
[2026-04-06T10:41:56.523+0000] {logging_mixin.py:188} INFO - [2026-04-06T10:41:56.523+0000] {dag.py:3947} INFO - Setting next_dagrun for pipeline to 2026-04-06 00:00:00+00:00, run_after=2026-04-07 00:00:00+00:00
[2026-04-06T10:41:56.580+0000] {processor.py:183} INFO - Processing /opt/airflow/dags/pipeline.py took 2.574 seconds
[2026-04-06T10:42:26.825+0000] {processor.py:161} INFO - Started process (PID=2109) to work on /opt/airflow/dags/pipeline.py
[2026-04-06T10:42:26.827+0000] {processor.py:830} INFO - Processing file /opt/airflow/dags/pipeline.py for tasks to queue
[2026-04-06T10:42:26.830+0000] {logging_mixin.py:188} INFO - [2026-04-06T10:42:26.829+0000] {dagbag.py:545} INFO - Filling up the DagBag from /opt/airflow/dags/pipeline.py
[2026-04-06T10:42:28.408+0000] {processor.py:840} INFO - DAG(s) 'pipeline' retrieved from /opt/airflow/dags/pipeline.py
[2026-04-06T10:42:28.529+0000] {logging_mixin.py:188} INFO - [2026-04-06T10:42:28.529+0000] {dag.py:3089} INFO - Sync 1 DAGs
[2026-04-06T10:42:28.593+0000] {logging_mixin.py:188} INFO - [2026-04-06T10:42:28.593+0000] {dag.py:3947} INFO - Setting next_dagrun for pipeline to 2026-04-06 00:00:00+00:00, run_after=2026-04-07 00:00:00+00:00
[2026-04-06T10:42:28.652+0000] {processor.py:183} INFO - Processing /opt/airflow/dags/pipeline.py took 1.842 seconds
[2026-04-06T10:42:59.117+0000] {processor.py:161} INFO - Started process (PID=2115) to work on /opt/airflow/dags/pipeline.py
[2026-04-06T10:42:59.119+0000] {processor.py:830} INFO - Processing file /opt/airflow/dags/pipeline.py for tasks to queue
[2026-04-06T10:42:59.122+0000] {logging_mixin.py:188} INFO - [2026-04-06T10:42:59.121+0000] {dagbag.py:545} INFO - Filling up the DagBag from /opt/airflow/dags/pipeline.py
[2026-04-06T10:43:01.060+0000] {processor.py:840} INFO - DAG(s) 'pipeline' retrieved from /opt/airflow/dags/pipeline.py
[2026-04-06T10:43:01.198+0000] {logging_mixin.py:188} INFO - [2026-04-06T10:43:01.198+0000] {dag.py:3089} INFO - Sync 1 DAGs
[2026-04-06T10:43:01.295+0000] {logging_mixin.py:188} INFO - [2026-04-06T10:43:01.295+0000] {dag.py:3947} INFO - Setting next_dagrun for pipeline to 2026-04-06 00:00:00+00:00, run_after=2026-04-07 00:00:00+00:00
[2026-04-06T10:43:01.371+0000] {processor.py:183} INFO - Processing /opt/airflow/dags/pipeline.py took 2.269 seconds
[2026-04-06T10:43:32.097+0000] {processor.py:161} INFO - Started process (PID=2134) to work on /opt/airflow/dags/pipeline.py
[2026-04-06T10:43:32.106+0000] {processor.py:830} INFO - Processing file /opt/airflow/dags/pipeline.py for tasks to queue
[2026-04-06T10:43:32.114+0000] {logging_mixin.py:188} INFO - [2026-04-06T10:43:32.112+0000] {dagbag.py:545} INFO - Filling up the DagBag from /opt/airflow/dags/pipeline.py
[2026-04-06T10:43:35.914+0000] {processor.py:840} INFO - DAG(s) 'pipeline' retrieved from /opt/airflow/dags/pipeline.py
[2026-04-06T10:43:36.066+0000] {logging_mixin.py:188} INFO - [2026-04-06T10:43:36.066+0000] {dag.py:3089} INFO - Sync 1 DAGs
[2026-04-06T10:43:36.140+0000] {logging_mixin.py:188} INFO - [2026-04-06T10:43:36.138+0000] {dag.py:3947} INFO - Setting next_dagrun for pipeline to 2026-04-06 00:00:00+00:00, run_after=2026-04-07 00:00:00+00:00
[2026-04-06T10:43:36.256+0000] {processor.py:183} INFO - Processing /opt/airflow/dags/pipeline.py took 4.258 seconds
[2026-04-06T10:44:06.990+0000] {processor.py:161} INFO - Started process (PID=2140) to work on /opt/airflow/dags/pipeline.py
[2026-04-06T10:44:07.005+0000] {processor.py:830} INFO - Processing file /opt/airflow/dags/pipeline.py for tasks to queue
[2026-04-06T10:44:07.011+0000] {logging_mixin.py:188} INFO - [2026-04-06T10:44:07.008+0000] {dagbag.py:545} INFO - Filling up the DagBag from /opt/airflow/dags/pipeline.py
[2026-04-06T10:44:10.223+0000] {processor.py:840} INFO - DAG(s) 'pipeline' retrieved from /opt/airflow/dags/pipeline.py
[2026-04-06T10:44:10.404+0000] {logging_mixin.py:188} INFO - [2026-04-06T10:44:10.403+0000] {dag.py:3089} INFO - Sync 1 DAGs
[2026-04-06T10:44:10.509+0000] {logging_mixin.py:188} INFO - [2026-04-06T10:44:10.509+0000] {dag.py:3947} INFO - Setting next_dagrun for pipeline to 2026-04-06 00:00:00+00:00, run_after=2026-04-07 00:00:00+00:00
[2026-04-06T10:44:10.622+0000] {processor.py:183} INFO - Processing /opt/airflow/dags/pipeline.py took 3.745 seconds
[2026-04-06T10:44:41.089+0000] {processor.py:161} INFO - Started process (PID=2146) to work on /opt/airflow/dags/pipeline.py
[2026-04-06T10:44:41.091+0000] {processor.py:830} INFO - Processing file /opt/airflow/dags/pipeline.py for tasks to queue
[2026-04-06T10:44:41.094+0000] {logging_mixin.py:188} INFO - [2026-04-06T10:44:41.093+0000] {dagbag.py:545} INFO - Filling up the DagBag from /opt/airflow/dags/pipeline.py
[2026-04-06T10:44:43.426+0000] {processor.py:840} INFO - DAG(s) 'pipeline' retrieved from /opt/airflow/dags/pipeline.py
[2026-04-06T10:44:43.542+0000] {logging_mixin.py:188} INFO - [2026-04-06T10:44:43.541+0000] {dag.py:3089} INFO - Sync 1 DAGs
[2026-04-06T10:44:43.621+0000] {logging_mixin.py:188} INFO - [2026-04-06T10:44:43.621+0000] {dag.py:3947} INFO - Setting next_dagrun for pipeline to 2026-04-06 00:00:00+00:00, run_after=2026-04-07 00:00:00+00:00
[2026-04-06T10:44:43.708+0000] {processor.py:183} INFO - Processing /opt/airflow/dags/pipeline.py took 2.639 seconds
[2026-04-06T10:45:14.107+0000] {processor.py:161} INFO - Started process (PID=2152) to work on /opt/airflow/dags/pipeline.py
[2026-04-06T10:45:14.109+0000] {processor.py:830} INFO - Processing file /opt/airflow/dags/pipeline.py for tasks to queue
[2026-04-06T10:45:14.112+0000] {logging_mixin.py:188} INFO - [2026-04-06T10:45:14.111+0000] {dagbag.py:545} INFO - Filling up the DagBag from /opt/airflow/dags/pipeline.py
[2026-04-06T10:45:15.592+0000] {processor.py:840} INFO - DAG(s) 'pipeline' retrieved from /opt/airflow/dags/pipeline.py
[2026-04-06T10:45:15.718+0000] {logging_mixin.py:188} INFO - [2026-04-06T10:45:15.718+0000] {dag.py:3089} INFO - Sync 1 DAGs
[2026-04-06T10:45:15.801+0000] {logging_mixin.py:188} INFO - [2026-04-06T10:45:15.800+0000] {dag.py:3947} INFO - Setting next_dagrun for pipeline to 2026-04-06 00:00:00+00:00, run_after=2026-04-07 00:00:00+00:00
[2026-04-06T10:45:15.899+0000] {processor.py:183} INFO - Processing /opt/airflow/dags/pipeline.py took 1.807 seconds
[2026-04-06T10:45:46.134+0000] {processor.py:161} INFO - Started process (PID=2159) to work on /opt/airflow/dags/pipeline.py
[2026-04-06T10:45:46.141+0000] {processor.py:830} INFO - Processing file /opt/airflow/dags/pipeline.py for tasks to queue
[2026-04-06T10:45:46.143+0000] {logging_mixin.py:188} INFO - [2026-04-06T10:45:46.143+0000] {dagbag.py:545} INFO - Filling up the DagBag from /opt/airflow/dags/pipeline.py
[2026-04-06T10:45:48.260+0000] {processor.py:840} INFO - DAG(s) 'pipeline' retrieved from /opt/airflow/dags/pipeline.py
[2026-04-06T10:45:48.364+0000] {logging_mixin.py:188} INFO - [2026-04-06T10:45:48.364+0000] {dag.py:3089} INFO - Sync 1 DAGs
[2026-04-06T10:45:48.423+0000] {logging_mixin.py:188} INFO - [2026-04-06T10:45:48.423+0000] {dag.py:3947} INFO - Setting next_dagrun for pipeline to 2026-04-06 00:00:00+00:00, run_after=2026-04-07 00:00:00+00:00
[2026-04-06T10:45:48.481+0000] {processor.py:183} INFO - Processing /opt/airflow/dags/pipeline.py took 2.365 seconds
[2026-04-06T10:46:19.484+0000] {processor.py:161} INFO - Started process (PID=2165) to work on /opt/airflow/dags/pipeline.py
[2026-04-06T10:46:19.490+0000] {processor.py:830} INFO - Processing file /opt/airflow/dags/pipeline.py for tasks to queue
[2026-04-06T10:46:19.493+0000] {logging_mixin.py:188} INFO - [2026-04-06T10:46:19.493+0000] {dagbag.py:545} INFO - Filling up the DagBag from /opt/airflow/dags/pipeline.py
[2026-04-06T10:46:24.422+0000] {processor.py:840} INFO - DAG(s) 'pipeline' retrieved from /opt/airflow/dags/pipeline.py
[2026-04-06T10:46:24.671+0000] {logging_mixin.py:188} INFO - [2026-04-06T10:46:24.670+0000] {dag.py:3089} INFO - Sync 1 DAGs
[2026-04-06T10:46:24.859+0000] {logging_mixin.py:188} INFO - [2026-04-06T10:46:24.858+0000] {dag.py:3947} INFO - Setting next_dagrun for pipeline to 2026-04-06 00:00:00+00:00, run_after=2026-04-07 00:00:00+00:00
[2026-04-06T10:46:25.093+0000] {processor.py:183} INFO - Processing /opt/airflow/dags/pipeline.py took 5.649 seconds
[2026-04-06T10:46:55.245+0000] {processor.py:161} INFO - Started process (PID=2171) to work on /opt/airflow/dags/pipeline.py
[2026-04-06T10:46:55.247+0000] {processor.py:830} INFO - Processing file /opt/airflow/dags/pipeline.py for tasks to queue
[2026-04-06T10:46:55.249+0000] {logging_mixin.py:188} INFO - [2026-04-06T10:46:55.249+0000] {dagbag.py:545} INFO - Filling up the DagBag from /opt/airflow/dags/pipeline.py
[2026-04-06T10:46:56.713+0000] {processor.py:840} INFO - DAG(s) 'pipeline' retrieved from /opt/airflow/dags/pipeline.py
[2026-04-06T10:46:56.818+0000] {logging_mixin.py:188} INFO - [2026-04-06T10:46:56.816+0000] {dag.py:3089} INFO - Sync 1 DAGs
[2026-04-06T10:46:56.898+0000] {logging_mixin.py:188} INFO - [2026-04-06T10:46:56.897+0000] {dag.py:3947} INFO - Setting next_dagrun for pipeline to 2026-04-06 00:00:00+00:00, run_after=2026-04-07 00:00:00+00:00
[2026-04-06T10:46:56.961+0000] {processor.py:183} INFO - Processing /opt/airflow/dags/pipeline.py took 1.728 seconds
[2026-04-06T10:47:27.124+0000] {processor.py:161} INFO - Started process (PID=2177) to work on /opt/airflow/dags/pipeline.py
[2026-04-06T10:47:27.125+0000] {processor.py:830} INFO - Processing file /opt/airflow/dags/pipeline.py for tasks to queue
[2026-04-06T10:47:27.127+0000] {logging_mixin.py:188} INFO - [2026-04-06T10:47:27.127+0000] {dagbag.py:545} INFO - Filling up the DagBag from /opt/airflow/dags/pipeline.py
[2026-04-06T10:47:29.360+0000] {processor.py:840} INFO - DAG(s) 'pipeline' retrieved from /opt/airflow/dags/pipeline.py
[2026-04-06T10:47:29.471+0000] {logging_mixin.py:188} INFO - [2026-04-06T10:47:29.470+0000] {dag.py:3089} INFO - Sync 1 DAGs
[2026-04-06T10:47:29.528+0000] {logging_mixin.py:188} INFO - [2026-04-06T10:47:29.528+0000] {dag.py:3947} INFO - Setting next_dagrun for pipeline to 2026-04-06 00:00:00+00:00, run_after=2026-04-07 00:00:00+00:00
[2026-04-06T10:47:29.586+0000] {processor.py:183} INFO - Processing /opt/airflow/dags/pipeline.py took 2.479 seconds
[2026-04-06T10:47:59.764+0000] {processor.py:161} INFO - Started process (PID=2183) to work on /opt/airflow/dags/pipeline.py
[2026-04-06T10:47:59.766+0000] {processor.py:830} INFO - Processing file /opt/airflow/dags/pipeline.py for tasks to queue
[2026-04-06T10:47:59.767+0000] {logging_mixin.py:188} INFO - [2026-04-06T10:47:59.767+0000] {dagbag.py:545} INFO - Filling up the DagBag from /opt/airflow/dags/pipeline.py
[2026-04-06T10:48:01.486+0000] {processor.py:840} INFO - DAG(s) 'pipeline' retrieved from /opt/airflow/dags/pipeline.py
[2026-04-06T10:48:01.687+0000] {logging_mixin.py:188} INFO - [2026-04-06T10:48:01.687+0000] {dag.py:3089} INFO - Sync 1 DAGs
[2026-04-06T10:48:01.752+0000] {logging_mixin.py:188} INFO - [2026-04-06T10:48:01.751+0000] {dag.py:3947} INFO - Setting next_dagrun for pipeline to 2026-04-06 00:00:00+00:00, run_after=2026-04-07 00:00:00+00:00
[2026-04-06T10:48:01.805+0000] {processor.py:183} INFO - Processing /opt/airflow/dags/pipeline.py took 2.054 seconds
[2026-04-06T10:48:32.388+0000] {processor.py:161} INFO - Started process (PID=2199) to work on /opt/airflow/dags/pipeline.py
[2026-04-06T10:48:32.394+0000] {processor.py:830} INFO - Processing file /opt/airflow/dags/pipeline.py for tasks to queue
[2026-04-06T10:48:32.399+0000] {logging_mixin.py:188} INFO - [2026-04-06T10:48:32.396+0000] {dagbag.py:545} INFO - Filling up the DagBag from /opt/airflow/dags/pipeline.py
[2026-04-06T10:48:34.627+0000] {processor.py:840} INFO - DAG(s) 'pipeline' retrieved from /opt/airflow/dags/pipeline.py
[2026-04-06T10:48:34.851+0000] {logging_mixin.py:188} INFO - [2026-04-06T10:48:34.851+0000] {dag.py:3089} INFO - Sync 1 DAGs
[2026-04-06T10:48:34.934+0000] {logging_mixin.py:188} INFO - [2026-04-06T10:48:34.934+0000] {dag.py:3947} INFO - Setting next_dagrun for pipeline to 2026-04-06 00:00:00+00:00, run_after=2026-04-07 00:00:00+00:00
[2026-04-06T10:48:35.001+0000] {processor.py:183} INFO - Processing /opt/airflow/dags/pipeline.py took 2.648 seconds
[2026-04-06T10:49:05.437+0000] {processor.py:161} INFO - Started process (PID=2237) to work on /opt/airflow/dags/pipeline.py
[2026-04-06T10:49:05.440+0000] {processor.py:830} INFO - Processing file /opt/airflow/dags/pipeline.py for tasks to queue
[2026-04-06T10:49:05.442+0000] {logging_mixin.py:188} INFO - [2026-04-06T10:49:05.442+0000] {dagbag.py:545} INFO - Filling up the DagBag from /opt/airflow/dags/pipeline.py
[2026-04-06T10:49:07.416+0000] {processor.py:840} INFO - DAG(s) 'pipeline' retrieved from /opt/airflow/dags/pipeline.py
[2026-04-06T10:49:07.547+0000] {logging_mixin.py:188} INFO - [2026-04-06T10:49:07.547+0000] {dag.py:3089} INFO - Sync 1 DAGs
[2026-04-06T10:49:07.609+0000] {logging_mixin.py:188} INFO - [2026-04-06T10:49:07.609+0000] {dag.py:3947} INFO - Setting next_dagrun for pipeline to 2026-04-06 00:00:00+00:00, run_after=2026-04-07 00:00:00+00:00
[2026-04-06T10:49:07.667+0000] {processor.py:183} INFO - Processing /opt/airflow/dags/pipeline.py took 2.269 seconds
[2026-04-06T10:49:37.879+0000] {processor.py:161} INFO - Started process (PID=2249) to work on /opt/airflow/dags/pipeline.py
[2026-04-06T10:49:37.881+0000] {processor.py:830} INFO - Processing file /opt/airflow/dags/pipeline.py for tasks to queue
[2026-04-06T10:49:37.884+0000] {logging_mixin.py:188} INFO - [2026-04-06T10:49:37.882+0000] {dagbag.py:545} INFO - Filling up the DagBag from /opt/airflow/dags/pipeline.py
[2026-04-06T10:49:40.165+0000] {processor.py:840} INFO - DAG(s) 'pipeline' retrieved from /opt/airflow/dags/pipeline.py
[2026-04-06T10:49:40.284+0000] {logging_mixin.py:188} INFO - [2026-04-06T10:49:40.283+0000] {dag.py:3089} INFO - Sync 1 DAGs
[2026-04-06T10:49:40.338+0000] {logging_mixin.py:188} INFO - [2026-04-06T10:49:40.337+0000] {dag.py:3947} INFO - Setting next_dagrun for pipeline to 2026-04-06 00:00:00+00:00, run_after=2026-04-07 00:00:00+00:00
[2026-04-06T10:49:40.491+0000] {processor.py:183} INFO - Processing /opt/airflow/dags/pipeline.py took 2.618 seconds
[2026-04-06T10:50:10.747+0000] {processor.py:161} INFO - Started process (PID=2255) to work on /opt/airflow/dags/pipeline.py
[2026-04-06T10:50:10.750+0000] {processor.py:830} INFO - Processing file /opt/airflow/dags/pipeline.py for tasks to queue
[2026-04-06T10:50:10.752+0000] {logging_mixin.py:188} INFO - [2026-04-06T10:50:10.751+0000] {dagbag.py:545} INFO - Filling up the DagBag from /opt/airflow/dags/pipeline.py
[2026-04-06T10:50:12.375+0000] {processor.py:840} INFO - DAG(s) 'pipeline' retrieved from /opt/airflow/dags/pipeline.py
[2026-04-06T10:50:12.484+0000] {logging_mixin.py:188} INFO - [2026-04-06T10:50:12.484+0000] {dag.py:3089} INFO - Sync 1 DAGs
[2026-04-06T10:50:12.527+0000] {logging_mixin.py:188} INFO - [2026-04-06T10:50:12.527+0000] {dag.py:3947} INFO - Setting next_dagrun for pipeline to 2026-04-06 00:00:00+00:00, run_after=2026-04-07 00:00:00+00:00
[2026-04-06T10:50:12.587+0000] {processor.py:183} INFO - Processing /opt/airflow/dags/pipeline.py took 1.889 seconds
[2026-04-06T10:50:43.180+0000] {processor.py:161} INFO - Started process (PID=2261) to work on /opt/airflow/dags/pipeline.py
[2026-04-06T10:50:43.184+0000] {processor.py:830} INFO - Processing file /opt/airflow/dags/pipeline.py for tasks to queue
[2026-04-06T10:50:43.190+0000] {logging_mixin.py:188} INFO - [2026-04-06T10:50:43.188+0000] {dagbag.py:545} INFO - Filling up the DagBag from /opt/airflow/dags/pipeline.py
[2026-04-06T10:50:44.325+0000] {processor.py:840} INFO - DAG(s) 'pipeline' retrieved from /opt/airflow/dags/pipeline.py
[2026-04-06T10:50:44.414+0000] {logging_mixin.py:188} INFO - [2026-04-06T10:50:44.414+0000] {dag.py:3089} INFO - Sync 1 DAGs
[2026-04-06T10:50:44.454+0000] {logging_mixin.py:188} INFO - [2026-04-06T10:50:44.454+0000] {dag.py:3947} INFO - Setting next_dagrun for pipeline to 2026-04-06 00:00:00+00:00, run_after=2026-04-07 00:00:00+00:00
[2026-04-06T10:50:44.506+0000] {processor.py:183} INFO - Processing /opt/airflow/dags/pipeline.py took 1.367 seconds
[2026-04-06T10:51:15.104+0000] {processor.py:161} INFO - Started process (PID=2267) to work on /opt/airflow/dags/pipeline.py
[2026-04-06T10:51:15.109+0000] {processor.py:830} INFO - Processing file /opt/airflow/dags/pipeline.py for tasks to queue
[2026-04-06T10:51:15.115+0000] {logging_mixin.py:188} INFO - [2026-04-06T10:51:15.113+0000] {dagbag.py:545} INFO - Filling up the DagBag from /opt/airflow/dags/pipeline.py
[2026-04-06T10:51:16.576+0000] {processor.py:840} INFO - DAG(s) 'pipeline' retrieved from /opt/airflow/dags/pipeline.py
[2026-04-06T10:51:16.676+0000] {logging_mixin.py:188} INFO - [2026-04-06T10:51:16.676+0000] {dag.py:3089} INFO - Sync 1 DAGs
[2026-04-06T10:51:16.717+0000] {logging_mixin.py:188} INFO - [2026-04-06T10:51:16.717+0000] {dag.py:3947} INFO - Setting next_dagrun for pipeline to 2026-04-06 00:00:00+00:00, run_after=2026-04-07 00:00:00+00:00
[2026-04-06T10:51:16.768+0000] {processor.py:183} INFO - Processing /opt/airflow/dags/pipeline.py took 1.701 seconds
[2026-04-06T10:51:47.363+0000] {processor.py:161} INFO - Started process (PID=2273) to work on /opt/airflow/dags/pipeline.py
[2026-04-06T10:51:47.364+0000] {processor.py:830} INFO - Processing file /opt/airflow/dags/pipeline.py for tasks to queue
[2026-04-06T10:51:47.366+0000] {logging_mixin.py:188} INFO - [2026-04-06T10:51:47.366+0000] {dagbag.py:545} INFO - Filling up the DagBag from /opt/airflow/dags/pipeline.py
[2026-04-06T10:51:48.391+0000] {processor.py:840} INFO - DAG(s) 'pipeline' retrieved from /opt/airflow/dags/pipeline.py
[2026-04-06T10:51:48.491+0000] {logging_mixin.py:188} INFO - [2026-04-06T10:51:48.491+0000] {dag.py:3089} INFO - Sync 1 DAGs
[2026-04-06T10:51:48.530+0000] {logging_mixin.py:188} INFO - [2026-04-06T10:51:48.530+0000] {dag.py:3947} INFO - Setting next_dagrun for pipeline to 2026-04-06 00:00:00+00:00, run_after=2026-04-07 00:00:00+00:00
[2026-04-06T10:51:48.575+0000] {processor.py:183} INFO - Processing /opt/airflow/dags/pipeline.py took 1.224 seconds
[2026-04-06T10:52:18.956+0000] {processor.py:161} INFO - Started process (PID=2279) to work on /opt/airflow/dags/pipeline.py
[2026-04-06T10:52:18.959+0000] {processor.py:830} INFO - Processing file /opt/airflow/dags/pipeline.py for tasks to queue
[2026-04-06T10:52:18.962+0000] {logging_mixin.py:188} INFO - [2026-04-06T10:52:18.961+0000] {dagbag.py:545} INFO - Filling up the DagBag from /opt/airflow/dags/pipeline.py
[2026-04-06T10:52:20.037+0000] {processor.py:840} INFO - DAG(s) 'pipeline' retrieved from /opt/airflow/dags/pipeline.py
[2026-04-06T10:52:20.135+0000] {logging_mixin.py:188} INFO - [2026-04-06T10:52:20.135+0000] {dag.py:3089} INFO - Sync 1 DAGs
[2026-04-06T10:52:20.172+0000] {logging_mixin.py:188} INFO - [2026-04-06T10:52:20.172+0000] {dag.py:3947} INFO - Setting next_dagrun for pipeline to 2026-04-06 00:00:00+00:00, run_after=2026-04-07 00:00:00+00:00
[2026-04-06T10:52:20.222+0000] {processor.py:183} INFO - Processing /opt/airflow/dags/pipeline.py took 1.288 seconds
[2026-04-06T10:52:50.789+0000] {processor.py:161} INFO - Started process (PID=2285) to work on /opt/airflow/dags/pipeline.py
[2026-04-06T10:52:50.792+0000] {processor.py:830} INFO - Processing file /opt/airflow/dags/pipeline.py for tasks to queue
[2026-04-06T10:52:50.795+0000] {logging_mixin.py:188} INFO - [2026-04-06T10:52:50.794+0000] {dagbag.py:545} INFO - Filling up the DagBag from /opt/airflow/dags/pipeline.py
[2026-04-06T10:52:52.008+0000] {processor.py:840} INFO - DAG(s) 'pipeline' retrieved from /opt/airflow/dags/pipeline.py
[2026-04-06T10:52:52.126+0000] {logging_mixin.py:188} INFO - [2026-04-06T10:52:52.126+0000] {dag.py:3089} INFO - Sync 1 DAGs
[2026-04-06T10:52:52.174+0000] {logging_mixin.py:188} INFO - [2026-04-06T10:52:52.173+0000] {dag.py:3947} INFO - Setting next_dagrun for pipeline to 2026-04-06 00:00:00+00:00, run_after=2026-04-07 00:00:00+00:00
[2026-04-06T10:52:52.243+0000] {processor.py:183} INFO - Processing /opt/airflow/dags/pipeline.py took 1.476 seconds
[2026-04-06T10:53:22.432+0000] {processor.py:161} INFO - Started process (PID=2291) to work on /opt/airflow/dags/pipeline.py
[2026-04-06T10:53:22.436+0000] {processor.py:830} INFO - Processing file /opt/airflow/dags/pipeline.py for tasks to queue
[2026-04-06T10:53:22.441+0000] {logging_mixin.py:188} INFO - [2026-04-06T10:53:22.440+0000] {dagbag.py:545} INFO - Filling up the DagBag from /opt/airflow/dags/pipeline.py
[2026-04-06T10:53:23.534+0000] {processor.py:840} INFO - DAG(s) 'pipeline' retrieved from /opt/airflow/dags/pipeline.py
[2026-04-06T10:53:23.621+0000] {logging_mixin.py:188} INFO - [2026-04-06T10:53:23.621+0000] {dag.py:3089} INFO - Sync 1 DAGs
[2026-04-06T10:53:23.662+0000] {logging_mixin.py:188} INFO - [2026-04-06T10:53:23.662+0000] {dag.py:3947} INFO - Setting next_dagrun for pipeline to 2026-04-06 00:00:00+00:00, run_after=2026-04-07 00:00:00+00:00
[2026-04-06T10:53:23.714+0000] {processor.py:183} INFO - Processing /opt/airflow/dags/pipeline.py took 1.312 seconds
[2026-04-06T10:53:54.458+0000] {processor.py:161} INFO - Started process (PID=2297) to work on /opt/airflow/dags/pipeline.py
[2026-04-06T10:53:54.462+0000] {processor.py:830} INFO - Processing file /opt/airflow/dags/pipeline.py for tasks to queue
[2026-04-06T10:53:54.466+0000] {logging_mixin.py:188} INFO - [2026-04-06T10:53:54.465+0000] {dagbag.py:545} INFO - Filling up the DagBag from /opt/airflow/dags/pipeline.py
[2026-04-06T10:53:55.690+0000] {processor.py:840} INFO - DAG(s) 'pipeline' retrieved from /opt/airflow/dags/pipeline.py
[2026-04-06T10:53:55.813+0000] {logging_mixin.py:188} INFO - [2026-04-06T10:53:55.813+0000] {dag.py:3089} INFO - Sync 1 DAGs
[2026-04-06T10:53:55.849+0000] {logging_mixin.py:188} INFO - [2026-04-06T10:53:55.848+0000] {dag.py:3947} INFO - Setting next_dagrun for pipeline to 2026-04-06 00:00:00+00:00, run_after=2026-04-07 00:00:00+00:00
[2026-04-06T10:53:55.896+0000] {processor.py:183} INFO - Processing /opt/airflow/dags/pipeline.py took 1.474 seconds
[2026-04-06T10:54:26.462+0000] {processor.py:161} INFO - Started process (PID=2303) to work on /opt/airflow/dags/pipeline.py
[2026-04-06T10:54:26.464+0000] {processor.py:830} INFO - Processing file /opt/airflow/dags/pipeline.py for tasks to queue
[2026-04-06T10:54:26.465+0000] {logging_mixin.py:188} INFO - [2026-04-06T10:54:26.465+0000] {dagbag.py:545} INFO - Filling up the DagBag from /opt/airflow/dags/pipeline.py
[2026-04-06T10:54:27.629+0000] {processor.py:840} INFO - DAG(s) 'pipeline' retrieved from /opt/airflow/dags/pipeline.py
[2026-04-06T10:54:27.822+0000] {logging_mixin.py:188} INFO - [2026-04-06T10:54:27.821+0000] {dag.py:3089} INFO - Sync 1 DAGs
[2026-04-06T10:54:27.860+0000] {logging_mixin.py:188} INFO - [2026-04-06T10:54:27.860+0000] {dag.py:3947} INFO - Setting next_dagrun for pipeline to 2026-04-06 00:00:00+00:00, run_after=2026-04-07 00:00:00+00:00
[2026-04-06T10:54:27.900+0000] {processor.py:183} INFO - Processing /opt/airflow/dags/pipeline.py took 1.457 seconds
[2026-04-06T10:54:58.522+0000] {processor.py:161} INFO - Started process (PID=2309) to work on /opt/airflow/dags/pipeline.py
[2026-04-06T10:54:58.524+0000] {processor.py:830} INFO - Processing file /opt/airflow/dags/pipeline.py for tasks to queue
[2026-04-06T10:54:58.525+0000] {logging_mixin.py:188} INFO - [2026-04-06T10:54:58.525+0000] {dagbag.py:545} INFO - Filling up the DagBag from /opt/airflow/dags/pipeline.py
[2026-04-06T10:54:59.640+0000] {processor.py:840} INFO - DAG(s) 'pipeline' retrieved from /opt/airflow/dags/pipeline.py
[2026-04-06T10:54:59.715+0000] {logging_mixin.py:188} INFO - [2026-04-06T10:54:59.715+0000] {dag.py:3089} INFO - Sync 1 DAGs
[2026-04-06T10:54:59.749+0000] {logging_mixin.py:188} INFO - [2026-04-06T10:54:59.749+0000] {dag.py:3947} INFO - Setting next_dagrun for pipeline to 2026-04-06 00:00:00+00:00, run_after=2026-04-07 00:00:00+00:00
[2026-04-06T10:54:59.786+0000] {processor.py:183} INFO - Processing /opt/airflow/dags/pipeline.py took 1.276 seconds
[2026-04-06T10:55:30.098+0000] {processor.py:161} INFO - Started process (PID=2315) to work on /opt/airflow/dags/pipeline.py
[2026-04-06T10:55:30.100+0000] {processor.py:830} INFO - Processing file /opt/airflow/dags/pipeline.py for tasks to queue
[2026-04-06T10:55:30.101+0000] {logging_mixin.py:188} INFO - [2026-04-06T10:55:30.101+0000] {dagbag.py:545} INFO - Filling up the DagBag from /opt/airflow/dags/pipeline.py
[2026-04-06T10:55:31.157+0000] {processor.py:840} INFO - DAG(s) 'pipeline' retrieved from /opt/airflow/dags/pipeline.py
[2026-04-06T10:55:31.243+0000] {logging_mixin.py:188} INFO - [2026-04-06T10:55:31.242+0000] {dag.py:3089} INFO - Sync 1 DAGs
[2026-04-06T10:55:31.287+0000] {logging_mixin.py:188} INFO - [2026-04-06T10:55:31.286+0000] {dag.py:3947} INFO - Setting next_dagrun for pipeline to 2026-04-06 00:00:00+00:00, run_after=2026-04-07 00:00:00+00:00
[2026-04-06T10:55:31.341+0000] {processor.py:183} INFO - Processing /opt/airflow/dags/pipeline.py took 1.252 seconds
[2026-04-06T10:56:02.002+0000] {processor.py:161} INFO - Started process (PID=2321) to work on /opt/airflow/dags/pipeline.py
[2026-04-06T10:56:02.003+0000] {processor.py:830} INFO - Processing file /opt/airflow/dags/pipeline.py for tasks to queue
[2026-04-06T10:56:02.005+0000] {logging_mixin.py:188} INFO - [2026-04-06T10:56:02.005+0000] {dagbag.py:545} INFO - Filling up the DagBag from /opt/airflow/dags/pipeline.py
[2026-04-06T10:56:03.443+0000] {processor.py:840} INFO - DAG(s) 'pipeline' retrieved from /opt/airflow/dags/pipeline.py
[2026-04-06T10:56:03.520+0000] {logging_mixin.py:188} INFO - [2026-04-06T10:56:03.520+0000] {dag.py:3089} INFO - Sync 1 DAGs
[2026-04-06T10:56:03.566+0000] {logging_mixin.py:188} INFO - [2026-04-06T10:56:03.565+0000] {dag.py:3947} INFO - Setting next_dagrun for pipeline to 2026-04-06 00:00:00+00:00, run_after=2026-04-07 00:00:00+00:00
[2026-04-06T10:56:03.614+0000] {processor.py:183} INFO - Processing /opt/airflow/dags/pipeline.py took 1.622 seconds
[2026-04-06T10:56:34.197+0000] {processor.py:161} INFO - Started process (PID=2327) to work on /opt/airflow/dags/pipeline.py
[2026-04-06T10:56:34.199+0000] {processor.py:830} INFO - Processing file /opt/airflow/dags/pipeline.py for tasks to queue
[2026-04-06T10:56:34.201+0000] {logging_mixin.py:188} INFO - [2026-04-06T10:56:34.201+0000] {dagbag.py:545} INFO - Filling up the DagBag from /opt/airflow/dags/pipeline.py
[2026-04-06T10:56:35.349+0000] {processor.py:840} INFO - DAG(s) 'pipeline' retrieved from /opt/airflow/dags/pipeline.py
[2026-04-06T10:56:35.427+0000] {logging_mixin.py:188} INFO - [2026-04-06T10:56:35.427+0000] {dag.py:3089} INFO - Sync 1 DAGs
[2026-04-06T10:56:35.464+0000] {logging_mixin.py:188} INFO - [2026-04-06T10:56:35.464+0000] {dag.py:3947} INFO - Setting next_dagrun for pipeline to 2026-04-06 00:00:00+00:00, run_after=2026-04-07 00:00:00+00:00
[2026-04-06T10:56:35.524+0000] {processor.py:183} INFO - Processing /opt/airflow/dags/pipeline.py took 1.339 seconds
[2026-04-06T10:57:05.866+0000] {processor.py:161} INFO - Started process (PID=2333) to work on /opt/airflow/dags/pipeline.py
[2026-04-06T10:57:05.869+0000] {processor.py:830} INFO - Processing file /opt/airflow/dags/pipeline.py for tasks to queue
[2026-04-06T10:57:05.872+0000] {logging_mixin.py:188} INFO - [2026-04-06T10:57:05.871+0000] {dagbag.py:545} INFO - Filling up the DagBag from /opt/airflow/dags/pipeline.py
[2026-04-06T10:57:06.983+0000] {processor.py:840} INFO - DAG(s) 'pipeline' retrieved from /opt/airflow/dags/pipeline.py
[2026-04-06T10:57:07.076+0000] {logging_mixin.py:188} INFO - [2026-04-06T10:57:07.076+0000] {dag.py:3089} INFO - Sync 1 DAGs
[2026-04-06T10:57:07.123+0000] {logging_mixin.py:188} INFO - [2026-04-06T10:57:07.123+0000] {dag.py:3947} INFO - Setting next_dagrun for pipeline to 2026-04-06 00:00:00+00:00, run_after=2026-04-07 00:00:00+00:00
[2026-04-06T10:57:07.165+0000] {processor.py:183} INFO - Processing /opt/airflow/dags/pipeline.py took 1.325 seconds
[2026-04-06T10:57:37.802+0000] {processor.py:161} INFO - Started process (PID=2339) to work on /opt/airflow/dags/pipeline.py
[2026-04-06T10:57:37.807+0000] {processor.py:830} INFO - Processing file /opt/airflow/dags/pipeline.py for tasks to queue
[2026-04-06T10:57:37.811+0000] {logging_mixin.py:188} INFO - [2026-04-06T10:57:37.810+0000] {dagbag.py:545} INFO - Filling up the DagBag from /opt/airflow/dags/pipeline.py
[2026-04-06T10:57:39.003+0000] {processor.py:840} INFO - DAG(s) 'pipeline' retrieved from /opt/airflow/dags/pipeline.py
[2026-04-06T10:57:39.082+0000] {logging_mixin.py:188} INFO - [2026-04-06T10:57:39.082+0000] {dag.py:3089} INFO - Sync 1 DAGs
[2026-04-06T10:57:39.126+0000] {logging_mixin.py:188} INFO - [2026-04-06T10:57:39.126+0000] {dag.py:3947} INFO - Setting next_dagrun for pipeline to 2026-04-06 00:00:00+00:00, run_after=2026-04-07 00:00:00+00:00
[2026-04-06T10:57:39.164+0000] {processor.py:183} INFO - Processing /opt/airflow/dags/pipeline.py took 1.391 seconds
[2026-04-06T10:58:09.591+0000] {processor.py:161} INFO - Started process (PID=2345) to work on /opt/airflow/dags/pipeline.py
[2026-04-06T10:58:09.593+0000] {processor.py:830} INFO - Processing file /opt/airflow/dags/pipeline.py for tasks to queue
[2026-04-06T10:58:09.595+0000] {logging_mixin.py:188} INFO - [2026-04-06T10:58:09.594+0000] {dagbag.py:545} INFO - Filling up the DagBag from /opt/airflow/dags/pipeline.py
[2026-04-06T10:58:11.033+0000] {processor.py:840} INFO - DAG(s) 'pipeline' retrieved from /opt/airflow/dags/pipeline.py
[2026-04-06T10:58:11.137+0000] {logging_mixin.py:188} INFO - [2026-04-06T10:58:11.137+0000] {dag.py:3089} INFO - Sync 1 DAGs
[2026-04-06T10:58:11.187+0000] {logging_mixin.py:188} INFO - [2026-04-06T10:58:11.186+0000] {dag.py:3947} INFO - Setting next_dagrun for pipeline to 2026-04-06 00:00:00+00:00, run_after=2026-04-07 00:00:00+00:00
[2026-04-06T10:58:11.252+0000] {processor.py:183} INFO - Processing /opt/airflow/dags/pipeline.py took 1.675 seconds
[2026-04-06T10:58:42.084+0000] {processor.py:161} INFO - Started process (PID=2351) to work on /opt/airflow/dags/pipeline.py
[2026-04-06T10:58:42.086+0000] {processor.py:830} INFO - Processing file /opt/airflow/dags/pipeline.py for tasks to queue
[2026-04-06T10:58:42.088+0000] {logging_mixin.py:188} INFO - [2026-04-06T10:58:42.088+0000] {dagbag.py:545} INFO - Filling up the DagBag from /opt/airflow/dags/pipeline.py
[2026-04-06T10:58:43.508+0000] {processor.py:840} INFO - DAG(s) 'pipeline' retrieved from /opt/airflow/dags/pipeline.py
[2026-04-06T10:58:43.624+0000] {logging_mixin.py:188} INFO - [2026-04-06T10:58:43.623+0000] {dag.py:3089} INFO - Sync 1 DAGs
[2026-04-06T10:58:43.670+0000] {logging_mixin.py:188} INFO - [2026-04-06T10:58:43.670+0000] {dag.py:3947} INFO - Setting next_dagrun for pipeline to 2026-04-06 00:00:00+00:00, run_after=2026-04-07 00:00:00+00:00
[2026-04-06T10:58:43.733+0000] {processor.py:183} INFO - Processing /opt/airflow/dags/pipeline.py took 1.663 seconds
[2026-04-06T10:59:14.383+0000] {processor.py:161} INFO - Started process (PID=2360) to work on /opt/airflow/dags/pipeline.py
[2026-04-06T10:59:14.386+0000] {processor.py:830} INFO - Processing file /opt/airflow/dags/pipeline.py for tasks to queue
[2026-04-06T10:59:14.390+0000] {logging_mixin.py:188} INFO - [2026-04-06T10:59:14.389+0000] {dagbag.py:545} INFO - Filling up the DagBag from /opt/airflow/dags/pipeline.py
[2026-04-06T10:59:16.571+0000] {processor.py:840} INFO - DAG(s) 'pipeline' retrieved from /opt/airflow/dags/pipeline.py
[2026-04-06T10:59:16.678+0000] {logging_mixin.py:188} INFO - [2026-04-06T10:59:16.678+0000] {dag.py:3089} INFO - Sync 1 DAGs
[2026-04-06T10:59:16.733+0000] {logging_mixin.py:188} INFO - [2026-04-06T10:59:16.732+0000] {dag.py:3947} INFO - Setting next_dagrun for pipeline to 2026-04-06 00:00:00+00:00, run_after=2026-04-07 00:00:00+00:00
[2026-04-06T10:59:16.798+0000] {processor.py:183} INFO - Processing /opt/airflow/dags/pipeline.py took 2.434 seconds
[2026-04-06T10:59:47.526+0000] {processor.py:161} INFO - Started process (PID=2375) to work on /opt/airflow/dags/pipeline.py
[2026-04-06T10:59:47.532+0000] {processor.py:830} INFO - Processing file /opt/airflow/dags/pipeline.py for tasks to queue
[2026-04-06T10:59:47.535+0000] {logging_mixin.py:188} INFO - [2026-04-06T10:59:47.534+0000] {dagbag.py:545} INFO - Filling up the DagBag from /opt/airflow/dags/pipeline.py
[2026-04-06T10:59:50.096+0000] {processor.py:840} INFO - DAG(s) 'pipeline' retrieved from /opt/airflow/dags/pipeline.py
[2026-04-06T10:59:50.253+0000] {logging_mixin.py:188} INFO - [2026-04-06T10:59:50.253+0000] {dag.py:3089} INFO - Sync 1 DAGs
[2026-04-06T10:59:50.358+0000] {logging_mixin.py:188} INFO - [2026-04-06T10:59:50.357+0000] {dag.py:3947} INFO - Setting next_dagrun for pipeline to 2026-04-06 00:00:00+00:00, run_after=2026-04-07 00:00:00+00:00
[2026-04-06T10:59:50.443+0000] {processor.py:183} INFO - Processing /opt/airflow/dags/pipeline.py took 2.952 seconds
[2026-04-06T11:00:20.887+0000] {processor.py:161} INFO - Started process (PID=2381) to work on /opt/airflow/dags/pipeline.py
[2026-04-06T11:00:20.888+0000] {processor.py:830} INFO - Processing file /opt/airflow/dags/pipeline.py for tasks to queue
[2026-04-06T11:00:20.890+0000] {logging_mixin.py:188} INFO - [2026-04-06T11:00:20.890+0000] {dagbag.py:545} INFO - Filling up the DagBag from /opt/airflow/dags/pipeline.py
[2026-04-06T11:00:22.366+0000] {processor.py:840} INFO - DAG(s) 'pipeline' retrieved from /opt/airflow/dags/pipeline.py
[2026-04-06T11:00:22.622+0000] {logging_mixin.py:188} INFO - [2026-04-06T11:00:22.622+0000] {dag.py:3089} INFO - Sync 1 DAGs
[2026-04-06T11:00:22.693+0000] {logging_mixin.py:188} INFO - [2026-04-06T11:00:22.692+0000] {dag.py:3947} INFO - Setting next_dagrun for pipeline to 2026-04-06 00:00:00+00:00, run_after=2026-04-07 00:00:00+00:00
[2026-04-06T11:00:22.754+0000] {processor.py:183} INFO - Processing /opt/airflow/dags/pipeline.py took 1.887 seconds
[2026-04-06T11:00:53.257+0000] {processor.py:161} INFO - Started process (PID=2387) to work on /opt/airflow/dags/pipeline.py
[2026-04-06T11:00:53.260+0000] {processor.py:830} INFO - Processing file /opt/airflow/dags/pipeline.py for tasks to queue
[2026-04-06T11:00:53.266+0000] {logging_mixin.py:188} INFO - [2026-04-06T11:00:53.263+0000] {dagbag.py:545} INFO - Filling up the DagBag from /opt/airflow/dags/pipeline.py
[2026-04-06T11:00:56.030+0000] {processor.py:840} INFO - DAG(s) 'pipeline' retrieved from /opt/airflow/dags/pipeline.py
[2026-04-06T11:00:56.156+0000] {logging_mixin.py:188} INFO - [2026-04-06T11:00:56.156+0000] {dag.py:3089} INFO - Sync 1 DAGs
[2026-04-06T11:00:56.199+0000] {logging_mixin.py:188} INFO - [2026-04-06T11:00:56.199+0000] {dag.py:3947} INFO - Setting next_dagrun for pipeline to 2026-04-06 00:00:00+00:00, run_after=2026-04-07 00:00:00+00:00
[2026-04-06T11:00:56.257+0000] {processor.py:183} INFO - Processing /opt/airflow/dags/pipeline.py took 3.022 seconds
[2026-04-06T11:01:26.686+0000] {processor.py:161} INFO - Started process (PID=2394) to work on /opt/airflow/dags/pipeline.py
[2026-04-06T11:01:26.688+0000] {processor.py:830} INFO - Processing file /opt/airflow/dags/pipeline.py for tasks to queue
[2026-04-06T11:01:26.690+0000] {logging_mixin.py:188} INFO - [2026-04-06T11:01:26.690+0000] {dagbag.py:545} INFO - Filling up the DagBag from /opt/airflow/dags/pipeline.py
[2026-04-06T11:01:28.305+0000] {processor.py:840} INFO - DAG(s) 'pipeline' retrieved from /opt/airflow/dags/pipeline.py
[2026-04-06T11:01:28.411+0000] {logging_mixin.py:188} INFO - [2026-04-06T11:01:28.410+0000] {dag.py:3089} INFO - Sync 1 DAGs
[2026-04-06T11:01:28.454+0000] {logging_mixin.py:188} INFO - [2026-04-06T11:01:28.454+0000] {dag.py:3947} INFO - Setting next_dagrun for pipeline to 2026-04-06 00:00:00+00:00, run_after=2026-04-07 00:00:00+00:00
[2026-04-06T11:01:28.496+0000] {processor.py:183} INFO - Processing /opt/airflow/dags/pipeline.py took 1.824 seconds
[2026-04-06T11:01:58.981+0000] {processor.py:161} INFO - Started process (PID=2402) to work on /opt/airflow/dags/pipeline.py
[2026-04-06T11:01:58.983+0000] {processor.py:830} INFO - Processing file /opt/airflow/dags/pipeline.py for tasks to queue
[2026-04-06T11:01:58.985+0000] {logging_mixin.py:188} INFO - [2026-04-06T11:01:58.984+0000] {dagbag.py:545} INFO - Filling up the DagBag from /opt/airflow/dags/pipeline.py
[2026-04-06T11:02:00.580+0000] {processor.py:840} INFO - DAG(s) 'pipeline' retrieved from /opt/airflow/dags/pipeline.py
[2026-04-06T11:02:00.675+0000] {logging_mixin.py:188} INFO - [2026-04-06T11:02:00.675+0000] {dag.py:3089} INFO - Sync 1 DAGs
[2026-04-06T11:02:00.729+0000] {logging_mixin.py:188} INFO - [2026-04-06T11:02:00.729+0000] {dag.py:3947} INFO - Setting next_dagrun for pipeline to 2026-04-06 00:00:00+00:00, run_after=2026-04-07 00:00:00+00:00
[2026-04-06T11:02:00.777+0000] {processor.py:183} INFO - Processing /opt/airflow/dags/pipeline.py took 1.810 seconds
[2026-04-06T11:02:31.202+0000] {processor.py:161} INFO - Started process (PID=2408) to work on /opt/airflow/dags/pipeline.py
[2026-04-06T11:02:31.205+0000] {processor.py:830} INFO - Processing file /opt/airflow/dags/pipeline.py for tasks to queue
[2026-04-06T11:02:31.208+0000] {logging_mixin.py:188} INFO - [2026-04-06T11:02:31.207+0000] {dagbag.py:545} INFO - Filling up the DagBag from /opt/airflow/dags/pipeline.py
[2026-04-06T11:02:33.288+0000] {processor.py:840} INFO - DAG(s) 'pipeline' retrieved from /opt/airflow/dags/pipeline.py
[2026-04-06T11:02:33.396+0000] {logging_mixin.py:188} INFO - [2026-04-06T11:02:33.396+0000] {dag.py:3089} INFO - Sync 1 DAGs
[2026-04-06T11:02:33.444+0000] {logging_mixin.py:188} INFO - [2026-04-06T11:02:33.444+0000] {dag.py:3947} INFO - Setting next_dagrun for pipeline to 2026-04-06 00:00:00+00:00, run_after=2026-04-07 00:00:00+00:00
[2026-04-06T11:02:33.499+0000] {processor.py:183} INFO - Processing /opt/airflow/dags/pipeline.py took 2.316 seconds
[2026-04-06T11:03:03.655+0000] {processor.py:161} INFO - Started process (PID=2414) to work on /opt/airflow/dags/pipeline.py
[2026-04-06T11:03:03.658+0000] {processor.py:830} INFO - Processing file /opt/airflow/dags/pipeline.py for tasks to queue
[2026-04-06T11:03:03.661+0000] {logging_mixin.py:188} INFO - [2026-04-06T11:03:03.660+0000] {dagbag.py:545} INFO - Filling up the DagBag from /opt/airflow/dags/pipeline.py
[2026-04-06T11:03:05.276+0000] {processor.py:840} INFO - DAG(s) 'pipeline' retrieved from /opt/airflow/dags/pipeline.py
[2026-04-06T11:03:05.382+0000] {logging_mixin.py:188} INFO - [2026-04-06T11:03:05.382+0000] {dag.py:3089} INFO - Sync 1 DAGs
[2026-04-06T11:03:05.437+0000] {logging_mixin.py:188} INFO - [2026-04-06T11:03:05.437+0000] {dag.py:3947} INFO - Setting next_dagrun for pipeline to 2026-04-06 00:00:00+00:00, run_after=2026-04-07 00:00:00+00:00
[2026-04-06T11:03:05.496+0000] {processor.py:183} INFO - Processing /opt/airflow/dags/pipeline.py took 1.859 seconds
[2026-04-06T11:03:35.921+0000] {processor.py:161} INFO - Started process (PID=2420) to work on /opt/airflow/dags/pipeline.py
[2026-04-06T11:03:35.924+0000] {processor.py:830} INFO - Processing file /opt/airflow/dags/pipeline.py for tasks to queue
[2026-04-06T11:03:35.927+0000] {logging_mixin.py:188} INFO - [2026-04-06T11:03:35.926+0000] {dagbag.py:545} INFO - Filling up the DagBag from /opt/airflow/dags/pipeline.py
[2026-04-06T11:03:37.766+0000] {processor.py:840} INFO - DAG(s) 'pipeline' retrieved from /opt/airflow/dags/pipeline.py
[2026-04-06T11:03:37.889+0000] {logging_mixin.py:188} INFO - [2026-04-06T11:03:37.888+0000] {dag.py:3089} INFO - Sync 1 DAGs
[2026-04-06T11:03:37.946+0000] {logging_mixin.py:188} INFO - [2026-04-06T11:03:37.946+0000] {dag.py:3947} INFO - Setting next_dagrun for pipeline to 2026-04-06 00:00:00+00:00, run_after=2026-04-07 00:00:00+00:00
[2026-04-06T11:03:38.003+0000] {processor.py:183} INFO - Processing /opt/airflow/dags/pipeline.py took 2.104 seconds
[2026-04-06T11:04:08.326+0000] {processor.py:161} INFO - Started process (PID=2426) to work on /opt/airflow/dags/pipeline.py
[2026-04-06T11:04:08.328+0000] {processor.py:830} INFO - Processing file /opt/airflow/dags/pipeline.py for tasks to queue
[2026-04-06T11:04:08.330+0000] {logging_mixin.py:188} INFO - [2026-04-06T11:04:08.329+0000] {dagbag.py:545} INFO - Filling up the DagBag from /opt/airflow/dags/pipeline.py
[2026-04-06T11:04:09.742+0000] {processor.py:840} INFO - DAG(s) 'pipeline' retrieved from /opt/airflow/dags/pipeline.py
[2026-04-06T11:04:09.831+0000] {logging_mixin.py:188} INFO - [2026-04-06T11:04:09.831+0000] {dag.py:3089} INFO - Sync 1 DAGs
[2026-04-06T11:04:09.881+0000] {logging_mixin.py:188} INFO - [2026-04-06T11:04:09.881+0000] {dag.py:3947} INFO - Setting next_dagrun for pipeline to 2026-04-06 00:00:00+00:00, run_after=2026-04-07 00:00:00+00:00
[2026-04-06T11:04:09.940+0000] {processor.py:183} INFO - Processing /opt/airflow/dags/pipeline.py took 1.628 seconds
[2026-04-06T11:04:40.521+0000] {processor.py:161} INFO - Started process (PID=2432) to work on /opt/airflow/dags/pipeline.py
[2026-04-06T11:04:40.524+0000] {processor.py:830} INFO - Processing file /opt/airflow/dags/pipeline.py for tasks to queue
[2026-04-06T11:04:40.525+0000] {logging_mixin.py:188} INFO - [2026-04-06T11:04:40.525+0000] {dagbag.py:545} INFO - Filling up the DagBag from /opt/airflow/dags/pipeline.py
[2026-04-06T11:04:42.222+0000] {processor.py:840} INFO - DAG(s) 'pipeline' retrieved from /opt/airflow/dags/pipeline.py
[2026-04-06T11:04:42.327+0000] {logging_mixin.py:188} INFO - [2026-04-06T11:04:42.326+0000] {dag.py:3089} INFO - Sync 1 DAGs
[2026-04-06T11:04:42.367+0000] {logging_mixin.py:188} INFO - [2026-04-06T11:04:42.367+0000] {dag.py:3947} INFO - Setting next_dagrun for pipeline to 2026-04-06 00:00:00+00:00, run_after=2026-04-07 00:00:00+00:00
[2026-04-06T11:04:42.421+0000] {processor.py:183} INFO - Processing /opt/airflow/dags/pipeline.py took 1.913 seconds
[2026-04-06T11:05:12.857+0000] {processor.py:161} INFO - Started process (PID=2438) to work on /opt/airflow/dags/pipeline.py
[2026-04-06T11:05:12.861+0000] {processor.py:830} INFO - Processing file /opt/airflow/dags/pipeline.py for tasks to queue
[2026-04-06T11:05:12.865+0000] {logging_mixin.py:188} INFO - [2026-04-06T11:05:12.864+0000] {dagbag.py:545} INFO - Filling up the DagBag from /opt/airflow/dags/pipeline.py
[2026-04-06T11:05:14.562+0000] {processor.py:840} INFO - DAG(s) 'pipeline' retrieved from /opt/airflow/dags/pipeline.py
[2026-04-06T11:05:14.750+0000] {logging_mixin.py:188} INFO - [2026-04-06T11:05:14.750+0000] {dag.py:3089} INFO - Sync 1 DAGs
[2026-04-06T11:05:14.788+0000] {logging_mixin.py:188} INFO - [2026-04-06T11:05:14.787+0000] {dag.py:3947} INFO - Setting next_dagrun for pipeline to 2026-04-06 00:00:00+00:00, run_after=2026-04-07 00:00:00+00:00
[2026-04-06T11:05:14.851+0000] {processor.py:183} INFO - Processing /opt/airflow/dags/pipeline.py took 2.029 seconds
[2026-04-06T11:05:45.209+0000] {processor.py:161} INFO - Started process (PID=2444) to work on /opt/airflow/dags/pipeline.py
[2026-04-06T11:05:45.210+0000] {processor.py:830} INFO - Processing file /opt/airflow/dags/pipeline.py for tasks to queue
[2026-04-06T11:05:45.212+0000] {logging_mixin.py:188} INFO - [2026-04-06T11:05:45.212+0000] {dagbag.py:545} INFO - Filling up the DagBag from /opt/airflow/dags/pipeline.py
[2026-04-06T11:05:46.648+0000] {processor.py:840} INFO - DAG(s) 'pipeline' retrieved from /opt/airflow/dags/pipeline.py
[2026-04-06T11:05:46.829+0000] {logging_mixin.py:188} INFO - [2026-04-06T11:05:46.829+0000] {dag.py:3089} INFO - Sync 1 DAGs
[2026-04-06T11:05:46.869+0000] {logging_mixin.py:188} INFO - [2026-04-06T11:05:46.868+0000] {dag.py:3947} INFO - Setting next_dagrun for pipeline to 2026-04-06 00:00:00+00:00, run_after=2026-04-07 00:00:00+00:00
[2026-04-06T11:05:46.947+0000] {processor.py:183} INFO - Processing /opt/airflow/dags/pipeline.py took 1.748 seconds
[2026-04-06T11:06:17.478+0000] {processor.py:161} INFO - Started process (PID=2450) to work on /opt/airflow/dags/pipeline.py
[2026-04-06T11:06:17.481+0000] {processor.py:830} INFO - Processing file /opt/airflow/dags/pipeline.py for tasks to queue
[2026-04-06T11:06:17.483+0000] {logging_mixin.py:188} INFO - [2026-04-06T11:06:17.482+0000] {dagbag.py:545} INFO - Filling up the DagBag from /opt/airflow/dags/pipeline.py
[2026-04-06T11:06:19.188+0000] {processor.py:840} INFO - DAG(s) 'pipeline' retrieved from /opt/airflow/dags/pipeline.py
[2026-04-06T11:06:19.282+0000] {logging_mixin.py:188} INFO - [2026-04-06T11:06:19.282+0000] {dag.py:3089} INFO - Sync 1 DAGs
[2026-04-06T11:06:19.318+0000] {logging_mixin.py:188} INFO - [2026-04-06T11:06:19.318+0000] {dag.py:3947} INFO - Setting next_dagrun for pipeline to 2026-04-06 00:00:00+00:00, run_after=2026-04-07 00:00:00+00:00
[2026-04-06T11:06:19.354+0000] {processor.py:183} INFO - Processing /opt/airflow/dags/pipeline.py took 1.919 seconds
[2026-04-06T11:06:49.769+0000] {processor.py:161} INFO - Started process (PID=2456) to work on /opt/airflow/dags/pipeline.py
[2026-04-06T11:06:49.771+0000] {processor.py:830} INFO - Processing file /opt/airflow/dags/pipeline.py for tasks to queue
[2026-04-06T11:06:49.775+0000] {logging_mixin.py:188} INFO - [2026-04-06T11:06:49.774+0000] {dagbag.py:545} INFO - Filling up the DagBag from /opt/airflow/dags/pipeline.py
[2026-04-06T11:06:51.399+0000] {processor.py:840} INFO - DAG(s) 'pipeline' retrieved from /opt/airflow/dags/pipeline.py
[2026-04-06T11:06:51.606+0000] {logging_mixin.py:188} INFO - [2026-04-06T11:06:51.606+0000] {dag.py:3089} INFO - Sync 1 DAGs
[2026-04-06T11:06:51.667+0000] {logging_mixin.py:188} INFO - [2026-04-06T11:06:51.666+0000] {dag.py:3947} INFO - Setting next_dagrun for pipeline to 2026-04-06 00:00:00+00:00, run_after=2026-04-07 00:00:00+00:00
[2026-04-06T11:06:51.734+0000] {processor.py:183} INFO - Processing /opt/airflow/dags/pipeline.py took 1.981 seconds
[2026-04-06T11:07:22.191+0000] {processor.py:161} INFO - Started process (PID=2462) to work on /opt/airflow/dags/pipeline.py
[2026-04-06T11:07:22.193+0000] {processor.py:830} INFO - Processing file /opt/airflow/dags/pipeline.py for tasks to queue
[2026-04-06T11:07:22.194+0000] {logging_mixin.py:188} INFO - [2026-04-06T11:07:22.194+0000] {dagbag.py:545} INFO - Filling up the DagBag from /opt/airflow/dags/pipeline.py
[2026-04-06T11:07:23.670+0000] {processor.py:840} INFO - DAG(s) 'pipeline' retrieved from /opt/airflow/dags/pipeline.py
[2026-04-06T11:07:23.794+0000] {logging_mixin.py:188} INFO - [2026-04-06T11:07:23.793+0000] {dag.py:3089} INFO - Sync 1 DAGs
[2026-04-06T11:07:23.849+0000] {logging_mixin.py:188} INFO - [2026-04-06T11:07:23.849+0000] {dag.py:3947} INFO - Setting next_dagrun for pipeline to 2026-04-06 00:00:00+00:00, run_after=2026-04-07 00:00:00+00:00
[2026-04-06T11:07:23.923+0000] {processor.py:183} INFO - Processing /opt/airflow/dags/pipeline.py took 1.745 seconds
[2026-04-06T11:07:54.408+0000] {processor.py:161} INFO - Started process (PID=2468) to work on /opt/airflow/dags/pipeline.py
[2026-04-06T11:07:54.411+0000] {processor.py:830} INFO - Processing file /opt/airflow/dags/pipeline.py for tasks to queue
[2026-04-06T11:07:54.413+0000] {logging_mixin.py:188} INFO - [2026-04-06T11:07:54.412+0000] {dagbag.py:545} INFO - Filling up the DagBag from /opt/airflow/dags/pipeline.py
[2026-04-06T11:07:56.389+0000] {processor.py:840} INFO - DAG(s) 'pipeline' retrieved from /opt/airflow/dags/pipeline.py
[2026-04-06T11:07:56.498+0000] {logging_mixin.py:188} INFO - [2026-04-06T11:07:56.497+0000] {dag.py:3089} INFO - Sync 1 DAGs
[2026-04-06T11:07:56.559+0000] {logging_mixin.py:188} INFO - [2026-04-06T11:07:56.559+0000] {dag.py:3947} INFO - Setting next_dagrun for pipeline to 2026-04-06 00:00:00+00:00, run_after=2026-04-07 00:00:00+00:00
[2026-04-06T11:07:56.622+0000] {processor.py:183} INFO - Processing /opt/airflow/dags/pipeline.py took 2.229 seconds
[2026-04-06T11:08:27.179+0000] {processor.py:161} INFO - Started process (PID=2474) to work on /opt/airflow/dags/pipeline.py
[2026-04-06T11:08:27.182+0000] {processor.py:830} INFO - Processing file /opt/airflow/dags/pipeline.py for tasks to queue
[2026-04-06T11:08:27.184+0000] {logging_mixin.py:188} INFO - [2026-04-06T11:08:27.183+0000] {dagbag.py:545} INFO - Filling up the DagBag from /opt/airflow/dags/pipeline.py
[2026-04-06T11:08:29.161+0000] {processor.py:840} INFO - DAG(s) 'pipeline' retrieved from /opt/airflow/dags/pipeline.py
[2026-04-06T11:08:29.406+0000] {logging_mixin.py:188} INFO - [2026-04-06T11:08:29.406+0000] {dag.py:3089} INFO - Sync 1 DAGs
[2026-04-06T11:08:29.498+0000] {logging_mixin.py:188} INFO - [2026-04-06T11:08:29.498+0000] {dag.py:3947} INFO - Setting next_dagrun for pipeline to 2026-04-06 00:00:00+00:00, run_after=2026-04-07 00:00:00+00:00
[2026-04-06T11:08:29.608+0000] {processor.py:183} INFO - Processing /opt/airflow/dags/pipeline.py took 2.445 seconds
[2026-04-06T11:09:01.434+0000] {processor.py:161} INFO - Started process (PID=2506) to work on /opt/airflow/dags/pipeline.py
[2026-04-06T11:09:01.471+0000] {processor.py:830} INFO - Processing file /opt/airflow/dags/pipeline.py for tasks to queue
[2026-04-06T11:09:01.503+0000] {logging_mixin.py:188} INFO - [2026-04-06T11:09:01.495+0000] {dagbag.py:545} INFO - Filling up the DagBag from /opt/airflow/dags/pipeline.py
[2026-04-06T11:09:21.574+0000] {processor.py:840} INFO - DAG(s) 'pipeline' retrieved from /opt/airflow/dags/pipeline.py
[2026-04-06T11:09:21.801+0000] {logging_mixin.py:188} INFO - [2026-04-06T11:09:21.800+0000] {dag.py:3089} INFO - Sync 1 DAGs
[2026-04-06T11:09:21.980+0000] {logging_mixin.py:188} INFO - [2026-04-06T11:09:21.979+0000] {dag.py:3947} INFO - Setting next_dagrun for pipeline to 2026-04-06 00:00:00+00:00, run_after=2026-04-07 00:00:00+00:00
[2026-04-06T11:09:22.092+0000] {processor.py:183} INFO - Processing /opt/airflow/dags/pipeline.py took 20.954 seconds
[2026-04-06T11:09:52.664+0000] {processor.py:161} INFO - Started process (PID=2512) to work on /opt/airflow/dags/pipeline.py
[2026-04-06T11:09:52.670+0000] {processor.py:830} INFO - Processing file /opt/airflow/dags/pipeline.py for tasks to queue
[2026-04-06T11:09:52.678+0000] {logging_mixin.py:188} INFO - [2026-04-06T11:09:52.676+0000] {dagbag.py:545} INFO - Filling up the DagBag from /opt/airflow/dags/pipeline.py
[2026-04-06T11:09:56.589+0000] {processor.py:840} INFO - DAG(s) 'pipeline' retrieved from /opt/airflow/dags/pipeline.py
[2026-04-06T11:09:56.738+0000] {logging_mixin.py:188} INFO - [2026-04-06T11:09:56.737+0000] {dag.py:3089} INFO - Sync 1 DAGs
[2026-04-06T11:09:56.819+0000] {logging_mixin.py:188} INFO - [2026-04-06T11:09:56.819+0000] {dag.py:3947} INFO - Setting next_dagrun for pipeline to 2026-04-06 00:00:00+00:00, run_after=2026-04-07 00:00:00+00:00
[2026-04-06T11:09:56.943+0000] {processor.py:183} INFO - Processing /opt/airflow/dags/pipeline.py took 4.401 seconds
[2026-04-06T11:10:27.522+0000] {processor.py:161} INFO - Started process (PID=2518) to work on /opt/airflow/dags/pipeline.py
[2026-04-06T11:10:27.525+0000] {processor.py:830} INFO - Processing file /opt/airflow/dags/pipeline.py for tasks to queue
[2026-04-06T11:10:27.531+0000] {logging_mixin.py:188} INFO - [2026-04-06T11:10:27.528+0000] {dagbag.py:545} INFO - Filling up the DagBag from /opt/airflow/dags/pipeline.py
[2026-04-06T11:10:30.056+0000] {processor.py:840} INFO - DAG(s) 'pipeline' retrieved from /opt/airflow/dags/pipeline.py
[2026-04-06T11:10:30.218+0000] {logging_mixin.py:188} INFO - [2026-04-06T11:10:30.217+0000] {dag.py:3089} INFO - Sync 1 DAGs
[2026-04-06T11:10:30.275+0000] {logging_mixin.py:188} INFO - [2026-04-06T11:10:30.274+0000] {dag.py:3947} INFO - Setting next_dagrun for pipeline to 2026-04-06 00:00:00+00:00, run_after=2026-04-07 00:00:00+00:00
[2026-04-06T11:10:30.351+0000] {processor.py:183} INFO - Processing /opt/airflow/dags/pipeline.py took 2.881 seconds
[2026-04-06T11:11:01.196+0000] {processor.py:161} INFO - Started process (PID=2524) to work on /opt/airflow/dags/pipeline.py
[2026-04-06T11:11:01.199+0000] {processor.py:830} INFO - Processing file /opt/airflow/dags/pipeline.py for tasks to queue
[2026-04-06T11:11:01.201+0000] {logging_mixin.py:188} INFO - [2026-04-06T11:11:01.201+0000] {dagbag.py:545} INFO - Filling up the DagBag from /opt/airflow/dags/pipeline.py
[2026-04-06T11:11:02.509+0000] {processor.py:840} INFO - DAG(s) 'pipeline' retrieved from /opt/airflow/dags/pipeline.py
[2026-04-06T11:11:02.733+0000] {logging_mixin.py:188} INFO - [2026-04-06T11:11:02.733+0000] {dag.py:3089} INFO - Sync 1 DAGs
[2026-04-06T11:11:02.793+0000] {logging_mixin.py:188} INFO - [2026-04-06T11:11:02.792+0000] {dag.py:3947} INFO - Setting next_dagrun for pipeline to 2026-04-06 00:00:00+00:00, run_after=2026-04-07 00:00:00+00:00
[2026-04-06T11:11:02.852+0000] {processor.py:183} INFO - Processing /opt/airflow/dags/pipeline.py took 1.669 seconds
[2026-04-06T11:11:33.280+0000] {processor.py:161} INFO - Started process (PID=2547) to work on /opt/airflow/dags/pipeline.py
[2026-04-06T11:11:33.282+0000] {processor.py:830} INFO - Processing file /opt/airflow/dags/pipeline.py for tasks to queue
[2026-04-06T11:11:33.284+0000] {logging_mixin.py:188} INFO - [2026-04-06T11:11:33.284+0000] {dagbag.py:545} INFO - Filling up the DagBag from /opt/airflow/dags/pipeline.py
[2026-04-06T11:11:34.535+0000] {processor.py:840} INFO - DAG(s) 'pipeline' retrieved from /opt/airflow/dags/pipeline.py
[2026-04-06T11:11:34.627+0000] {logging_mixin.py:188} INFO - [2026-04-06T11:11:34.627+0000] {dag.py:3089} INFO - Sync 1 DAGs
[2026-04-06T11:11:34.669+0000] {logging_mixin.py:188} INFO - [2026-04-06T11:11:34.668+0000] {dag.py:3947} INFO - Setting next_dagrun for pipeline to 2026-04-06 00:00:00+00:00, run_after=2026-04-07 00:00:00+00:00
[2026-04-06T11:11:34.711+0000] {processor.py:183} INFO - Processing /opt/airflow/dags/pipeline.py took 1.448 seconds
[2026-04-06T11:12:05.231+0000] {processor.py:161} INFO - Started process (PID=2574) to work on /opt/airflow/dags/pipeline.py
[2026-04-06T11:12:05.233+0000] {processor.py:830} INFO - Processing file /opt/airflow/dags/pipeline.py for tasks to queue
[2026-04-06T11:12:05.236+0000] {logging_mixin.py:188} INFO - [2026-04-06T11:12:05.235+0000] {dagbag.py:545} INFO - Filling up the DagBag from /opt/airflow/dags/pipeline.py
[2026-04-06T11:12:06.580+0000] {processor.py:840} INFO - DAG(s) 'pipeline' retrieved from /opt/airflow/dags/pipeline.py
[2026-04-06T11:12:06.661+0000] {logging_mixin.py:188} INFO - [2026-04-06T11:12:06.661+0000] {dag.py:3089} INFO - Sync 1 DAGs
[2026-04-06T11:12:06.697+0000] {logging_mixin.py:188} INFO - [2026-04-06T11:12:06.696+0000] {dag.py:3947} INFO - Setting next_dagrun for pipeline to 2026-04-06 00:00:00+00:00, run_after=2026-04-07 00:00:00+00:00
[2026-04-06T11:12:06.737+0000] {processor.py:183} INFO - Processing /opt/airflow/dags/pipeline.py took 1.529 seconds
[2026-04-06T11:12:37.416+0000] {processor.py:161} INFO - Started process (PID=2580) to work on /opt/airflow/dags/pipeline.py
[2026-04-06T11:12:37.418+0000] {processor.py:830} INFO - Processing file /opt/airflow/dags/pipeline.py for tasks to queue
[2026-04-06T11:12:37.420+0000] {logging_mixin.py:188} INFO - [2026-04-06T11:12:37.419+0000] {dagbag.py:545} INFO - Filling up the DagBag from /opt/airflow/dags/pipeline.py
[2026-04-06T11:12:38.526+0000] {processor.py:840} INFO - DAG(s) 'pipeline' retrieved from /opt/airflow/dags/pipeline.py
[2026-04-06T11:12:38.783+0000] {logging_mixin.py:188} INFO - [2026-04-06T11:12:38.783+0000] {dag.py:3089} INFO - Sync 1 DAGs
[2026-04-06T11:12:38.818+0000] {logging_mixin.py:188} INFO - [2026-04-06T11:12:38.818+0000] {dag.py:3947} INFO - Setting next_dagrun for pipeline to 2026-04-06 00:00:00+00:00, run_after=2026-04-07 00:00:00+00:00
[2026-04-06T11:12:38.862+0000] {processor.py:183} INFO - Processing /opt/airflow/dags/pipeline.py took 1.463 seconds
[2026-04-06T11:13:09.332+0000] {processor.py:161} INFO - Started process (PID=2586) to work on /opt/airflow/dags/pipeline.py
[2026-04-06T11:13:09.338+0000] {processor.py:830} INFO - Processing file /opt/airflow/dags/pipeline.py for tasks to queue
[2026-04-06T11:13:09.348+0000] {logging_mixin.py:188} INFO - [2026-04-06T11:13:09.346+0000] {dagbag.py:545} INFO - Filling up the DagBag from /opt/airflow/dags/pipeline.py
[2026-04-06T11:13:11.665+0000] {processor.py:840} INFO - DAG(s) 'pipeline' retrieved from /opt/airflow/dags/pipeline.py
[2026-04-06T11:13:11.835+0000] {logging_mixin.py:188} INFO - [2026-04-06T11:13:11.834+0000] {dag.py:3089} INFO - Sync 1 DAGs
[2026-04-06T11:13:11.930+0000] {logging_mixin.py:188} INFO - [2026-04-06T11:13:11.930+0000] {dag.py:3947} INFO - Setting next_dagrun for pipeline to 2026-04-06 00:00:00+00:00, run_after=2026-04-07 00:00:00+00:00
[2026-04-06T11:13:12.025+0000] {processor.py:183} INFO - Processing /opt/airflow/dags/pipeline.py took 2.738 seconds
[2026-04-06T11:13:42.597+0000] {processor.py:161} INFO - Started process (PID=2592) to work on /opt/airflow/dags/pipeline.py
[2026-04-06T11:13:42.599+0000] {processor.py:830} INFO - Processing file /opt/airflow/dags/pipeline.py for tasks to queue
[2026-04-06T11:13:42.601+0000] {logging_mixin.py:188} INFO - [2026-04-06T11:13:42.600+0000] {dagbag.py:545} INFO - Filling up the DagBag from /opt/airflow/dags/pipeline.py
[2026-04-06T11:13:43.904+0000] {processor.py:840} INFO - DAG(s) 'pipeline' retrieved from /opt/airflow/dags/pipeline.py
[2026-04-06T11:13:44.117+0000] {logging_mixin.py:188} INFO - [2026-04-06T11:13:44.117+0000] {dag.py:3089} INFO - Sync 1 DAGs
[2026-04-06T11:13:44.156+0000] {logging_mixin.py:188} INFO - [2026-04-06T11:13:44.156+0000] {dag.py:3947} INFO - Setting next_dagrun for pipeline to 2026-04-06 00:00:00+00:00, run_after=2026-04-07 00:00:00+00:00
[2026-04-06T11:13:44.198+0000] {processor.py:183} INFO - Processing /opt/airflow/dags/pipeline.py took 1.616 seconds
[2026-04-06T11:14:14.421+0000] {processor.py:161} INFO - Started process (PID=2598) to work on /opt/airflow/dags/pipeline.py
[2026-04-06T11:14:14.424+0000] {processor.py:830} INFO - Processing file /opt/airflow/dags/pipeline.py for tasks to queue
[2026-04-06T11:14:14.426+0000] {logging_mixin.py:188} INFO - [2026-04-06T11:14:14.425+0000] {dagbag.py:545} INFO - Filling up the DagBag from /opt/airflow/dags/pipeline.py
[2026-04-06T11:14:15.624+0000] {processor.py:840} INFO - DAG(s) 'pipeline' retrieved from /opt/airflow/dags/pipeline.py
[2026-04-06T11:14:15.725+0000] {logging_mixin.py:188} INFO - [2026-04-06T11:14:15.725+0000] {dag.py:3089} INFO - Sync 1 DAGs
[2026-04-06T11:14:15.769+0000] {logging_mixin.py:188} INFO - [2026-04-06T11:14:15.769+0000] {dag.py:3947} INFO - Setting next_dagrun for pipeline to 2026-04-06 00:00:00+00:00, run_after=2026-04-07 00:00:00+00:00
[2026-04-06T11:14:15.817+0000] {processor.py:183} INFO - Processing /opt/airflow/dags/pipeline.py took 1.409 seconds
[2026-04-06T11:14:46.367+0000] {processor.py:161} INFO - Started process (PID=2604) to work on /opt/airflow/dags/pipeline.py
[2026-04-06T11:14:46.368+0000] {processor.py:830} INFO - Processing file /opt/airflow/dags/pipeline.py for tasks to queue
[2026-04-06T11:14:46.370+0000] {logging_mixin.py:188} INFO - [2026-04-06T11:14:46.369+0000] {dagbag.py:545} INFO - Filling up the DagBag from /opt/airflow/dags/pipeline.py
[2026-04-06T11:14:47.410+0000] {processor.py:840} INFO - DAG(s) 'pipeline' retrieved from /opt/airflow/dags/pipeline.py
[2026-04-06T11:14:47.495+0000] {logging_mixin.py:188} INFO - [2026-04-06T11:14:47.495+0000] {dag.py:3089} INFO - Sync 1 DAGs
[2026-04-06T11:14:47.536+0000] {logging_mixin.py:188} INFO - [2026-04-06T11:14:47.535+0000] {dag.py:3947} INFO - Setting next_dagrun for pipeline to 2026-04-06 00:00:00+00:00, run_after=2026-04-07 00:00:00+00:00
[2026-04-06T11:14:47.575+0000] {processor.py:183} INFO - Processing /opt/airflow/dags/pipeline.py took 1.232 seconds
[2026-04-06T11:15:17.980+0000] {processor.py:161} INFO - Started process (PID=2610) to work on /opt/airflow/dags/pipeline.py
[2026-04-06T11:15:17.983+0000] {processor.py:830} INFO - Processing file /opt/airflow/dags/pipeline.py for tasks to queue
[2026-04-06T11:15:17.985+0000] {logging_mixin.py:188} INFO - [2026-04-06T11:15:17.985+0000] {dagbag.py:545} INFO - Filling up the DagBag from /opt/airflow/dags/pipeline.py
[2026-04-06T11:15:19.053+0000] {processor.py:840} INFO - DAG(s) 'pipeline' retrieved from /opt/airflow/dags/pipeline.py
[2026-04-06T11:15:19.136+0000] {logging_mixin.py:188} INFO - [2026-04-06T11:15:19.136+0000] {dag.py:3089} INFO - Sync 1 DAGs
[2026-04-06T11:15:19.174+0000] {logging_mixin.py:188} INFO - [2026-04-06T11:15:19.174+0000] {dag.py:3947} INFO - Setting next_dagrun for pipeline to 2026-04-06 00:00:00+00:00, run_after=2026-04-07 00:00:00+00:00
[2026-04-06T11:15:19.234+0000] {processor.py:183} INFO - Processing /opt/airflow/dags/pipeline.py took 1.267 seconds
[2026-04-06T11:15:49.930+0000] {processor.py:161} INFO - Started process (PID=2616) to work on /opt/airflow/dags/pipeline.py
[2026-04-06T11:15:49.936+0000] {processor.py:830} INFO - Processing file /opt/airflow/dags/pipeline.py for tasks to queue
[2026-04-06T11:15:49.941+0000] {logging_mixin.py:188} INFO - [2026-04-06T11:15:49.939+0000] {dagbag.py:545} INFO - Filling up the DagBag from /opt/airflow/dags/pipeline.py
[2026-04-06T11:15:51.108+0000] {processor.py:840} INFO - DAG(s) 'pipeline' retrieved from /opt/airflow/dags/pipeline.py
[2026-04-06T11:15:51.185+0000] {logging_mixin.py:188} INFO - [2026-04-06T11:15:51.185+0000] {dag.py:3089} INFO - Sync 1 DAGs
[2026-04-06T11:15:51.232+0000] {logging_mixin.py:188} INFO - [2026-04-06T11:15:51.232+0000] {dag.py:3947} INFO - Setting next_dagrun for pipeline to 2026-04-06 00:00:00+00:00, run_after=2026-04-07 00:00:00+00:00
[2026-04-06T11:15:51.274+0000] {processor.py:183} INFO - Processing /opt/airflow/dags/pipeline.py took 1.386 seconds
[2026-04-06T11:16:21.412+0000] {processor.py:161} INFO - Started process (PID=2622) to work on /opt/airflow/dags/pipeline.py
[2026-04-06T11:16:21.414+0000] {processor.py:830} INFO - Processing file /opt/airflow/dags/pipeline.py for tasks to queue
[2026-04-06T11:16:21.416+0000] {logging_mixin.py:188} INFO - [2026-04-06T11:16:21.416+0000] {dagbag.py:545} INFO - Filling up the DagBag from /opt/airflow/dags/pipeline.py
[2026-04-06T11:16:22.669+0000] {processor.py:840} INFO - DAG(s) 'pipeline' retrieved from /opt/airflow/dags/pipeline.py
[2026-04-06T11:16:22.873+0000] {logging_mixin.py:188} INFO - [2026-04-06T11:16:22.872+0000] {dag.py:3089} INFO - Sync 1 DAGs
[2026-04-06T11:16:22.918+0000] {logging_mixin.py:188} INFO - [2026-04-06T11:16:22.918+0000] {dag.py:3947} INFO - Setting next_dagrun for pipeline to 2026-04-06 00:00:00+00:00, run_after=2026-04-07 00:00:00+00:00
[2026-04-06T11:16:22.980+0000] {processor.py:183} INFO - Processing /opt/airflow/dags/pipeline.py took 1.580 seconds
[2026-04-06T11:16:53.120+0000] {processor.py:161} INFO - Started process (PID=2628) to work on /opt/airflow/dags/pipeline.py
[2026-04-06T11:16:53.122+0000] {processor.py:830} INFO - Processing file /opt/airflow/dags/pipeline.py for tasks to queue
[2026-04-06T11:16:53.123+0000] {logging_mixin.py:188} INFO - [2026-04-06T11:16:53.123+0000] {dagbag.py:545} INFO - Filling up the DagBag from /opt/airflow/dags/pipeline.py
[2026-04-06T11:16:54.243+0000] {processor.py:840} INFO - DAG(s) 'pipeline' retrieved from /opt/airflow/dags/pipeline.py
[2026-04-06T11:16:54.331+0000] {logging_mixin.py:188} INFO - [2026-04-06T11:16:54.331+0000] {dag.py:3089} INFO - Sync 1 DAGs
[2026-04-06T11:16:54.370+0000] {logging_mixin.py:188} INFO - [2026-04-06T11:16:54.369+0000] {dag.py:3947} INFO - Setting next_dagrun for pipeline to 2026-04-06 00:00:00+00:00, run_after=2026-04-07 00:00:00+00:00
[2026-04-06T11:16:54.409+0000] {processor.py:183} INFO - Processing /opt/airflow/dags/pipeline.py took 1.298 seconds
[2026-04-06T11:17:24.751+0000] {processor.py:161} INFO - Started process (PID=2634) to work on /opt/airflow/dags/pipeline.py
[2026-04-06T11:17:24.753+0000] {processor.py:830} INFO - Processing file /opt/airflow/dags/pipeline.py for tasks to queue
[2026-04-06T11:17:24.755+0000] {logging_mixin.py:188} INFO - [2026-04-06T11:17:24.755+0000] {dagbag.py:545} INFO - Filling up the DagBag from /opt/airflow/dags/pipeline.py
[2026-04-06T11:17:25.848+0000] {processor.py:840} INFO - DAG(s) 'pipeline' retrieved from /opt/airflow/dags/pipeline.py
[2026-04-06T11:17:25.933+0000] {logging_mixin.py:188} INFO - [2026-04-06T11:17:25.933+0000] {dag.py:3089} INFO - Sync 1 DAGs
[2026-04-06T11:17:25.973+0000] {logging_mixin.py:188} INFO - [2026-04-06T11:17:25.972+0000] {dag.py:3947} INFO - Setting next_dagrun for pipeline to 2026-04-06 00:00:00+00:00, run_after=2026-04-07 00:00:00+00:00
[2026-04-06T11:17:26.013+0000] {processor.py:183} INFO - Processing /opt/airflow/dags/pipeline.py took 1.274 seconds
[2026-04-06T11:17:56.213+0000] {processor.py:161} INFO - Started process (PID=2640) to work on /opt/airflow/dags/pipeline.py
[2026-04-06T11:17:56.216+0000] {processor.py:830} INFO - Processing file /opt/airflow/dags/pipeline.py for tasks to queue
[2026-04-06T11:17:56.219+0000] {logging_mixin.py:188} INFO - [2026-04-06T11:17:56.218+0000] {dagbag.py:545} INFO - Filling up the DagBag from /opt/airflow/dags/pipeline.py
[2026-04-06T11:17:57.267+0000] {processor.py:840} INFO - DAG(s) 'pipeline' retrieved from /opt/airflow/dags/pipeline.py
[2026-04-06T11:17:57.345+0000] {logging_mixin.py:188} INFO - [2026-04-06T11:17:57.344+0000] {dag.py:3089} INFO - Sync 1 DAGs
[2026-04-06T11:17:57.379+0000] {logging_mixin.py:188} INFO - [2026-04-06T11:17:57.379+0000] {dag.py:3947} INFO - Setting next_dagrun for pipeline to 2026-04-06 00:00:00+00:00, run_after=2026-04-07 00:00:00+00:00
[2026-04-06T11:17:57.423+0000] {processor.py:183} INFO - Processing /opt/airflow/dags/pipeline.py took 1.237 seconds
[2026-04-06T11:18:27.941+0000] {processor.py:161} INFO - Started process (PID=2646) to work on /opt/airflow/dags/pipeline.py
[2026-04-06T11:18:27.942+0000] {processor.py:830} INFO - Processing file /opt/airflow/dags/pipeline.py for tasks to queue
[2026-04-06T11:18:27.944+0000] {logging_mixin.py:188} INFO - [2026-04-06T11:18:27.943+0000] {dagbag.py:545} INFO - Filling up the DagBag from /opt/airflow/dags/pipeline.py
[2026-04-06T11:18:28.935+0000] {processor.py:840} INFO - DAG(s) 'pipeline' retrieved from /opt/airflow/dags/pipeline.py
[2026-04-06T11:18:29.009+0000] {logging_mixin.py:188} INFO - [2026-04-06T11:18:29.009+0000] {dag.py:3089} INFO - Sync 1 DAGs
[2026-04-06T11:18:29.043+0000] {logging_mixin.py:188} INFO - [2026-04-06T11:18:29.043+0000] {dag.py:3947} INFO - Setting next_dagrun for pipeline to 2026-04-06 00:00:00+00:00, run_after=2026-04-07 00:00:00+00:00
[2026-04-06T11:18:29.088+0000] {processor.py:183} INFO - Processing /opt/airflow/dags/pipeline.py took 1.158 seconds
[2026-04-06T11:18:59.406+0000] {processor.py:161} INFO - Started process (PID=2652) to work on /opt/airflow/dags/pipeline.py
[2026-04-06T11:18:59.417+0000] {processor.py:830} INFO - Processing file /opt/airflow/dags/pipeline.py for tasks to queue
[2026-04-06T11:18:59.420+0000] {logging_mixin.py:188} INFO - [2026-04-06T11:18:59.419+0000] {dagbag.py:545} INFO - Filling up the DagBag from /opt/airflow/dags/pipeline.py
[2026-04-06T11:19:00.890+0000] {processor.py:840} INFO - DAG(s) 'pipeline' retrieved from /opt/airflow/dags/pipeline.py
[2026-04-06T11:19:01.006+0000] {logging_mixin.py:188} INFO - [2026-04-06T11:19:01.004+0000] {dag.py:3089} INFO - Sync 1 DAGs
[2026-04-06T11:19:01.051+0000] {logging_mixin.py:188} INFO - [2026-04-06T11:19:01.051+0000] {dag.py:3947} INFO - Setting next_dagrun for pipeline to 2026-04-06 00:00:00+00:00, run_after=2026-04-07 00:00:00+00:00
[2026-04-06T11:19:01.099+0000] {processor.py:183} INFO - Processing /opt/airflow/dags/pipeline.py took 1.709 seconds
[2026-04-06T11:19:31.962+0000] {processor.py:161} INFO - Started process (PID=2658) to work on /opt/airflow/dags/pipeline.py
[2026-04-06T11:19:31.966+0000] {processor.py:830} INFO - Processing file /opt/airflow/dags/pipeline.py for tasks to queue
[2026-04-06T11:19:31.971+0000] {logging_mixin.py:188} INFO - [2026-04-06T11:19:31.970+0000] {dagbag.py:545} INFO - Filling up the DagBag from /opt/airflow/dags/pipeline.py
[2026-04-06T11:19:33.069+0000] {processor.py:840} INFO - DAG(s) 'pipeline' retrieved from /opt/airflow/dags/pipeline.py
[2026-04-06T11:19:33.399+0000] {logging_mixin.py:188} INFO - [2026-04-06T11:19:33.399+0000] {dag.py:3089} INFO - Sync 1 DAGs
[2026-04-06T11:19:33.457+0000] {logging_mixin.py:188} INFO - [2026-04-06T11:19:33.456+0000] {dag.py:3947} INFO - Setting next_dagrun for pipeline to 2026-04-06 00:00:00+00:00, run_after=2026-04-07 00:00:00+00:00
[2026-04-06T11:19:33.518+0000] {processor.py:183} INFO - Processing /opt/airflow/dags/pipeline.py took 1.583 seconds
[2026-04-06T11:20:03.592+0000] {processor.py:161} INFO - Started process (PID=2664) to work on /opt/airflow/dags/pipeline.py
[2026-04-06T11:20:03.594+0000] {processor.py:830} INFO - Processing file /opt/airflow/dags/pipeline.py for tasks to queue
[2026-04-06T11:20:03.596+0000] {logging_mixin.py:188} INFO - [2026-04-06T11:20:03.595+0000] {dagbag.py:545} INFO - Filling up the DagBag from /opt/airflow/dags/pipeline.py
[2026-04-06T11:20:04.611+0000] {processor.py:840} INFO - DAG(s) 'pipeline' retrieved from /opt/airflow/dags/pipeline.py
[2026-04-06T11:20:04.704+0000] {logging_mixin.py:188} INFO - [2026-04-06T11:20:04.703+0000] {dag.py:3089} INFO - Sync 1 DAGs
[2026-04-06T11:20:04.744+0000] {logging_mixin.py:188} INFO - [2026-04-06T11:20:04.744+0000] {dag.py:3947} INFO - Setting next_dagrun for pipeline to 2026-04-06 00:00:00+00:00, run_after=2026-04-07 00:00:00+00:00
[2026-04-06T11:20:04.800+0000] {processor.py:183} INFO - Processing /opt/airflow/dags/pipeline.py took 1.218 seconds
[2026-04-06T11:20:35.059+0000] {processor.py:161} INFO - Started process (PID=2670) to work on /opt/airflow/dags/pipeline.py
[2026-04-06T11:20:35.061+0000] {processor.py:830} INFO - Processing file /opt/airflow/dags/pipeline.py for tasks to queue
[2026-04-06T11:20:35.063+0000] {logging_mixin.py:188} INFO - [2026-04-06T11:20:35.062+0000] {dagbag.py:545} INFO - Filling up the DagBag from /opt/airflow/dags/pipeline.py
[2026-04-06T11:20:36.320+0000] {processor.py:840} INFO - DAG(s) 'pipeline' retrieved from /opt/airflow/dags/pipeline.py
[2026-04-06T11:20:36.410+0000] {logging_mixin.py:188} INFO - [2026-04-06T11:20:36.410+0000] {dag.py:3089} INFO - Sync 1 DAGs
[2026-04-06T11:20:36.466+0000] {logging_mixin.py:188} INFO - [2026-04-06T11:20:36.465+0000] {dag.py:3947} INFO - Setting next_dagrun for pipeline to 2026-04-06 00:00:00+00:00, run_after=2026-04-07 00:00:00+00:00
[2026-04-06T11:20:36.536+0000] {processor.py:183} INFO - Processing /opt/airflow/dags/pipeline.py took 1.488 seconds
[2026-04-06T11:21:07.149+0000] {processor.py:161} INFO - Started process (PID=2676) to work on /opt/airflow/dags/pipeline.py
[2026-04-06T11:21:07.151+0000] {processor.py:830} INFO - Processing file /opt/airflow/dags/pipeline.py for tasks to queue
[2026-04-06T11:21:07.152+0000] {logging_mixin.py:188} INFO - [2026-04-06T11:21:07.152+0000] {dagbag.py:545} INFO - Filling up the DagBag from /opt/airflow/dags/pipeline.py
[2026-04-06T11:21:08.218+0000] {processor.py:840} INFO - DAG(s) 'pipeline' retrieved from /opt/airflow/dags/pipeline.py
[2026-04-06T11:21:08.292+0000] {logging_mixin.py:188} INFO - [2026-04-06T11:21:08.292+0000] {dag.py:3089} INFO - Sync 1 DAGs
[2026-04-06T11:21:08.327+0000] {logging_mixin.py:188} INFO - [2026-04-06T11:21:08.327+0000] {dag.py:3947} INFO - Setting next_dagrun for pipeline to 2026-04-06 00:00:00+00:00, run_after=2026-04-07 00:00:00+00:00
[2026-04-06T11:21:08.378+0000] {processor.py:183} INFO - Processing /opt/airflow/dags/pipeline.py took 1.239 seconds
[2026-04-06T11:21:38.705+0000] {processor.py:161} INFO - Started process (PID=2682) to work on /opt/airflow/dags/pipeline.py
[2026-04-06T11:21:38.707+0000] {processor.py:830} INFO - Processing file /opt/airflow/dags/pipeline.py for tasks to queue
[2026-04-06T11:21:38.709+0000] {logging_mixin.py:188} INFO - [2026-04-06T11:21:38.708+0000] {dagbag.py:545} INFO - Filling up the DagBag from /opt/airflow/dags/pipeline.py
[2026-04-06T11:21:39.739+0000] {processor.py:840} INFO - DAG(s) 'pipeline' retrieved from /opt/airflow/dags/pipeline.py
[2026-04-06T11:21:39.827+0000] {logging_mixin.py:188} INFO - [2026-04-06T11:21:39.826+0000] {dag.py:3089} INFO - Sync 1 DAGs
[2026-04-06T11:21:39.866+0000] {logging_mixin.py:188} INFO - [2026-04-06T11:21:39.866+0000] {dag.py:3947} INFO - Setting next_dagrun for pipeline to 2026-04-06 00:00:00+00:00, run_after=2026-04-07 00:00:00+00:00
[2026-04-06T11:21:39.904+0000] {processor.py:183} INFO - Processing /opt/airflow/dags/pipeline.py took 1.210 seconds
[2026-04-06T11:22:10.612+0000] {processor.py:161} INFO - Started process (PID=2688) to work on /opt/airflow/dags/pipeline.py
[2026-04-06T11:22:10.614+0000] {processor.py:830} INFO - Processing file /opt/airflow/dags/pipeline.py for tasks to queue
[2026-04-06T11:22:10.615+0000] {logging_mixin.py:188} INFO - [2026-04-06T11:22:10.615+0000] {dagbag.py:545} INFO - Filling up the DagBag from /opt/airflow/dags/pipeline.py
[2026-04-06T11:22:11.594+0000] {processor.py:840} INFO - DAG(s) 'pipeline' retrieved from /opt/airflow/dags/pipeline.py
[2026-04-06T11:22:11.666+0000] {logging_mixin.py:188} INFO - [2026-04-06T11:22:11.666+0000] {dag.py:3089} INFO - Sync 1 DAGs
[2026-04-06T11:22:11.708+0000] {logging_mixin.py:188} INFO - [2026-04-06T11:22:11.708+0000] {dag.py:3947} INFO - Setting next_dagrun for pipeline to 2026-04-06 00:00:00+00:00, run_after=2026-04-07 00:00:00+00:00
[2026-04-06T11:22:11.765+0000] {processor.py:183} INFO - Processing /opt/airflow/dags/pipeline.py took 1.162 seconds
[2026-04-06T11:22:42.277+0000] {processor.py:161} INFO - Started process (PID=2694) to work on /opt/airflow/dags/pipeline.py
[2026-04-06T11:22:42.281+0000] {processor.py:830} INFO - Processing file /opt/airflow/dags/pipeline.py for tasks to queue
[2026-04-06T11:22:42.285+0000] {logging_mixin.py:188} INFO - [2026-04-06T11:22:42.284+0000] {dagbag.py:545} INFO - Filling up the DagBag from /opt/airflow/dags/pipeline.py
[2026-04-06T11:22:43.409+0000] {processor.py:840} INFO - DAG(s) 'pipeline' retrieved from /opt/airflow/dags/pipeline.py
[2026-04-06T11:22:43.480+0000] {logging_mixin.py:188} INFO - [2026-04-06T11:22:43.480+0000] {dag.py:3089} INFO - Sync 1 DAGs
[2026-04-06T11:22:43.515+0000] {logging_mixin.py:188} INFO - [2026-04-06T11:22:43.515+0000] {dag.py:3947} INFO - Setting next_dagrun for pipeline to 2026-04-06 00:00:00+00:00, run_after=2026-04-07 00:00:00+00:00
[2026-04-06T11:22:43.566+0000] {processor.py:183} INFO - Processing /opt/airflow/dags/pipeline.py took 1.315 seconds
[2026-04-06T11:23:13.976+0000] {processor.py:161} INFO - Started process (PID=2700) to work on /opt/airflow/dags/pipeline.py
[2026-04-06T11:23:13.978+0000] {processor.py:830} INFO - Processing file /opt/airflow/dags/pipeline.py for tasks to queue
[2026-04-06T11:23:13.979+0000] {logging_mixin.py:188} INFO - [2026-04-06T11:23:13.979+0000] {dagbag.py:545} INFO - Filling up the DagBag from /opt/airflow/dags/pipeline.py
[2026-04-06T11:23:14.990+0000] {processor.py:840} INFO - DAG(s) 'pipeline' retrieved from /opt/airflow/dags/pipeline.py
[2026-04-06T11:23:15.188+0000] {logging_mixin.py:188} INFO - [2026-04-06T11:23:15.188+0000] {dag.py:3089} INFO - Sync 1 DAGs
[2026-04-06T11:23:15.230+0000] {logging_mixin.py:188} INFO - [2026-04-06T11:23:15.230+0000] {dag.py:3947} INFO - Setting next_dagrun for pipeline to 2026-04-06 00:00:00+00:00, run_after=2026-04-07 00:00:00+00:00
[2026-04-06T11:23:15.288+0000] {processor.py:183} INFO - Processing /opt/airflow/dags/pipeline.py took 1.320 seconds
[2026-04-06T11:23:45.833+0000] {processor.py:161} INFO - Started process (PID=2706) to work on /opt/airflow/dags/pipeline.py
[2026-04-06T11:23:45.835+0000] {processor.py:830} INFO - Processing file /opt/airflow/dags/pipeline.py for tasks to queue
[2026-04-06T11:23:45.838+0000] {logging_mixin.py:188} INFO - [2026-04-06T11:23:45.837+0000] {dagbag.py:545} INFO - Filling up the DagBag from /opt/airflow/dags/pipeline.py
[2026-04-06T11:23:46.887+0000] {processor.py:840} INFO - DAG(s) 'pipeline' retrieved from /opt/airflow/dags/pipeline.py
[2026-04-06T11:23:46.965+0000] {logging_mixin.py:188} INFO - [2026-04-06T11:23:46.965+0000] {dag.py:3089} INFO - Sync 1 DAGs
[2026-04-06T11:23:47.006+0000] {logging_mixin.py:188} INFO - [2026-04-06T11:23:47.005+0000] {dag.py:3947} INFO - Setting next_dagrun for pipeline to 2026-04-06 00:00:00+00:00, run_after=2026-04-07 00:00:00+00:00
[2026-04-06T11:23:47.061+0000] {processor.py:183} INFO - Processing /opt/airflow/dags/pipeline.py took 1.253 seconds
[2026-04-06T12:00:17.458+0000] {processor.py:161} INFO - Started process (PID=2712) to work on /opt/airflow/dags/pipeline.py
[2026-04-06T12:00:17.473+0000] {processor.py:830} INFO - Processing file /opt/airflow/dags/pipeline.py for tasks to queue
[2026-04-06T12:00:17.476+0000] {logging_mixin.py:188} INFO - [2026-04-06T12:00:17.475+0000] {dagbag.py:545} INFO - Filling up the DagBag from /opt/airflow/dags/pipeline.py
[2026-04-06T12:00:20.116+0000] {processor.py:840} INFO - DAG(s) 'pipeline' retrieved from /opt/airflow/dags/pipeline.py
[2026-04-06T12:00:20.189+0000] {logging_mixin.py:188} INFO - [2026-04-06T12:00:20.189+0000] {dag.py:3089} INFO - Sync 1 DAGs
[2026-04-06T12:00:20.223+0000] {logging_mixin.py:188} INFO - [2026-04-06T12:00:20.223+0000] {dag.py:3947} INFO - Setting next_dagrun for pipeline to 2026-04-06 00:00:00+00:00, run_after=2026-04-07 00:00:00+00:00
[2026-04-06T12:00:20.275+0000] {processor.py:183} INFO - Processing /opt/airflow/dags/pipeline.py took 2.891 seconds
[2026-04-06T12:00:50.616+0000] {processor.py:161} INFO - Started process (PID=2718) to work on /opt/airflow/dags/pipeline.py
[2026-04-06T12:00:50.618+0000] {processor.py:830} INFO - Processing file /opt/airflow/dags/pipeline.py for tasks to queue
[2026-04-06T12:00:50.620+0000] {logging_mixin.py:188} INFO - [2026-04-06T12:00:50.619+0000] {dagbag.py:545} INFO - Filling up the DagBag from /opt/airflow/dags/pipeline.py
[2026-04-06T12:00:51.686+0000] {processor.py:840} INFO - DAG(s) 'pipeline' retrieved from /opt/airflow/dags/pipeline.py
[2026-04-06T12:00:51.751+0000] {logging_mixin.py:188} INFO - [2026-04-06T12:00:51.751+0000] {dag.py:3089} INFO - Sync 1 DAGs
[2026-04-06T12:00:51.780+0000] {logging_mixin.py:188} INFO - [2026-04-06T12:00:51.780+0000] {dag.py:3947} INFO - Setting next_dagrun for pipeline to 2026-04-06 00:00:00+00:00, run_after=2026-04-07 00:00:00+00:00
[2026-04-06T12:00:51.814+0000] {processor.py:183} INFO - Processing /opt/airflow/dags/pipeline.py took 1.211 seconds
[2026-04-06T12:01:21.949+0000] {processor.py:161} INFO - Started process (PID=2724) to work on /opt/airflow/dags/pipeline.py
[2026-04-06T12:01:21.952+0000] {processor.py:830} INFO - Processing file /opt/airflow/dags/pipeline.py for tasks to queue
[2026-04-06T12:01:21.954+0000] {logging_mixin.py:188} INFO - [2026-04-06T12:01:21.953+0000] {dagbag.py:545} INFO - Filling up the DagBag from /opt/airflow/dags/pipeline.py
[2026-04-06T12:01:22.904+0000] {processor.py:840} INFO - DAG(s) 'pipeline' retrieved from /opt/airflow/dags/pipeline.py
[2026-04-06T12:01:22.977+0000] {logging_mixin.py:188} INFO - [2026-04-06T12:01:22.977+0000] {dag.py:3089} INFO - Sync 1 DAGs
[2026-04-06T12:01:23.006+0000] {logging_mixin.py:188} INFO - [2026-04-06T12:01:23.006+0000] {dag.py:3947} INFO - Setting next_dagrun for pipeline to 2026-04-06 00:00:00+00:00, run_after=2026-04-07 00:00:00+00:00
[2026-04-06T12:01:23.040+0000] {processor.py:183} INFO - Processing /opt/airflow/dags/pipeline.py took 1.103 seconds
[2026-04-06T12:01:53.416+0000] {processor.py:161} INFO - Started process (PID=2730) to work on /opt/airflow/dags/pipeline.py
[2026-04-06T12:01:53.424+0000] {processor.py:830} INFO - Processing file /opt/airflow/dags/pipeline.py for tasks to queue
[2026-04-06T12:01:53.428+0000] {logging_mixin.py:188} INFO - [2026-04-06T12:01:53.427+0000] {dagbag.py:545} INFO - Filling up the DagBag from /opt/airflow/dags/pipeline.py
[2026-04-06T12:01:54.719+0000] {processor.py:840} INFO - DAG(s) 'pipeline' retrieved from /opt/airflow/dags/pipeline.py
[2026-04-06T12:01:54.811+0000] {logging_mixin.py:188} INFO - [2026-04-06T12:01:54.810+0000] {dag.py:3089} INFO - Sync 1 DAGs
[2026-04-06T12:01:54.871+0000] {logging_mixin.py:188} INFO - [2026-04-06T12:01:54.870+0000] {dag.py:3947} INFO - Setting next_dagrun for pipeline to 2026-04-06 00:00:00+00:00, run_after=2026-04-07 00:00:00+00:00
[2026-04-06T12:01:54.940+0000] {processor.py:183} INFO - Processing /opt/airflow/dags/pipeline.py took 1.566 seconds
[2026-04-06T12:05:27.032+0000] {processor.py:161} INFO - Started process (PID=164) to work on /opt/airflow/dags/pipeline.py
[2026-04-06T12:05:27.035+0000] {processor.py:830} INFO - Processing file /opt/airflow/dags/pipeline.py for tasks to queue
[2026-04-06T12:05:27.041+0000] {logging_mixin.py:188} INFO - [2026-04-06T12:05:27.040+0000] {dagbag.py:545} INFO - Filling up the DagBag from /opt/airflow/dags/pipeline.py
[2026-04-06T12:05:30.587+0000] {processor.py:840} INFO - DAG(s) 'pipeline' retrieved from /opt/airflow/dags/pipeline.py
[2026-04-06T12:05:30.671+0000] {logging_mixin.py:188} INFO - [2026-04-06T12:05:30.670+0000] {dag.py:3089} INFO - Sync 1 DAGs
[2026-04-06T12:05:30.707+0000] {logging_mixin.py:188} INFO - [2026-04-06T12:05:30.707+0000] {dag.py:3947} INFO - Setting next_dagrun for pipeline to 2026-04-06 00:00:00+00:00, run_after=2026-04-07 00:00:00+00:00
[2026-04-06T12:05:30.758+0000] {processor.py:183} INFO - Processing /opt/airflow/dags/pipeline.py took 3.747 seconds
[2026-04-06T12:06:01.229+0000] {processor.py:161} INFO - Started process (PID=170) to work on /opt/airflow/dags/pipeline.py
[2026-04-06T12:06:01.231+0000] {processor.py:830} INFO - Processing file /opt/airflow/dags/pipeline.py for tasks to queue
[2026-04-06T12:06:01.237+0000] {logging_mixin.py:188} INFO - [2026-04-06T12:06:01.236+0000] {dagbag.py:545} INFO - Filling up the DagBag from /opt/airflow/dags/pipeline.py
[2026-04-06T12:06:04.159+0000] {processor.py:840} INFO - DAG(s) 'pipeline' retrieved from /opt/airflow/dags/pipeline.py
[2026-04-06T12:06:04.663+0000] {logging_mixin.py:188} INFO - [2026-04-06T12:06:04.662+0000] {dag.py:3089} INFO - Sync 1 DAGs
[2026-04-06T12:06:04.710+0000] {logging_mixin.py:188} INFO - [2026-04-06T12:06:04.710+0000] {dag.py:3947} INFO - Setting next_dagrun for pipeline to 2026-04-06 00:00:00+00:00, run_after=2026-04-07 00:00:00+00:00
[2026-04-06T12:06:04.770+0000] {processor.py:183} INFO - Processing /opt/airflow/dags/pipeline.py took 3.558 seconds
[2026-04-06T12:06:35.339+0000] {processor.py:161} INFO - Started process (PID=179) to work on /opt/airflow/dags/pipeline.py
[2026-04-06T12:06:35.347+0000] {processor.py:830} INFO - Processing file /opt/airflow/dags/pipeline.py for tasks to queue
[2026-04-06T12:06:35.357+0000] {logging_mixin.py:188} INFO - [2026-04-06T12:06:35.356+0000] {dagbag.py:545} INFO - Filling up the DagBag from /opt/airflow/dags/pipeline.py
[2026-04-06T12:06:38.566+0000] {processor.py:840} INFO - DAG(s) 'pipeline' retrieved from /opt/airflow/dags/pipeline.py
[2026-04-06T12:06:38.702+0000] {logging_mixin.py:188} INFO - [2026-04-06T12:06:38.701+0000] {dag.py:3089} INFO - Sync 1 DAGs
[2026-04-06T12:06:38.758+0000] {logging_mixin.py:188} INFO - [2026-04-06T12:06:38.757+0000] {dag.py:3947} INFO - Setting next_dagrun for pipeline to 2026-04-06 00:00:00+00:00, run_after=2026-04-07 00:00:00+00:00
[2026-04-06T12:06:38.824+0000] {processor.py:183} INFO - Processing /opt/airflow/dags/pipeline.py took 3.545 seconds
[2026-04-06T12:07:09.342+0000] {processor.py:161} INFO - Started process (PID=185) to work on /opt/airflow/dags/pipeline.py
[2026-04-06T12:07:09.346+0000] {processor.py:830} INFO - Processing file /opt/airflow/dags/pipeline.py for tasks to queue
[2026-04-06T12:07:09.352+0000] {logging_mixin.py:188} INFO - [2026-04-06T12:07:09.351+0000] {dagbag.py:545} INFO - Filling up the DagBag from /opt/airflow/dags/pipeline.py
[2026-04-06T12:07:10.919+0000] {processor.py:840} INFO - DAG(s) 'pipeline' retrieved from /opt/airflow/dags/pipeline.py
[2026-04-06T12:07:11.027+0000] {logging_mixin.py:188} INFO - [2026-04-06T12:07:11.027+0000] {dag.py:3089} INFO - Sync 1 DAGs
[2026-04-06T12:07:11.265+0000] {logging_mixin.py:188} INFO - [2026-04-06T12:07:11.265+0000] {dag.py:3947} INFO - Setting next_dagrun for pipeline to 2026-04-06 00:00:00+00:00, run_after=2026-04-07 00:00:00+00:00
[2026-04-06T12:07:11.404+0000] {processor.py:183} INFO - Processing /opt/airflow/dags/pipeline.py took 2.084 seconds
[2026-04-06T12:07:41.808+0000] {processor.py:161} INFO - Started process (PID=191) to work on /opt/airflow/dags/pipeline.py
[2026-04-06T12:07:41.812+0000] {processor.py:830} INFO - Processing file /opt/airflow/dags/pipeline.py for tasks to queue
[2026-04-06T12:07:41.819+0000] {logging_mixin.py:188} INFO - [2026-04-06T12:07:41.818+0000] {dagbag.py:545} INFO - Filling up the DagBag from /opt/airflow/dags/pipeline.py
[2026-04-06T12:07:43.525+0000] {processor.py:840} INFO - DAG(s) 'pipeline' retrieved from /opt/airflow/dags/pipeline.py
[2026-04-06T12:07:43.619+0000] {logging_mixin.py:188} INFO - [2026-04-06T12:07:43.618+0000] {dag.py:3089} INFO - Sync 1 DAGs
[2026-04-06T12:07:43.663+0000] {logging_mixin.py:188} INFO - [2026-04-06T12:07:43.662+0000] {dag.py:3947} INFO - Setting next_dagrun for pipeline to 2026-04-06 00:00:00+00:00, run_after=2026-04-07 00:00:00+00:00
[2026-04-06T12:07:43.713+0000] {processor.py:183} INFO - Processing /opt/airflow/dags/pipeline.py took 1.924 seconds
[2026-04-06T12:08:14.179+0000] {processor.py:161} INFO - Started process (PID=197) to work on /opt/airflow/dags/pipeline.py
[2026-04-06T12:08:14.181+0000] {processor.py:830} INFO - Processing file /opt/airflow/dags/pipeline.py for tasks to queue
[2026-04-06T12:08:14.186+0000] {logging_mixin.py:188} INFO - [2026-04-06T12:08:14.185+0000] {dagbag.py:545} INFO - Filling up the DagBag from /opt/airflow/dags/pipeline.py
[2026-04-06T12:08:16.002+0000] {processor.py:840} INFO - DAG(s) 'pipeline' retrieved from /opt/airflow/dags/pipeline.py
[2026-04-06T12:08:16.428+0000] {logging_mixin.py:188} INFO - [2026-04-06T12:08:16.428+0000] {dag.py:3089} INFO - Sync 1 DAGs
[2026-04-06T12:08:16.496+0000] {logging_mixin.py:188} INFO - [2026-04-06T12:08:16.495+0000] {dag.py:3947} INFO - Setting next_dagrun for pipeline to 2026-04-06 00:00:00+00:00, run_after=2026-04-07 00:00:00+00:00
[2026-04-06T12:08:16.550+0000] {processor.py:183} INFO - Processing /opt/airflow/dags/pipeline.py took 2.391 seconds
[2026-04-06T12:08:46.805+0000] {processor.py:161} INFO - Started process (PID=204) to work on /opt/airflow/dags/pipeline.py
[2026-04-06T12:08:46.807+0000] {processor.py:830} INFO - Processing file /opt/airflow/dags/pipeline.py for tasks to queue
[2026-04-06T12:08:46.811+0000] {logging_mixin.py:188} INFO - [2026-04-06T12:08:46.810+0000] {dagbag.py:545} INFO - Filling up the DagBag from /opt/airflow/dags/pipeline.py
[2026-04-06T12:08:48.232+0000] {processor.py:840} INFO - DAG(s) 'pipeline' retrieved from /opt/airflow/dags/pipeline.py
[2026-04-06T12:08:48.332+0000] {logging_mixin.py:188} INFO - [2026-04-06T12:08:48.332+0000] {dag.py:3089} INFO - Sync 1 DAGs
[2026-04-06T12:08:48.374+0000] {logging_mixin.py:188} INFO - [2026-04-06T12:08:48.374+0000] {dag.py:3947} INFO - Setting next_dagrun for pipeline to 2026-04-06 00:00:00+00:00, run_after=2026-04-07 00:00:00+00:00
[2026-04-06T12:08:48.424+0000] {processor.py:183} INFO - Processing /opt/airflow/dags/pipeline.py took 1.634 seconds
[2026-04-06T12:09:18.861+0000] {processor.py:161} INFO - Started process (PID=210) to work on /opt/airflow/dags/pipeline.py
[2026-04-06T12:09:18.863+0000] {processor.py:830} INFO - Processing file /opt/airflow/dags/pipeline.py for tasks to queue
[2026-04-06T12:09:18.868+0000] {logging_mixin.py:188} INFO - [2026-04-06T12:09:18.867+0000] {dagbag.py:545} INFO - Filling up the DagBag from /opt/airflow/dags/pipeline.py
[2026-04-06T12:09:20.113+0000] {processor.py:840} INFO - DAG(s) 'pipeline' retrieved from /opt/airflow/dags/pipeline.py
[2026-04-06T12:09:20.213+0000] {logging_mixin.py:188} INFO - [2026-04-06T12:09:20.213+0000] {dag.py:3089} INFO - Sync 1 DAGs
[2026-04-06T12:09:20.257+0000] {logging_mixin.py:188} INFO - [2026-04-06T12:09:20.257+0000] {dag.py:3947} INFO - Setting next_dagrun for pipeline to 2026-04-06 00:00:00+00:00, run_after=2026-04-07 00:00:00+00:00
[2026-04-06T12:09:20.306+0000] {processor.py:183} INFO - Processing /opt/airflow/dags/pipeline.py took 1.463 seconds
[2026-04-06T12:09:50.639+0000] {processor.py:161} INFO - Started process (PID=216) to work on /opt/airflow/dags/pipeline.py
[2026-04-06T12:09:50.641+0000] {processor.py:830} INFO - Processing file /opt/airflow/dags/pipeline.py for tasks to queue
[2026-04-06T12:09:50.644+0000] {logging_mixin.py:188} INFO - [2026-04-06T12:09:50.643+0000] {dagbag.py:545} INFO - Filling up the DagBag from /opt/airflow/dags/pipeline.py
[2026-04-06T12:09:51.848+0000] {processor.py:840} INFO - DAG(s) 'pipeline' retrieved from /opt/airflow/dags/pipeline.py
[2026-04-06T12:09:52.006+0000] {logging_mixin.py:188} INFO - [2026-04-06T12:09:52.005+0000] {dag.py:3089} INFO - Sync 1 DAGs
[2026-04-06T12:09:52.089+0000] {logging_mixin.py:188} INFO - [2026-04-06T12:09:52.088+0000] {dag.py:3947} INFO - Setting next_dagrun for pipeline to 2026-04-06 00:00:00+00:00, run_after=2026-04-07 00:00:00+00:00
[2026-04-06T12:09:52.651+0000] {processor.py:183} INFO - Processing /opt/airflow/dags/pipeline.py took 2.024 seconds
[2026-04-06T12:10:23.042+0000] {processor.py:161} INFO - Started process (PID=222) to work on /opt/airflow/dags/pipeline.py
[2026-04-06T12:10:23.044+0000] {processor.py:830} INFO - Processing file /opt/airflow/dags/pipeline.py for tasks to queue
[2026-04-06T12:10:23.048+0000] {logging_mixin.py:188} INFO - [2026-04-06T12:10:23.047+0000] {dagbag.py:545} INFO - Filling up the DagBag from /opt/airflow/dags/pipeline.py
[2026-04-06T12:10:24.242+0000] {processor.py:840} INFO - DAG(s) 'pipeline' retrieved from /opt/airflow/dags/pipeline.py
[2026-04-06T12:10:24.314+0000] {logging_mixin.py:188} INFO - [2026-04-06T12:10:24.313+0000] {dag.py:3089} INFO - Sync 1 DAGs
[2026-04-06T12:10:24.350+0000] {logging_mixin.py:188} INFO - [2026-04-06T12:10:24.350+0000] {dag.py:3947} INFO - Setting next_dagrun for pipeline to 2026-04-06 00:00:00+00:00, run_after=2026-04-07 00:00:00+00:00
[2026-04-06T12:10:24.398+0000] {processor.py:183} INFO - Processing /opt/airflow/dags/pipeline.py took 1.365 seconds
[2026-04-06T12:10:54.617+0000] {processor.py:161} INFO - Started process (PID=237) to work on /opt/airflow/dags/pipeline.py
[2026-04-06T12:10:54.619+0000] {processor.py:830} INFO - Processing file /opt/airflow/dags/pipeline.py for tasks to queue
[2026-04-06T12:10:54.628+0000] {logging_mixin.py:188} INFO - [2026-04-06T12:10:54.627+0000] {dagbag.py:545} INFO - Filling up the DagBag from /opt/airflow/dags/pipeline.py
[2026-04-06T12:10:56.411+0000] {processor.py:840} INFO - DAG(s) 'pipeline' retrieved from /opt/airflow/dags/pipeline.py
[2026-04-06T12:10:56.528+0000] {logging_mixin.py:188} INFO - [2026-04-06T12:10:56.528+0000] {dag.py:3089} INFO - Sync 1 DAGs
[2026-04-06T12:10:56.593+0000] {logging_mixin.py:188} INFO - [2026-04-06T12:10:56.593+0000] {dag.py:3947} INFO - Setting next_dagrun for pipeline to 2026-04-06 00:00:00+00:00, run_after=2026-04-07 00:00:00+00:00
[2026-04-06T12:10:56.661+0000] {processor.py:183} INFO - Processing /opt/airflow/dags/pipeline.py took 2.062 seconds
[2026-04-06T12:11:27.022+0000] {processor.py:161} INFO - Started process (PID=259) to work on /opt/airflow/dags/pipeline.py
[2026-04-06T12:11:27.024+0000] {processor.py:830} INFO - Processing file /opt/airflow/dags/pipeline.py for tasks to queue
[2026-04-06T12:11:27.030+0000] {logging_mixin.py:188} INFO - [2026-04-06T12:11:27.029+0000] {dagbag.py:545} INFO - Filling up the DagBag from /opt/airflow/dags/pipeline.py
[2026-04-06T12:11:28.705+0000] {processor.py:840} INFO - DAG(s) 'pipeline' retrieved from /opt/airflow/dags/pipeline.py
[2026-04-06T12:11:28.781+0000] {logging_mixin.py:188} INFO - [2026-04-06T12:11:28.781+0000] {dag.py:3089} INFO - Sync 1 DAGs
[2026-04-06T12:11:28.816+0000] {logging_mixin.py:188} INFO - [2026-04-06T12:11:28.816+0000] {dag.py:3947} INFO - Setting next_dagrun for pipeline to 2026-04-06 00:00:00+00:00, run_after=2026-04-07 00:00:00+00:00
[2026-04-06T12:11:28.857+0000] {processor.py:183} INFO - Processing /opt/airflow/dags/pipeline.py took 1.851 seconds
[2026-04-06T12:11:59.342+0000] {processor.py:161} INFO - Started process (PID=285) to work on /opt/airflow/dags/pipeline.py
[2026-04-06T12:11:59.344+0000] {processor.py:830} INFO - Processing file /opt/airflow/dags/pipeline.py for tasks to queue
[2026-04-06T12:11:59.348+0000] {logging_mixin.py:188} INFO - [2026-04-06T12:11:59.347+0000] {dagbag.py:545} INFO - Filling up the DagBag from /opt/airflow/dags/pipeline.py
[2026-04-06T12:12:00.669+0000] {processor.py:840} INFO - DAG(s) 'pipeline' retrieved from /opt/airflow/dags/pipeline.py
[2026-04-06T12:12:00.747+0000] {logging_mixin.py:188} INFO - [2026-04-06T12:12:00.747+0000] {dag.py:3089} INFO - Sync 1 DAGs
[2026-04-06T12:12:00.783+0000] {logging_mixin.py:188} INFO - [2026-04-06T12:12:00.783+0000] {dag.py:3947} INFO - Setting next_dagrun for pipeline to 2026-04-06 00:00:00+00:00, run_after=2026-04-07 00:00:00+00:00
[2026-04-06T12:12:00.825+0000] {processor.py:183} INFO - Processing /opt/airflow/dags/pipeline.py took 1.498 seconds
[2026-04-06T12:12:31.274+0000] {processor.py:161} INFO - Started process (PID=293) to work on /opt/airflow/dags/pipeline.py
[2026-04-06T12:12:31.276+0000] {processor.py:830} INFO - Processing file /opt/airflow/dags/pipeline.py for tasks to queue
[2026-04-06T12:12:31.279+0000] {logging_mixin.py:188} INFO - [2026-04-06T12:12:31.278+0000] {dagbag.py:545} INFO - Filling up the DagBag from /opt/airflow/dags/pipeline.py
[2026-04-06T12:12:32.385+0000] {processor.py:840} INFO - DAG(s) 'pipeline' retrieved from /opt/airflow/dags/pipeline.py
[2026-04-06T12:12:32.475+0000] {logging_mixin.py:188} INFO - [2026-04-06T12:12:32.475+0000] {dag.py:3089} INFO - Sync 1 DAGs
[2026-04-06T12:12:32.544+0000] {logging_mixin.py:188} INFO - [2026-04-06T12:12:32.543+0000] {dag.py:3947} INFO - Setting next_dagrun for pipeline to 2026-04-06 00:00:00+00:00, run_after=2026-04-07 00:00:00+00:00
[2026-04-06T12:12:32.619+0000] {processor.py:183} INFO - Processing /opt/airflow/dags/pipeline.py took 1.361 seconds
[2026-04-06T12:13:02.994+0000] {processor.py:161} INFO - Started process (PID=299) to work on /opt/airflow/dags/pipeline.py
[2026-04-06T12:13:02.995+0000] {processor.py:830} INFO - Processing file /opt/airflow/dags/pipeline.py for tasks to queue
[2026-04-06T12:13:02.998+0000] {logging_mixin.py:188} INFO - [2026-04-06T12:13:02.998+0000] {dagbag.py:545} INFO - Filling up the DagBag from /opt/airflow/dags/pipeline.py
[2026-04-06T12:13:04.006+0000] {processor.py:840} INFO - DAG(s) 'pipeline' retrieved from /opt/airflow/dags/pipeline.py
[2026-04-06T12:13:04.103+0000] {logging_mixin.py:188} INFO - [2026-04-06T12:13:04.103+0000] {dag.py:3089} INFO - Sync 1 DAGs
[2026-04-06T12:13:04.157+0000] {logging_mixin.py:188} INFO - [2026-04-06T12:13:04.156+0000] {dag.py:3947} INFO - Setting next_dagrun for pipeline to 2026-04-06 00:00:00+00:00, run_after=2026-04-07 00:00:00+00:00
[2026-04-06T12:13:04.233+0000] {processor.py:183} INFO - Processing /opt/airflow/dags/pipeline.py took 1.248 seconds
[2026-04-06T12:13:34.739+0000] {processor.py:161} INFO - Started process (PID=305) to work on /opt/airflow/dags/pipeline.py
[2026-04-06T12:13:34.755+0000] {processor.py:830} INFO - Processing file /opt/airflow/dags/pipeline.py for tasks to queue
[2026-04-06T12:13:34.762+0000] {logging_mixin.py:188} INFO - [2026-04-06T12:13:34.760+0000] {dagbag.py:545} INFO - Filling up the DagBag from /opt/airflow/dags/pipeline.py
[2026-04-06T12:13:36.100+0000] {processor.py:840} INFO - DAG(s) 'pipeline' retrieved from /opt/airflow/dags/pipeline.py
[2026-04-06T12:13:36.186+0000] {logging_mixin.py:188} INFO - [2026-04-06T12:13:36.186+0000] {dag.py:3089} INFO - Sync 1 DAGs
[2026-04-06T12:13:36.224+0000] {logging_mixin.py:188} INFO - [2026-04-06T12:13:36.224+0000] {dag.py:3947} INFO - Setting next_dagrun for pipeline to 2026-04-06 00:00:00+00:00, run_after=2026-04-07 00:00:00+00:00
[2026-04-06T12:13:36.288+0000] {processor.py:183} INFO - Processing /opt/airflow/dags/pipeline.py took 1.591 seconds
[2026-04-06T12:14:06.625+0000] {processor.py:161} INFO - Started process (PID=311) to work on /opt/airflow/dags/pipeline.py
[2026-04-06T12:14:06.628+0000] {processor.py:830} INFO - Processing file /opt/airflow/dags/pipeline.py for tasks to queue
[2026-04-06T12:14:06.632+0000] {logging_mixin.py:188} INFO - [2026-04-06T12:14:06.632+0000] {dagbag.py:545} INFO - Filling up the DagBag from /opt/airflow/dags/pipeline.py
[2026-04-06T12:14:07.724+0000] {processor.py:840} INFO - DAG(s) 'pipeline' retrieved from /opt/airflow/dags/pipeline.py
[2026-04-06T12:14:07.824+0000] {logging_mixin.py:188} INFO - [2026-04-06T12:14:07.824+0000] {dag.py:3089} INFO - Sync 1 DAGs
[2026-04-06T12:14:07.864+0000] {logging_mixin.py:188} INFO - [2026-04-06T12:14:07.863+0000] {dag.py:3947} INFO - Setting next_dagrun for pipeline to 2026-04-06 00:00:00+00:00, run_after=2026-04-07 00:00:00+00:00
[2026-04-06T12:14:07.925+0000] {processor.py:183} INFO - Processing /opt/airflow/dags/pipeline.py took 1.313 seconds
[2026-04-06T12:14:38.627+0000] {processor.py:161} INFO - Started process (PID=317) to work on /opt/airflow/dags/pipeline.py
[2026-04-06T12:14:38.628+0000] {processor.py:830} INFO - Processing file /opt/airflow/dags/pipeline.py for tasks to queue
[2026-04-06T12:14:38.632+0000] {logging_mixin.py:188} INFO - [2026-04-06T12:14:38.631+0000] {dagbag.py:545} INFO - Filling up the DagBag from /opt/airflow/dags/pipeline.py
[2026-04-06T12:14:39.743+0000] {processor.py:840} INFO - DAG(s) 'pipeline' retrieved from /opt/airflow/dags/pipeline.py
[2026-04-06T12:14:39.822+0000] {logging_mixin.py:188} INFO - [2026-04-06T12:14:39.822+0000] {dag.py:3089} INFO - Sync 1 DAGs
[2026-04-06T12:14:39.863+0000] {logging_mixin.py:188} INFO - [2026-04-06T12:14:39.863+0000] {dag.py:3947} INFO - Setting next_dagrun for pipeline to 2026-04-06 00:00:00+00:00, run_after=2026-04-07 00:00:00+00:00
[2026-04-06T12:14:39.916+0000] {processor.py:183} INFO - Processing /opt/airflow/dags/pipeline.py took 1.307 seconds
[2026-04-06T12:15:10.243+0000] {processor.py:161} INFO - Started process (PID=323) to work on /opt/airflow/dags/pipeline.py
[2026-04-06T12:15:10.256+0000] {processor.py:830} INFO - Processing file /opt/airflow/dags/pipeline.py for tasks to queue
[2026-04-06T12:15:10.259+0000] {logging_mixin.py:188} INFO - [2026-04-06T12:15:10.259+0000] {dagbag.py:545} INFO - Filling up the DagBag from /opt/airflow/dags/pipeline.py
[2026-04-06T12:15:11.378+0000] {processor.py:840} INFO - DAG(s) 'pipeline' retrieved from /opt/airflow/dags/pipeline.py
[2026-04-06T12:15:11.601+0000] {logging_mixin.py:188} INFO - [2026-04-06T12:15:11.601+0000] {dag.py:3089} INFO - Sync 1 DAGs
[2026-04-06T12:15:11.633+0000] {logging_mixin.py:188} INFO - [2026-04-06T12:15:11.633+0000] {dag.py:3947} INFO - Setting next_dagrun for pipeline to 2026-04-06 00:00:00+00:00, run_after=2026-04-07 00:00:00+00:00
[2026-04-06T12:15:11.680+0000] {processor.py:183} INFO - Processing /opt/airflow/dags/pipeline.py took 1.452 seconds
[2026-04-06T12:15:42.274+0000] {processor.py:161} INFO - Started process (PID=329) to work on /opt/airflow/dags/pipeline.py
[2026-04-06T12:15:42.279+0000] {processor.py:830} INFO - Processing file /opt/airflow/dags/pipeline.py for tasks to queue
[2026-04-06T12:15:42.284+0000] {logging_mixin.py:188} INFO - [2026-04-06T12:15:42.283+0000] {dagbag.py:545} INFO - Filling up the DagBag from /opt/airflow/dags/pipeline.py
[2026-04-06T12:15:43.581+0000] {processor.py:840} INFO - DAG(s) 'pipeline' retrieved from /opt/airflow/dags/pipeline.py
[2026-04-06T12:15:43.655+0000] {logging_mixin.py:188} INFO - [2026-04-06T12:15:43.654+0000] {dag.py:3089} INFO - Sync 1 DAGs
[2026-04-06T12:15:43.691+0000] {logging_mixin.py:188} INFO - [2026-04-06T12:15:43.691+0000] {dag.py:3947} INFO - Setting next_dagrun for pipeline to 2026-04-06 00:00:00+00:00, run_after=2026-04-07 00:00:00+00:00
[2026-04-06T12:15:43.744+0000] {processor.py:183} INFO - Processing /opt/airflow/dags/pipeline.py took 1.490 seconds
[2026-04-06T12:16:13.978+0000] {processor.py:161} INFO - Started process (PID=335) to work on /opt/airflow/dags/pipeline.py
[2026-04-06T12:16:13.980+0000] {processor.py:830} INFO - Processing file /opt/airflow/dags/pipeline.py for tasks to queue
[2026-04-06T12:16:13.983+0000] {logging_mixin.py:188} INFO - [2026-04-06T12:16:13.983+0000] {dagbag.py:545} INFO - Filling up the DagBag from /opt/airflow/dags/pipeline.py
[2026-04-06T12:16:15.155+0000] {processor.py:840} INFO - DAG(s) 'pipeline' retrieved from /opt/airflow/dags/pipeline.py
[2026-04-06T12:16:15.476+0000] {logging_mixin.py:188} INFO - [2026-04-06T12:16:15.475+0000] {dag.py:3089} INFO - Sync 1 DAGs
[2026-04-06T12:16:15.545+0000] {logging_mixin.py:188} INFO - [2026-04-06T12:16:15.544+0000] {dag.py:3947} INFO - Setting next_dagrun for pipeline to 2026-04-06 00:00:00+00:00, run_after=2026-04-07 00:00:00+00:00
[2026-04-06T12:16:15.599+0000] {processor.py:183} INFO - Processing /opt/airflow/dags/pipeline.py took 1.634 seconds
[2026-04-06T12:16:45.944+0000] {processor.py:161} INFO - Started process (PID=341) to work on /opt/airflow/dags/pipeline.py
[2026-04-06T12:16:45.946+0000] {processor.py:830} INFO - Processing file /opt/airflow/dags/pipeline.py for tasks to queue
[2026-04-06T12:16:45.950+0000] {logging_mixin.py:188} INFO - [2026-04-06T12:16:45.949+0000] {dagbag.py:545} INFO - Filling up the DagBag from /opt/airflow/dags/pipeline.py
[2026-04-06T12:16:47.180+0000] {processor.py:840} INFO - DAG(s) 'pipeline' retrieved from /opt/airflow/dags/pipeline.py
[2026-04-06T12:16:47.381+0000] {logging_mixin.py:188} INFO - [2026-04-06T12:16:47.381+0000] {dag.py:3089} INFO - Sync 1 DAGs
[2026-04-06T12:16:47.428+0000] {logging_mixin.py:188} INFO - [2026-04-06T12:16:47.427+0000] {dag.py:3947} INFO - Setting next_dagrun for pipeline to 2026-04-06 00:00:00+00:00, run_after=2026-04-07 00:00:00+00:00
[2026-04-06T12:16:47.489+0000] {processor.py:183} INFO - Processing /opt/airflow/dags/pipeline.py took 1.558 seconds
[2026-04-06T12:17:17.723+0000] {processor.py:161} INFO - Started process (PID=347) to work on /opt/airflow/dags/pipeline.py
[2026-04-06T12:17:17.725+0000] {processor.py:830} INFO - Processing file /opt/airflow/dags/pipeline.py for tasks to queue
[2026-04-06T12:17:17.729+0000] {logging_mixin.py:188} INFO - [2026-04-06T12:17:17.728+0000] {dagbag.py:545} INFO - Filling up the DagBag from /opt/airflow/dags/pipeline.py
[2026-04-06T12:17:18.908+0000] {processor.py:840} INFO - DAG(s) 'pipeline' retrieved from /opt/airflow/dags/pipeline.py
[2026-04-06T12:17:18.998+0000] {logging_mixin.py:188} INFO - [2026-04-06T12:17:18.997+0000] {dag.py:3089} INFO - Sync 1 DAGs
[2026-04-06T12:17:19.039+0000] {logging_mixin.py:188} INFO - [2026-04-06T12:17:19.039+0000] {dag.py:3947} INFO - Setting next_dagrun for pipeline to 2026-04-06 00:00:00+00:00, run_after=2026-04-07 00:00:00+00:00
[2026-04-06T12:17:19.097+0000] {processor.py:183} INFO - Processing /opt/airflow/dags/pipeline.py took 1.387 seconds
[2026-04-06T12:17:49.940+0000] {processor.py:161} INFO - Started process (PID=353) to work on /opt/airflow/dags/pipeline.py
[2026-04-06T12:17:49.945+0000] {processor.py:830} INFO - Processing file /opt/airflow/dags/pipeline.py for tasks to queue
[2026-04-06T12:17:49.955+0000] {logging_mixin.py:188} INFO - [2026-04-06T12:17:49.954+0000] {dagbag.py:545} INFO - Filling up the DagBag from /opt/airflow/dags/pipeline.py
[2026-04-06T12:17:51.191+0000] {processor.py:840} INFO - DAG(s) 'pipeline' retrieved from /opt/airflow/dags/pipeline.py
[2026-04-06T12:17:51.270+0000] {logging_mixin.py:188} INFO - [2026-04-06T12:17:51.270+0000] {dag.py:3089} INFO - Sync 1 DAGs
[2026-04-06T12:17:51.307+0000] {logging_mixin.py:188} INFO - [2026-04-06T12:17:51.307+0000] {dag.py:3947} INFO - Setting next_dagrun for pipeline to 2026-04-06 00:00:00+00:00, run_after=2026-04-07 00:00:00+00:00
[2026-04-06T12:17:51.349+0000] {processor.py:183} INFO - Processing /opt/airflow/dags/pipeline.py took 1.449 seconds
[2026-04-06T12:18:21.564+0000] {processor.py:161} INFO - Started process (PID=359) to work on /opt/airflow/dags/pipeline.py
[2026-04-06T12:18:21.569+0000] {processor.py:830} INFO - Processing file /opt/airflow/dags/pipeline.py for tasks to queue
[2026-04-06T12:18:21.575+0000] {logging_mixin.py:188} INFO - [2026-04-06T12:18:21.574+0000] {dagbag.py:545} INFO - Filling up the DagBag from /opt/airflow/dags/pipeline.py
[2026-04-06T12:18:22.951+0000] {processor.py:840} INFO - DAG(s) 'pipeline' retrieved from /opt/airflow/dags/pipeline.py
[2026-04-06T12:18:23.046+0000] {logging_mixin.py:188} INFO - [2026-04-06T12:18:23.046+0000] {dag.py:3089} INFO - Sync 1 DAGs
[2026-04-06T12:18:23.091+0000] {logging_mixin.py:188} INFO - [2026-04-06T12:18:23.091+0000] {dag.py:3947} INFO - Setting next_dagrun for pipeline to 2026-04-06 00:00:00+00:00, run_after=2026-04-07 00:00:00+00:00
[2026-04-06T12:18:23.157+0000] {processor.py:183} INFO - Processing /opt/airflow/dags/pipeline.py took 1.622 seconds
[2026-04-06T12:18:53.621+0000] {processor.py:161} INFO - Started process (PID=365) to work on /opt/airflow/dags/pipeline.py
[2026-04-06T12:18:53.626+0000] {processor.py:830} INFO - Processing file /opt/airflow/dags/pipeline.py for tasks to queue
[2026-04-06T12:18:53.634+0000] {logging_mixin.py:188} INFO - [2026-04-06T12:18:53.632+0000] {dagbag.py:545} INFO - Filling up the DagBag from /opt/airflow/dags/pipeline.py
[2026-04-06T12:18:55.196+0000] {processor.py:840} INFO - DAG(s) 'pipeline' retrieved from /opt/airflow/dags/pipeline.py
[2026-04-06T12:18:55.332+0000] {logging_mixin.py:188} INFO - [2026-04-06T12:18:55.331+0000] {dag.py:3089} INFO - Sync 1 DAGs
[2026-04-06T12:18:55.389+0000] {logging_mixin.py:188} INFO - [2026-04-06T12:18:55.388+0000] {dag.py:3947} INFO - Setting next_dagrun for pipeline to 2026-04-06 00:00:00+00:00, run_after=2026-04-07 00:00:00+00:00
[2026-04-06T12:18:55.461+0000] {processor.py:183} INFO - Processing /opt/airflow/dags/pipeline.py took 1.869 seconds
[2026-04-06T12:19:26.208+0000] {processor.py:161} INFO - Started process (PID=371) to work on /opt/airflow/dags/pipeline.py
[2026-04-06T12:19:26.212+0000] {processor.py:830} INFO - Processing file /opt/airflow/dags/pipeline.py for tasks to queue
[2026-04-06T12:19:26.220+0000] {logging_mixin.py:188} INFO - [2026-04-06T12:19:26.219+0000] {dagbag.py:545} INFO - Filling up the DagBag from /opt/airflow/dags/pipeline.py
[2026-04-06T12:19:27.428+0000] {processor.py:840} INFO - DAG(s) 'pipeline' retrieved from /opt/airflow/dags/pipeline.py
[2026-04-06T12:19:27.624+0000] {logging_mixin.py:188} INFO - [2026-04-06T12:19:27.623+0000] {dag.py:3089} INFO - Sync 1 DAGs
[2026-04-06T12:19:27.660+0000] {logging_mixin.py:188} INFO - [2026-04-06T12:19:27.659+0000] {dag.py:3947} INFO - Setting next_dagrun for pipeline to 2026-04-06 00:00:00+00:00, run_after=2026-04-07 00:00:00+00:00
[2026-04-06T12:19:27.713+0000] {processor.py:183} INFO - Processing /opt/airflow/dags/pipeline.py took 1.525 seconds
[2026-04-06T12:19:58.091+0000] {processor.py:161} INFO - Started process (PID=377) to work on /opt/airflow/dags/pipeline.py
[2026-04-06T12:19:58.097+0000] {processor.py:830} INFO - Processing file /opt/airflow/dags/pipeline.py for tasks to queue
[2026-04-06T12:19:58.107+0000] {logging_mixin.py:188} INFO - [2026-04-06T12:19:58.107+0000] {dagbag.py:545} INFO - Filling up the DagBag from /opt/airflow/dags/pipeline.py
[2026-04-06T12:19:59.338+0000] {processor.py:840} INFO - DAG(s) 'pipeline' retrieved from /opt/airflow/dags/pipeline.py
[2026-04-06T12:19:59.422+0000] {logging_mixin.py:188} INFO - [2026-04-06T12:19:59.421+0000] {dag.py:3089} INFO - Sync 1 DAGs
[2026-04-06T12:19:59.464+0000] {logging_mixin.py:188} INFO - [2026-04-06T12:19:59.464+0000] {dag.py:3947} INFO - Setting next_dagrun for pipeline to 2026-04-06 00:00:00+00:00, run_after=2026-04-07 00:00:00+00:00
[2026-04-06T12:19:59.526+0000] {processor.py:183} INFO - Processing /opt/airflow/dags/pipeline.py took 1.486 seconds
[2026-04-06T12:20:30.238+0000] {processor.py:161} INFO - Started process (PID=383) to work on /opt/airflow/dags/pipeline.py
[2026-04-06T12:20:30.241+0000] {processor.py:830} INFO - Processing file /opt/airflow/dags/pipeline.py for tasks to queue
[2026-04-06T12:20:30.247+0000] {logging_mixin.py:188} INFO - [2026-04-06T12:20:30.246+0000] {dagbag.py:545} INFO - Filling up the DagBag from /opt/airflow/dags/pipeline.py
[2026-04-06T12:20:31.351+0000] {processor.py:840} INFO - DAG(s) 'pipeline' retrieved from /opt/airflow/dags/pipeline.py
[2026-04-06T12:20:31.438+0000] {logging_mixin.py:188} INFO - [2026-04-06T12:20:31.438+0000] {dag.py:3089} INFO - Sync 1 DAGs
[2026-04-06T12:20:31.473+0000] {logging_mixin.py:188} INFO - [2026-04-06T12:20:31.473+0000] {dag.py:3947} INFO - Setting next_dagrun for pipeline to 2026-04-06 00:00:00+00:00, run_after=2026-04-07 00:00:00+00:00
[2026-04-06T12:20:31.520+0000] {processor.py:183} INFO - Processing /opt/airflow/dags/pipeline.py took 1.300 seconds
[2026-04-06T12:21:01.960+0000] {processor.py:161} INFO - Started process (PID=389) to work on /opt/airflow/dags/pipeline.py
[2026-04-06T12:21:01.966+0000] {processor.py:830} INFO - Processing file /opt/airflow/dags/pipeline.py for tasks to queue
[2026-04-06T12:21:01.979+0000] {logging_mixin.py:188} INFO - [2026-04-06T12:21:01.978+0000] {dagbag.py:545} INFO - Filling up the DagBag from /opt/airflow/dags/pipeline.py
[2026-04-06T12:21:03.442+0000] {processor.py:840} INFO - DAG(s) 'pipeline' retrieved from /opt/airflow/dags/pipeline.py
[2026-04-06T12:21:03.537+0000] {logging_mixin.py:188} INFO - [2026-04-06T12:21:03.536+0000] {dag.py:3089} INFO - Sync 1 DAGs
[2026-04-06T12:21:03.575+0000] {logging_mixin.py:188} INFO - [2026-04-06T12:21:03.575+0000] {dag.py:3947} INFO - Setting next_dagrun for pipeline to 2026-04-06 00:00:00+00:00, run_after=2026-04-07 00:00:00+00:00
[2026-04-06T12:21:03.612+0000] {processor.py:183} INFO - Processing /opt/airflow/dags/pipeline.py took 1.692 seconds
[2026-04-06T12:21:33.910+0000] {processor.py:161} INFO - Started process (PID=395) to work on /opt/airflow/dags/pipeline.py
[2026-04-06T12:21:33.911+0000] {processor.py:830} INFO - Processing file /opt/airflow/dags/pipeline.py for tasks to queue
[2026-04-06T12:21:33.913+0000] {logging_mixin.py:188} INFO - [2026-04-06T12:21:33.913+0000] {dagbag.py:545} INFO - Filling up the DagBag from /opt/airflow/dags/pipeline.py
[2026-04-06T12:21:35.179+0000] {processor.py:840} INFO - DAG(s) 'pipeline' retrieved from /opt/airflow/dags/pipeline.py
[2026-04-06T12:21:35.277+0000] {logging_mixin.py:188} INFO - [2026-04-06T12:21:35.276+0000] {dag.py:3089} INFO - Sync 1 DAGs
[2026-04-06T12:21:35.311+0000] {logging_mixin.py:188} INFO - [2026-04-06T12:21:35.311+0000] {dag.py:3947} INFO - Setting next_dagrun for pipeline to 2026-04-06 00:00:00+00:00, run_after=2026-04-07 00:00:00+00:00
[2026-04-06T12:21:35.358+0000] {processor.py:183} INFO - Processing /opt/airflow/dags/pipeline.py took 1.458 seconds
[2026-04-06T12:22:05.890+0000] {processor.py:161} INFO - Started process (PID=401) to work on /opt/airflow/dags/pipeline.py
[2026-04-06T12:22:05.892+0000] {processor.py:830} INFO - Processing file /opt/airflow/dags/pipeline.py for tasks to queue
[2026-04-06T12:22:05.896+0000] {logging_mixin.py:188} INFO - [2026-04-06T12:22:05.895+0000] {dagbag.py:545} INFO - Filling up the DagBag from /opt/airflow/dags/pipeline.py
[2026-04-06T12:22:07.154+0000] {processor.py:840} INFO - DAG(s) 'pipeline' retrieved from /opt/airflow/dags/pipeline.py
[2026-04-06T12:22:07.256+0000] {logging_mixin.py:188} INFO - [2026-04-06T12:22:07.256+0000] {dag.py:3089} INFO - Sync 1 DAGs
[2026-04-06T12:22:07.303+0000] {logging_mixin.py:188} INFO - [2026-04-06T12:22:07.302+0000] {dag.py:3947} INFO - Setting next_dagrun for pipeline to 2026-04-06 00:00:00+00:00, run_after=2026-04-07 00:00:00+00:00
[2026-04-06T12:22:07.363+0000] {processor.py:183} INFO - Processing /opt/airflow/dags/pipeline.py took 1.487 seconds
[2026-04-06T12:22:37.618+0000] {processor.py:161} INFO - Started process (PID=407) to work on /opt/airflow/dags/pipeline.py
[2026-04-06T12:22:37.620+0000] {processor.py:830} INFO - Processing file /opt/airflow/dags/pipeline.py for tasks to queue
[2026-04-06T12:22:37.624+0000] {logging_mixin.py:188} INFO - [2026-04-06T12:22:37.624+0000] {dagbag.py:545} INFO - Filling up the DagBag from /opt/airflow/dags/pipeline.py
[2026-04-06T12:22:39.420+0000] {processor.py:840} INFO - DAG(s) 'pipeline' retrieved from /opt/airflow/dags/pipeline.py
[2026-04-06T12:22:39.553+0000] {logging_mixin.py:188} INFO - [2026-04-06T12:22:39.553+0000] {dag.py:3089} INFO - Sync 1 DAGs
[2026-04-06T12:22:39.605+0000] {logging_mixin.py:188} INFO - [2026-04-06T12:22:39.605+0000] {dag.py:3947} INFO - Setting next_dagrun for pipeline to 2026-04-06 00:00:00+00:00, run_after=2026-04-07 00:00:00+00:00
[2026-04-06T12:22:39.677+0000] {processor.py:183} INFO - Processing /opt/airflow/dags/pipeline.py took 2.072 seconds
[2026-04-06T12:23:10.417+0000] {processor.py:161} INFO - Started process (PID=413) to work on /opt/airflow/dags/pipeline.py
[2026-04-06T12:23:10.419+0000] {processor.py:830} INFO - Processing file /opt/airflow/dags/pipeline.py for tasks to queue
[2026-04-06T12:23:10.424+0000] {logging_mixin.py:188} INFO - [2026-04-06T12:23:10.423+0000] {dagbag.py:545} INFO - Filling up the DagBag from /opt/airflow/dags/pipeline.py
[2026-04-06T12:23:12.634+0000] {processor.py:840} INFO - DAG(s) 'pipeline' retrieved from /opt/airflow/dags/pipeline.py
[2026-04-06T12:23:12.776+0000] {logging_mixin.py:188} INFO - [2026-04-06T12:23:12.776+0000] {dag.py:3089} INFO - Sync 1 DAGs
[2026-04-06T12:23:12.828+0000] {logging_mixin.py:188} INFO - [2026-04-06T12:23:12.828+0000] {dag.py:3947} INFO - Setting next_dagrun for pipeline to 2026-04-06 00:00:00+00:00, run_after=2026-04-07 00:00:00+00:00
[2026-04-06T12:23:12.912+0000] {processor.py:183} INFO - Processing /opt/airflow/dags/pipeline.py took 2.514 seconds
[2026-04-06T12:23:43.484+0000] {processor.py:161} INFO - Started process (PID=419) to work on /opt/airflow/dags/pipeline.py
[2026-04-06T12:23:43.486+0000] {processor.py:830} INFO - Processing file /opt/airflow/dags/pipeline.py for tasks to queue
[2026-04-06T12:23:43.490+0000] {logging_mixin.py:188} INFO - [2026-04-06T12:23:43.490+0000] {dagbag.py:545} INFO - Filling up the DagBag from /opt/airflow/dags/pipeline.py
[2026-04-06T12:23:44.822+0000] {processor.py:840} INFO - DAG(s) 'pipeline' retrieved from /opt/airflow/dags/pipeline.py
[2026-04-06T12:23:44.917+0000] {logging_mixin.py:188} INFO - [2026-04-06T12:23:44.917+0000] {dag.py:3089} INFO - Sync 1 DAGs
[2026-04-06T12:23:44.970+0000] {logging_mixin.py:188} INFO - [2026-04-06T12:23:44.969+0000] {dag.py:3947} INFO - Setting next_dagrun for pipeline to 2026-04-06 00:00:00+00:00, run_after=2026-04-07 00:00:00+00:00
[2026-04-06T12:23:45.019+0000] {processor.py:183} INFO - Processing /opt/airflow/dags/pipeline.py took 1.544 seconds
[2026-04-06T12:24:15.403+0000] {processor.py:161} INFO - Started process (PID=425) to work on /opt/airflow/dags/pipeline.py
[2026-04-06T12:24:15.405+0000] {processor.py:830} INFO - Processing file /opt/airflow/dags/pipeline.py for tasks to queue
[2026-04-06T12:24:15.411+0000] {logging_mixin.py:188} INFO - [2026-04-06T12:24:15.410+0000] {dagbag.py:545} INFO - Filling up the DagBag from /opt/airflow/dags/pipeline.py
[2026-04-06T12:24:17.108+0000] {processor.py:840} INFO - DAG(s) 'pipeline' retrieved from /opt/airflow/dags/pipeline.py
[2026-04-06T12:24:17.341+0000] {logging_mixin.py:188} INFO - [2026-04-06T12:24:17.341+0000] {dag.py:3089} INFO - Sync 1 DAGs
[2026-04-06T12:24:17.402+0000] {logging_mixin.py:188} INFO - [2026-04-06T12:24:17.402+0000] {dag.py:3947} INFO - Setting next_dagrun for pipeline to 2026-04-06 00:00:00+00:00, run_after=2026-04-07 00:00:00+00:00
[2026-04-06T12:24:17.478+0000] {processor.py:183} INFO - Processing /opt/airflow/dags/pipeline.py took 2.096 seconds
[2026-04-06T12:24:47.914+0000] {processor.py:161} INFO - Started process (PID=431) to work on /opt/airflow/dags/pipeline.py
[2026-04-06T12:24:47.919+0000] {processor.py:830} INFO - Processing file /opt/airflow/dags/pipeline.py for tasks to queue
[2026-04-06T12:24:47.929+0000] {logging_mixin.py:188} INFO - [2026-04-06T12:24:47.928+0000] {dagbag.py:545} INFO - Filling up the DagBag from /opt/airflow/dags/pipeline.py
[2026-04-06T12:24:49.315+0000] {processor.py:840} INFO - DAG(s) 'pipeline' retrieved from /opt/airflow/dags/pipeline.py
[2026-04-06T12:24:49.541+0000] {logging_mixin.py:188} INFO - [2026-04-06T12:24:49.541+0000] {dag.py:3089} INFO - Sync 1 DAGs
[2026-04-06T12:24:49.601+0000] {logging_mixin.py:188} INFO - [2026-04-06T12:24:49.601+0000] {dag.py:3947} INFO - Setting next_dagrun for pipeline to 2026-04-06 00:00:00+00:00, run_after=2026-04-07 00:00:00+00:00
[2026-04-06T12:24:49.661+0000] {processor.py:183} INFO - Processing /opt/airflow/dags/pipeline.py took 1.780 seconds
[2026-04-06T12:25:20.508+0000] {processor.py:161} INFO - Started process (PID=437) to work on /opt/airflow/dags/pipeline.py
[2026-04-06T12:25:20.511+0000] {processor.py:830} INFO - Processing file /opt/airflow/dags/pipeline.py for tasks to queue
[2026-04-06T12:25:20.516+0000] {logging_mixin.py:188} INFO - [2026-04-06T12:25:20.515+0000] {dagbag.py:545} INFO - Filling up the DagBag from /opt/airflow/dags/pipeline.py
[2026-04-06T12:25:22.041+0000] {processor.py:840} INFO - DAG(s) 'pipeline' retrieved from /opt/airflow/dags/pipeline.py
[2026-04-06T12:25:22.159+0000] {logging_mixin.py:188} INFO - [2026-04-06T12:25:22.158+0000] {dag.py:3089} INFO - Sync 1 DAGs
[2026-04-06T12:25:22.212+0000] {logging_mixin.py:188} INFO - [2026-04-06T12:25:22.212+0000] {dag.py:3947} INFO - Setting next_dagrun for pipeline to 2026-04-06 00:00:00+00:00, run_after=2026-04-07 00:00:00+00:00
[2026-04-06T12:25:22.273+0000] {processor.py:183} INFO - Processing /opt/airflow/dags/pipeline.py took 1.780 seconds
[2026-04-06T12:25:52.871+0000] {processor.py:161} INFO - Started process (PID=443) to work on /opt/airflow/dags/pipeline.py
[2026-04-06T12:25:52.873+0000] {processor.py:830} INFO - Processing file /opt/airflow/dags/pipeline.py for tasks to queue
[2026-04-06T12:25:52.876+0000] {logging_mixin.py:188} INFO - [2026-04-06T12:25:52.876+0000] {dagbag.py:545} INFO - Filling up the DagBag from /opt/airflow/dags/pipeline.py
[2026-04-06T12:25:54.045+0000] {processor.py:840} INFO - DAG(s) 'pipeline' retrieved from /opt/airflow/dags/pipeline.py
[2026-04-06T12:25:54.119+0000] {logging_mixin.py:188} INFO - [2026-04-06T12:25:54.118+0000] {dag.py:3089} INFO - Sync 1 DAGs
[2026-04-06T12:25:54.154+0000] {logging_mixin.py:188} INFO - [2026-04-06T12:25:54.153+0000] {dag.py:3947} INFO - Setting next_dagrun for pipeline to 2026-04-06 00:00:00+00:00, run_after=2026-04-07 00:00:00+00:00
[2026-04-06T12:25:54.205+0000] {processor.py:183} INFO - Processing /opt/airflow/dags/pipeline.py took 1.345 seconds
[2026-04-06T12:26:24.589+0000] {processor.py:161} INFO - Started process (PID=449) to work on /opt/airflow/dags/pipeline.py
[2026-04-06T12:26:24.591+0000] {processor.py:830} INFO - Processing file /opt/airflow/dags/pipeline.py for tasks to queue
[2026-04-06T12:26:24.594+0000] {logging_mixin.py:188} INFO - [2026-04-06T12:26:24.593+0000] {dagbag.py:545} INFO - Filling up the DagBag from /opt/airflow/dags/pipeline.py
[2026-04-06T12:26:25.838+0000] {processor.py:840} INFO - DAG(s) 'pipeline' retrieved from /opt/airflow/dags/pipeline.py
[2026-04-06T12:26:25.916+0000] {logging_mixin.py:188} INFO - [2026-04-06T12:26:25.916+0000] {dag.py:3089} INFO - Sync 1 DAGs
[2026-04-06T12:26:25.949+0000] {logging_mixin.py:188} INFO - [2026-04-06T12:26:25.949+0000] {dag.py:3947} INFO - Setting next_dagrun for pipeline to 2026-04-06 00:00:00+00:00, run_after=2026-04-07 00:00:00+00:00
[2026-04-06T12:26:25.997+0000] {processor.py:183} INFO - Processing /opt/airflow/dags/pipeline.py took 1.417 seconds
[2026-04-06T12:26:56.503+0000] {processor.py:161} INFO - Started process (PID=455) to work on /opt/airflow/dags/pipeline.py
[2026-04-06T12:26:56.508+0000] {processor.py:830} INFO - Processing file /opt/airflow/dags/pipeline.py for tasks to queue
[2026-04-06T12:26:56.517+0000] {logging_mixin.py:188} INFO - [2026-04-06T12:26:56.515+0000] {dagbag.py:545} INFO - Filling up the DagBag from /opt/airflow/dags/pipeline.py
[2026-04-06T12:26:57.692+0000] {processor.py:840} INFO - DAG(s) 'pipeline' retrieved from /opt/airflow/dags/pipeline.py
[2026-04-06T12:26:57.773+0000] {logging_mixin.py:188} INFO - [2026-04-06T12:26:57.772+0000] {dag.py:3089} INFO - Sync 1 DAGs
[2026-04-06T12:26:57.815+0000] {logging_mixin.py:188} INFO - [2026-04-06T12:26:57.815+0000] {dag.py:3947} INFO - Setting next_dagrun for pipeline to 2026-04-06 00:00:00+00:00, run_after=2026-04-07 00:00:00+00:00
[2026-04-06T12:26:57.878+0000] {processor.py:183} INFO - Processing /opt/airflow/dags/pipeline.py took 1.412 seconds
[2026-04-06T12:27:28.210+0000] {processor.py:161} INFO - Started process (PID=461) to work on /opt/airflow/dags/pipeline.py
[2026-04-06T12:27:28.212+0000] {processor.py:830} INFO - Processing file /opt/airflow/dags/pipeline.py for tasks to queue
[2026-04-06T12:27:28.214+0000] {logging_mixin.py:188} INFO - [2026-04-06T12:27:28.214+0000] {dagbag.py:545} INFO - Filling up the DagBag from /opt/airflow/dags/pipeline.py
[2026-04-06T12:27:29.348+0000] {processor.py:840} INFO - DAG(s) 'pipeline' retrieved from /opt/airflow/dags/pipeline.py
[2026-04-06T12:27:29.448+0000] {logging_mixin.py:188} INFO - [2026-04-06T12:27:29.447+0000] {dag.py:3089} INFO - Sync 1 DAGs
[2026-04-06T12:27:29.495+0000] {logging_mixin.py:188} INFO - [2026-04-06T12:27:29.494+0000] {dag.py:3947} INFO - Setting next_dagrun for pipeline to 2026-04-06 00:00:00+00:00, run_after=2026-04-07 00:00:00+00:00
[2026-04-06T12:27:29.570+0000] {processor.py:183} INFO - Processing /opt/airflow/dags/pipeline.py took 1.369 seconds
[2026-04-06T12:28:00.092+0000] {processor.py:161} INFO - Started process (PID=467) to work on /opt/airflow/dags/pipeline.py
[2026-04-06T12:28:00.094+0000] {processor.py:830} INFO - Processing file /opt/airflow/dags/pipeline.py for tasks to queue
[2026-04-06T12:28:00.098+0000] {logging_mixin.py:188} INFO - [2026-04-06T12:28:00.097+0000] {dagbag.py:545} INFO - Filling up the DagBag from /opt/airflow/dags/pipeline.py
[2026-04-06T12:28:01.559+0000] {processor.py:840} INFO - DAG(s) 'pipeline' retrieved from /opt/airflow/dags/pipeline.py
[2026-04-06T12:28:01.679+0000] {logging_mixin.py:188} INFO - [2026-04-06T12:28:01.679+0000] {dag.py:3089} INFO - Sync 1 DAGs
[2026-04-06T12:28:01.731+0000] {logging_mixin.py:188} INFO - [2026-04-06T12:28:01.730+0000] {dag.py:3947} INFO - Setting next_dagrun for pipeline to 2026-04-06 00:00:00+00:00, run_after=2026-04-07 00:00:00+00:00
[2026-04-06T12:28:01.783+0000] {processor.py:183} INFO - Processing /opt/airflow/dags/pipeline.py took 1.704 seconds
[2026-04-06T12:28:32.420+0000] {processor.py:161} INFO - Started process (PID=473) to work on /opt/airflow/dags/pipeline.py
[2026-04-06T12:28:32.429+0000] {processor.py:830} INFO - Processing file /opt/airflow/dags/pipeline.py for tasks to queue
[2026-04-06T12:28:32.446+0000] {logging_mixin.py:188} INFO - [2026-04-06T12:28:32.444+0000] {dagbag.py:545} INFO - Filling up the DagBag from /opt/airflow/dags/pipeline.py
[2026-04-06T12:28:34.405+0000] {processor.py:840} INFO - DAG(s) 'pipeline' retrieved from /opt/airflow/dags/pipeline.py
[2026-04-06T12:28:34.537+0000] {logging_mixin.py:188} INFO - [2026-04-06T12:28:34.536+0000] {dag.py:3089} INFO - Sync 1 DAGs
[2026-04-06T12:28:34.582+0000] {logging_mixin.py:188} INFO - [2026-04-06T12:28:34.581+0000] {dag.py:3947} INFO - Setting next_dagrun for pipeline to 2026-04-06 00:00:00+00:00, run_after=2026-04-07 00:00:00+00:00
[2026-04-06T12:28:34.631+0000] {processor.py:183} INFO - Processing /opt/airflow/dags/pipeline.py took 2.252 seconds
[2026-04-06T12:29:05.349+0000] {processor.py:161} INFO - Started process (PID=479) to work on /opt/airflow/dags/pipeline.py
[2026-04-06T12:29:05.354+0000] {processor.py:830} INFO - Processing file /opt/airflow/dags/pipeline.py for tasks to queue
[2026-04-06T12:29:05.362+0000] {logging_mixin.py:188} INFO - [2026-04-06T12:29:05.361+0000] {dagbag.py:545} INFO - Filling up the DagBag from /opt/airflow/dags/pipeline.py
[2026-04-06T12:29:06.670+0000] {processor.py:840} INFO - DAG(s) 'pipeline' retrieved from /opt/airflow/dags/pipeline.py
[2026-04-06T12:29:06.745+0000] {logging_mixin.py:188} INFO - [2026-04-06T12:29:06.744+0000] {dag.py:3089} INFO - Sync 1 DAGs
[2026-04-06T12:29:06.784+0000] {logging_mixin.py:188} INFO - [2026-04-06T12:29:06.784+0000] {dag.py:3947} INFO - Setting next_dagrun for pipeline to 2026-04-06 00:00:00+00:00, run_after=2026-04-07 00:00:00+00:00
[2026-04-06T12:29:06.845+0000] {processor.py:183} INFO - Processing /opt/airflow/dags/pipeline.py took 1.523 seconds
[2026-04-06T12:29:37.496+0000] {processor.py:161} INFO - Started process (PID=485) to work on /opt/airflow/dags/pipeline.py
[2026-04-06T12:29:37.500+0000] {processor.py:830} INFO - Processing file /opt/airflow/dags/pipeline.py for tasks to queue
[2026-04-06T12:29:37.505+0000] {logging_mixin.py:188} INFO - [2026-04-06T12:29:37.504+0000] {dagbag.py:545} INFO - Filling up the DagBag from /opt/airflow/dags/pipeline.py
[2026-04-06T12:29:38.756+0000] {processor.py:840} INFO - DAG(s) 'pipeline' retrieved from /opt/airflow/dags/pipeline.py
[2026-04-06T12:29:38.851+0000] {logging_mixin.py:188} INFO - [2026-04-06T12:29:38.850+0000] {dag.py:3089} INFO - Sync 1 DAGs
[2026-04-06T12:29:38.894+0000] {logging_mixin.py:188} INFO - [2026-04-06T12:29:38.894+0000] {dag.py:3947} INFO - Setting next_dagrun for pipeline to 2026-04-06 00:00:00+00:00, run_after=2026-04-07 00:00:00+00:00
[2026-04-06T12:29:38.964+0000] {processor.py:183} INFO - Processing /opt/airflow/dags/pipeline.py took 1.491 seconds
[2026-04-06T12:30:09.566+0000] {processor.py:161} INFO - Started process (PID=491) to work on /opt/airflow/dags/pipeline.py
[2026-04-06T12:30:09.569+0000] {processor.py:830} INFO - Processing file /opt/airflow/dags/pipeline.py for tasks to queue
[2026-04-06T12:30:09.574+0000] {logging_mixin.py:188} INFO - [2026-04-06T12:30:09.573+0000] {dagbag.py:545} INFO - Filling up the DagBag from /opt/airflow/dags/pipeline.py
[2026-04-06T12:30:10.844+0000] {processor.py:840} INFO - DAG(s) 'pipeline' retrieved from /opt/airflow/dags/pipeline.py
[2026-04-06T12:30:11.049+0000] {logging_mixin.py:188} INFO - [2026-04-06T12:30:11.049+0000] {dag.py:3089} INFO - Sync 1 DAGs
[2026-04-06T12:30:11.093+0000] {logging_mixin.py:188} INFO - [2026-04-06T12:30:11.093+0000] {dag.py:3947} INFO - Setting next_dagrun for pipeline to 2026-04-06 00:00:00+00:00, run_after=2026-04-07 00:00:00+00:00
[2026-04-06T12:30:11.150+0000] {processor.py:183} INFO - Processing /opt/airflow/dags/pipeline.py took 1.602 seconds
[2026-04-06T12:30:42.085+0000] {processor.py:161} INFO - Started process (PID=497) to work on /opt/airflow/dags/pipeline.py
[2026-04-06T12:30:42.089+0000] {processor.py:830} INFO - Processing file /opt/airflow/dags/pipeline.py for tasks to queue
[2026-04-06T12:30:42.096+0000] {logging_mixin.py:188} INFO - [2026-04-06T12:30:42.095+0000] {dagbag.py:545} INFO - Filling up the DagBag from /opt/airflow/dags/pipeline.py
[2026-04-06T12:30:43.363+0000] {processor.py:840} INFO - DAG(s) 'pipeline' retrieved from /opt/airflow/dags/pipeline.py
[2026-04-06T12:30:43.466+0000] {logging_mixin.py:188} INFO - [2026-04-06T12:30:43.465+0000] {dag.py:3089} INFO - Sync 1 DAGs
[2026-04-06T12:30:43.520+0000] {logging_mixin.py:188} INFO - [2026-04-06T12:30:43.520+0000] {dag.py:3947} INFO - Setting next_dagrun for pipeline to 2026-04-06 00:00:00+00:00, run_after=2026-04-07 00:00:00+00:00
[2026-04-06T12:30:43.569+0000] {processor.py:183} INFO - Processing /opt/airflow/dags/pipeline.py took 1.519 seconds
[2026-04-06T12:31:13.994+0000] {processor.py:161} INFO - Started process (PID=503) to work on /opt/airflow/dags/pipeline.py
[2026-04-06T12:31:13.997+0000] {processor.py:830} INFO - Processing file /opt/airflow/dags/pipeline.py for tasks to queue
[2026-04-06T12:31:14.001+0000] {logging_mixin.py:188} INFO - [2026-04-06T12:31:14.001+0000] {dagbag.py:545} INFO - Filling up the DagBag from /opt/airflow/dags/pipeline.py
[2026-04-06T12:31:15.356+0000] {processor.py:840} INFO - DAG(s) 'pipeline' retrieved from /opt/airflow/dags/pipeline.py
[2026-04-06T12:31:15.554+0000] {logging_mixin.py:188} INFO - [2026-04-06T12:31:15.554+0000] {dag.py:3089} INFO - Sync 1 DAGs
[2026-04-06T12:31:15.640+0000] {logging_mixin.py:188} INFO - [2026-04-06T12:31:15.640+0000] {dag.py:3947} INFO - Setting next_dagrun for pipeline to 2026-04-06 00:00:00+00:00, run_after=2026-04-07 00:00:00+00:00
[2026-04-06T12:31:15.736+0000] {processor.py:183} INFO - Processing /opt/airflow/dags/pipeline.py took 1.755 seconds
[2026-04-06T12:31:46.472+0000] {processor.py:161} INFO - Started process (PID=509) to work on /opt/airflow/dags/pipeline.py
[2026-04-06T12:31:46.480+0000] {processor.py:830} INFO - Processing file /opt/airflow/dags/pipeline.py for tasks to queue
[2026-04-06T12:31:46.486+0000] {logging_mixin.py:188} INFO - [2026-04-06T12:31:46.485+0000] {dagbag.py:545} INFO - Filling up the DagBag from /opt/airflow/dags/pipeline.py
[2026-04-06T12:31:48.138+0000] {processor.py:840} INFO - DAG(s) 'pipeline' retrieved from /opt/airflow/dags/pipeline.py
[2026-04-06T12:31:48.238+0000] {logging_mixin.py:188} INFO - [2026-04-06T12:31:48.238+0000] {dag.py:3089} INFO - Sync 1 DAGs
[2026-04-06T12:31:48.287+0000] {logging_mixin.py:188} INFO - [2026-04-06T12:31:48.287+0000] {dag.py:3947} INFO - Setting next_dagrun for pipeline to 2026-04-06 00:00:00+00:00, run_after=2026-04-07 00:00:00+00:00
[2026-04-06T12:31:48.358+0000] {processor.py:183} INFO - Processing /opt/airflow/dags/pipeline.py took 1.904 seconds
[2026-04-06T12:32:18.951+0000] {processor.py:161} INFO - Started process (PID=515) to work on /opt/airflow/dags/pipeline.py
[2026-04-06T12:32:18.954+0000] {processor.py:830} INFO - Processing file /opt/airflow/dags/pipeline.py for tasks to queue
[2026-04-06T12:32:18.961+0000] {logging_mixin.py:188} INFO - [2026-04-06T12:32:18.960+0000] {dagbag.py:545} INFO - Filling up the DagBag from /opt/airflow/dags/pipeline.py
[2026-04-06T12:32:20.032+0000] {processor.py:840} INFO - DAG(s) 'pipeline' retrieved from /opt/airflow/dags/pipeline.py
[2026-04-06T12:32:20.123+0000] {logging_mixin.py:188} INFO - [2026-04-06T12:32:20.122+0000] {dag.py:3089} INFO - Sync 1 DAGs
[2026-04-06T12:32:20.166+0000] {logging_mixin.py:188} INFO - [2026-04-06T12:32:20.165+0000] {dag.py:3947} INFO - Setting next_dagrun for pipeline to 2026-04-06 00:00:00+00:00, run_after=2026-04-07 00:00:00+00:00
[2026-04-06T12:32:20.231+0000] {processor.py:183} INFO - Processing /opt/airflow/dags/pipeline.py took 1.294 seconds
[2026-04-06T12:32:50.539+0000] {processor.py:161} INFO - Started process (PID=521) to work on /opt/airflow/dags/pipeline.py
[2026-04-06T12:32:50.541+0000] {processor.py:830} INFO - Processing file /opt/airflow/dags/pipeline.py for tasks to queue
[2026-04-06T12:32:50.547+0000] {logging_mixin.py:188} INFO - [2026-04-06T12:32:50.546+0000] {dagbag.py:545} INFO - Filling up the DagBag from /opt/airflow/dags/pipeline.py
[2026-04-06T12:32:52.043+0000] {processor.py:840} INFO - DAG(s) 'pipeline' retrieved from /opt/airflow/dags/pipeline.py
[2026-04-06T12:32:52.276+0000] {logging_mixin.py:188} INFO - [2026-04-06T12:32:52.276+0000] {dag.py:3089} INFO - Sync 1 DAGs
[2026-04-06T12:32:52.335+0000] {logging_mixin.py:188} INFO - [2026-04-06T12:32:52.335+0000] {dag.py:3947} INFO - Setting next_dagrun for pipeline to 2026-04-06 00:00:00+00:00, run_after=2026-04-07 00:00:00+00:00
[2026-04-06T12:32:52.426+0000] {processor.py:183} INFO - Processing /opt/airflow/dags/pipeline.py took 1.900 seconds
[2026-04-06T12:33:22.614+0000] {processor.py:161} INFO - Started process (PID=527) to work on /opt/airflow/dags/pipeline.py
[2026-04-06T12:33:22.618+0000] {processor.py:830} INFO - Processing file /opt/airflow/dags/pipeline.py for tasks to queue
[2026-04-06T12:33:22.631+0000] {logging_mixin.py:188} INFO - [2026-04-06T12:33:22.630+0000] {dagbag.py:545} INFO - Filling up the DagBag from /opt/airflow/dags/pipeline.py
[2026-04-06T12:33:24.015+0000] {processor.py:840} INFO - DAG(s) 'pipeline' retrieved from /opt/airflow/dags/pipeline.py
[2026-04-06T12:33:24.127+0000] {logging_mixin.py:188} INFO - [2026-04-06T12:33:24.127+0000] {dag.py:3089} INFO - Sync 1 DAGs
[2026-04-06T12:33:24.185+0000] {logging_mixin.py:188} INFO - [2026-04-06T12:33:24.185+0000] {dag.py:3947} INFO - Setting next_dagrun for pipeline to 2026-04-06 00:00:00+00:00, run_after=2026-04-07 00:00:00+00:00
[2026-04-06T12:33:24.240+0000] {processor.py:183} INFO - Processing /opt/airflow/dags/pipeline.py took 1.657 seconds
[2026-04-06T12:33:54.763+0000] {processor.py:161} INFO - Started process (PID=533) to work on /opt/airflow/dags/pipeline.py
[2026-04-06T12:33:54.765+0000] {processor.py:830} INFO - Processing file /opt/airflow/dags/pipeline.py for tasks to queue
[2026-04-06T12:33:54.769+0000] {logging_mixin.py:188} INFO - [2026-04-06T12:33:54.768+0000] {dagbag.py:545} INFO - Filling up the DagBag from /opt/airflow/dags/pipeline.py
[2026-04-06T12:33:56.110+0000] {processor.py:840} INFO - DAG(s) 'pipeline' retrieved from /opt/airflow/dags/pipeline.py
[2026-04-06T12:33:56.187+0000] {logging_mixin.py:188} INFO - [2026-04-06T12:33:56.187+0000] {dag.py:3089} INFO - Sync 1 DAGs
[2026-04-06T12:33:56.226+0000] {logging_mixin.py:188} INFO - [2026-04-06T12:33:56.226+0000] {dag.py:3947} INFO - Setting next_dagrun for pipeline to 2026-04-06 00:00:00+00:00, run_after=2026-04-07 00:00:00+00:00
[2026-04-06T12:33:56.274+0000] {processor.py:183} INFO - Processing /opt/airflow/dags/pipeline.py took 1.525 seconds
[2026-04-06T12:34:26.576+0000] {processor.py:161} INFO - Started process (PID=539) to work on /opt/airflow/dags/pipeline.py
[2026-04-06T12:34:26.581+0000] {processor.py:830} INFO - Processing file /opt/airflow/dags/pipeline.py for tasks to queue
[2026-04-06T12:34:26.589+0000] {logging_mixin.py:188} INFO - [2026-04-06T12:34:26.588+0000] {dagbag.py:545} INFO - Filling up the DagBag from /opt/airflow/dags/pipeline.py
[2026-04-06T12:34:27.878+0000] {processor.py:840} INFO - DAG(s) 'pipeline' retrieved from /opt/airflow/dags/pipeline.py
[2026-04-06T12:34:27.953+0000] {logging_mixin.py:188} INFO - [2026-04-06T12:34:27.953+0000] {dag.py:3089} INFO - Sync 1 DAGs
[2026-04-06T12:34:27.986+0000] {logging_mixin.py:188} INFO - [2026-04-06T12:34:27.986+0000] {dag.py:3947} INFO - Setting next_dagrun for pipeline to 2026-04-06 00:00:00+00:00, run_after=2026-04-07 00:00:00+00:00
[2026-04-06T12:34:28.039+0000] {processor.py:183} INFO - Processing /opt/airflow/dags/pipeline.py took 1.492 seconds
[2026-04-06T12:34:58.385+0000] {processor.py:161} INFO - Started process (PID=545) to work on /opt/airflow/dags/pipeline.py
[2026-04-06T12:34:58.387+0000] {processor.py:830} INFO - Processing file /opt/airflow/dags/pipeline.py for tasks to queue
[2026-04-06T12:34:58.390+0000] {logging_mixin.py:188} INFO - [2026-04-06T12:34:58.389+0000] {dagbag.py:545} INFO - Filling up the DagBag from /opt/airflow/dags/pipeline.py
[2026-04-06T12:34:59.675+0000] {processor.py:840} INFO - DAG(s) 'pipeline' retrieved from /opt/airflow/dags/pipeline.py
[2026-04-06T12:34:59.761+0000] {logging_mixin.py:188} INFO - [2026-04-06T12:34:59.760+0000] {dag.py:3089} INFO - Sync 1 DAGs
[2026-04-06T12:34:59.805+0000] {logging_mixin.py:188} INFO - [2026-04-06T12:34:59.805+0000] {dag.py:3947} INFO - Setting next_dagrun for pipeline to 2026-04-06 00:00:00+00:00, run_after=2026-04-07 00:00:00+00:00
[2026-04-06T12:34:59.900+0000] {processor.py:183} INFO - Processing /opt/airflow/dags/pipeline.py took 1.527 seconds
[2026-04-06T12:35:30.446+0000] {processor.py:161} INFO - Started process (PID=551) to work on /opt/airflow/dags/pipeline.py
[2026-04-06T12:35:30.448+0000] {processor.py:830} INFO - Processing file /opt/airflow/dags/pipeline.py for tasks to queue
[2026-04-06T12:35:30.451+0000] {logging_mixin.py:188} INFO - [2026-04-06T12:35:30.450+0000] {dagbag.py:545} INFO - Filling up the DagBag from /opt/airflow/dags/pipeline.py
[2026-04-06T12:35:31.507+0000] {processor.py:840} INFO - DAG(s) 'pipeline' retrieved from /opt/airflow/dags/pipeline.py
[2026-04-06T12:35:31.589+0000] {logging_mixin.py:188} INFO - [2026-04-06T12:35:31.589+0000] {dag.py:3089} INFO - Sync 1 DAGs
[2026-04-06T12:35:31.625+0000] {logging_mixin.py:188} INFO - [2026-04-06T12:35:31.625+0000] {dag.py:3947} INFO - Setting next_dagrun for pipeline to 2026-04-06 00:00:00+00:00, run_after=2026-04-07 00:00:00+00:00
[2026-04-06T12:35:31.674+0000] {processor.py:183} INFO - Processing /opt/airflow/dags/pipeline.py took 1.240 seconds
[2026-04-06T12:36:02.128+0000] {processor.py:161} INFO - Started process (PID=557) to work on /opt/airflow/dags/pipeline.py
[2026-04-06T12:36:02.130+0000] {processor.py:830} INFO - Processing file /opt/airflow/dags/pipeline.py for tasks to queue
[2026-04-06T12:36:02.134+0000] {logging_mixin.py:188} INFO - [2026-04-06T12:36:02.134+0000] {dagbag.py:545} INFO - Filling up the DagBag from /opt/airflow/dags/pipeline.py
[2026-04-06T12:36:03.667+0000] {processor.py:840} INFO - DAG(s) 'pipeline' retrieved from /opt/airflow/dags/pipeline.py
[2026-04-06T12:36:03.777+0000] {logging_mixin.py:188} INFO - [2026-04-06T12:36:03.777+0000] {dag.py:3089} INFO - Sync 1 DAGs
[2026-04-06T12:36:03.830+0000] {logging_mixin.py:188} INFO - [2026-04-06T12:36:03.829+0000] {dag.py:3947} INFO - Setting next_dagrun for pipeline to 2026-04-06 00:00:00+00:00, run_after=2026-04-07 00:00:00+00:00
[2026-04-06T12:36:03.888+0000] {processor.py:183} INFO - Processing /opt/airflow/dags/pipeline.py took 1.780 seconds
[2026-04-06T12:36:34.599+0000] {processor.py:161} INFO - Started process (PID=563) to work on /opt/airflow/dags/pipeline.py
[2026-04-06T12:36:34.604+0000] {processor.py:830} INFO - Processing file /opt/airflow/dags/pipeline.py for tasks to queue
[2026-04-06T12:36:34.610+0000] {logging_mixin.py:188} INFO - [2026-04-06T12:36:34.609+0000] {dagbag.py:545} INFO - Filling up the DagBag from /opt/airflow/dags/pipeline.py
[2026-04-06T12:36:36.570+0000] {processor.py:840} INFO - DAG(s) 'pipeline' retrieved from /opt/airflow/dags/pipeline.py
[2026-04-06T12:36:36.812+0000] {logging_mixin.py:188} INFO - [2026-04-06T12:36:36.811+0000] {dag.py:3089} INFO - Sync 1 DAGs
[2026-04-06T12:36:36.871+0000] {logging_mixin.py:188} INFO - [2026-04-06T12:36:36.870+0000] {dag.py:3947} INFO - Setting next_dagrun for pipeline to 2026-04-06 00:00:00+00:00, run_after=2026-04-07 00:00:00+00:00
[2026-04-06T12:36:36.943+0000] {processor.py:183} INFO - Processing /opt/airflow/dags/pipeline.py took 2.362 seconds
[2026-04-06T12:37:07.394+0000] {processor.py:161} INFO - Started process (PID=569) to work on /opt/airflow/dags/pipeline.py
[2026-04-06T12:37:07.397+0000] {processor.py:830} INFO - Processing file /opt/airflow/dags/pipeline.py for tasks to queue
[2026-04-06T12:37:07.405+0000] {logging_mixin.py:188} INFO - [2026-04-06T12:37:07.404+0000] {dagbag.py:545} INFO - Filling up the DagBag from /opt/airflow/dags/pipeline.py
[2026-04-06T12:37:09.108+0000] {processor.py:840} INFO - DAG(s) 'pipeline' retrieved from /opt/airflow/dags/pipeline.py
[2026-04-06T12:37:09.228+0000] {logging_mixin.py:188} INFO - [2026-04-06T12:37:09.228+0000] {dag.py:3089} INFO - Sync 1 DAGs
[2026-04-06T12:37:09.274+0000] {logging_mixin.py:188} INFO - [2026-04-06T12:37:09.274+0000] {dag.py:3947} INFO - Setting next_dagrun for pipeline to 2026-04-06 00:00:00+00:00, run_after=2026-04-07 00:00:00+00:00
[2026-04-06T12:37:09.365+0000] {processor.py:183} INFO - Processing /opt/airflow/dags/pipeline.py took 1.995 seconds
[2026-04-06T12:37:39.997+0000] {processor.py:161} INFO - Started process (PID=575) to work on /opt/airflow/dags/pipeline.py
[2026-04-06T12:37:39.999+0000] {processor.py:830} INFO - Processing file /opt/airflow/dags/pipeline.py for tasks to queue
[2026-04-06T12:37:40.004+0000] {logging_mixin.py:188} INFO - [2026-04-06T12:37:40.003+0000] {dagbag.py:545} INFO - Filling up the DagBag from /opt/airflow/dags/pipeline.py
[2026-04-06T12:37:41.642+0000] {processor.py:840} INFO - DAG(s) 'pipeline' retrieved from /opt/airflow/dags/pipeline.py
[2026-04-06T12:37:41.730+0000] {logging_mixin.py:188} INFO - [2026-04-06T12:37:41.729+0000] {dag.py:3089} INFO - Sync 1 DAGs
[2026-04-06T12:37:41.765+0000] {logging_mixin.py:188} INFO - [2026-04-06T12:37:41.765+0000] {dag.py:3947} INFO - Setting next_dagrun for pipeline to 2026-04-06 00:00:00+00:00, run_after=2026-04-07 00:00:00+00:00
[2026-04-06T12:37:41.814+0000] {processor.py:183} INFO - Processing /opt/airflow/dags/pipeline.py took 1.832 seconds
[2026-04-06T12:38:12.432+0000] {processor.py:161} INFO - Started process (PID=581) to work on /opt/airflow/dags/pipeline.py
[2026-04-06T12:38:12.436+0000] {processor.py:830} INFO - Processing file /opt/airflow/dags/pipeline.py for tasks to queue
[2026-04-06T12:38:12.444+0000] {logging_mixin.py:188} INFO - [2026-04-06T12:38:12.443+0000] {dagbag.py:545} INFO - Filling up the DagBag from /opt/airflow/dags/pipeline.py
[2026-04-06T12:38:13.754+0000] {processor.py:840} INFO - DAG(s) 'pipeline' retrieved from /opt/airflow/dags/pipeline.py
[2026-04-06T12:38:13.843+0000] {logging_mixin.py:188} INFO - [2026-04-06T12:38:13.843+0000] {dag.py:3089} INFO - Sync 1 DAGs
[2026-04-06T12:38:13.884+0000] {logging_mixin.py:188} INFO - [2026-04-06T12:38:13.883+0000] {dag.py:3947} INFO - Setting next_dagrun for pipeline to 2026-04-06 00:00:00+00:00, run_after=2026-04-07 00:00:00+00:00
[2026-04-06T12:38:13.938+0000] {processor.py:183} INFO - Processing /opt/airflow/dags/pipeline.py took 1.543 seconds
[2026-04-06T12:38:44.078+0000] {processor.py:161} INFO - Started process (PID=587) to work on /opt/airflow/dags/pipeline.py
[2026-04-06T12:38:44.080+0000] {processor.py:830} INFO - Processing file /opt/airflow/dags/pipeline.py for tasks to queue
[2026-04-06T12:38:44.083+0000] {logging_mixin.py:188} INFO - [2026-04-06T12:38:44.082+0000] {dagbag.py:545} INFO - Filling up the DagBag from /opt/airflow/dags/pipeline.py
[2026-04-06T12:38:45.259+0000] {processor.py:840} INFO - DAG(s) 'pipeline' retrieved from /opt/airflow/dags/pipeline.py
[2026-04-06T12:38:45.496+0000] {logging_mixin.py:188} INFO - [2026-04-06T12:38:45.495+0000] {dag.py:3089} INFO - Sync 1 DAGs
[2026-04-06T12:38:45.552+0000] {logging_mixin.py:188} INFO - [2026-04-06T12:38:45.552+0000] {dag.py:3947} INFO - Setting next_dagrun for pipeline to 2026-04-06 00:00:00+00:00, run_after=2026-04-07 00:00:00+00:00
[2026-04-06T12:38:45.620+0000] {processor.py:183} INFO - Processing /opt/airflow/dags/pipeline.py took 1.553 seconds
[2026-04-06T12:39:16.071+0000] {processor.py:161} INFO - Started process (PID=593) to work on /opt/airflow/dags/pipeline.py
[2026-04-06T12:39:16.073+0000] {processor.py:830} INFO - Processing file /opt/airflow/dags/pipeline.py for tasks to queue
[2026-04-06T12:39:16.077+0000] {logging_mixin.py:188} INFO - [2026-04-06T12:39:16.076+0000] {dagbag.py:545} INFO - Filling up the DagBag from /opt/airflow/dags/pipeline.py
[2026-04-06T12:39:17.255+0000] {processor.py:840} INFO - DAG(s) 'pipeline' retrieved from /opt/airflow/dags/pipeline.py
[2026-04-06T12:39:17.329+0000] {logging_mixin.py:188} INFO - [2026-04-06T12:39:17.328+0000] {dag.py:3089} INFO - Sync 1 DAGs
[2026-04-06T12:39:17.363+0000] {logging_mixin.py:188} INFO - [2026-04-06T12:39:17.363+0000] {dag.py:3947} INFO - Setting next_dagrun for pipeline to 2026-04-06 00:00:00+00:00, run_after=2026-04-07 00:00:00+00:00
[2026-04-06T12:39:17.401+0000] {processor.py:183} INFO - Processing /opt/airflow/dags/pipeline.py took 1.342 seconds
[2026-04-06T12:39:47.899+0000] {processor.py:161} INFO - Started process (PID=599) to work on /opt/airflow/dags/pipeline.py
[2026-04-06T12:39:47.902+0000] {processor.py:830} INFO - Processing file /opt/airflow/dags/pipeline.py for tasks to queue
[2026-04-06T12:39:47.918+0000] {logging_mixin.py:188} INFO - [2026-04-06T12:39:47.917+0000] {dagbag.py:545} INFO - Filling up the DagBag from /opt/airflow/dags/pipeline.py
[2026-04-06T12:39:51.796+0000] {processor.py:840} INFO - DAG(s) 'pipeline' retrieved from /opt/airflow/dags/pipeline.py
[2026-04-06T12:39:52.061+0000] {logging_mixin.py:188} INFO - [2026-04-06T12:39:52.060+0000] {dag.py:3089} INFO - Sync 1 DAGs
[2026-04-06T12:39:52.171+0000] {logging_mixin.py:188} INFO - [2026-04-06T12:39:52.170+0000] {dag.py:3947} INFO - Setting next_dagrun for pipeline to 2026-04-06 00:00:00+00:00, run_after=2026-04-07 00:00:00+00:00
[2026-04-06T12:39:52.269+0000] {processor.py:183} INFO - Processing /opt/airflow/dags/pipeline.py took 4.395 seconds
[2026-04-06T12:40:22.907+0000] {processor.py:161} INFO - Started process (PID=605) to work on /opt/airflow/dags/pipeline.py
[2026-04-06T12:40:22.909+0000] {processor.py:830} INFO - Processing file /opt/airflow/dags/pipeline.py for tasks to queue
[2026-04-06T12:40:22.913+0000] {logging_mixin.py:188} INFO - [2026-04-06T12:40:22.912+0000] {dagbag.py:545} INFO - Filling up the DagBag from /opt/airflow/dags/pipeline.py
[2026-04-06T12:40:24.848+0000] {processor.py:840} INFO - DAG(s) 'pipeline' retrieved from /opt/airflow/dags/pipeline.py
[2026-04-06T12:40:24.963+0000] {logging_mixin.py:188} INFO - [2026-04-06T12:40:24.963+0000] {dag.py:3089} INFO - Sync 1 DAGs
[2026-04-06T12:40:25.007+0000] {logging_mixin.py:188} INFO - [2026-04-06T12:40:25.006+0000] {dag.py:3947} INFO - Setting next_dagrun for pipeline to 2026-04-06 00:00:00+00:00, run_after=2026-04-07 00:00:00+00:00
[2026-04-06T12:40:25.065+0000] {processor.py:183} INFO - Processing /opt/airflow/dags/pipeline.py took 2.171 seconds
[2026-04-06T12:40:55.745+0000] {processor.py:161} INFO - Started process (PID=611) to work on /opt/airflow/dags/pipeline.py
[2026-04-06T12:40:55.748+0000] {processor.py:830} INFO - Processing file /opt/airflow/dags/pipeline.py for tasks to queue
[2026-04-06T12:40:55.760+0000] {logging_mixin.py:188} INFO - [2026-04-06T12:40:55.759+0000] {dagbag.py:545} INFO - Filling up the DagBag from /opt/airflow/dags/pipeline.py
[2026-04-06T12:40:57.303+0000] {processor.py:840} INFO - DAG(s) 'pipeline' retrieved from /opt/airflow/dags/pipeline.py
[2026-04-06T12:40:57.378+0000] {logging_mixin.py:188} INFO - [2026-04-06T12:40:57.378+0000] {dag.py:3089} INFO - Sync 1 DAGs
[2026-04-06T12:40:57.416+0000] {logging_mixin.py:188} INFO - [2026-04-06T12:40:57.415+0000] {dag.py:3947} INFO - Setting next_dagrun for pipeline to 2026-04-06 00:00:00+00:00, run_after=2026-04-07 00:00:00+00:00
[2026-04-06T12:40:57.492+0000] {processor.py:183} INFO - Processing /opt/airflow/dags/pipeline.py took 1.775 seconds
[2026-04-06T12:41:28.301+0000] {processor.py:161} INFO - Started process (PID=617) to work on /opt/airflow/dags/pipeline.py
[2026-04-06T12:41:28.305+0000] {processor.py:830} INFO - Processing file /opt/airflow/dags/pipeline.py for tasks to queue
[2026-04-06T12:41:28.312+0000] {logging_mixin.py:188} INFO - [2026-04-06T12:41:28.311+0000] {dagbag.py:545} INFO - Filling up the DagBag from /opt/airflow/dags/pipeline.py
[2026-04-06T12:41:29.382+0000] {processor.py:840} INFO - DAG(s) 'pipeline' retrieved from /opt/airflow/dags/pipeline.py
[2026-04-06T12:41:29.486+0000] {logging_mixin.py:188} INFO - [2026-04-06T12:41:29.486+0000] {dag.py:3089} INFO - Sync 1 DAGs
[2026-04-06T12:41:29.536+0000] {logging_mixin.py:188} INFO - [2026-04-06T12:41:29.536+0000] {dag.py:3947} INFO - Setting next_dagrun for pipeline to 2026-04-06 00:00:00+00:00, run_after=2026-04-07 00:00:00+00:00
[2026-04-06T12:41:29.604+0000] {processor.py:183} INFO - Processing /opt/airflow/dags/pipeline.py took 1.331 seconds
[2026-04-06T12:41:59.844+0000] {processor.py:161} INFO - Started process (PID=623) to work on /opt/airflow/dags/pipeline.py
[2026-04-06T12:41:59.846+0000] {processor.py:830} INFO - Processing file /opt/airflow/dags/pipeline.py for tasks to queue
[2026-04-06T12:41:59.850+0000] {logging_mixin.py:188} INFO - [2026-04-06T12:41:59.849+0000] {dagbag.py:545} INFO - Filling up the DagBag from /opt/airflow/dags/pipeline.py
[2026-04-06T12:42:00.925+0000] {processor.py:840} INFO - DAG(s) 'pipeline' retrieved from /opt/airflow/dags/pipeline.py
[2026-04-06T12:42:01.258+0000] {logging_mixin.py:188} INFO - [2026-04-06T12:42:01.258+0000] {dag.py:3089} INFO - Sync 1 DAGs
[2026-04-06T12:42:01.326+0000] {logging_mixin.py:188} INFO - [2026-04-06T12:42:01.325+0000] {dag.py:3947} INFO - Setting next_dagrun for pipeline to 2026-04-06 00:00:00+00:00, run_after=2026-04-07 00:00:00+00:00
[2026-04-06T12:42:01.396+0000] {processor.py:183} INFO - Processing /opt/airflow/dags/pipeline.py took 1.562 seconds
[2026-04-06T12:42:31.779+0000] {processor.py:161} INFO - Started process (PID=629) to work on /opt/airflow/dags/pipeline.py
[2026-04-06T12:42:31.781+0000] {processor.py:830} INFO - Processing file /opt/airflow/dags/pipeline.py for tasks to queue
[2026-04-06T12:42:31.784+0000] {logging_mixin.py:188} INFO - [2026-04-06T12:42:31.784+0000] {dagbag.py:545} INFO - Filling up the DagBag from /opt/airflow/dags/pipeline.py
[2026-04-06T12:42:32.882+0000] {processor.py:840} INFO - DAG(s) 'pipeline' retrieved from /opt/airflow/dags/pipeline.py
[2026-04-06T12:42:32.966+0000] {logging_mixin.py:188} INFO - [2026-04-06T12:42:32.966+0000] {dag.py:3089} INFO - Sync 1 DAGs
[2026-04-06T12:42:33.014+0000] {logging_mixin.py:188} INFO - [2026-04-06T12:42:33.014+0000] {dag.py:3947} INFO - Setting next_dagrun for pipeline to 2026-04-06 00:00:00+00:00, run_after=2026-04-07 00:00:00+00:00
[2026-04-06T12:42:33.052+0000] {processor.py:183} INFO - Processing /opt/airflow/dags/pipeline.py took 1.284 seconds
[2026-04-06T12:43:03.436+0000] {processor.py:161} INFO - Started process (PID=635) to work on /opt/airflow/dags/pipeline.py
[2026-04-06T12:43:03.440+0000] {processor.py:830} INFO - Processing file /opt/airflow/dags/pipeline.py for tasks to queue
[2026-04-06T12:43:03.445+0000] {logging_mixin.py:188} INFO - [2026-04-06T12:43:03.444+0000] {dagbag.py:545} INFO - Filling up the DagBag from /opt/airflow/dags/pipeline.py
[2026-04-06T12:43:04.967+0000] {processor.py:840} INFO - DAG(s) 'pipeline' retrieved from /opt/airflow/dags/pipeline.py
[2026-04-06T12:43:05.112+0000] {logging_mixin.py:188} INFO - [2026-04-06T12:43:05.111+0000] {dag.py:3089} INFO - Sync 1 DAGs
[2026-04-06T12:43:05.159+0000] {logging_mixin.py:188} INFO - [2026-04-06T12:43:05.159+0000] {dag.py:3947} INFO - Setting next_dagrun for pipeline to 2026-04-06 00:00:00+00:00, run_after=2026-04-07 00:00:00+00:00
[2026-04-06T12:43:05.217+0000] {processor.py:183} INFO - Processing /opt/airflow/dags/pipeline.py took 1.797 seconds
[2026-04-06T12:43:35.916+0000] {processor.py:161} INFO - Started process (PID=641) to work on /opt/airflow/dags/pipeline.py
[2026-04-06T12:43:35.918+0000] {processor.py:830} INFO - Processing file /opt/airflow/dags/pipeline.py for tasks to queue
[2026-04-06T12:43:35.922+0000] {logging_mixin.py:188} INFO - [2026-04-06T12:43:35.921+0000] {dagbag.py:545} INFO - Filling up the DagBag from /opt/airflow/dags/pipeline.py
[2026-04-06T12:43:37.055+0000] {processor.py:840} INFO - DAG(s) 'pipeline' retrieved from /opt/airflow/dags/pipeline.py
[2026-04-06T12:43:37.203+0000] {logging_mixin.py:188} INFO - [2026-04-06T12:43:37.202+0000] {dag.py:3089} INFO - Sync 1 DAGs
[2026-04-06T12:43:37.243+0000] {logging_mixin.py:188} INFO - [2026-04-06T12:43:37.243+0000] {dag.py:3947} INFO - Setting next_dagrun for pipeline to 2026-04-06 00:00:00+00:00, run_after=2026-04-07 00:00:00+00:00
[2026-04-06T12:43:37.290+0000] {processor.py:183} INFO - Processing /opt/airflow/dags/pipeline.py took 1.387 seconds
[2026-04-06T12:44:07.690+0000] {processor.py:161} INFO - Started process (PID=647) to work on /opt/airflow/dags/pipeline.py
[2026-04-06T12:44:07.691+0000] {processor.py:830} INFO - Processing file /opt/airflow/dags/pipeline.py for tasks to queue
[2026-04-06T12:44:07.694+0000] {logging_mixin.py:188} INFO - [2026-04-06T12:44:07.693+0000] {dagbag.py:545} INFO - Filling up the DagBag from /opt/airflow/dags/pipeline.py
[2026-04-06T12:44:09.119+0000] {processor.py:840} INFO - DAG(s) 'pipeline' retrieved from /opt/airflow/dags/pipeline.py
[2026-04-06T12:44:09.240+0000] {logging_mixin.py:188} INFO - [2026-04-06T12:44:09.239+0000] {dag.py:3089} INFO - Sync 1 DAGs
[2026-04-06T12:44:09.282+0000] {logging_mixin.py:188} INFO - [2026-04-06T12:44:09.282+0000] {dag.py:3947} INFO - Setting next_dagrun for pipeline to 2026-04-06 00:00:00+00:00, run_after=2026-04-07 00:00:00+00:00
[2026-04-06T12:44:09.329+0000] {processor.py:183} INFO - Processing /opt/airflow/dags/pipeline.py took 1.649 seconds
[2026-04-06T12:44:39.475+0000] {processor.py:161} INFO - Started process (PID=653) to work on /opt/airflow/dags/pipeline.py
[2026-04-06T12:44:39.477+0000] {processor.py:830} INFO - Processing file /opt/airflow/dags/pipeline.py for tasks to queue
[2026-04-06T12:44:39.480+0000] {logging_mixin.py:188} INFO - [2026-04-06T12:44:39.480+0000] {dagbag.py:545} INFO - Filling up the DagBag from /opt/airflow/dags/pipeline.py
[2026-04-06T12:44:40.763+0000] {processor.py:840} INFO - DAG(s) 'pipeline' retrieved from /opt/airflow/dags/pipeline.py
[2026-04-06T12:44:40.861+0000] {logging_mixin.py:188} INFO - [2026-04-06T12:44:40.861+0000] {dag.py:3089} INFO - Sync 1 DAGs
[2026-04-06T12:44:40.910+0000] {logging_mixin.py:188} INFO - [2026-04-06T12:44:40.909+0000] {dag.py:3947} INFO - Setting next_dagrun for pipeline to 2026-04-06 00:00:00+00:00, run_after=2026-04-07 00:00:00+00:00
[2026-04-06T12:44:40.953+0000] {processor.py:183} INFO - Processing /opt/airflow/dags/pipeline.py took 1.490 seconds
[2026-04-06T12:45:11.408+0000] {processor.py:161} INFO - Started process (PID=659) to work on /opt/airflow/dags/pipeline.py
[2026-04-06T12:45:11.410+0000] {processor.py:830} INFO - Processing file /opt/airflow/dags/pipeline.py for tasks to queue
[2026-04-06T12:45:11.414+0000] {logging_mixin.py:188} INFO - [2026-04-06T12:45:11.414+0000] {dagbag.py:545} INFO - Filling up the DagBag from /opt/airflow/dags/pipeline.py
[2026-04-06T12:45:12.650+0000] {processor.py:840} INFO - DAG(s) 'pipeline' retrieved from /opt/airflow/dags/pipeline.py
[2026-04-06T12:45:12.725+0000] {logging_mixin.py:188} INFO - [2026-04-06T12:45:12.724+0000] {dag.py:3089} INFO - Sync 1 DAGs
[2026-04-06T12:45:12.764+0000] {logging_mixin.py:188} INFO - [2026-04-06T12:45:12.764+0000] {dag.py:3947} INFO - Setting next_dagrun for pipeline to 2026-04-06 00:00:00+00:00, run_after=2026-04-07 00:00:00+00:00
[2026-04-06T12:45:12.817+0000] {processor.py:183} INFO - Processing /opt/airflow/dags/pipeline.py took 1.421 seconds
[2026-04-06T12:45:43.071+0000] {processor.py:161} INFO - Started process (PID=665) to work on /opt/airflow/dags/pipeline.py
[2026-04-06T12:45:43.074+0000] {processor.py:830} INFO - Processing file /opt/airflow/dags/pipeline.py for tasks to queue
[2026-04-06T12:45:43.078+0000] {logging_mixin.py:188} INFO - [2026-04-06T12:45:43.077+0000] {dagbag.py:545} INFO - Filling up the DagBag from /opt/airflow/dags/pipeline.py
[2026-04-06T12:45:44.339+0000] {processor.py:840} INFO - DAG(s) 'pipeline' retrieved from /opt/airflow/dags/pipeline.py
[2026-04-06T12:45:44.436+0000] {logging_mixin.py:188} INFO - [2026-04-06T12:45:44.436+0000] {dag.py:3089} INFO - Sync 1 DAGs
[2026-04-06T12:45:44.483+0000] {logging_mixin.py:188} INFO - [2026-04-06T12:45:44.483+0000] {dag.py:3947} INFO - Setting next_dagrun for pipeline to 2026-04-06 00:00:00+00:00, run_after=2026-04-07 00:00:00+00:00
[2026-04-06T12:45:44.543+0000] {processor.py:183} INFO - Processing /opt/airflow/dags/pipeline.py took 1.503 seconds
[2026-04-06T12:46:15.007+0000] {processor.py:161} INFO - Started process (PID=671) to work on /opt/airflow/dags/pipeline.py
[2026-04-06T12:46:15.010+0000] {processor.py:830} INFO - Processing file /opt/airflow/dags/pipeline.py for tasks to queue
[2026-04-06T12:46:15.014+0000] {logging_mixin.py:188} INFO - [2026-04-06T12:46:15.013+0000] {dagbag.py:545} INFO - Filling up the DagBag from /opt/airflow/dags/pipeline.py
[2026-04-06T12:46:16.467+0000] {processor.py:840} INFO - DAG(s) 'pipeline' retrieved from /opt/airflow/dags/pipeline.py
[2026-04-06T12:46:16.608+0000] {logging_mixin.py:188} INFO - [2026-04-06T12:46:16.608+0000] {dag.py:3089} INFO - Sync 1 DAGs
[2026-04-06T12:46:16.659+0000] {logging_mixin.py:188} INFO - [2026-04-06T12:46:16.659+0000] {dag.py:3947} INFO - Setting next_dagrun for pipeline to 2026-04-06 00:00:00+00:00, run_after=2026-04-07 00:00:00+00:00
[2026-04-06T12:46:16.723+0000] {processor.py:183} INFO - Processing /opt/airflow/dags/pipeline.py took 1.730 seconds
[2026-04-06T12:46:47.350+0000] {processor.py:161} INFO - Started process (PID=677) to work on /opt/airflow/dags/pipeline.py
[2026-04-06T12:46:47.354+0000] {processor.py:830} INFO - Processing file /opt/airflow/dags/pipeline.py for tasks to queue
[2026-04-06T12:46:47.360+0000] {logging_mixin.py:188} INFO - [2026-04-06T12:46:47.359+0000] {dagbag.py:545} INFO - Filling up the DagBag from /opt/airflow/dags/pipeline.py
[2026-04-06T12:46:48.742+0000] {processor.py:840} INFO - DAG(s) 'pipeline' retrieved from /opt/airflow/dags/pipeline.py
[2026-04-06T12:46:48.819+0000] {logging_mixin.py:188} INFO - [2026-04-06T12:46:48.818+0000] {dag.py:3089} INFO - Sync 1 DAGs
[2026-04-06T12:46:48.857+0000] {logging_mixin.py:188} INFO - [2026-04-06T12:46:48.857+0000] {dag.py:3947} INFO - Setting next_dagrun for pipeline to 2026-04-06 00:00:00+00:00, run_after=2026-04-07 00:00:00+00:00
[2026-04-06T12:46:48.906+0000] {processor.py:183} INFO - Processing /opt/airflow/dags/pipeline.py took 1.582 seconds
[2026-04-06T12:47:19.260+0000] {processor.py:161} INFO - Started process (PID=683) to work on /opt/airflow/dags/pipeline.py
[2026-04-06T12:47:19.262+0000] {processor.py:830} INFO - Processing file /opt/airflow/dags/pipeline.py for tasks to queue
[2026-04-06T12:47:19.265+0000] {logging_mixin.py:188} INFO - [2026-04-06T12:47:19.265+0000] {dagbag.py:545} INFO - Filling up the DagBag from /opt/airflow/dags/pipeline.py
[2026-04-06T12:47:20.322+0000] {processor.py:840} INFO - DAG(s) 'pipeline' retrieved from /opt/airflow/dags/pipeline.py
[2026-04-06T12:47:20.412+0000] {logging_mixin.py:188} INFO - [2026-04-06T12:47:20.412+0000] {dag.py:3089} INFO - Sync 1 DAGs
[2026-04-06T12:47:20.475+0000] {logging_mixin.py:188} INFO - [2026-04-06T12:47:20.475+0000] {dag.py:3947} INFO - Setting next_dagrun for pipeline to 2026-04-06 00:00:00+00:00, run_after=2026-04-07 00:00:00+00:00
[2026-04-06T12:47:20.536+0000] {processor.py:183} INFO - Processing /opt/airflow/dags/pipeline.py took 1.289 seconds
[2026-04-06T12:47:50.998+0000] {processor.py:161} INFO - Started process (PID=689) to work on /opt/airflow/dags/pipeline.py
[2026-04-06T12:47:51.001+0000] {processor.py:830} INFO - Processing file /opt/airflow/dags/pipeline.py for tasks to queue
[2026-04-06T12:47:51.007+0000] {logging_mixin.py:188} INFO - [2026-04-06T12:47:51.006+0000] {dagbag.py:545} INFO - Filling up the DagBag from /opt/airflow/dags/pipeline.py
[2026-04-06T12:47:52.638+0000] {processor.py:840} INFO - DAG(s) 'pipeline' retrieved from /opt/airflow/dags/pipeline.py
[2026-04-06T12:47:52.752+0000] {logging_mixin.py:188} INFO - [2026-04-06T12:47:52.751+0000] {dag.py:3089} INFO - Sync 1 DAGs
[2026-04-06T12:47:52.824+0000] {logging_mixin.py:188} INFO - [2026-04-06T12:47:52.824+0000] {dag.py:3947} INFO - Setting next_dagrun for pipeline to 2026-04-06 00:00:00+00:00, run_after=2026-04-07 00:00:00+00:00
[2026-04-06T12:47:52.914+0000] {processor.py:183} INFO - Processing /opt/airflow/dags/pipeline.py took 1.932 seconds
[2026-04-06T12:48:23.596+0000] {processor.py:161} INFO - Started process (PID=695) to work on /opt/airflow/dags/pipeline.py
[2026-04-06T12:48:23.600+0000] {processor.py:830} INFO - Processing file /opt/airflow/dags/pipeline.py for tasks to queue
[2026-04-06T12:48:23.612+0000] {logging_mixin.py:188} INFO - [2026-04-06T12:48:23.611+0000] {dagbag.py:545} INFO - Filling up the DagBag from /opt/airflow/dags/pipeline.py
[2026-04-06T12:48:25.357+0000] {processor.py:840} INFO - DAG(s) 'pipeline' retrieved from /opt/airflow/dags/pipeline.py
[2026-04-06T12:48:25.567+0000] {logging_mixin.py:188} INFO - [2026-04-06T12:48:25.566+0000] {dag.py:3089} INFO - Sync 1 DAGs
[2026-04-06T12:48:25.610+0000] {logging_mixin.py:188} INFO - [2026-04-06T12:48:25.610+0000] {dag.py:3947} INFO - Setting next_dagrun for pipeline to 2026-04-06 00:00:00+00:00, run_after=2026-04-07 00:00:00+00:00
[2026-04-06T12:48:25.667+0000] {processor.py:183} INFO - Processing /opt/airflow/dags/pipeline.py took 2.091 seconds
[2026-04-06T12:48:56.428+0000] {processor.py:161} INFO - Started process (PID=701) to work on /opt/airflow/dags/pipeline.py
[2026-04-06T12:48:56.437+0000] {processor.py:830} INFO - Processing file /opt/airflow/dags/pipeline.py for tasks to queue
[2026-04-06T12:48:56.447+0000] {logging_mixin.py:188} INFO - [2026-04-06T12:48:56.446+0000] {dagbag.py:545} INFO - Filling up the DagBag from /opt/airflow/dags/pipeline.py
[2026-04-06T12:49:03.164+0000] {processor.py:840} INFO - DAG(s) 'pipeline' retrieved from /opt/airflow/dags/pipeline.py
[2026-04-06T12:49:04.331+0000] {logging_mixin.py:188} INFO - [2026-04-06T12:49:04.330+0000] {dag.py:3089} INFO - Sync 1 DAGs
[2026-04-06T12:49:04.868+0000] {logging_mixin.py:188} INFO - [2026-04-06T12:49:04.867+0000] {dag.py:3947} INFO - Setting next_dagrun for pipeline to 2026-04-06 00:00:00+00:00, run_after=2026-04-07 00:00:00+00:00
[2026-04-06T12:49:05.552+0000] {processor.py:183} INFO - Processing /opt/airflow/dags/pipeline.py took 9.146 seconds
[2026-04-06T12:49:35.913+0000] {processor.py:161} INFO - Started process (PID=707) to work on /opt/airflow/dags/pipeline.py
[2026-04-06T12:49:35.916+0000] {processor.py:830} INFO - Processing file /opt/airflow/dags/pipeline.py for tasks to queue
[2026-04-06T12:49:35.922+0000] {logging_mixin.py:188} INFO - [2026-04-06T12:49:35.921+0000] {dagbag.py:545} INFO - Filling up the DagBag from /opt/airflow/dags/pipeline.py
[2026-04-06T12:49:37.131+0000] {processor.py:840} INFO - DAG(s) 'pipeline' retrieved from /opt/airflow/dags/pipeline.py
[2026-04-06T12:49:37.212+0000] {logging_mixin.py:188} INFO - [2026-04-06T12:49:37.212+0000] {dag.py:3089} INFO - Sync 1 DAGs
[2026-04-06T12:49:37.250+0000] {logging_mixin.py:188} INFO - [2026-04-06T12:49:37.250+0000] {dag.py:3947} INFO - Setting next_dagrun for pipeline to 2026-04-06 00:00:00+00:00, run_after=2026-04-07 00:00:00+00:00
[2026-04-06T12:49:37.302+0000] {processor.py:183} INFO - Processing /opt/airflow/dags/pipeline.py took 1.406 seconds
[2026-04-06T12:50:07.871+0000] {processor.py:161} INFO - Started process (PID=713) to work on /opt/airflow/dags/pipeline.py
[2026-04-06T12:50:07.873+0000] {processor.py:830} INFO - Processing file /opt/airflow/dags/pipeline.py for tasks to queue
[2026-04-06T12:50:07.876+0000] {logging_mixin.py:188} INFO - [2026-04-06T12:50:07.876+0000] {dagbag.py:545} INFO - Filling up the DagBag from /opt/airflow/dags/pipeline.py
[2026-04-06T12:50:09.066+0000] {processor.py:840} INFO - DAG(s) 'pipeline' retrieved from /opt/airflow/dags/pipeline.py
[2026-04-06T12:50:09.248+0000] {logging_mixin.py:188} INFO - [2026-04-06T12:50:09.248+0000] {dag.py:3089} INFO - Sync 1 DAGs
[2026-04-06T12:50:09.285+0000] {logging_mixin.py:188} INFO - [2026-04-06T12:50:09.285+0000] {dag.py:3947} INFO - Setting next_dagrun for pipeline to 2026-04-06 00:00:00+00:00, run_after=2026-04-07 00:00:00+00:00
[2026-04-06T12:50:09.344+0000] {processor.py:183} INFO - Processing /opt/airflow/dags/pipeline.py took 1.485 seconds
[2026-04-06T12:50:39.562+0000] {processor.py:161} INFO - Started process (PID=719) to work on /opt/airflow/dags/pipeline.py
[2026-04-06T12:50:39.568+0000] {processor.py:830} INFO - Processing file /opt/airflow/dags/pipeline.py for tasks to queue
[2026-04-06T12:50:39.577+0000] {logging_mixin.py:188} INFO - [2026-04-06T12:50:39.576+0000] {dagbag.py:545} INFO - Filling up the DagBag from /opt/airflow/dags/pipeline.py
[2026-04-06T12:50:40.722+0000] {processor.py:840} INFO - DAG(s) 'pipeline' retrieved from /opt/airflow/dags/pipeline.py
[2026-04-06T12:50:40.817+0000] {logging_mixin.py:188} INFO - [2026-04-06T12:50:40.816+0000] {dag.py:3089} INFO - Sync 1 DAGs
[2026-04-06T12:50:40.856+0000] {logging_mixin.py:188} INFO - [2026-04-06T12:50:40.856+0000] {dag.py:3947} INFO - Setting next_dagrun for pipeline to 2026-04-06 00:00:00+00:00, run_after=2026-04-07 00:00:00+00:00
[2026-04-06T12:50:40.912+0000] {processor.py:183} INFO - Processing /opt/airflow/dags/pipeline.py took 1.386 seconds
[2026-04-06T12:51:11.522+0000] {processor.py:161} INFO - Started process (PID=725) to work on /opt/airflow/dags/pipeline.py
[2026-04-06T12:51:11.525+0000] {processor.py:830} INFO - Processing file /opt/airflow/dags/pipeline.py for tasks to queue
[2026-04-06T12:51:11.531+0000] {logging_mixin.py:188} INFO - [2026-04-06T12:51:11.529+0000] {dagbag.py:545} INFO - Filling up the DagBag from /opt/airflow/dags/pipeline.py
[2026-04-06T12:51:12.661+0000] {processor.py:840} INFO - DAG(s) 'pipeline' retrieved from /opt/airflow/dags/pipeline.py
[2026-04-06T12:51:12.762+0000] {logging_mixin.py:188} INFO - [2026-04-06T12:51:12.762+0000] {dag.py:3089} INFO - Sync 1 DAGs
[2026-04-06T12:51:12.806+0000] {logging_mixin.py:188} INFO - [2026-04-06T12:51:12.806+0000] {dag.py:3947} INFO - Setting next_dagrun for pipeline to 2026-04-06 00:00:00+00:00, run_after=2026-04-07 00:00:00+00:00
[2026-04-06T12:51:12.865+0000] {processor.py:183} INFO - Processing /opt/airflow/dags/pipeline.py took 1.362 seconds
[2026-04-06T12:51:43.166+0000] {processor.py:161} INFO - Started process (PID=731) to work on /opt/airflow/dags/pipeline.py
[2026-04-06T12:51:43.170+0000] {processor.py:830} INFO - Processing file /opt/airflow/dags/pipeline.py for tasks to queue
[2026-04-06T12:51:43.173+0000] {logging_mixin.py:188} INFO - [2026-04-06T12:51:43.172+0000] {dagbag.py:545} INFO - Filling up the DagBag from /opt/airflow/dags/pipeline.py
[2026-04-06T12:51:44.803+0000] {processor.py:840} INFO - DAG(s) 'pipeline' retrieved from /opt/airflow/dags/pipeline.py
[2026-04-06T12:51:45.067+0000] {logging_mixin.py:188} INFO - [2026-04-06T12:51:45.066+0000] {dag.py:3089} INFO - Sync 1 DAGs
[2026-04-06T12:51:45.113+0000] {logging_mixin.py:188} INFO - [2026-04-06T12:51:45.112+0000] {dag.py:3947} INFO - Setting next_dagrun for pipeline to 2026-04-06 00:00:00+00:00, run_after=2026-04-07 00:00:00+00:00
[2026-04-06T12:51:45.184+0000] {processor.py:183} INFO - Processing /opt/airflow/dags/pipeline.py took 2.039 seconds
[2026-04-06T12:52:15.711+0000] {processor.py:161} INFO - Started process (PID=737) to work on /opt/airflow/dags/pipeline.py
[2026-04-06T12:52:15.713+0000] {processor.py:830} INFO - Processing file /opt/airflow/dags/pipeline.py for tasks to queue
[2026-04-06T12:52:15.716+0000] {logging_mixin.py:188} INFO - [2026-04-06T12:52:15.716+0000] {dagbag.py:545} INFO - Filling up the DagBag from /opt/airflow/dags/pipeline.py
[2026-04-06T12:52:16.863+0000] {processor.py:840} INFO - DAG(s) 'pipeline' retrieved from /opt/airflow/dags/pipeline.py
[2026-04-06T12:52:16.952+0000] {logging_mixin.py:188} INFO - [2026-04-06T12:52:16.952+0000] {dag.py:3089} INFO - Sync 1 DAGs
[2026-04-06T12:52:16.996+0000] {logging_mixin.py:188} INFO - [2026-04-06T12:52:16.995+0000] {dag.py:3947} INFO - Setting next_dagrun for pipeline to 2026-04-06 00:00:00+00:00, run_after=2026-04-07 00:00:00+00:00
[2026-04-06T12:52:17.036+0000] {processor.py:183} INFO - Processing /opt/airflow/dags/pipeline.py took 1.335 seconds
[2026-04-06T12:52:47.299+0000] {processor.py:161} INFO - Started process (PID=743) to work on /opt/airflow/dags/pipeline.py
[2026-04-06T12:52:47.301+0000] {processor.py:830} INFO - Processing file /opt/airflow/dags/pipeline.py for tasks to queue
[2026-04-06T12:52:47.304+0000] {logging_mixin.py:188} INFO - [2026-04-06T12:52:47.303+0000] {dagbag.py:545} INFO - Filling up the DagBag from /opt/airflow/dags/pipeline.py
[2026-04-06T12:52:48.340+0000] {processor.py:840} INFO - DAG(s) 'pipeline' retrieved from /opt/airflow/dags/pipeline.py
[2026-04-06T12:52:48.437+0000] {logging_mixin.py:188} INFO - [2026-04-06T12:52:48.437+0000] {dag.py:3089} INFO - Sync 1 DAGs
[2026-04-06T12:52:48.475+0000] {logging_mixin.py:188} INFO - [2026-04-06T12:52:48.475+0000] {dag.py:3947} INFO - Setting next_dagrun for pipeline to 2026-04-06 00:00:00+00:00, run_after=2026-04-07 00:00:00+00:00
[2026-04-06T12:52:48.526+0000] {processor.py:183} INFO - Processing /opt/airflow/dags/pipeline.py took 1.235 seconds
[2026-04-06T12:53:18.923+0000] {processor.py:161} INFO - Started process (PID=749) to work on /opt/airflow/dags/pipeline.py
[2026-04-06T12:53:18.928+0000] {processor.py:830} INFO - Processing file /opt/airflow/dags/pipeline.py for tasks to queue
[2026-04-06T12:53:18.936+0000] {logging_mixin.py:188} INFO - [2026-04-06T12:53:18.934+0000] {dagbag.py:545} INFO - Filling up the DagBag from /opt/airflow/dags/pipeline.py
[2026-04-06T12:53:20.262+0000] {processor.py:840} INFO - DAG(s) 'pipeline' retrieved from /opt/airflow/dags/pipeline.py
[2026-04-06T12:53:20.358+0000] {logging_mixin.py:188} INFO - [2026-04-06T12:53:20.358+0000] {dag.py:3089} INFO - Sync 1 DAGs
[2026-04-06T12:53:20.396+0000] {logging_mixin.py:188} INFO - [2026-04-06T12:53:20.396+0000] {dag.py:3947} INFO - Setting next_dagrun for pipeline to 2026-04-06 00:00:00+00:00, run_after=2026-04-07 00:00:00+00:00
[2026-04-06T12:53:20.458+0000] {processor.py:183} INFO - Processing /opt/airflow/dags/pipeline.py took 1.566 seconds
[2026-04-06T12:53:50.669+0000] {processor.py:161} INFO - Started process (PID=755) to work on /opt/airflow/dags/pipeline.py
[2026-04-06T12:53:50.674+0000] {processor.py:830} INFO - Processing file /opt/airflow/dags/pipeline.py for tasks to queue
[2026-04-06T12:53:50.683+0000] {logging_mixin.py:188} INFO - [2026-04-06T12:53:50.682+0000] {dagbag.py:545} INFO - Filling up the DagBag from /opt/airflow/dags/pipeline.py
[2026-04-06T12:53:51.794+0000] {processor.py:840} INFO - DAG(s) 'pipeline' retrieved from /opt/airflow/dags/pipeline.py
[2026-04-06T12:53:51.882+0000] {logging_mixin.py:188} INFO - [2026-04-06T12:53:51.882+0000] {dag.py:3089} INFO - Sync 1 DAGs
[2026-04-06T12:53:51.917+0000] {logging_mixin.py:188} INFO - [2026-04-06T12:53:51.917+0000] {dag.py:3947} INFO - Setting next_dagrun for pipeline to 2026-04-06 00:00:00+00:00, run_after=2026-04-07 00:00:00+00:00
[2026-04-06T12:53:51.964+0000] {processor.py:183} INFO - Processing /opt/airflow/dags/pipeline.py took 1.326 seconds
[2026-04-06T12:54:22.506+0000] {processor.py:161} INFO - Started process (PID=761) to work on /opt/airflow/dags/pipeline.py
[2026-04-06T12:54:22.511+0000] {processor.py:830} INFO - Processing file /opt/airflow/dags/pipeline.py for tasks to queue
[2026-04-06T12:54:22.521+0000] {logging_mixin.py:188} INFO - [2026-04-06T12:54:22.519+0000] {dagbag.py:545} INFO - Filling up the DagBag from /opt/airflow/dags/pipeline.py
[2026-04-06T12:54:23.702+0000] {processor.py:840} INFO - DAG(s) 'pipeline' retrieved from /opt/airflow/dags/pipeline.py
[2026-04-06T12:54:23.803+0000] {logging_mixin.py:188} INFO - [2026-04-06T12:54:23.803+0000] {dag.py:3089} INFO - Sync 1 DAGs
[2026-04-06T12:54:23.851+0000] {logging_mixin.py:188} INFO - [2026-04-06T12:54:23.850+0000] {dag.py:3947} INFO - Setting next_dagrun for pipeline to 2026-04-06 00:00:00+00:00, run_after=2026-04-07 00:00:00+00:00
[2026-04-06T12:54:23.908+0000] {processor.py:183} INFO - Processing /opt/airflow/dags/pipeline.py took 1.432 seconds
[2026-04-06T12:54:54.034+0000] {processor.py:161} INFO - Started process (PID=767) to work on /opt/airflow/dags/pipeline.py
[2026-04-06T12:54:54.036+0000] {processor.py:830} INFO - Processing file /opt/airflow/dags/pipeline.py for tasks to queue
[2026-04-06T12:54:54.040+0000] {logging_mixin.py:188} INFO - [2026-04-06T12:54:54.039+0000] {dagbag.py:545} INFO - Filling up the DagBag from /opt/airflow/dags/pipeline.py
[2026-04-06T12:54:55.153+0000] {processor.py:840} INFO - DAG(s) 'pipeline' retrieved from /opt/airflow/dags/pipeline.py
[2026-04-06T12:54:55.242+0000] {logging_mixin.py:188} INFO - [2026-04-06T12:54:55.242+0000] {dag.py:3089} INFO - Sync 1 DAGs
[2026-04-06T12:54:55.277+0000] {logging_mixin.py:188} INFO - [2026-04-06T12:54:55.276+0000] {dag.py:3947} INFO - Setting next_dagrun for pipeline to 2026-04-06 00:00:00+00:00, run_after=2026-04-07 00:00:00+00:00
[2026-04-06T12:54:55.316+0000] {processor.py:183} INFO - Processing /opt/airflow/dags/pipeline.py took 1.297 seconds
[2026-04-06T12:55:25.497+0000] {processor.py:161} INFO - Started process (PID=773) to work on /opt/airflow/dags/pipeline.py
[2026-04-06T12:55:25.499+0000] {processor.py:830} INFO - Processing file /opt/airflow/dags/pipeline.py for tasks to queue
[2026-04-06T12:55:25.501+0000] {logging_mixin.py:188} INFO - [2026-04-06T12:55:25.501+0000] {dagbag.py:545} INFO - Filling up the DagBag from /opt/airflow/dags/pipeline.py
[2026-04-06T12:55:26.704+0000] {processor.py:840} INFO - DAG(s) 'pipeline' retrieved from /opt/airflow/dags/pipeline.py
[2026-04-06T12:55:26.800+0000] {logging_mixin.py:188} INFO - [2026-04-06T12:55:26.800+0000] {dag.py:3089} INFO - Sync 1 DAGs
[2026-04-06T12:55:26.843+0000] {logging_mixin.py:188} INFO - [2026-04-06T12:55:26.842+0000] {dag.py:3947} INFO - Setting next_dagrun for pipeline to 2026-04-06 00:00:00+00:00, run_after=2026-04-07 00:00:00+00:00
[2026-04-06T12:55:26.898+0000] {processor.py:183} INFO - Processing /opt/airflow/dags/pipeline.py took 1.409 seconds
[2026-04-06T12:55:57.496+0000] {processor.py:161} INFO - Started process (PID=779) to work on /opt/airflow/dags/pipeline.py
[2026-04-06T12:55:57.498+0000] {processor.py:830} INFO - Processing file /opt/airflow/dags/pipeline.py for tasks to queue
[2026-04-06T12:55:57.500+0000] {logging_mixin.py:188} INFO - [2026-04-06T12:55:57.500+0000] {dagbag.py:545} INFO - Filling up the DagBag from /opt/airflow/dags/pipeline.py
[2026-04-06T12:55:58.588+0000] {processor.py:840} INFO - DAG(s) 'pipeline' retrieved from /opt/airflow/dags/pipeline.py
[2026-04-06T12:55:58.681+0000] {logging_mixin.py:188} INFO - [2026-04-06T12:55:58.681+0000] {dag.py:3089} INFO - Sync 1 DAGs
[2026-04-06T12:55:58.720+0000] {logging_mixin.py:188} INFO - [2026-04-06T12:55:58.720+0000] {dag.py:3947} INFO - Setting next_dagrun for pipeline to 2026-04-06 00:00:00+00:00, run_after=2026-04-07 00:00:00+00:00
[2026-04-06T12:55:58.779+0000] {processor.py:183} INFO - Processing /opt/airflow/dags/pipeline.py took 1.290 seconds
[2026-04-06T12:56:29.146+0000] {processor.py:161} INFO - Started process (PID=785) to work on /opt/airflow/dags/pipeline.py
[2026-04-06T12:56:29.152+0000] {processor.py:830} INFO - Processing file /opt/airflow/dags/pipeline.py for tasks to queue
[2026-04-06T12:56:29.159+0000] {logging_mixin.py:188} INFO - [2026-04-06T12:56:29.158+0000] {dagbag.py:545} INFO - Filling up the DagBag from /opt/airflow/dags/pipeline.py
[2026-04-06T12:56:30.212+0000] {processor.py:840} INFO - DAG(s) 'pipeline' retrieved from /opt/airflow/dags/pipeline.py
[2026-04-06T12:56:30.290+0000] {logging_mixin.py:188} INFO - [2026-04-06T12:56:30.290+0000] {dag.py:3089} INFO - Sync 1 DAGs
[2026-04-06T12:56:30.327+0000] {logging_mixin.py:188} INFO - [2026-04-06T12:56:30.326+0000] {dag.py:3947} INFO - Setting next_dagrun for pipeline to 2026-04-06 00:00:00+00:00, run_after=2026-04-07 00:00:00+00:00
[2026-04-06T12:56:30.361+0000] {processor.py:183} INFO - Processing /opt/airflow/dags/pipeline.py took 1.249 seconds
[2026-04-06T12:57:00.957+0000] {processor.py:161} INFO - Started process (PID=791) to work on /opt/airflow/dags/pipeline.py
[2026-04-06T12:57:00.961+0000] {processor.py:830} INFO - Processing file /opt/airflow/dags/pipeline.py for tasks to queue
[2026-04-06T12:57:00.971+0000] {logging_mixin.py:188} INFO - [2026-04-06T12:57:00.970+0000] {dagbag.py:545} INFO - Filling up the DagBag from /opt/airflow/dags/pipeline.py
[2026-04-06T12:57:02.124+0000] {processor.py:840} INFO - DAG(s) 'pipeline' retrieved from /opt/airflow/dags/pipeline.py
[2026-04-06T12:57:02.209+0000] {logging_mixin.py:188} INFO - [2026-04-06T12:57:02.209+0000] {dag.py:3089} INFO - Sync 1 DAGs
[2026-04-06T12:57:02.242+0000] {logging_mixin.py:188} INFO - [2026-04-06T12:57:02.242+0000] {dag.py:3947} INFO - Setting next_dagrun for pipeline to 2026-04-06 00:00:00+00:00, run_after=2026-04-07 00:00:00+00:00
[2026-04-06T12:57:02.289+0000] {processor.py:183} INFO - Processing /opt/airflow/dags/pipeline.py took 1.359 seconds
[2026-04-06T12:57:32.542+0000] {processor.py:161} INFO - Started process (PID=797) to work on /opt/airflow/dags/pipeline.py
[2026-04-06T12:57:32.548+0000] {processor.py:830} INFO - Processing file /opt/airflow/dags/pipeline.py for tasks to queue
[2026-04-06T12:57:32.560+0000] {logging_mixin.py:188} INFO - [2026-04-06T12:57:32.558+0000] {dagbag.py:545} INFO - Filling up the DagBag from /opt/airflow/dags/pipeline.py
[2026-04-06T12:57:33.676+0000] {processor.py:840} INFO - DAG(s) 'pipeline' retrieved from /opt/airflow/dags/pipeline.py
[2026-04-06T12:57:33.762+0000] {logging_mixin.py:188} INFO - [2026-04-06T12:57:33.762+0000] {dag.py:3089} INFO - Sync 1 DAGs
[2026-04-06T12:57:33.796+0000] {logging_mixin.py:188} INFO - [2026-04-06T12:57:33.796+0000] {dag.py:3947} INFO - Setting next_dagrun for pipeline to 2026-04-06 00:00:00+00:00, run_after=2026-04-07 00:00:00+00:00
[2026-04-06T12:57:33.848+0000] {processor.py:183} INFO - Processing /opt/airflow/dags/pipeline.py took 1.342 seconds
[2026-04-06T12:58:04.386+0000] {processor.py:161} INFO - Started process (PID=803) to work on /opt/airflow/dags/pipeline.py
[2026-04-06T12:58:04.388+0000] {processor.py:830} INFO - Processing file /opt/airflow/dags/pipeline.py for tasks to queue
[2026-04-06T12:58:04.391+0000] {logging_mixin.py:188} INFO - [2026-04-06T12:58:04.391+0000] {dagbag.py:545} INFO - Filling up the DagBag from /opt/airflow/dags/pipeline.py
[2026-04-06T12:58:05.462+0000] {processor.py:840} INFO - DAG(s) 'pipeline' retrieved from /opt/airflow/dags/pipeline.py
[2026-04-06T12:58:05.538+0000] {logging_mixin.py:188} INFO - [2026-04-06T12:58:05.538+0000] {dag.py:3089} INFO - Sync 1 DAGs
[2026-04-06T12:58:05.574+0000] {logging_mixin.py:188} INFO - [2026-04-06T12:58:05.574+0000] {dag.py:3947} INFO - Setting next_dagrun for pipeline to 2026-04-06 00:00:00+00:00, run_after=2026-04-07 00:00:00+00:00
[2026-04-06T12:58:05.633+0000] {processor.py:183} INFO - Processing /opt/airflow/dags/pipeline.py took 1.262 seconds
[2026-04-06T12:58:35.926+0000] {processor.py:161} INFO - Started process (PID=809) to work on /opt/airflow/dags/pipeline.py
[2026-04-06T12:58:35.929+0000] {processor.py:830} INFO - Processing file /opt/airflow/dags/pipeline.py for tasks to queue
[2026-04-06T12:58:35.935+0000] {logging_mixin.py:188} INFO - [2026-04-06T12:58:35.934+0000] {dagbag.py:545} INFO - Filling up the DagBag from /opt/airflow/dags/pipeline.py
[2026-04-06T12:58:37.917+0000] {processor.py:840} INFO - DAG(s) 'pipeline' retrieved from /opt/airflow/dags/pipeline.py
[2026-04-06T12:58:38.046+0000] {logging_mixin.py:188} INFO - [2026-04-06T12:58:38.045+0000] {dag.py:3089} INFO - Sync 1 DAGs
[2026-04-06T12:58:38.098+0000] {logging_mixin.py:188} INFO - [2026-04-06T12:58:38.097+0000] {dag.py:3947} INFO - Setting next_dagrun for pipeline to 2026-04-06 00:00:00+00:00, run_after=2026-04-07 00:00:00+00:00
[2026-04-06T12:58:38.173+0000] {processor.py:183} INFO - Processing /opt/airflow/dags/pipeline.py took 2.261 seconds
[2026-04-06T12:59:08.683+0000] {processor.py:161} INFO - Started process (PID=815) to work on /opt/airflow/dags/pipeline.py
[2026-04-06T12:59:08.685+0000] {processor.py:830} INFO - Processing file /opt/airflow/dags/pipeline.py for tasks to queue
[2026-04-06T12:59:08.688+0000] {logging_mixin.py:188} INFO - [2026-04-06T12:59:08.687+0000] {dagbag.py:545} INFO - Filling up the DagBag from /opt/airflow/dags/pipeline.py
[2026-04-06T12:59:09.722+0000] {processor.py:840} INFO - DAG(s) 'pipeline' retrieved from /opt/airflow/dags/pipeline.py
[2026-04-06T12:59:09.792+0000] {logging_mixin.py:188} INFO - [2026-04-06T12:59:09.792+0000] {dag.py:3089} INFO - Sync 1 DAGs
[2026-04-06T12:59:09.829+0000] {logging_mixin.py:188} INFO - [2026-04-06T12:59:09.828+0000] {dag.py:3947} INFO - Setting next_dagrun for pipeline to 2026-04-06 00:00:00+00:00, run_after=2026-04-07 00:00:00+00:00
[2026-04-06T12:59:09.868+0000] {processor.py:183} INFO - Processing /opt/airflow/dags/pipeline.py took 1.193 seconds
[2026-04-06T12:59:40.356+0000] {processor.py:161} INFO - Started process (PID=821) to work on /opt/airflow/dags/pipeline.py
[2026-04-06T12:59:40.361+0000] {processor.py:830} INFO - Processing file /opt/airflow/dags/pipeline.py for tasks to queue
[2026-04-06T12:59:40.371+0000] {logging_mixin.py:188} INFO - [2026-04-06T12:59:40.370+0000] {dagbag.py:545} INFO - Filling up the DagBag from /opt/airflow/dags/pipeline.py
[2026-04-06T12:59:41.407+0000] {processor.py:840} INFO - DAG(s) 'pipeline' retrieved from /opt/airflow/dags/pipeline.py
[2026-04-06T12:59:41.483+0000] {logging_mixin.py:188} INFO - [2026-04-06T12:59:41.483+0000] {dag.py:3089} INFO - Sync 1 DAGs
[2026-04-06T12:59:41.518+0000] {logging_mixin.py:188} INFO - [2026-04-06T12:59:41.518+0000] {dag.py:3947} INFO - Setting next_dagrun for pipeline to 2026-04-06 00:00:00+00:00, run_after=2026-04-07 00:00:00+00:00
[2026-04-06T12:59:41.556+0000] {processor.py:183} INFO - Processing /opt/airflow/dags/pipeline.py took 1.232 seconds
[2026-04-06T13:00:12.128+0000] {processor.py:161} INFO - Started process (PID=827) to work on /opt/airflow/dags/pipeline.py
[2026-04-06T13:00:12.132+0000] {processor.py:830} INFO - Processing file /opt/airflow/dags/pipeline.py for tasks to queue
[2026-04-06T13:00:12.140+0000] {logging_mixin.py:188} INFO - [2026-04-06T13:00:12.139+0000] {dagbag.py:545} INFO - Filling up the DagBag from /opt/airflow/dags/pipeline.py
[2026-04-06T13:00:13.374+0000] {processor.py:840} INFO - DAG(s) 'pipeline' retrieved from /opt/airflow/dags/pipeline.py
[2026-04-06T13:00:13.492+0000] {logging_mixin.py:188} INFO - [2026-04-06T13:00:13.492+0000] {dag.py:3089} INFO - Sync 1 DAGs
[2026-04-06T13:00:13.536+0000] {logging_mixin.py:188} INFO - [2026-04-06T13:00:13.536+0000] {dag.py:3947} INFO - Setting next_dagrun for pipeline to 2026-04-06 00:00:00+00:00, run_after=2026-04-07 00:00:00+00:00
[2026-04-06T13:00:13.580+0000] {processor.py:183} INFO - Processing /opt/airflow/dags/pipeline.py took 1.477 seconds
[2026-04-06T13:00:44.037+0000] {processor.py:161} INFO - Started process (PID=833) to work on /opt/airflow/dags/pipeline.py
[2026-04-06T13:00:44.041+0000] {processor.py:830} INFO - Processing file /opt/airflow/dags/pipeline.py for tasks to queue
[2026-04-06T13:00:44.045+0000] {logging_mixin.py:188} INFO - [2026-04-06T13:00:44.044+0000] {dagbag.py:545} INFO - Filling up the DagBag from /opt/airflow/dags/pipeline.py
[2026-04-06T13:00:45.164+0000] {processor.py:840} INFO - DAG(s) 'pipeline' retrieved from /opt/airflow/dags/pipeline.py
[2026-04-06T13:00:45.235+0000] {logging_mixin.py:188} INFO - [2026-04-06T13:00:45.235+0000] {dag.py:3089} INFO - Sync 1 DAGs
[2026-04-06T13:00:45.268+0000] {logging_mixin.py:188} INFO - [2026-04-06T13:00:45.268+0000] {dag.py:3947} INFO - Setting next_dagrun for pipeline to 2026-04-06 00:00:00+00:00, run_after=2026-04-07 00:00:00+00:00
[2026-04-06T13:00:45.307+0000] {processor.py:183} INFO - Processing /opt/airflow/dags/pipeline.py took 1.293 seconds
[2026-04-06T13:01:15.840+0000] {processor.py:161} INFO - Started process (PID=839) to work on /opt/airflow/dags/pipeline.py
[2026-04-06T13:01:15.845+0000] {processor.py:830} INFO - Processing file /opt/airflow/dags/pipeline.py for tasks to queue
[2026-04-06T13:01:15.857+0000] {logging_mixin.py:188} INFO - [2026-04-06T13:01:15.856+0000] {dagbag.py:545} INFO - Filling up the DagBag from /opt/airflow/dags/pipeline.py
[2026-04-06T13:01:16.937+0000] {processor.py:840} INFO - DAG(s) 'pipeline' retrieved from /opt/airflow/dags/pipeline.py
[2026-04-06T13:01:17.033+0000] {logging_mixin.py:188} INFO - [2026-04-06T13:01:17.033+0000] {dag.py:3089} INFO - Sync 1 DAGs
[2026-04-06T13:01:17.069+0000] {logging_mixin.py:188} INFO - [2026-04-06T13:01:17.069+0000] {dag.py:3947} INFO - Setting next_dagrun for pipeline to 2026-04-06 00:00:00+00:00, run_after=2026-04-07 00:00:00+00:00
[2026-04-06T13:01:17.106+0000] {processor.py:183} INFO - Processing /opt/airflow/dags/pipeline.py took 1.295 seconds
[2026-04-06T13:01:47.651+0000] {processor.py:161} INFO - Started process (PID=845) to work on /opt/airflow/dags/pipeline.py
[2026-04-06T13:01:47.655+0000] {processor.py:830} INFO - Processing file /opt/airflow/dags/pipeline.py for tasks to queue
[2026-04-06T13:01:47.662+0000] {logging_mixin.py:188} INFO - [2026-04-06T13:01:47.661+0000] {dagbag.py:545} INFO - Filling up the DagBag from /opt/airflow/dags/pipeline.py
[2026-04-06T13:01:48.841+0000] {processor.py:840} INFO - DAG(s) 'pipeline' retrieved from /opt/airflow/dags/pipeline.py
[2026-04-06T13:01:48.927+0000] {logging_mixin.py:188} INFO - [2026-04-06T13:01:48.927+0000] {dag.py:3089} INFO - Sync 1 DAGs
[2026-04-06T13:01:48.964+0000] {logging_mixin.py:188} INFO - [2026-04-06T13:01:48.964+0000] {dag.py:3947} INFO - Setting next_dagrun for pipeline to 2026-04-06 00:00:00+00:00, run_after=2026-04-07 00:00:00+00:00
[2026-04-06T13:01:49.001+0000] {processor.py:183} INFO - Processing /opt/airflow/dags/pipeline.py took 1.376 seconds
[2026-04-06T13:02:19.285+0000] {processor.py:161} INFO - Started process (PID=851) to work on /opt/airflow/dags/pipeline.py
[2026-04-06T13:02:19.287+0000] {processor.py:830} INFO - Processing file /opt/airflow/dags/pipeline.py for tasks to queue
[2026-04-06T13:02:19.290+0000] {logging_mixin.py:188} INFO - [2026-04-06T13:02:19.289+0000] {dagbag.py:545} INFO - Filling up the DagBag from /opt/airflow/dags/pipeline.py
[2026-04-06T13:02:20.295+0000] {processor.py:840} INFO - DAG(s) 'pipeline' retrieved from /opt/airflow/dags/pipeline.py
[2026-04-06T13:02:20.386+0000] {logging_mixin.py:188} INFO - [2026-04-06T13:02:20.386+0000] {dag.py:3089} INFO - Sync 1 DAGs
[2026-04-06T13:02:20.428+0000] {logging_mixin.py:188} INFO - [2026-04-06T13:02:20.427+0000] {dag.py:3947} INFO - Setting next_dagrun for pipeline to 2026-04-06 00:00:00+00:00, run_after=2026-04-07 00:00:00+00:00
[2026-04-06T13:02:20.476+0000] {processor.py:183} INFO - Processing /opt/airflow/dags/pipeline.py took 1.200 seconds
[2026-04-06T13:02:50.904+0000] {processor.py:161} INFO - Started process (PID=857) to work on /opt/airflow/dags/pipeline.py
[2026-04-06T13:02:50.906+0000] {processor.py:830} INFO - Processing file /opt/airflow/dags/pipeline.py for tasks to queue
[2026-04-06T13:02:50.910+0000] {logging_mixin.py:188} INFO - [2026-04-06T13:02:50.909+0000] {dagbag.py:545} INFO - Filling up the DagBag from /opt/airflow/dags/pipeline.py
[2026-04-06T13:02:51.946+0000] {processor.py:840} INFO - DAG(s) 'pipeline' retrieved from /opt/airflow/dags/pipeline.py
[2026-04-06T13:02:52.018+0000] {logging_mixin.py:188} INFO - [2026-04-06T13:02:52.017+0000] {dag.py:3089} INFO - Sync 1 DAGs
[2026-04-06T13:02:52.051+0000] {logging_mixin.py:188} INFO - [2026-04-06T13:02:52.051+0000] {dag.py:3947} INFO - Setting next_dagrun for pipeline to 2026-04-06 00:00:00+00:00, run_after=2026-04-07 00:00:00+00:00
[2026-04-06T13:02:52.087+0000] {processor.py:183} INFO - Processing /opt/airflow/dags/pipeline.py took 1.206 seconds
[2026-04-06T13:03:22.748+0000] {processor.py:161} INFO - Started process (PID=863) to work on /opt/airflow/dags/pipeline.py
[2026-04-06T13:03:22.750+0000] {processor.py:830} INFO - Processing file /opt/airflow/dags/pipeline.py for tasks to queue
[2026-04-06T13:03:22.755+0000] {logging_mixin.py:188} INFO - [2026-04-06T13:03:22.754+0000] {dagbag.py:545} INFO - Filling up the DagBag from /opt/airflow/dags/pipeline.py
[2026-04-06T13:03:23.816+0000] {processor.py:840} INFO - DAG(s) 'pipeline' retrieved from /opt/airflow/dags/pipeline.py
[2026-04-06T13:03:23.888+0000] {logging_mixin.py:188} INFO - [2026-04-06T13:03:23.888+0000] {dag.py:3089} INFO - Sync 1 DAGs
[2026-04-06T13:03:23.921+0000] {logging_mixin.py:188} INFO - [2026-04-06T13:03:23.921+0000] {dag.py:3947} INFO - Setting next_dagrun for pipeline to 2026-04-06 00:00:00+00:00, run_after=2026-04-07 00:00:00+00:00
[2026-04-06T13:03:23.959+0000] {processor.py:183} INFO - Processing /opt/airflow/dags/pipeline.py took 1.233 seconds
[2026-04-06T13:03:54.382+0000] {processor.py:161} INFO - Started process (PID=869) to work on /opt/airflow/dags/pipeline.py
[2026-04-06T13:03:54.391+0000] {processor.py:830} INFO - Processing file /opt/airflow/dags/pipeline.py for tasks to queue
[2026-04-06T13:03:54.397+0000] {logging_mixin.py:188} INFO - [2026-04-06T13:03:54.396+0000] {dagbag.py:545} INFO - Filling up the DagBag from /opt/airflow/dags/pipeline.py
[2026-04-06T13:03:55.510+0000] {processor.py:840} INFO - DAG(s) 'pipeline' retrieved from /opt/airflow/dags/pipeline.py
[2026-04-06T13:03:55.596+0000] {logging_mixin.py:188} INFO - [2026-04-06T13:03:55.596+0000] {dag.py:3089} INFO - Sync 1 DAGs
[2026-04-06T13:03:55.636+0000] {logging_mixin.py:188} INFO - [2026-04-06T13:03:55.636+0000] {dag.py:3947} INFO - Setting next_dagrun for pipeline to 2026-04-06 00:00:00+00:00, run_after=2026-04-07 00:00:00+00:00
[2026-04-06T13:03:55.682+0000] {processor.py:183} INFO - Processing /opt/airflow/dags/pipeline.py took 1.322 seconds
[2026-04-06T13:04:26.278+0000] {processor.py:161} INFO - Started process (PID=875) to work on /opt/airflow/dags/pipeline.py
[2026-04-06T13:04:26.283+0000] {processor.py:830} INFO - Processing file /opt/airflow/dags/pipeline.py for tasks to queue
[2026-04-06T13:04:26.291+0000] {logging_mixin.py:188} INFO - [2026-04-06T13:04:26.289+0000] {dagbag.py:545} INFO - Filling up the DagBag from /opt/airflow/dags/pipeline.py
[2026-04-06T13:04:27.640+0000] {processor.py:840} INFO - DAG(s) 'pipeline' retrieved from /opt/airflow/dags/pipeline.py
[2026-04-06T13:04:27.724+0000] {logging_mixin.py:188} INFO - [2026-04-06T13:04:27.724+0000] {dag.py:3089} INFO - Sync 1 DAGs
[2026-04-06T13:04:27.758+0000] {logging_mixin.py:188} INFO - [2026-04-06T13:04:27.758+0000] {dag.py:3947} INFO - Setting next_dagrun for pipeline to 2026-04-06 00:00:00+00:00, run_after=2026-04-07 00:00:00+00:00
[2026-04-06T13:04:27.809+0000] {processor.py:183} INFO - Processing /opt/airflow/dags/pipeline.py took 1.564 seconds
[2026-04-06T13:04:58.436+0000] {processor.py:161} INFO - Started process (PID=881) to work on /opt/airflow/dags/pipeline.py
[2026-04-06T13:04:58.437+0000] {processor.py:830} INFO - Processing file /opt/airflow/dags/pipeline.py for tasks to queue
[2026-04-06T13:04:58.440+0000] {logging_mixin.py:188} INFO - [2026-04-06T13:04:58.440+0000] {dagbag.py:545} INFO - Filling up the DagBag from /opt/airflow/dags/pipeline.py
[2026-04-06T13:04:59.571+0000] {processor.py:840} INFO - DAG(s) 'pipeline' retrieved from /opt/airflow/dags/pipeline.py
[2026-04-06T13:04:59.669+0000] {logging_mixin.py:188} INFO - [2026-04-06T13:04:59.669+0000] {dag.py:3089} INFO - Sync 1 DAGs
[2026-04-06T13:04:59.712+0000] {logging_mixin.py:188} INFO - [2026-04-06T13:04:59.711+0000] {dag.py:3947} INFO - Setting next_dagrun for pipeline to 2026-04-06 00:00:00+00:00, run_after=2026-04-07 00:00:00+00:00
[2026-04-06T13:04:59.770+0000] {processor.py:183} INFO - Processing /opt/airflow/dags/pipeline.py took 1.345 seconds
[2026-04-06T13:05:30.056+0000] {processor.py:161} INFO - Started process (PID=887) to work on /opt/airflow/dags/pipeline.py
[2026-04-06T13:05:30.059+0000] {processor.py:830} INFO - Processing file /opt/airflow/dags/pipeline.py for tasks to queue
[2026-04-06T13:05:30.064+0000] {logging_mixin.py:188} INFO - [2026-04-06T13:05:30.063+0000] {dagbag.py:545} INFO - Filling up the DagBag from /opt/airflow/dags/pipeline.py
[2026-04-06T13:05:31.198+0000] {processor.py:840} INFO - DAG(s) 'pipeline' retrieved from /opt/airflow/dags/pipeline.py
[2026-04-06T13:05:31.292+0000] {logging_mixin.py:188} INFO - [2026-04-06T13:05:31.292+0000] {dag.py:3089} INFO - Sync 1 DAGs
[2026-04-06T13:05:31.341+0000] {logging_mixin.py:188} INFO - [2026-04-06T13:05:31.341+0000] {dag.py:3947} INFO - Setting next_dagrun for pipeline to 2026-04-06 00:00:00+00:00, run_after=2026-04-07 00:00:00+00:00
[2026-04-06T13:05:31.388+0000] {processor.py:183} INFO - Processing /opt/airflow/dags/pipeline.py took 1.352 seconds
[2026-04-06T13:06:02.307+0000] {processor.py:161} INFO - Started process (PID=893) to work on /opt/airflow/dags/pipeline.py
[2026-04-06T13:06:02.309+0000] {processor.py:830} INFO - Processing file /opt/airflow/dags/pipeline.py for tasks to queue
[2026-04-06T13:06:02.315+0000] {logging_mixin.py:188} INFO - [2026-04-06T13:06:02.314+0000] {dagbag.py:545} INFO - Filling up the DagBag from /opt/airflow/dags/pipeline.py
[2026-04-06T13:06:03.325+0000] {processor.py:840} INFO - DAG(s) 'pipeline' retrieved from /opt/airflow/dags/pipeline.py
[2026-04-06T13:06:03.410+0000] {logging_mixin.py:188} INFO - [2026-04-06T13:06:03.409+0000] {dag.py:3089} INFO - Sync 1 DAGs
[2026-04-06T13:06:03.451+0000] {logging_mixin.py:188} INFO - [2026-04-06T13:06:03.451+0000] {dag.py:3947} INFO - Setting next_dagrun for pipeline to 2026-04-06 00:00:00+00:00, run_after=2026-04-07 00:00:00+00:00
[2026-04-06T13:06:03.499+0000] {processor.py:183} INFO - Processing /opt/airflow/dags/pipeline.py took 1.208 seconds
[2026-04-06T13:06:33.976+0000] {processor.py:161} INFO - Started process (PID=899) to work on /opt/airflow/dags/pipeline.py
[2026-04-06T13:06:33.981+0000] {processor.py:830} INFO - Processing file /opt/airflow/dags/pipeline.py for tasks to queue
[2026-04-06T13:06:33.988+0000] {logging_mixin.py:188} INFO - [2026-04-06T13:06:33.987+0000] {dagbag.py:545} INFO - Filling up the DagBag from /opt/airflow/dags/pipeline.py
[2026-04-06T13:06:35.268+0000] {processor.py:840} INFO - DAG(s) 'pipeline' retrieved from /opt/airflow/dags/pipeline.py
[2026-04-06T13:06:35.372+0000] {logging_mixin.py:188} INFO - [2026-04-06T13:06:35.372+0000] {dag.py:3089} INFO - Sync 1 DAGs
[2026-04-06T13:06:35.422+0000] {logging_mixin.py:188} INFO - [2026-04-06T13:06:35.422+0000] {dag.py:3947} INFO - Setting next_dagrun for pipeline to 2026-04-06 00:00:00+00:00, run_after=2026-04-07 00:00:00+00:00
[2026-04-06T13:06:35.491+0000] {processor.py:183} INFO - Processing /opt/airflow/dags/pipeline.py took 1.539 seconds
[2026-04-06T13:07:06.388+0000] {processor.py:161} INFO - Started process (PID=905) to work on /opt/airflow/dags/pipeline.py
[2026-04-06T13:07:06.395+0000] {processor.py:830} INFO - Processing file /opt/airflow/dags/pipeline.py for tasks to queue
[2026-04-06T13:07:06.407+0000] {logging_mixin.py:188} INFO - [2026-04-06T13:07:06.405+0000] {dagbag.py:545} INFO - Filling up the DagBag from /opt/airflow/dags/pipeline.py
[2026-04-06T13:07:07.649+0000] {processor.py:840} INFO - DAG(s) 'pipeline' retrieved from /opt/airflow/dags/pipeline.py
[2026-04-06T13:07:07.721+0000] {logging_mixin.py:188} INFO - [2026-04-06T13:07:07.720+0000] {dag.py:3089} INFO - Sync 1 DAGs
[2026-04-06T13:07:07.758+0000] {logging_mixin.py:188} INFO - [2026-04-06T13:07:07.758+0000] {dag.py:3947} INFO - Setting next_dagrun for pipeline to 2026-04-06 00:00:00+00:00, run_after=2026-04-07 00:00:00+00:00
[2026-04-06T13:07:07.812+0000] {processor.py:183} INFO - Processing /opt/airflow/dags/pipeline.py took 1.463 seconds
[2026-04-06T13:07:38.100+0000] {processor.py:161} INFO - Started process (PID=911) to work on /opt/airflow/dags/pipeline.py
[2026-04-06T13:07:38.105+0000] {processor.py:830} INFO - Processing file /opt/airflow/dags/pipeline.py for tasks to queue
[2026-04-06T13:07:38.108+0000] {logging_mixin.py:188} INFO - [2026-04-06T13:07:38.108+0000] {dagbag.py:545} INFO - Filling up the DagBag from /opt/airflow/dags/pipeline.py
[2026-04-06T13:07:39.621+0000] {processor.py:840} INFO - DAG(s) 'pipeline' retrieved from /opt/airflow/dags/pipeline.py
[2026-04-06T13:07:39.694+0000] {logging_mixin.py:188} INFO - [2026-04-06T13:07:39.694+0000] {dag.py:3089} INFO - Sync 1 DAGs
[2026-04-06T13:07:39.730+0000] {logging_mixin.py:188} INFO - [2026-04-06T13:07:39.730+0000] {dag.py:3947} INFO - Setting next_dagrun for pipeline to 2026-04-06 00:00:00+00:00, run_after=2026-04-07 00:00:00+00:00
[2026-04-06T13:07:39.780+0000] {processor.py:183} INFO - Processing /opt/airflow/dags/pipeline.py took 1.696 seconds
[2026-04-06T13:08:10.078+0000] {processor.py:161} INFO - Started process (PID=917) to work on /opt/airflow/dags/pipeline.py
[2026-04-06T13:08:10.082+0000] {processor.py:830} INFO - Processing file /opt/airflow/dags/pipeline.py for tasks to queue
[2026-04-06T13:08:10.099+0000] {logging_mixin.py:188} INFO - [2026-04-06T13:08:10.098+0000] {dagbag.py:545} INFO - Filling up the DagBag from /opt/airflow/dags/pipeline.py
[2026-04-06T13:08:11.246+0000] {processor.py:840} INFO - DAG(s) 'pipeline' retrieved from /opt/airflow/dags/pipeline.py
[2026-04-06T13:08:11.321+0000] {logging_mixin.py:188} INFO - [2026-04-06T13:08:11.320+0000] {dag.py:3089} INFO - Sync 1 DAGs
[2026-04-06T13:08:11.358+0000] {logging_mixin.py:188} INFO - [2026-04-06T13:08:11.358+0000] {dag.py:3947} INFO - Setting next_dagrun for pipeline to 2026-04-06 00:00:00+00:00, run_after=2026-04-07 00:00:00+00:00
[2026-04-06T13:08:11.397+0000] {processor.py:183} INFO - Processing /opt/airflow/dags/pipeline.py took 1.347 seconds
[2026-04-06T13:08:41.863+0000] {processor.py:161} INFO - Started process (PID=923) to work on /opt/airflow/dags/pipeline.py
[2026-04-06T13:08:41.865+0000] {processor.py:830} INFO - Processing file /opt/airflow/dags/pipeline.py for tasks to queue
[2026-04-06T13:08:41.867+0000] {logging_mixin.py:188} INFO - [2026-04-06T13:08:41.867+0000] {dagbag.py:545} INFO - Filling up the DagBag from /opt/airflow/dags/pipeline.py
[2026-04-06T13:08:43.108+0000] {processor.py:840} INFO - DAG(s) 'pipeline' retrieved from /opt/airflow/dags/pipeline.py
[2026-04-06T13:08:43.192+0000] {logging_mixin.py:188} INFO - [2026-04-06T13:08:43.191+0000] {dag.py:3089} INFO - Sync 1 DAGs
[2026-04-06T13:08:43.235+0000] {logging_mixin.py:188} INFO - [2026-04-06T13:08:43.235+0000] {dag.py:3947} INFO - Setting next_dagrun for pipeline to 2026-04-06 00:00:00+00:00, run_after=2026-04-07 00:00:00+00:00
[2026-04-06T13:08:43.290+0000] {processor.py:183} INFO - Processing /opt/airflow/dags/pipeline.py took 1.438 seconds
[2026-04-06T13:09:13.516+0000] {processor.py:161} INFO - Started process (PID=929) to work on /opt/airflow/dags/pipeline.py
[2026-04-06T13:09:13.518+0000] {processor.py:830} INFO - Processing file /opt/airflow/dags/pipeline.py for tasks to queue
[2026-04-06T13:09:13.523+0000] {logging_mixin.py:188} INFO - [2026-04-06T13:09:13.522+0000] {dagbag.py:545} INFO - Filling up the DagBag from /opt/airflow/dags/pipeline.py
[2026-04-06T13:09:15.132+0000] {processor.py:840} INFO - DAG(s) 'pipeline' retrieved from /opt/airflow/dags/pipeline.py
[2026-04-06T13:09:15.211+0000] {logging_mixin.py:188} INFO - [2026-04-06T13:09:15.211+0000] {dag.py:3089} INFO - Sync 1 DAGs
[2026-04-06T13:09:15.245+0000] {logging_mixin.py:188} INFO - [2026-04-06T13:09:15.244+0000] {dag.py:3947} INFO - Setting next_dagrun for pipeline to 2026-04-06 00:00:00+00:00, run_after=2026-04-07 00:00:00+00:00
[2026-04-06T13:09:15.311+0000] {processor.py:183} INFO - Processing /opt/airflow/dags/pipeline.py took 1.813 seconds
[2026-04-06T13:09:45.955+0000] {processor.py:161} INFO - Started process (PID=935) to work on /opt/airflow/dags/pipeline.py
[2026-04-06T13:09:45.958+0000] {processor.py:830} INFO - Processing file /opt/airflow/dags/pipeline.py for tasks to queue
[2026-04-06T13:09:45.962+0000] {logging_mixin.py:188} INFO - [2026-04-06T13:09:45.961+0000] {dagbag.py:545} INFO - Filling up the DagBag from /opt/airflow/dags/pipeline.py
[2026-04-06T13:09:48.066+0000] {processor.py:840} INFO - DAG(s) 'pipeline' retrieved from /opt/airflow/dags/pipeline.py
[2026-04-06T13:09:48.291+0000] {logging_mixin.py:188} INFO - [2026-04-06T13:09:48.290+0000] {dag.py:3089} INFO - Sync 1 DAGs
[2026-04-06T13:09:48.362+0000] {logging_mixin.py:188} INFO - [2026-04-06T13:09:48.361+0000] {dag.py:3947} INFO - Setting next_dagrun for pipeline to 2026-04-06 00:00:00+00:00, run_after=2026-04-07 00:00:00+00:00
[2026-04-06T13:09:48.445+0000] {processor.py:183} INFO - Processing /opt/airflow/dags/pipeline.py took 2.503 seconds
[2026-04-06T13:10:18.836+0000] {processor.py:161} INFO - Started process (PID=941) to work on /opt/airflow/dags/pipeline.py
[2026-04-06T13:10:18.841+0000] {processor.py:830} INFO - Processing file /opt/airflow/dags/pipeline.py for tasks to queue
[2026-04-06T13:10:18.850+0000] {logging_mixin.py:188} INFO - [2026-04-06T13:10:18.848+0000] {dagbag.py:545} INFO - Filling up the DagBag from /opt/airflow/dags/pipeline.py
[2026-04-06T13:10:20.066+0000] {processor.py:840} INFO - DAG(s) 'pipeline' retrieved from /opt/airflow/dags/pipeline.py
[2026-04-06T13:10:20.144+0000] {logging_mixin.py:188} INFO - [2026-04-06T13:10:20.144+0000] {dag.py:3089} INFO - Sync 1 DAGs
[2026-04-06T13:10:20.178+0000] {logging_mixin.py:188} INFO - [2026-04-06T13:10:20.178+0000] {dag.py:3947} INFO - Setting next_dagrun for pipeline to 2026-04-06 00:00:00+00:00, run_after=2026-04-07 00:00:00+00:00
[2026-04-06T13:10:20.227+0000] {processor.py:183} INFO - Processing /opt/airflow/dags/pipeline.py took 1.425 seconds
[2026-04-06T13:10:50.582+0000] {processor.py:161} INFO - Started process (PID=947) to work on /opt/airflow/dags/pipeline.py
[2026-04-06T13:10:50.584+0000] {processor.py:830} INFO - Processing file /opt/airflow/dags/pipeline.py for tasks to queue
[2026-04-06T13:10:50.587+0000] {logging_mixin.py:188} INFO - [2026-04-06T13:10:50.587+0000] {dagbag.py:545} INFO - Filling up the DagBag from /opt/airflow/dags/pipeline.py
[2026-04-06T13:10:52.254+0000] {processor.py:840} INFO - DAG(s) 'pipeline' retrieved from /opt/airflow/dags/pipeline.py
[2026-04-06T13:10:52.340+0000] {logging_mixin.py:188} INFO - [2026-04-06T13:10:52.340+0000] {dag.py:3089} INFO - Sync 1 DAGs
[2026-04-06T13:10:52.384+0000] {logging_mixin.py:188} INFO - [2026-04-06T13:10:52.384+0000] {dag.py:3947} INFO - Setting next_dagrun for pipeline to 2026-04-06 00:00:00+00:00, run_after=2026-04-07 00:00:00+00:00
[2026-04-06T13:10:52.464+0000] {processor.py:183} INFO - Processing /opt/airflow/dags/pipeline.py took 1.897 seconds
[2026-04-06T13:11:23.027+0000] {processor.py:161} INFO - Started process (PID=971) to work on /opt/airflow/dags/pipeline.py
[2026-04-06T13:11:23.033+0000] {processor.py:830} INFO - Processing file /opt/airflow/dags/pipeline.py for tasks to queue
[2026-04-06T13:11:23.039+0000] {logging_mixin.py:188} INFO - [2026-04-06T13:11:23.038+0000] {dagbag.py:545} INFO - Filling up the DagBag from /opt/airflow/dags/pipeline.py
[2026-04-06T13:11:25.186+0000] {processor.py:840} INFO - DAG(s) 'pipeline' retrieved from /opt/airflow/dags/pipeline.py
[2026-04-06T13:11:25.285+0000] {logging_mixin.py:188} INFO - [2026-04-06T13:11:25.285+0000] {dag.py:3089} INFO - Sync 1 DAGs
[2026-04-06T13:11:25.333+0000] {logging_mixin.py:188} INFO - [2026-04-06T13:11:25.333+0000] {dag.py:3947} INFO - Setting next_dagrun for pipeline to 2026-04-06 00:00:00+00:00, run_after=2026-04-07 00:00:00+00:00
[2026-04-06T13:11:25.387+0000] {processor.py:183} INFO - Processing /opt/airflow/dags/pipeline.py took 2.386 seconds
[2026-04-06T13:11:55.828+0000] {processor.py:161} INFO - Started process (PID=977) to work on /opt/airflow/dags/pipeline.py
[2026-04-06T13:11:55.831+0000] {processor.py:830} INFO - Processing file /opt/airflow/dags/pipeline.py for tasks to queue
[2026-04-06T13:11:55.835+0000] {logging_mixin.py:188} INFO - [2026-04-06T13:11:55.834+0000] {dagbag.py:545} INFO - Filling up the DagBag from /opt/airflow/dags/pipeline.py
[2026-04-06T13:11:57.029+0000] {processor.py:840} INFO - DAG(s) 'pipeline' retrieved from /opt/airflow/dags/pipeline.py
[2026-04-06T13:11:57.103+0000] {logging_mixin.py:188} INFO - [2026-04-06T13:11:57.102+0000] {dag.py:3089} INFO - Sync 1 DAGs
[2026-04-06T13:11:57.137+0000] {logging_mixin.py:188} INFO - [2026-04-06T13:11:57.137+0000] {dag.py:3947} INFO - Setting next_dagrun for pipeline to 2026-04-06 00:00:00+00:00, run_after=2026-04-07 00:00:00+00:00
[2026-04-06T13:11:57.175+0000] {processor.py:183} INFO - Processing /opt/airflow/dags/pipeline.py took 1.361 seconds
[2026-04-06T13:12:27.518+0000] {processor.py:161} INFO - Started process (PID=983) to work on /opt/airflow/dags/pipeline.py
[2026-04-06T13:12:27.521+0000] {processor.py:830} INFO - Processing file /opt/airflow/dags/pipeline.py for tasks to queue
[2026-04-06T13:12:27.525+0000] {logging_mixin.py:188} INFO - [2026-04-06T13:12:27.525+0000] {dagbag.py:545} INFO - Filling up the DagBag from /opt/airflow/dags/pipeline.py
[2026-04-06T13:12:28.882+0000] {processor.py:840} INFO - DAG(s) 'pipeline' retrieved from /opt/airflow/dags/pipeline.py
[2026-04-06T13:12:28.967+0000] {logging_mixin.py:188} INFO - [2026-04-06T13:12:28.966+0000] {dag.py:3089} INFO - Sync 1 DAGs
[2026-04-06T13:12:29.004+0000] {logging_mixin.py:188} INFO - [2026-04-06T13:12:29.004+0000] {dag.py:3947} INFO - Setting next_dagrun for pipeline to 2026-04-06 00:00:00+00:00, run_after=2026-04-07 00:00:00+00:00
[2026-04-06T13:12:29.054+0000] {processor.py:183} INFO - Processing /opt/airflow/dags/pipeline.py took 1.553 seconds
[2026-04-06T13:12:59.426+0000] {processor.py:161} INFO - Started process (PID=990) to work on /opt/airflow/dags/pipeline.py
[2026-04-06T13:12:59.428+0000] {processor.py:830} INFO - Processing file /opt/airflow/dags/pipeline.py for tasks to queue
[2026-04-06T13:12:59.433+0000] {logging_mixin.py:188} INFO - [2026-04-06T13:12:59.432+0000] {dagbag.py:545} INFO - Filling up the DagBag from /opt/airflow/dags/pipeline.py
[2026-04-06T13:13:00.570+0000] {processor.py:840} INFO - DAG(s) 'pipeline' retrieved from /opt/airflow/dags/pipeline.py
[2026-04-06T13:13:00.675+0000] {logging_mixin.py:188} INFO - [2026-04-06T13:13:00.675+0000] {dag.py:3089} INFO - Sync 1 DAGs
[2026-04-06T13:13:00.724+0000] {logging_mixin.py:188} INFO - [2026-04-06T13:13:00.724+0000] {dag.py:3947} INFO - Setting next_dagrun for pipeline to 2026-04-06 00:00:00+00:00, run_after=2026-04-07 00:00:00+00:00
[2026-04-06T13:13:00.797+0000] {processor.py:183} INFO - Processing /opt/airflow/dags/pipeline.py took 1.388 seconds
[2026-04-06T13:13:31.126+0000] {processor.py:161} INFO - Started process (PID=996) to work on /opt/airflow/dags/pipeline.py
[2026-04-06T13:13:31.128+0000] {processor.py:830} INFO - Processing file /opt/airflow/dags/pipeline.py for tasks to queue
[2026-04-06T13:13:31.133+0000] {logging_mixin.py:188} INFO - [2026-04-06T13:13:31.132+0000] {dagbag.py:545} INFO - Filling up the DagBag from /opt/airflow/dags/pipeline.py
[2026-04-06T13:13:32.326+0000] {processor.py:840} INFO - DAG(s) 'pipeline' retrieved from /opt/airflow/dags/pipeline.py
[2026-04-06T13:13:32.422+0000] {logging_mixin.py:188} INFO - [2026-04-06T13:13:32.422+0000] {dag.py:3089} INFO - Sync 1 DAGs
[2026-04-06T13:13:32.468+0000] {logging_mixin.py:188} INFO - [2026-04-06T13:13:32.468+0000] {dag.py:3947} INFO - Setting next_dagrun for pipeline to 2026-04-06 00:00:00+00:00, run_after=2026-04-07 00:00:00+00:00
[2026-04-06T13:13:32.518+0000] {processor.py:183} INFO - Processing /opt/airflow/dags/pipeline.py took 1.408 seconds
[2026-04-06T13:14:02.902+0000] {processor.py:161} INFO - Started process (PID=1002) to work on /opt/airflow/dags/pipeline.py
[2026-04-06T13:14:02.904+0000] {processor.py:830} INFO - Processing file /opt/airflow/dags/pipeline.py for tasks to queue
[2026-04-06T13:14:02.907+0000] {logging_mixin.py:188} INFO - [2026-04-06T13:14:02.907+0000] {dagbag.py:545} INFO - Filling up the DagBag from /opt/airflow/dags/pipeline.py
[2026-04-06T13:14:04.067+0000] {processor.py:840} INFO - DAG(s) 'pipeline' retrieved from /opt/airflow/dags/pipeline.py
[2026-04-06T13:14:04.138+0000] {logging_mixin.py:188} INFO - [2026-04-06T13:14:04.137+0000] {dag.py:3089} INFO - Sync 1 DAGs
[2026-04-06T13:14:04.173+0000] {logging_mixin.py:188} INFO - [2026-04-06T13:14:04.173+0000] {dag.py:3947} INFO - Setting next_dagrun for pipeline to 2026-04-06 00:00:00+00:00, run_after=2026-04-07 00:00:00+00:00
[2026-04-06T13:14:04.221+0000] {processor.py:183} INFO - Processing /opt/airflow/dags/pipeline.py took 1.330 seconds
[2026-04-06T13:14:34.580+0000] {processor.py:161} INFO - Started process (PID=1008) to work on /opt/airflow/dags/pipeline.py
[2026-04-06T13:14:34.582+0000] {processor.py:830} INFO - Processing file /opt/airflow/dags/pipeline.py for tasks to queue
[2026-04-06T13:14:34.586+0000] {logging_mixin.py:188} INFO - [2026-04-06T13:14:34.586+0000] {dagbag.py:545} INFO - Filling up the DagBag from /opt/airflow/dags/pipeline.py
[2026-04-06T13:14:35.964+0000] {processor.py:840} INFO - DAG(s) 'pipeline' retrieved from /opt/airflow/dags/pipeline.py
[2026-04-06T13:14:36.064+0000] {logging_mixin.py:188} INFO - [2026-04-06T13:14:36.064+0000] {dag.py:3089} INFO - Sync 1 DAGs
[2026-04-06T13:14:36.105+0000] {logging_mixin.py:188} INFO - [2026-04-06T13:14:36.105+0000] {dag.py:3947} INFO - Setting next_dagrun for pipeline to 2026-04-06 00:00:00+00:00, run_after=2026-04-07 00:00:00+00:00
[2026-04-06T13:14:36.170+0000] {processor.py:183} INFO - Processing /opt/airflow/dags/pipeline.py took 1.604 seconds
[2026-04-06T13:15:07.000+0000] {processor.py:161} INFO - Started process (PID=1023) to work on /opt/airflow/dags/pipeline.py
[2026-04-06T13:15:07.013+0000] {processor.py:830} INFO - Processing file /opt/airflow/dags/pipeline.py for tasks to queue
[2026-04-06T13:15:07.039+0000] {logging_mixin.py:188} INFO - [2026-04-06T13:15:07.035+0000] {dagbag.py:545} INFO - Filling up the DagBag from /opt/airflow/dags/pipeline.py
[2026-04-06T13:15:12.296+0000] {processor.py:840} INFO - DAG(s) 'pipeline' retrieved from /opt/airflow/dags/pipeline.py
[2026-04-06T13:15:12.399+0000] {logging_mixin.py:188} INFO - [2026-04-06T13:15:12.398+0000] {dag.py:3089} INFO - Sync 1 DAGs
[2026-04-06T13:15:12.446+0000] {logging_mixin.py:188} INFO - [2026-04-06T13:15:12.445+0000] {dag.py:3947} INFO - Setting next_dagrun for pipeline to 2026-04-06 00:00:00+00:00, run_after=2026-04-07 00:00:00+00:00
[2026-04-06T13:15:12.513+0000] {processor.py:183} INFO - Processing /opt/airflow/dags/pipeline.py took 5.592 seconds
[2026-04-06T13:15:42.766+0000] {processor.py:161} INFO - Started process (PID=1045) to work on /opt/airflow/dags/pipeline.py
[2026-04-06T13:15:42.769+0000] {processor.py:830} INFO - Processing file /opt/airflow/dags/pipeline.py for tasks to queue
[2026-04-06T13:15:42.775+0000] {logging_mixin.py:188} INFO - [2026-04-06T13:15:42.775+0000] {dagbag.py:545} INFO - Filling up the DagBag from /opt/airflow/dags/pipeline.py
[2026-04-06T13:15:44.307+0000] {processor.py:840} INFO - DAG(s) 'pipeline' retrieved from /opt/airflow/dags/pipeline.py
[2026-04-06T13:15:44.403+0000] {logging_mixin.py:188} INFO - [2026-04-06T13:15:44.403+0000] {dag.py:3089} INFO - Sync 1 DAGs
[2026-04-06T13:15:44.446+0000] {logging_mixin.py:188} INFO - [2026-04-06T13:15:44.445+0000] {dag.py:3947} INFO - Setting next_dagrun for pipeline to 2026-04-06 00:00:00+00:00, run_after=2026-04-07 00:00:00+00:00
[2026-04-06T13:15:44.500+0000] {processor.py:183} INFO - Processing /opt/airflow/dags/pipeline.py took 1.756 seconds
[2026-04-06T13:16:15.092+0000] {processor.py:161} INFO - Started process (PID=1082) to work on /opt/airflow/dags/pipeline.py
[2026-04-06T13:16:15.095+0000] {processor.py:830} INFO - Processing file /opt/airflow/dags/pipeline.py for tasks to queue
[2026-04-06T13:16:15.104+0000] {logging_mixin.py:188} INFO - [2026-04-06T13:16:15.102+0000] {dagbag.py:545} INFO - Filling up the DagBag from /opt/airflow/dags/pipeline.py
[2026-04-06T13:16:16.648+0000] {processor.py:840} INFO - DAG(s) 'pipeline' retrieved from /opt/airflow/dags/pipeline.py
[2026-04-06T13:16:16.790+0000] {logging_mixin.py:188} INFO - [2026-04-06T13:16:16.789+0000] {dag.py:3089} INFO - Sync 1 DAGs
[2026-04-06T13:16:16.862+0000] {logging_mixin.py:188} INFO - [2026-04-06T13:16:16.861+0000] {dag.py:3947} INFO - Setting next_dagrun for pipeline to 2026-04-06 00:00:00+00:00, run_after=2026-04-07 00:00:00+00:00
[2026-04-06T13:16:16.935+0000] {processor.py:183} INFO - Processing /opt/airflow/dags/pipeline.py took 1.872 seconds
[2026-04-06T13:16:47.519+0000] {processor.py:161} INFO - Started process (PID=1088) to work on /opt/airflow/dags/pipeline.py
[2026-04-06T13:16:47.521+0000] {processor.py:830} INFO - Processing file /opt/airflow/dags/pipeline.py for tasks to queue
[2026-04-06T13:16:47.524+0000] {logging_mixin.py:188} INFO - [2026-04-06T13:16:47.524+0000] {dagbag.py:545} INFO - Filling up the DagBag from /opt/airflow/dags/pipeline.py
[2026-04-06T13:16:48.712+0000] {processor.py:840} INFO - DAG(s) 'pipeline' retrieved from /opt/airflow/dags/pipeline.py
[2026-04-06T13:16:48.815+0000] {logging_mixin.py:188} INFO - [2026-04-06T13:16:48.815+0000] {dag.py:3089} INFO - Sync 1 DAGs
[2026-04-06T13:16:48.857+0000] {logging_mixin.py:188} INFO - [2026-04-06T13:16:48.857+0000] {dag.py:3947} INFO - Setting next_dagrun for pipeline to 2026-04-06 00:00:00+00:00, run_after=2026-04-07 00:00:00+00:00
[2026-04-06T13:16:48.914+0000] {processor.py:183} INFO - Processing /opt/airflow/dags/pipeline.py took 1.407 seconds
[2026-04-06T13:17:19.152+0000] {processor.py:161} INFO - Started process (PID=1094) to work on /opt/airflow/dags/pipeline.py
[2026-04-06T13:17:19.157+0000] {processor.py:830} INFO - Processing file /opt/airflow/dags/pipeline.py for tasks to queue
[2026-04-06T13:17:19.165+0000] {logging_mixin.py:188} INFO - [2026-04-06T13:17:19.164+0000] {dagbag.py:545} INFO - Filling up the DagBag from /opt/airflow/dags/pipeline.py
[2026-04-06T13:17:20.674+0000] {processor.py:840} INFO - DAG(s) 'pipeline' retrieved from /opt/airflow/dags/pipeline.py
[2026-04-06T13:17:20.798+0000] {logging_mixin.py:188} INFO - [2026-04-06T13:17:20.797+0000] {dag.py:3089} INFO - Sync 1 DAGs
[2026-04-06T13:17:20.853+0000] {logging_mixin.py:188} INFO - [2026-04-06T13:17:20.852+0000] {dag.py:3947} INFO - Setting next_dagrun for pipeline to 2026-04-06 00:00:00+00:00, run_after=2026-04-07 00:00:00+00:00
[2026-04-06T13:17:20.908+0000] {processor.py:183} INFO - Processing /opt/airflow/dags/pipeline.py took 1.803 seconds
[2026-04-06T13:17:51.232+0000] {processor.py:161} INFO - Started process (PID=1100) to work on /opt/airflow/dags/pipeline.py
[2026-04-06T13:17:51.234+0000] {processor.py:830} INFO - Processing file /opt/airflow/dags/pipeline.py for tasks to queue
[2026-04-06T13:17:51.238+0000] {logging_mixin.py:188} INFO - [2026-04-06T13:17:51.238+0000] {dagbag.py:545} INFO - Filling up the DagBag from /opt/airflow/dags/pipeline.py
[2026-04-06T13:17:52.623+0000] {processor.py:840} INFO - DAG(s) 'pipeline' retrieved from /opt/airflow/dags/pipeline.py
[2026-04-06T13:17:52.705+0000] {logging_mixin.py:188} INFO - [2026-04-06T13:17:52.704+0000] {dag.py:3089} INFO - Sync 1 DAGs
[2026-04-06T13:17:52.741+0000] {logging_mixin.py:188} INFO - [2026-04-06T13:17:52.740+0000] {dag.py:3947} INFO - Setting next_dagrun for pipeline to 2026-04-06 00:00:00+00:00, run_after=2026-04-07 00:00:00+00:00
[2026-04-06T13:17:52.794+0000] {processor.py:183} INFO - Processing /opt/airflow/dags/pipeline.py took 1.575 seconds
[2026-04-06T13:18:23.125+0000] {processor.py:161} INFO - Started process (PID=1106) to work on /opt/airflow/dags/pipeline.py
[2026-04-06T13:18:23.128+0000] {processor.py:830} INFO - Processing file /opt/airflow/dags/pipeline.py for tasks to queue
[2026-04-06T13:18:23.134+0000] {logging_mixin.py:188} INFO - [2026-04-06T13:18:23.133+0000] {dagbag.py:545} INFO - Filling up the DagBag from /opt/airflow/dags/pipeline.py
[2026-04-06T13:18:24.385+0000] {processor.py:840} INFO - DAG(s) 'pipeline' retrieved from /opt/airflow/dags/pipeline.py
[2026-04-06T13:18:24.459+0000] {logging_mixin.py:188} INFO - [2026-04-06T13:18:24.459+0000] {dag.py:3089} INFO - Sync 1 DAGs
[2026-04-06T13:18:24.498+0000] {logging_mixin.py:188} INFO - [2026-04-06T13:18:24.498+0000] {dag.py:3947} INFO - Setting next_dagrun for pipeline to 2026-04-06 00:00:00+00:00, run_after=2026-04-07 00:00:00+00:00
[2026-04-06T13:18:24.537+0000] {processor.py:183} INFO - Processing /opt/airflow/dags/pipeline.py took 1.432 seconds
[2026-04-06T13:18:55.066+0000] {processor.py:161} INFO - Started process (PID=1112) to work on /opt/airflow/dags/pipeline.py
[2026-04-06T13:18:55.072+0000] {processor.py:830} INFO - Processing file /opt/airflow/dags/pipeline.py for tasks to queue
[2026-04-06T13:18:55.089+0000] {logging_mixin.py:188} INFO - [2026-04-06T13:18:55.087+0000] {dagbag.py:545} INFO - Filling up the DagBag from /opt/airflow/dags/pipeline.py
[2026-04-06T13:18:56.330+0000] {processor.py:840} INFO - DAG(s) 'pipeline' retrieved from /opt/airflow/dags/pipeline.py
[2026-04-06T13:18:56.423+0000] {logging_mixin.py:188} INFO - [2026-04-06T13:18:56.423+0000] {dag.py:3089} INFO - Sync 1 DAGs
[2026-04-06T13:18:56.461+0000] {logging_mixin.py:188} INFO - [2026-04-06T13:18:56.460+0000] {dag.py:3947} INFO - Setting next_dagrun for pipeline to 2026-04-06 00:00:00+00:00, run_after=2026-04-07 00:00:00+00:00
[2026-04-06T13:18:56.510+0000] {processor.py:183} INFO - Processing /opt/airflow/dags/pipeline.py took 1.483 seconds
[2026-04-06T13:19:27.233+0000] {processor.py:161} INFO - Started process (PID=1118) to work on /opt/airflow/dags/pipeline.py
[2026-04-06T13:19:27.235+0000] {processor.py:830} INFO - Processing file /opt/airflow/dags/pipeline.py for tasks to queue
[2026-04-06T13:19:27.239+0000] {logging_mixin.py:188} INFO - [2026-04-06T13:19:27.238+0000] {dagbag.py:545} INFO - Filling up the DagBag from /opt/airflow/dags/pipeline.py
[2026-04-06T13:19:28.527+0000] {processor.py:840} INFO - DAG(s) 'pipeline' retrieved from /opt/airflow/dags/pipeline.py
[2026-04-06T13:19:28.620+0000] {logging_mixin.py:188} INFO - [2026-04-06T13:19:28.620+0000] {dag.py:3089} INFO - Sync 1 DAGs
[2026-04-06T13:19:28.665+0000] {logging_mixin.py:188} INFO - [2026-04-06T13:19:28.665+0000] {dag.py:3947} INFO - Setting next_dagrun for pipeline to 2026-04-06 00:00:00+00:00, run_after=2026-04-07 00:00:00+00:00
[2026-04-06T13:19:28.720+0000] {processor.py:183} INFO - Processing /opt/airflow/dags/pipeline.py took 1.501 seconds
[2026-04-06T13:19:59.010+0000] {processor.py:161} INFO - Started process (PID=1124) to work on /opt/airflow/dags/pipeline.py
[2026-04-06T13:19:59.011+0000] {processor.py:830} INFO - Processing file /opt/airflow/dags/pipeline.py for tasks to queue
[2026-04-06T13:19:59.016+0000] {logging_mixin.py:188} INFO - [2026-04-06T13:19:59.015+0000] {dagbag.py:545} INFO - Filling up the DagBag from /opt/airflow/dags/pipeline.py
[2026-04-06T13:20:00.094+0000] {processor.py:840} INFO - DAG(s) 'pipeline' retrieved from /opt/airflow/dags/pipeline.py
[2026-04-06T13:20:00.176+0000] {logging_mixin.py:188} INFO - [2026-04-06T13:20:00.176+0000] {dag.py:3089} INFO - Sync 1 DAGs
[2026-04-06T13:20:00.217+0000] {logging_mixin.py:188} INFO - [2026-04-06T13:20:00.217+0000] {dag.py:3947} INFO - Setting next_dagrun for pipeline to 2026-04-06 00:00:00+00:00, run_after=2026-04-07 00:00:00+00:00
[2026-04-06T13:20:00.275+0000] {processor.py:183} INFO - Processing /opt/airflow/dags/pipeline.py took 1.275 seconds
[2026-04-06T13:20:30.854+0000] {processor.py:161} INFO - Started process (PID=1130) to work on /opt/airflow/dags/pipeline.py
[2026-04-06T13:20:30.856+0000] {processor.py:830} INFO - Processing file /opt/airflow/dags/pipeline.py for tasks to queue
[2026-04-06T13:20:30.861+0000] {logging_mixin.py:188} INFO - [2026-04-06T13:20:30.860+0000] {dagbag.py:545} INFO - Filling up the DagBag from /opt/airflow/dags/pipeline.py
[2026-04-06T13:20:31.964+0000] {processor.py:840} INFO - DAG(s) 'pipeline' retrieved from /opt/airflow/dags/pipeline.py
[2026-04-06T13:20:32.038+0000] {logging_mixin.py:188} INFO - [2026-04-06T13:20:32.037+0000] {dag.py:3089} INFO - Sync 1 DAGs
[2026-04-06T13:20:32.071+0000] {logging_mixin.py:188} INFO - [2026-04-06T13:20:32.071+0000] {dag.py:3947} INFO - Setting next_dagrun for pipeline to 2026-04-06 00:00:00+00:00, run_after=2026-04-07 00:00:00+00:00
[2026-04-06T13:20:32.156+0000] {processor.py:183} INFO - Processing /opt/airflow/dags/pipeline.py took 1.317 seconds
[2026-04-06T13:21:02.534+0000] {processor.py:161} INFO - Started process (PID=1136) to work on /opt/airflow/dags/pipeline.py
[2026-04-06T13:21:02.537+0000] {processor.py:830} INFO - Processing file /opt/airflow/dags/pipeline.py for tasks to queue
[2026-04-06T13:21:02.541+0000] {logging_mixin.py:188} INFO - [2026-04-06T13:21:02.540+0000] {dagbag.py:545} INFO - Filling up the DagBag from /opt/airflow/dags/pipeline.py
[2026-04-06T13:21:03.703+0000] {processor.py:840} INFO - DAG(s) 'pipeline' retrieved from /opt/airflow/dags/pipeline.py
[2026-04-06T13:21:03.816+0000] {logging_mixin.py:188} INFO - [2026-04-06T13:21:03.816+0000] {dag.py:3089} INFO - Sync 1 DAGs
[2026-04-06T13:21:03.877+0000] {logging_mixin.py:188} INFO - [2026-04-06T13:21:03.876+0000] {dag.py:3947} INFO - Setting next_dagrun for pipeline to 2026-04-06 00:00:00+00:00, run_after=2026-04-07 00:00:00+00:00
[2026-04-06T13:21:03.939+0000] {processor.py:183} INFO - Processing /opt/airflow/dags/pipeline.py took 1.421 seconds
[2026-04-06T13:21:34.472+0000] {processor.py:161} INFO - Started process (PID=1142) to work on /opt/airflow/dags/pipeline.py
[2026-04-06T13:21:34.476+0000] {processor.py:830} INFO - Processing file /opt/airflow/dags/pipeline.py for tasks to queue
[2026-04-06T13:21:34.484+0000] {logging_mixin.py:188} INFO - [2026-04-06T13:21:34.481+0000] {dagbag.py:545} INFO - Filling up the DagBag from /opt/airflow/dags/pipeline.py
[2026-04-06T13:21:35.909+0000] {processor.py:840} INFO - DAG(s) 'pipeline' retrieved from /opt/airflow/dags/pipeline.py
[2026-04-06T13:21:36.021+0000] {logging_mixin.py:188} INFO - [2026-04-06T13:21:36.021+0000] {dag.py:3089} INFO - Sync 1 DAGs
[2026-04-06T13:21:36.063+0000] {logging_mixin.py:188} INFO - [2026-04-06T13:21:36.063+0000] {dag.py:3947} INFO - Setting next_dagrun for pipeline to 2026-04-06 00:00:00+00:00, run_after=2026-04-07 00:00:00+00:00
[2026-04-06T13:21:36.106+0000] {processor.py:183} INFO - Processing /opt/airflow/dags/pipeline.py took 1.655 seconds
[2026-04-06T13:22:06.821+0000] {processor.py:161} INFO - Started process (PID=1148) to work on /opt/airflow/dags/pipeline.py
[2026-04-06T13:22:06.825+0000] {processor.py:830} INFO - Processing file /opt/airflow/dags/pipeline.py for tasks to queue
[2026-04-06T13:22:06.832+0000] {logging_mixin.py:188} INFO - [2026-04-06T13:22:06.831+0000] {dagbag.py:545} INFO - Filling up the DagBag from /opt/airflow/dags/pipeline.py
[2026-04-06T13:22:08.105+0000] {processor.py:840} INFO - DAG(s) 'pipeline' retrieved from /opt/airflow/dags/pipeline.py
[2026-04-06T13:22:08.177+0000] {logging_mixin.py:188} INFO - [2026-04-06T13:22:08.177+0000] {dag.py:3089} INFO - Sync 1 DAGs
[2026-04-06T13:22:08.213+0000] {logging_mixin.py:188} INFO - [2026-04-06T13:22:08.212+0000] {dag.py:3947} INFO - Setting next_dagrun for pipeline to 2026-04-06 00:00:00+00:00, run_after=2026-04-07 00:00:00+00:00
[2026-04-06T13:22:08.266+0000] {processor.py:183} INFO - Processing /opt/airflow/dags/pipeline.py took 1.470 seconds
[2026-04-06T13:22:38.688+0000] {processor.py:161} INFO - Started process (PID=1154) to work on /opt/airflow/dags/pipeline.py
[2026-04-06T13:22:38.692+0000] {processor.py:830} INFO - Processing file /opt/airflow/dags/pipeline.py for tasks to queue
[2026-04-06T13:22:38.699+0000] {logging_mixin.py:188} INFO - [2026-04-06T13:22:38.698+0000] {dagbag.py:545} INFO - Filling up the DagBag from /opt/airflow/dags/pipeline.py
[2026-04-06T13:22:40.234+0000] {processor.py:840} INFO - DAG(s) 'pipeline' retrieved from /opt/airflow/dags/pipeline.py
[2026-04-06T13:22:40.452+0000] {logging_mixin.py:188} INFO - [2026-04-06T13:22:40.452+0000] {dag.py:3089} INFO - Sync 1 DAGs
[2026-04-06T13:22:40.500+0000] {logging_mixin.py:188} INFO - [2026-04-06T13:22:40.500+0000] {dag.py:3947} INFO - Setting next_dagrun for pipeline to 2026-04-06 00:00:00+00:00, run_after=2026-04-07 00:00:00+00:00
[2026-04-06T13:22:40.579+0000] {processor.py:183} INFO - Processing /opt/airflow/dags/pipeline.py took 1.916 seconds
[2026-04-06T13:23:11.377+0000] {processor.py:161} INFO - Started process (PID=1160) to work on /opt/airflow/dags/pipeline.py
[2026-04-06T13:23:11.382+0000] {processor.py:830} INFO - Processing file /opt/airflow/dags/pipeline.py for tasks to queue
[2026-04-06T13:23:11.389+0000] {logging_mixin.py:188} INFO - [2026-04-06T13:23:11.388+0000] {dagbag.py:545} INFO - Filling up the DagBag from /opt/airflow/dags/pipeline.py
[2026-04-06T13:23:12.579+0000] {processor.py:840} INFO - DAG(s) 'pipeline' retrieved from /opt/airflow/dags/pipeline.py
[2026-04-06T13:23:12.652+0000] {logging_mixin.py:188} INFO - [2026-04-06T13:23:12.652+0000] {dag.py:3089} INFO - Sync 1 DAGs
[2026-04-06T13:23:12.687+0000] {logging_mixin.py:188} INFO - [2026-04-06T13:23:12.687+0000] {dag.py:3947} INFO - Setting next_dagrun for pipeline to 2026-04-06 00:00:00+00:00, run_after=2026-04-07 00:00:00+00:00
[2026-04-06T13:23:12.737+0000] {processor.py:183} INFO - Processing /opt/airflow/dags/pipeline.py took 1.393 seconds
[2026-04-06T13:23:42.921+0000] {processor.py:161} INFO - Started process (PID=1166) to work on /opt/airflow/dags/pipeline.py
[2026-04-06T13:23:42.922+0000] {processor.py:830} INFO - Processing file /opt/airflow/dags/pipeline.py for tasks to queue
[2026-04-06T13:23:42.925+0000] {logging_mixin.py:188} INFO - [2026-04-06T13:23:42.925+0000] {dagbag.py:545} INFO - Filling up the DagBag from /opt/airflow/dags/pipeline.py
[2026-04-06T13:23:44.132+0000] {processor.py:840} INFO - DAG(s) 'pipeline' retrieved from /opt/airflow/dags/pipeline.py
[2026-04-06T13:23:44.214+0000] {logging_mixin.py:188} INFO - [2026-04-06T13:23:44.214+0000] {dag.py:3089} INFO - Sync 1 DAGs
[2026-04-06T13:23:44.251+0000] {logging_mixin.py:188} INFO - [2026-04-06T13:23:44.251+0000] {dag.py:3947} INFO - Setting next_dagrun for pipeline to 2026-04-06 00:00:00+00:00, run_after=2026-04-07 00:00:00+00:00
[2026-04-06T13:23:44.302+0000] {processor.py:183} INFO - Processing /opt/airflow/dags/pipeline.py took 1.390 seconds
[2026-04-06T13:24:14.888+0000] {processor.py:161} INFO - Started process (PID=1172) to work on /opt/airflow/dags/pipeline.py
[2026-04-06T13:24:14.891+0000] {processor.py:830} INFO - Processing file /opt/airflow/dags/pipeline.py for tasks to queue
[2026-04-06T13:24:14.899+0000] {logging_mixin.py:188} INFO - [2026-04-06T13:24:14.898+0000] {dagbag.py:545} INFO - Filling up the DagBag from /opt/airflow/dags/pipeline.py
[2026-04-06T13:24:18.020+0000] {processor.py:840} INFO - DAG(s) 'pipeline' retrieved from /opt/airflow/dags/pipeline.py
[2026-04-06T13:24:18.187+0000] {logging_mixin.py:188} INFO - [2026-04-06T13:24:18.187+0000] {dag.py:3089} INFO - Sync 1 DAGs
[2026-04-06T13:24:18.265+0000] {logging_mixin.py:188} INFO - [2026-04-06T13:24:18.264+0000] {dag.py:3947} INFO - Setting next_dagrun for pipeline to 2026-04-06 00:00:00+00:00, run_after=2026-04-07 00:00:00+00:00
[2026-04-06T13:24:18.382+0000] {processor.py:183} INFO - Processing /opt/airflow/dags/pipeline.py took 3.518 seconds
[2026-04-06T13:24:48.724+0000] {processor.py:161} INFO - Started process (PID=1178) to work on /opt/airflow/dags/pipeline.py
[2026-04-06T13:24:48.730+0000] {processor.py:830} INFO - Processing file /opt/airflow/dags/pipeline.py for tasks to queue
[2026-04-06T13:24:48.738+0000] {logging_mixin.py:188} INFO - [2026-04-06T13:24:48.737+0000] {dagbag.py:545} INFO - Filling up the DagBag from /opt/airflow/dags/pipeline.py
[2026-04-06T13:24:50.059+0000] {processor.py:840} INFO - DAG(s) 'pipeline' retrieved from /opt/airflow/dags/pipeline.py
[2026-04-06T13:24:50.144+0000] {logging_mixin.py:188} INFO - [2026-04-06T13:24:50.143+0000] {dag.py:3089} INFO - Sync 1 DAGs
[2026-04-06T13:24:50.192+0000] {logging_mixin.py:188} INFO - [2026-04-06T13:24:50.192+0000] {dag.py:3947} INFO - Setting next_dagrun for pipeline to 2026-04-06 00:00:00+00:00, run_after=2026-04-07 00:00:00+00:00
[2026-04-06T13:24:50.254+0000] {processor.py:183} INFO - Processing /opt/airflow/dags/pipeline.py took 1.566 seconds
[2026-04-06T13:25:20.577+0000] {processor.py:161} INFO - Started process (PID=1184) to work on /opt/airflow/dags/pipeline.py
[2026-04-06T13:25:20.582+0000] {processor.py:830} INFO - Processing file /opt/airflow/dags/pipeline.py for tasks to queue
[2026-04-06T13:25:20.590+0000] {logging_mixin.py:188} INFO - [2026-04-06T13:25:20.589+0000] {dagbag.py:545} INFO - Filling up the DagBag from /opt/airflow/dags/pipeline.py
[2026-04-06T13:25:21.766+0000] {processor.py:840} INFO - DAG(s) 'pipeline' retrieved from /opt/airflow/dags/pipeline.py
[2026-04-06T13:25:21.864+0000] {logging_mixin.py:188} INFO - [2026-04-06T13:25:21.864+0000] {dag.py:3089} INFO - Sync 1 DAGs
[2026-04-06T13:25:21.903+0000] {logging_mixin.py:188} INFO - [2026-04-06T13:25:21.902+0000] {dag.py:3947} INFO - Setting next_dagrun for pipeline to 2026-04-06 00:00:00+00:00, run_after=2026-04-07 00:00:00+00:00
[2026-04-06T13:25:21.942+0000] {processor.py:183} INFO - Processing /opt/airflow/dags/pipeline.py took 1.396 seconds
[2026-04-06T13:25:52.519+0000] {processor.py:161} INFO - Started process (PID=1190) to work on /opt/airflow/dags/pipeline.py
[2026-04-06T13:25:52.525+0000] {processor.py:830} INFO - Processing file /opt/airflow/dags/pipeline.py for tasks to queue
[2026-04-06T13:25:52.534+0000] {logging_mixin.py:188} INFO - [2026-04-06T13:25:52.533+0000] {dagbag.py:545} INFO - Filling up the DagBag from /opt/airflow/dags/pipeline.py
[2026-04-06T13:25:54.232+0000] {processor.py:840} INFO - DAG(s) 'pipeline' retrieved from /opt/airflow/dags/pipeline.py
[2026-04-06T13:25:54.366+0000] {logging_mixin.py:188} INFO - [2026-04-06T13:25:54.366+0000] {dag.py:3089} INFO - Sync 1 DAGs
[2026-04-06T13:25:54.512+0000] {logging_mixin.py:188} INFO - [2026-04-06T13:25:54.511+0000] {dag.py:3947} INFO - Setting next_dagrun for pipeline to 2026-04-06 00:00:00+00:00, run_after=2026-04-07 00:00:00+00:00
[2026-04-06T13:25:54.603+0000] {processor.py:183} INFO - Processing /opt/airflow/dags/pipeline.py took 2.142 seconds
[2026-04-06T13:26:25.201+0000] {processor.py:161} INFO - Started process (PID=1196) to work on /opt/airflow/dags/pipeline.py
[2026-04-06T13:26:25.202+0000] {processor.py:830} INFO - Processing file /opt/airflow/dags/pipeline.py for tasks to queue
[2026-04-06T13:26:25.206+0000] {logging_mixin.py:188} INFO - [2026-04-06T13:26:25.205+0000] {dagbag.py:545} INFO - Filling up the DagBag from /opt/airflow/dags/pipeline.py
[2026-04-06T13:26:26.662+0000] {processor.py:840} INFO - DAG(s) 'pipeline' retrieved from /opt/airflow/dags/pipeline.py
[2026-04-06T13:26:26.740+0000] {logging_mixin.py:188} INFO - [2026-04-06T13:26:26.739+0000] {dag.py:3089} INFO - Sync 1 DAGs
[2026-04-06T13:26:26.779+0000] {logging_mixin.py:188} INFO - [2026-04-06T13:26:26.779+0000] {dag.py:3947} INFO - Setting next_dagrun for pipeline to 2026-04-06 00:00:00+00:00, run_after=2026-04-07 00:00:00+00:00
[2026-04-06T13:26:26.839+0000] {processor.py:183} INFO - Processing /opt/airflow/dags/pipeline.py took 1.647 seconds
[2026-04-06T13:26:57.459+0000] {processor.py:161} INFO - Started process (PID=1202) to work on /opt/airflow/dags/pipeline.py
[2026-04-06T13:26:57.460+0000] {processor.py:830} INFO - Processing file /opt/airflow/dags/pipeline.py for tasks to queue
[2026-04-06T13:26:57.463+0000] {logging_mixin.py:188} INFO - [2026-04-06T13:26:57.462+0000] {dagbag.py:545} INFO - Filling up the DagBag from /opt/airflow/dags/pipeline.py
[2026-04-06T13:26:58.524+0000] {processor.py:840} INFO - DAG(s) 'pipeline' retrieved from /opt/airflow/dags/pipeline.py
[2026-04-06T13:26:58.617+0000] {logging_mixin.py:188} INFO - [2026-04-06T13:26:58.617+0000] {dag.py:3089} INFO - Sync 1 DAGs
[2026-04-06T13:26:58.660+0000] {logging_mixin.py:188} INFO - [2026-04-06T13:26:58.660+0000] {dag.py:3947} INFO - Setting next_dagrun for pipeline to 2026-04-06 00:00:00+00:00, run_after=2026-04-07 00:00:00+00:00
[2026-04-06T13:26:58.716+0000] {processor.py:183} INFO - Processing /opt/airflow/dags/pipeline.py took 1.265 seconds
[2026-04-06T13:27:29.407+0000] {processor.py:161} INFO - Started process (PID=1208) to work on /opt/airflow/dags/pipeline.py
[2026-04-06T13:27:29.409+0000] {processor.py:830} INFO - Processing file /opt/airflow/dags/pipeline.py for tasks to queue
[2026-04-06T13:27:29.413+0000] {logging_mixin.py:188} INFO - [2026-04-06T13:27:29.413+0000] {dagbag.py:545} INFO - Filling up the DagBag from /opt/airflow/dags/pipeline.py
[2026-04-06T13:27:30.534+0000] {processor.py:840} INFO - DAG(s) 'pipeline' retrieved from /opt/airflow/dags/pipeline.py
[2026-04-06T13:27:30.620+0000] {logging_mixin.py:188} INFO - [2026-04-06T13:27:30.619+0000] {dag.py:3089} INFO - Sync 1 DAGs
[2026-04-06T13:27:30.656+0000] {logging_mixin.py:188} INFO - [2026-04-06T13:27:30.656+0000] {dag.py:3947} INFO - Setting next_dagrun for pipeline to 2026-04-06 00:00:00+00:00, run_after=2026-04-07 00:00:00+00:00
[2026-04-06T13:27:30.699+0000] {processor.py:183} INFO - Processing /opt/airflow/dags/pipeline.py took 1.301 seconds
[2026-04-06T13:28:00.978+0000] {processor.py:161} INFO - Started process (PID=1214) to work on /opt/airflow/dags/pipeline.py
[2026-04-06T13:28:00.980+0000] {processor.py:830} INFO - Processing file /opt/airflow/dags/pipeline.py for tasks to queue
[2026-04-06T13:28:00.984+0000] {logging_mixin.py:188} INFO - [2026-04-06T13:28:00.983+0000] {dagbag.py:545} INFO - Filling up the DagBag from /opt/airflow/dags/pipeline.py
[2026-04-06T13:28:02.262+0000] {processor.py:840} INFO - DAG(s) 'pipeline' retrieved from /opt/airflow/dags/pipeline.py
[2026-04-06T13:28:02.383+0000] {logging_mixin.py:188} INFO - [2026-04-06T13:28:02.382+0000] {dag.py:3089} INFO - Sync 1 DAGs
[2026-04-06T13:28:02.438+0000] {logging_mixin.py:188} INFO - [2026-04-06T13:28:02.437+0000] {dag.py:3947} INFO - Setting next_dagrun for pipeline to 2026-04-06 00:00:00+00:00, run_after=2026-04-07 00:00:00+00:00
[2026-04-06T13:28:02.498+0000] {processor.py:183} INFO - Processing /opt/airflow/dags/pipeline.py took 1.531 seconds
[2026-04-06T13:28:32.990+0000] {processor.py:161} INFO - Started process (PID=1220) to work on /opt/airflow/dags/pipeline.py
[2026-04-06T13:28:32.994+0000] {processor.py:830} INFO - Processing file /opt/airflow/dags/pipeline.py for tasks to queue
[2026-04-06T13:28:33.003+0000] {logging_mixin.py:188} INFO - [2026-04-06T13:28:33.002+0000] {dagbag.py:545} INFO - Filling up the DagBag from /opt/airflow/dags/pipeline.py
[2026-04-06T13:28:34.457+0000] {processor.py:840} INFO - DAG(s) 'pipeline' retrieved from /opt/airflow/dags/pipeline.py
[2026-04-06T13:28:34.542+0000] {logging_mixin.py:188} INFO - [2026-04-06T13:28:34.542+0000] {dag.py:3089} INFO - Sync 1 DAGs
[2026-04-06T13:28:34.578+0000] {logging_mixin.py:188} INFO - [2026-04-06T13:28:34.578+0000] {dag.py:3947} INFO - Setting next_dagrun for pipeline to 2026-04-06 00:00:00+00:00, run_after=2026-04-07 00:00:00+00:00
[2026-04-06T13:28:34.635+0000] {processor.py:183} INFO - Processing /opt/airflow/dags/pipeline.py took 1.677 seconds
[2026-04-06T13:29:04.783+0000] {processor.py:161} INFO - Started process (PID=1226) to work on /opt/airflow/dags/pipeline.py
[2026-04-06T13:29:04.786+0000] {processor.py:830} INFO - Processing file /opt/airflow/dags/pipeline.py for tasks to queue
[2026-04-06T13:29:04.791+0000] {logging_mixin.py:188} INFO - [2026-04-06T13:29:04.791+0000] {dagbag.py:545} INFO - Filling up the DagBag from /opt/airflow/dags/pipeline.py
[2026-04-06T13:29:06.080+0000] {processor.py:840} INFO - DAG(s) 'pipeline' retrieved from /opt/airflow/dags/pipeline.py
[2026-04-06T13:29:06.155+0000] {logging_mixin.py:188} INFO - [2026-04-06T13:29:06.155+0000] {dag.py:3089} INFO - Sync 1 DAGs
[2026-04-06T13:29:06.191+0000] {logging_mixin.py:188} INFO - [2026-04-06T13:29:06.191+0000] {dag.py:3947} INFO - Setting next_dagrun for pipeline to 2026-04-06 00:00:00+00:00, run_after=2026-04-07 00:00:00+00:00
[2026-04-06T13:29:06.230+0000] {processor.py:183} INFO - Processing /opt/airflow/dags/pipeline.py took 1.468 seconds
[2026-04-06T13:29:36.439+0000] {processor.py:161} INFO - Started process (PID=1232) to work on /opt/airflow/dags/pipeline.py
[2026-04-06T13:29:36.442+0000] {processor.py:830} INFO - Processing file /opt/airflow/dags/pipeline.py for tasks to queue
[2026-04-06T13:29:36.448+0000] {logging_mixin.py:188} INFO - [2026-04-06T13:29:36.447+0000] {dagbag.py:545} INFO - Filling up the DagBag from /opt/airflow/dags/pipeline.py
[2026-04-06T13:29:37.702+0000] {processor.py:840} INFO - DAG(s) 'pipeline' retrieved from /opt/airflow/dags/pipeline.py
[2026-04-06T13:29:37.784+0000] {logging_mixin.py:188} INFO - [2026-04-06T13:29:37.783+0000] {dag.py:3089} INFO - Sync 1 DAGs
[2026-04-06T13:29:37.827+0000] {logging_mixin.py:188} INFO - [2026-04-06T13:29:37.827+0000] {dag.py:3947} INFO - Setting next_dagrun for pipeline to 2026-04-06 00:00:00+00:00, run_after=2026-04-07 00:00:00+00:00
[2026-04-06T13:29:37.875+0000] {processor.py:183} INFO - Processing /opt/airflow/dags/pipeline.py took 1.456 seconds
[2026-04-06T13:30:08.319+0000] {processor.py:161} INFO - Started process (PID=1238) to work on /opt/airflow/dags/pipeline.py
[2026-04-06T13:30:08.321+0000] {processor.py:830} INFO - Processing file /opt/airflow/dags/pipeline.py for tasks to queue
[2026-04-06T13:30:08.325+0000] {logging_mixin.py:188} INFO - [2026-04-06T13:30:08.324+0000] {dagbag.py:545} INFO - Filling up the DagBag from /opt/airflow/dags/pipeline.py
[2026-04-06T13:30:09.529+0000] {processor.py:840} INFO - DAG(s) 'pipeline' retrieved from /opt/airflow/dags/pipeline.py
[2026-04-06T13:30:09.613+0000] {logging_mixin.py:188} INFO - [2026-04-06T13:30:09.613+0000] {dag.py:3089} INFO - Sync 1 DAGs
[2026-04-06T13:30:09.650+0000] {logging_mixin.py:188} INFO - [2026-04-06T13:30:09.650+0000] {dag.py:3947} INFO - Setting next_dagrun for pipeline to 2026-04-06 00:00:00+00:00, run_after=2026-04-07 00:00:00+00:00
[2026-04-06T13:30:09.698+0000] {processor.py:183} INFO - Processing /opt/airflow/dags/pipeline.py took 1.390 seconds
[2026-04-06T13:30:40.270+0000] {processor.py:161} INFO - Started process (PID=1244) to work on /opt/airflow/dags/pipeline.py
[2026-04-06T13:30:40.272+0000] {processor.py:830} INFO - Processing file /opt/airflow/dags/pipeline.py for tasks to queue
[2026-04-06T13:30:40.276+0000] {logging_mixin.py:188} INFO - [2026-04-06T13:30:40.276+0000] {dagbag.py:545} INFO - Filling up the DagBag from /opt/airflow/dags/pipeline.py
[2026-04-06T13:30:41.373+0000] {processor.py:840} INFO - DAG(s) 'pipeline' retrieved from /opt/airflow/dags/pipeline.py
[2026-04-06T13:30:41.444+0000] {logging_mixin.py:188} INFO - [2026-04-06T13:30:41.444+0000] {dag.py:3089} INFO - Sync 1 DAGs
[2026-04-06T13:30:41.480+0000] {logging_mixin.py:188} INFO - [2026-04-06T13:30:41.480+0000] {dag.py:3947} INFO - Setting next_dagrun for pipeline to 2026-04-06 00:00:00+00:00, run_after=2026-04-07 00:00:00+00:00
[2026-04-06T13:30:41.521+0000] {processor.py:183} INFO - Processing /opt/airflow/dags/pipeline.py took 1.273 seconds
[2026-04-06T13:31:11.884+0000] {processor.py:161} INFO - Started process (PID=1250) to work on /opt/airflow/dags/pipeline.py
[2026-04-06T13:31:11.886+0000] {processor.py:830} INFO - Processing file /opt/airflow/dags/pipeline.py for tasks to queue
[2026-04-06T13:31:11.892+0000] {logging_mixin.py:188} INFO - [2026-04-06T13:31:11.891+0000] {dagbag.py:545} INFO - Filling up the DagBag from /opt/airflow/dags/pipeline.py
[2026-04-06T13:31:13.540+0000] {processor.py:840} INFO - DAG(s) 'pipeline' retrieved from /opt/airflow/dags/pipeline.py
[2026-04-06T13:31:13.645+0000] {logging_mixin.py:188} INFO - [2026-04-06T13:31:13.645+0000] {dag.py:3089} INFO - Sync 1 DAGs
[2026-04-06T13:31:13.693+0000] {logging_mixin.py:188} INFO - [2026-04-06T13:31:13.693+0000] {dag.py:3947} INFO - Setting next_dagrun for pipeline to 2026-04-06 00:00:00+00:00, run_after=2026-04-07 00:00:00+00:00
[2026-04-06T13:31:13.757+0000] {processor.py:183} INFO - Processing /opt/airflow/dags/pipeline.py took 1.885 seconds
[2026-04-06T13:31:44.341+0000] {processor.py:161} INFO - Started process (PID=1256) to work on /opt/airflow/dags/pipeline.py
[2026-04-06T13:31:44.345+0000] {processor.py:830} INFO - Processing file /opt/airflow/dags/pipeline.py for tasks to queue
[2026-04-06T13:31:44.350+0000] {logging_mixin.py:188} INFO - [2026-04-06T13:31:44.350+0000] {dagbag.py:545} INFO - Filling up the DagBag from /opt/airflow/dags/pipeline.py
[2026-04-06T13:31:45.544+0000] {processor.py:840} INFO - DAG(s) 'pipeline' retrieved from /opt/airflow/dags/pipeline.py
[2026-04-06T13:31:45.654+0000] {logging_mixin.py:188} INFO - [2026-04-06T13:31:45.654+0000] {dag.py:3089} INFO - Sync 1 DAGs
[2026-04-06T13:31:45.712+0000] {logging_mixin.py:188} INFO - [2026-04-06T13:31:45.712+0000] {dag.py:3947} INFO - Setting next_dagrun for pipeline to 2026-04-06 00:00:00+00:00, run_after=2026-04-07 00:00:00+00:00
[2026-04-06T13:31:45.830+0000] {processor.py:183} INFO - Processing /opt/airflow/dags/pipeline.py took 1.507 seconds
[2026-04-06T13:32:16.319+0000] {processor.py:161} INFO - Started process (PID=1262) to work on /opt/airflow/dags/pipeline.py
[2026-04-06T13:32:16.325+0000] {processor.py:830} INFO - Processing file /opt/airflow/dags/pipeline.py for tasks to queue
[2026-04-06T13:32:16.334+0000] {logging_mixin.py:188} INFO - [2026-04-06T13:32:16.334+0000] {dagbag.py:545} INFO - Filling up the DagBag from /opt/airflow/dags/pipeline.py
[2026-04-06T13:32:17.526+0000] {processor.py:840} INFO - DAG(s) 'pipeline' retrieved from /opt/airflow/dags/pipeline.py
[2026-04-06T13:32:17.603+0000] {logging_mixin.py:188} INFO - [2026-04-06T13:32:17.602+0000] {dag.py:3089} INFO - Sync 1 DAGs
[2026-04-06T13:32:17.639+0000] {logging_mixin.py:188} INFO - [2026-04-06T13:32:17.639+0000] {dag.py:3947} INFO - Setting next_dagrun for pipeline to 2026-04-06 00:00:00+00:00, run_after=2026-04-07 00:00:00+00:00
[2026-04-06T13:32:17.693+0000] {processor.py:183} INFO - Processing /opt/airflow/dags/pipeline.py took 1.419 seconds
[2026-04-06T13:32:47.995+0000] {processor.py:161} INFO - Started process (PID=1268) to work on /opt/airflow/dags/pipeline.py
[2026-04-06T13:32:47.997+0000] {processor.py:830} INFO - Processing file /opt/airflow/dags/pipeline.py for tasks to queue
[2026-04-06T13:32:48.000+0000] {logging_mixin.py:188} INFO - [2026-04-06T13:32:47.999+0000] {dagbag.py:545} INFO - Filling up the DagBag from /opt/airflow/dags/pipeline.py
[2026-04-06T13:32:49.526+0000] {processor.py:840} INFO - DAG(s) 'pipeline' retrieved from /opt/airflow/dags/pipeline.py
[2026-04-06T13:32:49.620+0000] {logging_mixin.py:188} INFO - [2026-04-06T13:32:49.620+0000] {dag.py:3089} INFO - Sync 1 DAGs
[2026-04-06T13:32:49.655+0000] {logging_mixin.py:188} INFO - [2026-04-06T13:32:49.655+0000] {dag.py:3947} INFO - Setting next_dagrun for pipeline to 2026-04-06 00:00:00+00:00, run_after=2026-04-07 00:00:00+00:00
[2026-04-06T13:32:49.705+0000] {processor.py:183} INFO - Processing /opt/airflow/dags/pipeline.py took 1.722 seconds
[2026-04-06T13:33:19.830+0000] {processor.py:161} INFO - Started process (PID=1274) to work on /opt/airflow/dags/pipeline.py
[2026-04-06T13:33:19.832+0000] {processor.py:830} INFO - Processing file /opt/airflow/dags/pipeline.py for tasks to queue
[2026-04-06T13:33:19.835+0000] {logging_mixin.py:188} INFO - [2026-04-06T13:33:19.834+0000] {dagbag.py:545} INFO - Filling up the DagBag from /opt/airflow/dags/pipeline.py
[2026-04-06T13:33:21.282+0000] {processor.py:840} INFO - DAG(s) 'pipeline' retrieved from /opt/airflow/dags/pipeline.py
[2026-04-06T13:33:21.384+0000] {logging_mixin.py:188} INFO - [2026-04-06T13:33:21.384+0000] {dag.py:3089} INFO - Sync 1 DAGs
[2026-04-06T13:33:21.424+0000] {logging_mixin.py:188} INFO - [2026-04-06T13:33:21.423+0000] {dag.py:3947} INFO - Setting next_dagrun for pipeline to 2026-04-06 00:00:00+00:00, run_after=2026-04-07 00:00:00+00:00
[2026-04-06T13:33:21.479+0000] {processor.py:183} INFO - Processing /opt/airflow/dags/pipeline.py took 1.660 seconds
[2026-04-06T13:33:52.031+0000] {processor.py:161} INFO - Started process (PID=1280) to work on /opt/airflow/dags/pipeline.py
[2026-04-06T13:33:52.035+0000] {processor.py:830} INFO - Processing file /opt/airflow/dags/pipeline.py for tasks to queue
[2026-04-06T13:33:52.045+0000] {logging_mixin.py:188} INFO - [2026-04-06T13:33:52.043+0000] {dagbag.py:545} INFO - Filling up the DagBag from /opt/airflow/dags/pipeline.py
[2026-04-06T13:33:53.254+0000] {processor.py:840} INFO - DAG(s) 'pipeline' retrieved from /opt/airflow/dags/pipeline.py
[2026-04-06T13:33:53.334+0000] {logging_mixin.py:188} INFO - [2026-04-06T13:33:53.334+0000] {dag.py:3089} INFO - Sync 1 DAGs
[2026-04-06T13:33:53.375+0000] {logging_mixin.py:188} INFO - [2026-04-06T13:33:53.375+0000] {dag.py:3947} INFO - Setting next_dagrun for pipeline to 2026-04-06 00:00:00+00:00, run_after=2026-04-07 00:00:00+00:00
[2026-04-06T13:33:53.414+0000] {processor.py:183} INFO - Processing /opt/airflow/dags/pipeline.py took 1.410 seconds
[2026-04-06T13:34:23.738+0000] {processor.py:161} INFO - Started process (PID=1286) to work on /opt/airflow/dags/pipeline.py
[2026-04-06T13:34:23.741+0000] {processor.py:830} INFO - Processing file /opt/airflow/dags/pipeline.py for tasks to queue
[2026-04-06T13:34:23.746+0000] {logging_mixin.py:188} INFO - [2026-04-06T13:34:23.745+0000] {dagbag.py:545} INFO - Filling up the DagBag from /opt/airflow/dags/pipeline.py
[2026-04-06T13:34:24.795+0000] {processor.py:840} INFO - DAG(s) 'pipeline' retrieved from /opt/airflow/dags/pipeline.py
[2026-04-06T13:34:24.879+0000] {logging_mixin.py:188} INFO - [2026-04-06T13:34:24.879+0000] {dag.py:3089} INFO - Sync 1 DAGs
[2026-04-06T13:34:24.916+0000] {logging_mixin.py:188} INFO - [2026-04-06T13:34:24.916+0000] {dag.py:3947} INFO - Setting next_dagrun for pipeline to 2026-04-06 00:00:00+00:00, run_after=2026-04-07 00:00:00+00:00
[2026-04-06T13:34:24.963+0000] {processor.py:183} INFO - Processing /opt/airflow/dags/pipeline.py took 1.237 seconds
[2026-04-06T13:34:55.658+0000] {processor.py:161} INFO - Started process (PID=1292) to work on /opt/airflow/dags/pipeline.py
[2026-04-06T13:34:55.660+0000] {processor.py:830} INFO - Processing file /opt/airflow/dags/pipeline.py for tasks to queue
[2026-04-06T13:34:55.664+0000] {logging_mixin.py:188} INFO - [2026-04-06T13:34:55.663+0000] {dagbag.py:545} INFO - Filling up the DagBag from /opt/airflow/dags/pipeline.py
[2026-04-06T13:34:56.899+0000] {processor.py:840} INFO - DAG(s) 'pipeline' retrieved from /opt/airflow/dags/pipeline.py
[2026-04-06T13:34:57.171+0000] {logging_mixin.py:188} INFO - [2026-04-06T13:34:57.170+0000] {dag.py:3089} INFO - Sync 1 DAGs
[2026-04-06T13:34:57.207+0000] {logging_mixin.py:188} INFO - [2026-04-06T13:34:57.206+0000] {dag.py:3947} INFO - Setting next_dagrun for pipeline to 2026-04-06 00:00:00+00:00, run_after=2026-04-07 00:00:00+00:00
[2026-04-06T13:34:57.262+0000] {processor.py:183} INFO - Processing /opt/airflow/dags/pipeline.py took 1.616 seconds
[2026-04-06T13:35:27.915+0000] {processor.py:161} INFO - Started process (PID=1298) to work on /opt/airflow/dags/pipeline.py
[2026-04-06T13:35:27.917+0000] {processor.py:830} INFO - Processing file /opt/airflow/dags/pipeline.py for tasks to queue
[2026-04-06T13:35:27.920+0000] {logging_mixin.py:188} INFO - [2026-04-06T13:35:27.919+0000] {dagbag.py:545} INFO - Filling up the DagBag from /opt/airflow/dags/pipeline.py
[2026-04-06T13:35:29.253+0000] {processor.py:840} INFO - DAG(s) 'pipeline' retrieved from /opt/airflow/dags/pipeline.py
[2026-04-06T13:35:29.337+0000] {logging_mixin.py:188} INFO - [2026-04-06T13:35:29.336+0000] {dag.py:3089} INFO - Sync 1 DAGs
[2026-04-06T13:35:29.376+0000] {logging_mixin.py:188} INFO - [2026-04-06T13:35:29.375+0000] {dag.py:3947} INFO - Setting next_dagrun for pipeline to 2026-04-06 00:00:00+00:00, run_after=2026-04-07 00:00:00+00:00
[2026-04-06T13:35:29.432+0000] {processor.py:183} INFO - Processing /opt/airflow/dags/pipeline.py took 1.525 seconds
[2026-04-06T13:35:59.881+0000] {processor.py:161} INFO - Started process (PID=1304) to work on /opt/airflow/dags/pipeline.py
[2026-04-06T13:35:59.883+0000] {processor.py:830} INFO - Processing file /opt/airflow/dags/pipeline.py for tasks to queue
[2026-04-06T13:35:59.895+0000] {logging_mixin.py:188} INFO - [2026-04-06T13:35:59.894+0000] {dagbag.py:545} INFO - Filling up the DagBag from /opt/airflow/dags/pipeline.py
[2026-04-06T13:36:00.928+0000] {processor.py:840} INFO - DAG(s) 'pipeline' retrieved from /opt/airflow/dags/pipeline.py
[2026-04-06T13:36:01.011+0000] {logging_mixin.py:188} INFO - [2026-04-06T13:36:01.011+0000] {dag.py:3089} INFO - Sync 1 DAGs
[2026-04-06T13:36:01.048+0000] {logging_mixin.py:188} INFO - [2026-04-06T13:36:01.048+0000] {dag.py:3947} INFO - Setting next_dagrun for pipeline to 2026-04-06 00:00:00+00:00, run_after=2026-04-07 00:00:00+00:00
[2026-04-06T13:36:01.094+0000] {processor.py:183} INFO - Processing /opt/airflow/dags/pipeline.py took 1.234 seconds
[2026-04-06T13:36:31.592+0000] {processor.py:161} INFO - Started process (PID=1310) to work on /opt/airflow/dags/pipeline.py
[2026-04-06T13:36:31.606+0000] {processor.py:830} INFO - Processing file /opt/airflow/dags/pipeline.py for tasks to queue
[2026-04-06T13:36:31.619+0000] {logging_mixin.py:188} INFO - [2026-04-06T13:36:31.617+0000] {dagbag.py:545} INFO - Filling up the DagBag from /opt/airflow/dags/pipeline.py
[2026-04-06T13:36:32.799+0000] {processor.py:840} INFO - DAG(s) 'pipeline' retrieved from /opt/airflow/dags/pipeline.py
[2026-04-06T13:36:32.879+0000] {logging_mixin.py:188} INFO - [2026-04-06T13:36:32.879+0000] {dag.py:3089} INFO - Sync 1 DAGs
[2026-04-06T13:36:32.918+0000] {logging_mixin.py:188} INFO - [2026-04-06T13:36:32.917+0000] {dag.py:3947} INFO - Setting next_dagrun for pipeline to 2026-04-06 00:00:00+00:00, run_after=2026-04-07 00:00:00+00:00
[2026-04-06T13:36:32.975+0000] {processor.py:183} INFO - Processing /opt/airflow/dags/pipeline.py took 1.409 seconds
[2026-04-06T13:37:03.203+0000] {processor.py:161} INFO - Started process (PID=1316) to work on /opt/airflow/dags/pipeline.py
[2026-04-06T13:37:03.205+0000] {processor.py:830} INFO - Processing file /opt/airflow/dags/pipeline.py for tasks to queue
[2026-04-06T13:37:03.208+0000] {logging_mixin.py:188} INFO - [2026-04-06T13:37:03.207+0000] {dagbag.py:545} INFO - Filling up the DagBag from /opt/airflow/dags/pipeline.py
[2026-04-06T13:37:04.468+0000] {processor.py:840} INFO - DAG(s) 'pipeline' retrieved from /opt/airflow/dags/pipeline.py
[2026-04-06T13:37:04.560+0000] {logging_mixin.py:188} INFO - [2026-04-06T13:37:04.560+0000] {dag.py:3089} INFO - Sync 1 DAGs
[2026-04-06T13:37:04.632+0000] {logging_mixin.py:188} INFO - [2026-04-06T13:37:04.630+0000] {dag.py:3947} INFO - Setting next_dagrun for pipeline to 2026-04-06 00:00:00+00:00, run_after=2026-04-07 00:00:00+00:00
[2026-04-06T13:37:04.700+0000] {processor.py:183} INFO - Processing /opt/airflow/dags/pipeline.py took 1.507 seconds
[2026-04-06T13:37:35.170+0000] {processor.py:161} INFO - Started process (PID=1322) to work on /opt/airflow/dags/pipeline.py
[2026-04-06T13:37:35.175+0000] {processor.py:830} INFO - Processing file /opt/airflow/dags/pipeline.py for tasks to queue
[2026-04-06T13:37:35.182+0000] {logging_mixin.py:188} INFO - [2026-04-06T13:37:35.181+0000] {dagbag.py:545} INFO - Filling up the DagBag from /opt/airflow/dags/pipeline.py
[2026-04-06T13:37:36.488+0000] {processor.py:840} INFO - DAG(s) 'pipeline' retrieved from /opt/airflow/dags/pipeline.py
[2026-04-06T13:37:36.588+0000] {logging_mixin.py:188} INFO - [2026-04-06T13:37:36.588+0000] {dag.py:3089} INFO - Sync 1 DAGs
[2026-04-06T13:37:36.635+0000] {logging_mixin.py:188} INFO - [2026-04-06T13:37:36.635+0000] {dag.py:3947} INFO - Setting next_dagrun for pipeline to 2026-04-06 00:00:00+00:00, run_after=2026-04-07 00:00:00+00:00
[2026-04-06T13:37:36.699+0000] {processor.py:183} INFO - Processing /opt/airflow/dags/pipeline.py took 1.558 seconds
[2026-04-06T13:38:06.944+0000] {processor.py:161} INFO - Started process (PID=1328) to work on /opt/airflow/dags/pipeline.py
[2026-04-06T13:38:06.951+0000] {processor.py:830} INFO - Processing file /opt/airflow/dags/pipeline.py for tasks to queue
[2026-04-06T13:38:06.962+0000] {logging_mixin.py:188} INFO - [2026-04-06T13:38:06.960+0000] {dagbag.py:545} INFO - Filling up the DagBag from /opt/airflow/dags/pipeline.py
[2026-04-06T13:38:08.247+0000] {processor.py:840} INFO - DAG(s) 'pipeline' retrieved from /opt/airflow/dags/pipeline.py
[2026-04-06T13:38:08.328+0000] {logging_mixin.py:188} INFO - [2026-04-06T13:38:08.328+0000] {dag.py:3089} INFO - Sync 1 DAGs
[2026-04-06T13:38:08.368+0000] {logging_mixin.py:188} INFO - [2026-04-06T13:38:08.367+0000] {dag.py:3947} INFO - Setting next_dagrun for pipeline to 2026-04-06 00:00:00+00:00, run_after=2026-04-07 00:00:00+00:00
[2026-04-06T13:38:08.409+0000] {processor.py:183} INFO - Processing /opt/airflow/dags/pipeline.py took 1.498 seconds
[2026-04-06T13:38:38.799+0000] {processor.py:161} INFO - Started process (PID=1334) to work on /opt/airflow/dags/pipeline.py
[2026-04-06T13:38:38.801+0000] {processor.py:830} INFO - Processing file /opt/airflow/dags/pipeline.py for tasks to queue
[2026-04-06T13:38:38.805+0000] {logging_mixin.py:188} INFO - [2026-04-06T13:38:38.804+0000] {dagbag.py:545} INFO - Filling up the DagBag from /opt/airflow/dags/pipeline.py
[2026-04-06T13:38:40.009+0000] {processor.py:840} INFO - DAG(s) 'pipeline' retrieved from /opt/airflow/dags/pipeline.py
[2026-04-06T13:38:40.079+0000] {logging_mixin.py:188} INFO - [2026-04-06T13:38:40.079+0000] {dag.py:3089} INFO - Sync 1 DAGs
[2026-04-06T13:38:40.112+0000] {logging_mixin.py:188} INFO - [2026-04-06T13:38:40.112+0000] {dag.py:3947} INFO - Setting next_dagrun for pipeline to 2026-04-06 00:00:00+00:00, run_after=2026-04-07 00:00:00+00:00
[2026-04-06T13:38:40.157+0000] {processor.py:183} INFO - Processing /opt/airflow/dags/pipeline.py took 1.370 seconds
[2026-04-06T13:39:10.576+0000] {processor.py:161} INFO - Started process (PID=1340) to work on /opt/airflow/dags/pipeline.py
[2026-04-06T13:39:10.578+0000] {processor.py:830} INFO - Processing file /opt/airflow/dags/pipeline.py for tasks to queue
[2026-04-06T13:39:10.580+0000] {logging_mixin.py:188} INFO - [2026-04-06T13:39:10.580+0000] {dagbag.py:545} INFO - Filling up the DagBag from /opt/airflow/dags/pipeline.py
[2026-04-06T13:39:11.640+0000] {processor.py:840} INFO - DAG(s) 'pipeline' retrieved from /opt/airflow/dags/pipeline.py
[2026-04-06T13:39:11.718+0000] {logging_mixin.py:188} INFO - [2026-04-06T13:39:11.718+0000] {dag.py:3089} INFO - Sync 1 DAGs
[2026-04-06T13:39:11.751+0000] {logging_mixin.py:188} INFO - [2026-04-06T13:39:11.751+0000] {dag.py:3947} INFO - Setting next_dagrun for pipeline to 2026-04-06 00:00:00+00:00, run_after=2026-04-07 00:00:00+00:00
[2026-04-06T13:39:11.811+0000] {processor.py:183} INFO - Processing /opt/airflow/dags/pipeline.py took 1.247 seconds
[2026-04-06T13:39:42.325+0000] {processor.py:161} INFO - Started process (PID=1346) to work on /opt/airflow/dags/pipeline.py
[2026-04-06T13:39:42.328+0000] {processor.py:830} INFO - Processing file /opt/airflow/dags/pipeline.py for tasks to queue
[2026-04-06T13:39:42.334+0000] {logging_mixin.py:188} INFO - [2026-04-06T13:39:42.334+0000] {dagbag.py:545} INFO - Filling up the DagBag from /opt/airflow/dags/pipeline.py
[2026-04-06T13:39:43.437+0000] {processor.py:840} INFO - DAG(s) 'pipeline' retrieved from /opt/airflow/dags/pipeline.py
[2026-04-06T13:39:43.628+0000] {logging_mixin.py:188} INFO - [2026-04-06T13:39:43.628+0000] {dag.py:3089} INFO - Sync 1 DAGs
[2026-04-06T13:39:43.663+0000] {logging_mixin.py:188} INFO - [2026-04-06T13:39:43.662+0000] {dag.py:3947} INFO - Setting next_dagrun for pipeline to 2026-04-06 00:00:00+00:00, run_after=2026-04-07 00:00:00+00:00
[2026-04-06T13:39:43.724+0000] {processor.py:183} INFO - Processing /opt/airflow/dags/pipeline.py took 1.424 seconds
[2026-04-06T13:40:14.073+0000] {processor.py:161} INFO - Started process (PID=1352) to work on /opt/airflow/dags/pipeline.py
[2026-04-06T13:40:14.074+0000] {processor.py:830} INFO - Processing file /opt/airflow/dags/pipeline.py for tasks to queue
[2026-04-06T13:40:14.077+0000] {logging_mixin.py:188} INFO - [2026-04-06T13:40:14.077+0000] {dagbag.py:545} INFO - Filling up the DagBag from /opt/airflow/dags/pipeline.py
[2026-04-06T13:40:15.463+0000] {processor.py:840} INFO - DAG(s) 'pipeline' retrieved from /opt/airflow/dags/pipeline.py
[2026-04-06T13:40:15.569+0000] {logging_mixin.py:188} INFO - [2026-04-06T13:40:15.569+0000] {dag.py:3089} INFO - Sync 1 DAGs
[2026-04-06T13:40:15.611+0000] {logging_mixin.py:188} INFO - [2026-04-06T13:40:15.611+0000] {dag.py:3947} INFO - Setting next_dagrun for pipeline to 2026-04-06 00:00:00+00:00, run_after=2026-04-07 00:00:00+00:00
[2026-04-06T13:40:15.679+0000] {processor.py:183} INFO - Processing /opt/airflow/dags/pipeline.py took 1.617 seconds
[2026-04-06T13:40:46.131+0000] {processor.py:161} INFO - Started process (PID=1358) to work on /opt/airflow/dags/pipeline.py
[2026-04-06T13:40:46.133+0000] {processor.py:830} INFO - Processing file /opt/airflow/dags/pipeline.py for tasks to queue
[2026-04-06T13:40:46.137+0000] {logging_mixin.py:188} INFO - [2026-04-06T13:40:46.136+0000] {dagbag.py:545} INFO - Filling up the DagBag from /opt/airflow/dags/pipeline.py
[2026-04-06T13:40:47.445+0000] {processor.py:840} INFO - DAG(s) 'pipeline' retrieved from /opt/airflow/dags/pipeline.py
[2026-04-06T13:40:47.650+0000] {logging_mixin.py:188} INFO - [2026-04-06T13:40:47.649+0000] {dag.py:3089} INFO - Sync 1 DAGs
[2026-04-06T13:40:47.706+0000] {logging_mixin.py:188} INFO - [2026-04-06T13:40:47.706+0000] {dag.py:3947} INFO - Setting next_dagrun for pipeline to 2026-04-06 00:00:00+00:00, run_after=2026-04-07 00:00:00+00:00
[2026-04-06T13:40:47.789+0000] {processor.py:183} INFO - Processing /opt/airflow/dags/pipeline.py took 1.677 seconds
[2026-04-06T13:41:17.963+0000] {processor.py:161} INFO - Started process (PID=1364) to work on /opt/airflow/dags/pipeline.py
[2026-04-06T13:41:17.966+0000] {processor.py:830} INFO - Processing file /opt/airflow/dags/pipeline.py for tasks to queue
[2026-04-06T13:41:17.970+0000] {logging_mixin.py:188} INFO - [2026-04-06T13:41:17.969+0000] {dagbag.py:545} INFO - Filling up the DagBag from /opt/airflow/dags/pipeline.py
[2026-04-06T13:41:19.343+0000] {processor.py:840} INFO - DAG(s) 'pipeline' retrieved from /opt/airflow/dags/pipeline.py
[2026-04-06T13:41:19.419+0000] {logging_mixin.py:188} INFO - [2026-04-06T13:41:19.418+0000] {dag.py:3089} INFO - Sync 1 DAGs
[2026-04-06T13:41:19.455+0000] {logging_mixin.py:188} INFO - [2026-04-06T13:41:19.455+0000] {dag.py:3947} INFO - Setting next_dagrun for pipeline to 2026-04-06 00:00:00+00:00, run_after=2026-04-07 00:00:00+00:00
[2026-04-06T13:41:19.507+0000] {processor.py:183} INFO - Processing /opt/airflow/dags/pipeline.py took 1.557 seconds
[2026-04-06T13:41:50.157+0000] {processor.py:161} INFO - Started process (PID=1370) to work on /opt/airflow/dags/pipeline.py
[2026-04-06T13:41:50.160+0000] {processor.py:830} INFO - Processing file /opt/airflow/dags/pipeline.py for tasks to queue
[2026-04-06T13:41:50.165+0000] {logging_mixin.py:188} INFO - [2026-04-06T13:41:50.164+0000] {dagbag.py:545} INFO - Filling up the DagBag from /opt/airflow/dags/pipeline.py
[2026-04-06T13:41:51.623+0000] {processor.py:840} INFO - DAG(s) 'pipeline' retrieved from /opt/airflow/dags/pipeline.py
[2026-04-06T13:41:51.724+0000] {logging_mixin.py:188} INFO - [2026-04-06T13:41:51.724+0000] {dag.py:3089} INFO - Sync 1 DAGs
[2026-04-06T13:41:51.765+0000] {logging_mixin.py:188} INFO - [2026-04-06T13:41:51.765+0000] {dag.py:3947} INFO - Setting next_dagrun for pipeline to 2026-04-06 00:00:00+00:00, run_after=2026-04-07 00:00:00+00:00
[2026-04-06T13:41:51.831+0000] {processor.py:183} INFO - Processing /opt/airflow/dags/pipeline.py took 1.696 seconds
[2026-04-06T13:42:22.394+0000] {processor.py:161} INFO - Started process (PID=1376) to work on /opt/airflow/dags/pipeline.py
[2026-04-06T13:42:22.396+0000] {processor.py:830} INFO - Processing file /opt/airflow/dags/pipeline.py for tasks to queue
[2026-04-06T13:42:22.399+0000] {logging_mixin.py:188} INFO - [2026-04-06T13:42:22.398+0000] {dagbag.py:545} INFO - Filling up the DagBag from /opt/airflow/dags/pipeline.py
[2026-04-06T13:42:23.564+0000] {processor.py:840} INFO - DAG(s) 'pipeline' retrieved from /opt/airflow/dags/pipeline.py
[2026-04-06T13:42:23.642+0000] {logging_mixin.py:188} INFO - [2026-04-06T13:42:23.642+0000] {dag.py:3089} INFO - Sync 1 DAGs
[2026-04-06T13:42:23.681+0000] {logging_mixin.py:188} INFO - [2026-04-06T13:42:23.680+0000] {dag.py:3947} INFO - Setting next_dagrun for pipeline to 2026-04-06 00:00:00+00:00, run_after=2026-04-07 00:00:00+00:00
[2026-04-06T13:42:23.742+0000] {processor.py:183} INFO - Processing /opt/airflow/dags/pipeline.py took 1.356 seconds
[2026-04-06T13:42:54.447+0000] {processor.py:161} INFO - Started process (PID=1382) to work on /opt/airflow/dags/pipeline.py
[2026-04-06T13:42:54.452+0000] {processor.py:830} INFO - Processing file /opt/airflow/dags/pipeline.py for tasks to queue
[2026-04-06T13:42:54.462+0000] {logging_mixin.py:188} INFO - [2026-04-06T13:42:54.461+0000] {dagbag.py:545} INFO - Filling up the DagBag from /opt/airflow/dags/pipeline.py
[2026-04-06T13:42:55.621+0000] {processor.py:840} INFO - DAG(s) 'pipeline' retrieved from /opt/airflow/dags/pipeline.py
[2026-04-06T13:42:55.694+0000] {logging_mixin.py:188} INFO - [2026-04-06T13:42:55.694+0000] {dag.py:3089} INFO - Sync 1 DAGs
[2026-04-06T13:42:55.727+0000] {logging_mixin.py:188} INFO - [2026-04-06T13:42:55.727+0000] {dag.py:3947} INFO - Setting next_dagrun for pipeline to 2026-04-06 00:00:00+00:00, run_after=2026-04-07 00:00:00+00:00
[2026-04-06T13:42:55.774+0000] {processor.py:183} INFO - Processing /opt/airflow/dags/pipeline.py took 1.354 seconds
[2026-04-06T13:43:26.062+0000] {processor.py:161} INFO - Started process (PID=1388) to work on /opt/airflow/dags/pipeline.py
[2026-04-06T13:43:26.064+0000] {processor.py:830} INFO - Processing file /opt/airflow/dags/pipeline.py for tasks to queue
[2026-04-06T13:43:26.067+0000] {logging_mixin.py:188} INFO - [2026-04-06T13:43:26.067+0000] {dagbag.py:545} INFO - Filling up the DagBag from /opt/airflow/dags/pipeline.py
[2026-04-06T13:43:27.326+0000] {processor.py:840} INFO - DAG(s) 'pipeline' retrieved from /opt/airflow/dags/pipeline.py
[2026-04-06T13:43:27.416+0000] {logging_mixin.py:188} INFO - [2026-04-06T13:43:27.416+0000] {dag.py:3089} INFO - Sync 1 DAGs
[2026-04-06T13:43:27.461+0000] {logging_mixin.py:188} INFO - [2026-04-06T13:43:27.460+0000] {dag.py:3947} INFO - Setting next_dagrun for pipeline to 2026-04-06 00:00:00+00:00, run_after=2026-04-07 00:00:00+00:00
[2026-04-06T13:43:27.537+0000] {processor.py:183} INFO - Processing /opt/airflow/dags/pipeline.py took 1.488 seconds
[2026-04-06T13:43:57.964+0000] {processor.py:161} INFO - Started process (PID=1394) to work on /opt/airflow/dags/pipeline.py
[2026-04-06T13:43:57.971+0000] {processor.py:830} INFO - Processing file /opt/airflow/dags/pipeline.py for tasks to queue
[2026-04-06T13:43:57.979+0000] {logging_mixin.py:188} INFO - [2026-04-06T13:43:57.978+0000] {dagbag.py:545} INFO - Filling up the DagBag from /opt/airflow/dags/pipeline.py
[2026-04-06T13:43:59.220+0000] {processor.py:840} INFO - DAG(s) 'pipeline' retrieved from /opt/airflow/dags/pipeline.py
[2026-04-06T13:43:59.295+0000] {logging_mixin.py:188} INFO - [2026-04-06T13:43:59.295+0000] {dag.py:3089} INFO - Sync 1 DAGs
[2026-04-06T13:43:59.330+0000] {logging_mixin.py:188} INFO - [2026-04-06T13:43:59.330+0000] {dag.py:3947} INFO - Setting next_dagrun for pipeline to 2026-04-06 00:00:00+00:00, run_after=2026-04-07 00:00:00+00:00
[2026-04-06T13:43:59.377+0000] {processor.py:183} INFO - Processing /opt/airflow/dags/pipeline.py took 1.443 seconds
[2026-04-06T13:44:29.623+0000] {processor.py:161} INFO - Started process (PID=1400) to work on /opt/airflow/dags/pipeline.py
[2026-04-06T13:44:29.625+0000] {processor.py:830} INFO - Processing file /opt/airflow/dags/pipeline.py for tasks to queue
[2026-04-06T13:44:29.628+0000] {logging_mixin.py:188} INFO - [2026-04-06T13:44:29.627+0000] {dagbag.py:545} INFO - Filling up the DagBag from /opt/airflow/dags/pipeline.py
[2026-04-06T13:44:31.019+0000] {processor.py:840} INFO - DAG(s) 'pipeline' retrieved from /opt/airflow/dags/pipeline.py
[2026-04-06T13:44:31.119+0000] {logging_mixin.py:188} INFO - [2026-04-06T13:44:31.118+0000] {dag.py:3089} INFO - Sync 1 DAGs
[2026-04-06T13:44:31.165+0000] {logging_mixin.py:188} INFO - [2026-04-06T13:44:31.165+0000] {dag.py:3947} INFO - Setting next_dagrun for pipeline to 2026-04-06 00:00:00+00:00, run_after=2026-04-07 00:00:00+00:00
[2026-04-06T13:44:31.236+0000] {processor.py:183} INFO - Processing /opt/airflow/dags/pipeline.py took 1.624 seconds
[2026-04-06T13:45:01.685+0000] {processor.py:161} INFO - Started process (PID=1406) to work on /opt/airflow/dags/pipeline.py
[2026-04-06T13:45:01.688+0000] {processor.py:830} INFO - Processing file /opt/airflow/dags/pipeline.py for tasks to queue
[2026-04-06T13:45:01.692+0000] {logging_mixin.py:188} INFO - [2026-04-06T13:45:01.692+0000] {dagbag.py:545} INFO - Filling up the DagBag from /opt/airflow/dags/pipeline.py
[2026-04-06T13:45:03.113+0000] {processor.py:840} INFO - DAG(s) 'pipeline' retrieved from /opt/airflow/dags/pipeline.py
[2026-04-06T13:45:03.207+0000] {logging_mixin.py:188} INFO - [2026-04-06T13:45:03.207+0000] {dag.py:3089} INFO - Sync 1 DAGs
[2026-04-06T13:45:03.248+0000] {logging_mixin.py:188} INFO - [2026-04-06T13:45:03.247+0000] {dag.py:3947} INFO - Setting next_dagrun for pipeline to 2026-04-06 00:00:00+00:00, run_after=2026-04-07 00:00:00+00:00
[2026-04-06T13:45:03.308+0000] {processor.py:183} INFO - Processing /opt/airflow/dags/pipeline.py took 1.648 seconds
[2026-04-06T13:45:33.924+0000] {processor.py:161} INFO - Started process (PID=1412) to work on /opt/airflow/dags/pipeline.py
[2026-04-06T13:45:33.926+0000] {processor.py:830} INFO - Processing file /opt/airflow/dags/pipeline.py for tasks to queue
[2026-04-06T13:45:33.928+0000] {logging_mixin.py:188} INFO - [2026-04-06T13:45:33.928+0000] {dagbag.py:545} INFO - Filling up the DagBag from /opt/airflow/dags/pipeline.py
[2026-04-06T13:45:35.017+0000] {processor.py:840} INFO - DAG(s) 'pipeline' retrieved from /opt/airflow/dags/pipeline.py
[2026-04-06T13:45:35.091+0000] {logging_mixin.py:188} INFO - [2026-04-06T13:45:35.090+0000] {dag.py:3089} INFO - Sync 1 DAGs
[2026-04-06T13:45:35.126+0000] {logging_mixin.py:188} INFO - [2026-04-06T13:45:35.126+0000] {dag.py:3947} INFO - Setting next_dagrun for pipeline to 2026-04-06 00:00:00+00:00, run_after=2026-04-07 00:00:00+00:00
[2026-04-06T13:45:35.165+0000] {processor.py:183} INFO - Processing /opt/airflow/dags/pipeline.py took 1.249 seconds
[2026-04-06T13:46:05.480+0000] {processor.py:161} INFO - Started process (PID=1418) to work on /opt/airflow/dags/pipeline.py
[2026-04-06T13:46:05.483+0000] {processor.py:830} INFO - Processing file /opt/airflow/dags/pipeline.py for tasks to queue
[2026-04-06T13:46:05.488+0000] {logging_mixin.py:188} INFO - [2026-04-06T13:46:05.487+0000] {dagbag.py:545} INFO - Filling up the DagBag from /opt/airflow/dags/pipeline.py
[2026-04-06T13:46:06.968+0000] {processor.py:840} INFO - DAG(s) 'pipeline' retrieved from /opt/airflow/dags/pipeline.py
[2026-04-06T13:46:07.076+0000] {logging_mixin.py:188} INFO - [2026-04-06T13:46:07.075+0000] {dag.py:3089} INFO - Sync 1 DAGs
[2026-04-06T13:46:07.122+0000] {logging_mixin.py:188} INFO - [2026-04-06T13:46:07.121+0000] {dag.py:3947} INFO - Setting next_dagrun for pipeline to 2026-04-06 00:00:00+00:00, run_after=2026-04-07 00:00:00+00:00
[2026-04-06T13:46:07.184+0000] {processor.py:183} INFO - Processing /opt/airflow/dags/pipeline.py took 1.731 seconds
[2026-04-06T13:46:37.473+0000] {processor.py:161} INFO - Started process (PID=1424) to work on /opt/airflow/dags/pipeline.py
[2026-04-06T13:46:37.476+0000] {processor.py:830} INFO - Processing file /opt/airflow/dags/pipeline.py for tasks to queue
[2026-04-06T13:46:37.482+0000] {logging_mixin.py:188} INFO - [2026-04-06T13:46:37.481+0000] {dagbag.py:545} INFO - Filling up the DagBag from /opt/airflow/dags/pipeline.py
[2026-04-06T13:46:38.612+0000] {processor.py:840} INFO - DAG(s) 'pipeline' retrieved from /opt/airflow/dags/pipeline.py
[2026-04-06T13:46:38.716+0000] {logging_mixin.py:188} INFO - [2026-04-06T13:46:38.716+0000] {dag.py:3089} INFO - Sync 1 DAGs
[2026-04-06T13:46:38.762+0000] {logging_mixin.py:188} INFO - [2026-04-06T13:46:38.762+0000] {dag.py:3947} INFO - Setting next_dagrun for pipeline to 2026-04-06 00:00:00+00:00, run_after=2026-04-07 00:00:00+00:00
[2026-04-06T13:46:38.826+0000] {processor.py:183} INFO - Processing /opt/airflow/dags/pipeline.py took 1.386 seconds
[2026-04-06T13:47:09.189+0000] {processor.py:161} INFO - Started process (PID=1430) to work on /opt/airflow/dags/pipeline.py
[2026-04-06T13:47:09.194+0000] {processor.py:830} INFO - Processing file /opt/airflow/dags/pipeline.py for tasks to queue
[2026-04-06T13:47:09.202+0000] {logging_mixin.py:188} INFO - [2026-04-06T13:47:09.200+0000] {dagbag.py:545} INFO - Filling up the DagBag from /opt/airflow/dags/pipeline.py
[2026-04-06T13:47:10.370+0000] {processor.py:840} INFO - DAG(s) 'pipeline' retrieved from /opt/airflow/dags/pipeline.py
[2026-04-06T13:47:10.461+0000] {logging_mixin.py:188} INFO - [2026-04-06T13:47:10.461+0000] {dag.py:3089} INFO - Sync 1 DAGs
[2026-04-06T13:47:10.499+0000] {logging_mixin.py:188} INFO - [2026-04-06T13:47:10.499+0000] {dag.py:3947} INFO - Setting next_dagrun for pipeline to 2026-04-06 00:00:00+00:00, run_after=2026-04-07 00:00:00+00:00
[2026-04-06T13:47:10.540+0000] {processor.py:183} INFO - Processing /opt/airflow/dags/pipeline.py took 1.394 seconds
[2026-04-06T13:47:41.173+0000] {processor.py:161} INFO - Started process (PID=1436) to work on /opt/airflow/dags/pipeline.py
[2026-04-06T13:47:41.177+0000] {processor.py:830} INFO - Processing file /opt/airflow/dags/pipeline.py for tasks to queue
[2026-04-06T13:47:41.189+0000] {logging_mixin.py:188} INFO - [2026-04-06T13:47:41.187+0000] {dagbag.py:545} INFO - Filling up the DagBag from /opt/airflow/dags/pipeline.py
[2026-04-06T13:47:42.468+0000] {processor.py:840} INFO - DAG(s) 'pipeline' retrieved from /opt/airflow/dags/pipeline.py
[2026-04-06T13:47:42.544+0000] {logging_mixin.py:188} INFO - [2026-04-06T13:47:42.544+0000] {dag.py:3089} INFO - Sync 1 DAGs
[2026-04-06T13:47:42.580+0000] {logging_mixin.py:188} INFO - [2026-04-06T13:47:42.580+0000] {dag.py:3947} INFO - Setting next_dagrun for pipeline to 2026-04-06 00:00:00+00:00, run_after=2026-04-07 00:00:00+00:00
[2026-04-06T13:47:42.636+0000] {processor.py:183} INFO - Processing /opt/airflow/dags/pipeline.py took 1.497 seconds
[2026-04-06T13:48:12.847+0000] {processor.py:161} INFO - Started process (PID=1442) to work on /opt/airflow/dags/pipeline.py
[2026-04-06T13:48:12.852+0000] {processor.py:830} INFO - Processing file /opt/airflow/dags/pipeline.py for tasks to queue
[2026-04-06T13:48:12.860+0000] {logging_mixin.py:188} INFO - [2026-04-06T13:48:12.858+0000] {dagbag.py:545} INFO - Filling up the DagBag from /opt/airflow/dags/pipeline.py
[2026-04-06T13:48:14.023+0000] {processor.py:840} INFO - DAG(s) 'pipeline' retrieved from /opt/airflow/dags/pipeline.py
[2026-04-06T13:48:14.093+0000] {logging_mixin.py:188} INFO - [2026-04-06T13:48:14.093+0000] {dag.py:3089} INFO - Sync 1 DAGs
[2026-04-06T13:48:14.129+0000] {logging_mixin.py:188} INFO - [2026-04-06T13:48:14.128+0000] {dag.py:3947} INFO - Setting next_dagrun for pipeline to 2026-04-06 00:00:00+00:00, run_after=2026-04-07 00:00:00+00:00
[2026-04-06T13:48:14.165+0000] {processor.py:183} INFO - Processing /opt/airflow/dags/pipeline.py took 1.349 seconds
[2026-04-06T13:48:44.518+0000] {processor.py:161} INFO - Started process (PID=1448) to work on /opt/airflow/dags/pipeline.py
[2026-04-06T13:48:44.521+0000] {processor.py:830} INFO - Processing file /opt/airflow/dags/pipeline.py for tasks to queue
[2026-04-06T13:48:44.525+0000] {logging_mixin.py:188} INFO - [2026-04-06T13:48:44.524+0000] {dagbag.py:545} INFO - Filling up the DagBag from /opt/airflow/dags/pipeline.py
[2026-04-06T13:48:45.641+0000] {processor.py:840} INFO - DAG(s) 'pipeline' retrieved from /opt/airflow/dags/pipeline.py
[2026-04-06T13:48:45.921+0000] {logging_mixin.py:188} INFO - [2026-04-06T13:48:45.920+0000] {dag.py:3089} INFO - Sync 1 DAGs
[2026-04-06T13:48:45.955+0000] {logging_mixin.py:188} INFO - [2026-04-06T13:48:45.955+0000] {dag.py:3947} INFO - Setting next_dagrun for pipeline to 2026-04-06 00:00:00+00:00, run_after=2026-04-07 00:00:00+00:00
[2026-04-06T13:48:45.999+0000] {processor.py:183} INFO - Processing /opt/airflow/dags/pipeline.py took 1.497 seconds
[2026-04-06T13:49:16.371+0000] {processor.py:161} INFO - Started process (PID=1454) to work on /opt/airflow/dags/pipeline.py
[2026-04-06T13:49:16.377+0000] {processor.py:830} INFO - Processing file /opt/airflow/dags/pipeline.py for tasks to queue
[2026-04-06T13:49:16.391+0000] {logging_mixin.py:188} INFO - [2026-04-06T13:49:16.390+0000] {dagbag.py:545} INFO - Filling up the DagBag from /opt/airflow/dags/pipeline.py
[2026-04-06T13:49:17.688+0000] {processor.py:840} INFO - DAG(s) 'pipeline' retrieved from /opt/airflow/dags/pipeline.py
[2026-04-06T13:49:17.763+0000] {logging_mixin.py:188} INFO - [2026-04-06T13:49:17.763+0000] {dag.py:3089} INFO - Sync 1 DAGs
[2026-04-06T13:49:17.801+0000] {logging_mixin.py:188} INFO - [2026-04-06T13:49:17.800+0000] {dag.py:3947} INFO - Setting next_dagrun for pipeline to 2026-04-06 00:00:00+00:00, run_after=2026-04-07 00:00:00+00:00
[2026-04-06T13:49:17.865+0000] {processor.py:183} INFO - Processing /opt/airflow/dags/pipeline.py took 1.527 seconds
[2026-04-06T13:49:48.474+0000] {processor.py:161} INFO - Started process (PID=1460) to work on /opt/airflow/dags/pipeline.py
[2026-04-06T13:49:48.477+0000] {processor.py:830} INFO - Processing file /opt/airflow/dags/pipeline.py for tasks to queue
[2026-04-06T13:49:48.481+0000] {logging_mixin.py:188} INFO - [2026-04-06T13:49:48.480+0000] {dagbag.py:545} INFO - Filling up the DagBag from /opt/airflow/dags/pipeline.py
[2026-04-06T13:49:49.533+0000] {processor.py:840} INFO - DAG(s) 'pipeline' retrieved from /opt/airflow/dags/pipeline.py
[2026-04-06T13:49:49.833+0000] {logging_mixin.py:188} INFO - [2026-04-06T13:49:49.832+0000] {dag.py:3089} INFO - Sync 1 DAGs
[2026-04-06T13:49:49.875+0000] {logging_mixin.py:188} INFO - [2026-04-06T13:49:49.875+0000] {dag.py:3947} INFO - Setting next_dagrun for pipeline to 2026-04-06 00:00:00+00:00, run_after=2026-04-07 00:00:00+00:00
[2026-04-06T13:49:49.935+0000] {processor.py:183} INFO - Processing /opt/airflow/dags/pipeline.py took 1.483 seconds
[2026-04-06T13:50:20.036+0000] {processor.py:161} INFO - Started process (PID=1466) to work on /opt/airflow/dags/pipeline.py
[2026-04-06T13:50:20.038+0000] {processor.py:830} INFO - Processing file /opt/airflow/dags/pipeline.py for tasks to queue
[2026-04-06T13:50:20.042+0000] {logging_mixin.py:188} INFO - [2026-04-06T13:50:20.042+0000] {dagbag.py:545} INFO - Filling up the DagBag from /opt/airflow/dags/pipeline.py
[2026-04-06T13:50:21.763+0000] {processor.py:840} INFO - DAG(s) 'pipeline' retrieved from /opt/airflow/dags/pipeline.py
[2026-04-06T13:50:21.869+0000] {logging_mixin.py:188} INFO - [2026-04-06T13:50:21.868+0000] {dag.py:3089} INFO - Sync 1 DAGs
[2026-04-06T13:50:21.918+0000] {logging_mixin.py:188} INFO - [2026-04-06T13:50:21.917+0000] {dag.py:3947} INFO - Setting next_dagrun for pipeline to 2026-04-06 00:00:00+00:00, run_after=2026-04-07 00:00:00+00:00
[2026-04-06T13:50:21.988+0000] {processor.py:183} INFO - Processing /opt/airflow/dags/pipeline.py took 1.965 seconds
[2026-04-06T13:50:52.952+0000] {processor.py:161} INFO - Started process (PID=1472) to work on /opt/airflow/dags/pipeline.py
[2026-04-06T13:50:52.957+0000] {processor.py:830} INFO - Processing file /opt/airflow/dags/pipeline.py for tasks to queue
[2026-04-06T13:50:52.963+0000] {logging_mixin.py:188} INFO - [2026-04-06T13:50:52.962+0000] {dagbag.py:545} INFO - Filling up the DagBag from /opt/airflow/dags/pipeline.py
[2026-04-06T13:50:54.434+0000] {processor.py:840} INFO - DAG(s) 'pipeline' retrieved from /opt/airflow/dags/pipeline.py
[2026-04-06T13:50:54.545+0000] {logging_mixin.py:188} INFO - [2026-04-06T13:50:54.544+0000] {dag.py:3089} INFO - Sync 1 DAGs
[2026-04-06T13:50:54.674+0000] {logging_mixin.py:188} INFO - [2026-04-06T13:50:54.674+0000] {dag.py:3947} INFO - Setting next_dagrun for pipeline to 2026-04-06 00:00:00+00:00, run_after=2026-04-07 00:00:00+00:00
[2026-04-06T13:50:54.753+0000] {processor.py:183} INFO - Processing /opt/airflow/dags/pipeline.py took 1.828 seconds
[2026-04-06T13:51:25.485+0000] {processor.py:161} INFO - Started process (PID=1478) to work on /opt/airflow/dags/pipeline.py
[2026-04-06T13:51:25.490+0000] {processor.py:830} INFO - Processing file /opt/airflow/dags/pipeline.py for tasks to queue
[2026-04-06T13:51:25.502+0000] {logging_mixin.py:188} INFO - [2026-04-06T13:51:25.501+0000] {dagbag.py:545} INFO - Filling up the DagBag from /opt/airflow/dags/pipeline.py
[2026-04-06T13:51:27.050+0000] {processor.py:840} INFO - DAG(s) 'pipeline' retrieved from /opt/airflow/dags/pipeline.py
[2026-04-06T13:51:27.154+0000] {logging_mixin.py:188} INFO - [2026-04-06T13:51:27.153+0000] {dag.py:3089} INFO - Sync 1 DAGs
[2026-04-06T13:51:27.201+0000] {logging_mixin.py:188} INFO - [2026-04-06T13:51:27.200+0000] {dag.py:3947} INFO - Setting next_dagrun for pipeline to 2026-04-06 00:00:00+00:00, run_after=2026-04-07 00:00:00+00:00
[2026-04-06T13:51:27.248+0000] {processor.py:183} INFO - Processing /opt/airflow/dags/pipeline.py took 1.805 seconds
[2026-04-06T13:51:57.949+0000] {processor.py:161} INFO - Started process (PID=1484) to work on /opt/airflow/dags/pipeline.py
[2026-04-06T13:51:57.954+0000] {processor.py:830} INFO - Processing file /opt/airflow/dags/pipeline.py for tasks to queue
[2026-04-06T13:51:57.964+0000] {logging_mixin.py:188} INFO - [2026-04-06T13:51:57.963+0000] {dagbag.py:545} INFO - Filling up the DagBag from /opt/airflow/dags/pipeline.py
[2026-04-06T13:51:59.136+0000] {processor.py:840} INFO - DAG(s) 'pipeline' retrieved from /opt/airflow/dags/pipeline.py
[2026-04-06T13:51:59.352+0000] {logging_mixin.py:188} INFO - [2026-04-06T13:51:59.351+0000] {dag.py:3089} INFO - Sync 1 DAGs
[2026-04-06T13:51:59.398+0000] {logging_mixin.py:188} INFO - [2026-04-06T13:51:59.398+0000] {dag.py:3947} INFO - Setting next_dagrun for pipeline to 2026-04-06 00:00:00+00:00, run_after=2026-04-07 00:00:00+00:00
[2026-04-06T13:51:59.447+0000] {processor.py:183} INFO - Processing /opt/airflow/dags/pipeline.py took 1.537 seconds
[2026-04-06T13:52:29.770+0000] {processor.py:161} INFO - Started process (PID=1490) to work on /opt/airflow/dags/pipeline.py
[2026-04-06T13:52:29.772+0000] {processor.py:830} INFO - Processing file /opt/airflow/dags/pipeline.py for tasks to queue
[2026-04-06T13:52:29.776+0000] {logging_mixin.py:188} INFO - [2026-04-06T13:52:29.776+0000] {dagbag.py:545} INFO - Filling up the DagBag from /opt/airflow/dags/pipeline.py
[2026-04-06T13:52:30.969+0000] {processor.py:840} INFO - DAG(s) 'pipeline' retrieved from /opt/airflow/dags/pipeline.py
[2026-04-06T13:52:31.057+0000] {logging_mixin.py:188} INFO - [2026-04-06T13:52:31.057+0000] {dag.py:3089} INFO - Sync 1 DAGs
[2026-04-06T13:52:31.095+0000] {logging_mixin.py:188} INFO - [2026-04-06T13:52:31.095+0000] {dag.py:3947} INFO - Setting next_dagrun for pipeline to 2026-04-06 00:00:00+00:00, run_after=2026-04-07 00:00:00+00:00
[2026-04-06T13:52:31.150+0000] {processor.py:183} INFO - Processing /opt/airflow/dags/pipeline.py took 1.391 seconds
[2026-04-06T13:53:01.654+0000] {processor.py:161} INFO - Started process (PID=1496) to work on /opt/airflow/dags/pipeline.py
[2026-04-06T13:53:01.658+0000] {processor.py:830} INFO - Processing file /opt/airflow/dags/pipeline.py for tasks to queue
[2026-04-06T13:53:01.667+0000] {logging_mixin.py:188} INFO - [2026-04-06T13:53:01.666+0000] {dagbag.py:545} INFO - Filling up the DagBag from /opt/airflow/dags/pipeline.py
[2026-04-06T13:53:03.123+0000] {processor.py:840} INFO - DAG(s) 'pipeline' retrieved from /opt/airflow/dags/pipeline.py
[2026-04-06T13:53:03.229+0000] {logging_mixin.py:188} INFO - [2026-04-06T13:53:03.228+0000] {dag.py:3089} INFO - Sync 1 DAGs
[2026-04-06T13:53:03.276+0000] {logging_mixin.py:188} INFO - [2026-04-06T13:53:03.276+0000] {dag.py:3947} INFO - Setting next_dagrun for pipeline to 2026-04-06 00:00:00+00:00, run_after=2026-04-07 00:00:00+00:00
[2026-04-06T13:53:03.350+0000] {processor.py:183} INFO - Processing /opt/airflow/dags/pipeline.py took 1.726 seconds
[2026-04-06T13:53:34.006+0000] {processor.py:161} INFO - Started process (PID=1502) to work on /opt/airflow/dags/pipeline.py
[2026-04-06T13:53:34.009+0000] {processor.py:830} INFO - Processing file /opt/airflow/dags/pipeline.py for tasks to queue
[2026-04-06T13:53:34.014+0000] {logging_mixin.py:188} INFO - [2026-04-06T13:53:34.013+0000] {dagbag.py:545} INFO - Filling up the DagBag from /opt/airflow/dags/pipeline.py
[2026-04-06T13:53:37.769+0000] {processor.py:840} INFO - DAG(s) 'pipeline' retrieved from /opt/airflow/dags/pipeline.py
[2026-04-06T13:53:38.257+0000] {logging_mixin.py:188} INFO - [2026-04-06T13:53:38.256+0000] {dag.py:3089} INFO - Sync 1 DAGs
[2026-04-06T13:53:38.447+0000] {logging_mixin.py:188} INFO - [2026-04-06T13:53:38.447+0000] {dag.py:3947} INFO - Setting next_dagrun for pipeline to 2026-04-06 00:00:00+00:00, run_after=2026-04-07 00:00:00+00:00
[2026-04-06T13:53:38.660+0000] {processor.py:183} INFO - Processing /opt/airflow/dags/pipeline.py took 4.677 seconds
[2026-04-06T13:54:09.408+0000] {processor.py:161} INFO - Started process (PID=1508) to work on /opt/airflow/dags/pipeline.py
[2026-04-06T13:54:09.412+0000] {processor.py:830} INFO - Processing file /opt/airflow/dags/pipeline.py for tasks to queue
[2026-04-06T13:54:09.417+0000] {logging_mixin.py:188} INFO - [2026-04-06T13:54:09.416+0000] {dagbag.py:545} INFO - Filling up the DagBag from /opt/airflow/dags/pipeline.py
[2026-04-06T13:54:10.980+0000] {processor.py:840} INFO - DAG(s) 'pipeline' retrieved from /opt/airflow/dags/pipeline.py
[2026-04-06T13:54:11.200+0000] {logging_mixin.py:188} INFO - [2026-04-06T13:54:11.199+0000] {dag.py:3089} INFO - Sync 1 DAGs
[2026-04-06T13:54:11.241+0000] {logging_mixin.py:188} INFO - [2026-04-06T13:54:11.241+0000] {dag.py:3947} INFO - Setting next_dagrun for pipeline to 2026-04-06 00:00:00+00:00, run_after=2026-04-07 00:00:00+00:00
[2026-04-06T13:54:11.307+0000] {processor.py:183} INFO - Processing /opt/airflow/dags/pipeline.py took 1.916 seconds
[2026-04-06T13:54:41.896+0000] {processor.py:161} INFO - Started process (PID=1514) to work on /opt/airflow/dags/pipeline.py
[2026-04-06T13:54:41.898+0000] {processor.py:830} INFO - Processing file /opt/airflow/dags/pipeline.py for tasks to queue
[2026-04-06T13:54:41.901+0000] {logging_mixin.py:188} INFO - [2026-04-06T13:54:41.901+0000] {dagbag.py:545} INFO - Filling up the DagBag from /opt/airflow/dags/pipeline.py
[2026-04-06T13:54:43.187+0000] {processor.py:840} INFO - DAG(s) 'pipeline' retrieved from /opt/airflow/dags/pipeline.py
[2026-04-06T13:54:43.266+0000] {logging_mixin.py:188} INFO - [2026-04-06T13:54:43.265+0000] {dag.py:3089} INFO - Sync 1 DAGs
[2026-04-06T13:54:43.304+0000] {logging_mixin.py:188} INFO - [2026-04-06T13:54:43.303+0000] {dag.py:3947} INFO - Setting next_dagrun for pipeline to 2026-04-06 00:00:00+00:00, run_after=2026-04-07 00:00:00+00:00
[2026-04-06T13:54:43.347+0000] {processor.py:183} INFO - Processing /opt/airflow/dags/pipeline.py took 1.461 seconds
[2026-04-06T13:54:55.564+0000] {processor.py:161} INFO - Started process (PID=1520) to work on /opt/airflow/dags/pipeline.py
[2026-04-06T13:54:55.566+0000] {processor.py:830} INFO - Processing file /opt/airflow/dags/pipeline.py for tasks to queue
[2026-04-06T13:54:55.570+0000] {logging_mixin.py:188} INFO - [2026-04-06T13:54:55.569+0000] {dagbag.py:545} INFO - Filling up the DagBag from /opt/airflow/dags/pipeline.py
[2026-04-06T13:54:57.014+0000] {processor.py:840} INFO - DAG(s) 'pipeline' retrieved from /opt/airflow/dags/pipeline.py
[2026-04-06T13:54:57.340+0000] {logging_mixin.py:188} INFO - [2026-04-06T13:54:57.340+0000] {dag.py:3089} INFO - Sync 1 DAGs
[2026-04-06T13:54:57.380+0000] {logging_mixin.py:188} INFO - [2026-04-06T13:54:57.380+0000] {dag.py:3947} INFO - Setting next_dagrun for pipeline to 2026-04-06 00:00:00+00:00, run_after=2026-04-07 00:00:00+00:00
[2026-04-06T13:54:57.439+0000] {processor.py:183} INFO - Processing /opt/airflow/dags/pipeline.py took 1.891 seconds
[2026-04-06T13:55:28.210+0000] {processor.py:161} INFO - Started process (PID=1526) to work on /opt/airflow/dags/pipeline.py
[2026-04-06T13:55:28.213+0000] {processor.py:830} INFO - Processing file /opt/airflow/dags/pipeline.py for tasks to queue
[2026-04-06T13:55:28.225+0000] {logging_mixin.py:188} INFO - [2026-04-06T13:55:28.224+0000] {dagbag.py:545} INFO - Filling up the DagBag from /opt/airflow/dags/pipeline.py
[2026-04-06T13:55:30.337+0000] {processor.py:840} INFO - DAG(s) 'pipeline' retrieved from /opt/airflow/dags/pipeline.py
[2026-04-06T13:55:30.566+0000] {logging_mixin.py:188} INFO - [2026-04-06T13:55:30.566+0000] {dag.py:3089} INFO - Sync 1 DAGs
[2026-04-06T13:55:30.617+0000] {logging_mixin.py:188} INFO - [2026-04-06T13:55:30.617+0000] {dag.py:3947} INFO - Setting next_dagrun for pipeline to 2026-04-06 00:00:00+00:00, run_after=2026-04-07 00:00:00+00:00
[2026-04-06T13:55:30.674+0000] {processor.py:183} INFO - Processing /opt/airflow/dags/pipeline.py took 2.500 seconds
[2026-04-06T13:56:01.303+0000] {processor.py:161} INFO - Started process (PID=1548) to work on /opt/airflow/dags/pipeline.py
[2026-04-06T13:56:01.311+0000] {processor.py:830} INFO - Processing file /opt/airflow/dags/pipeline.py for tasks to queue
[2026-04-06T13:56:01.341+0000] {logging_mixin.py:188} INFO - [2026-04-06T13:56:01.339+0000] {dagbag.py:545} INFO - Filling up the DagBag from /opt/airflow/dags/pipeline.py
[2026-04-06T13:56:12.002+0000] {processor.py:840} INFO - DAG(s) 'pipeline' retrieved from /opt/airflow/dags/pipeline.py
[2026-04-06T13:56:12.590+0000] {logging_mixin.py:188} INFO - [2026-04-06T13:56:12.587+0000] {dag.py:3089} INFO - Sync 1 DAGs
[2026-04-06T13:56:12.827+0000] {logging_mixin.py:188} INFO - [2026-04-06T13:56:12.827+0000] {dag.py:3947} INFO - Setting next_dagrun for pipeline to 2026-04-06 00:00:00+00:00, run_after=2026-04-07 00:00:00+00:00
[2026-04-06T13:56:13.084+0000] {processor.py:183} INFO - Processing /opt/airflow/dags/pipeline.py took 11.892 seconds
[2026-04-06T13:56:43.461+0000] {processor.py:161} INFO - Started process (PID=1601) to work on /opt/airflow/dags/pipeline.py
[2026-04-06T13:56:43.465+0000] {processor.py:830} INFO - Processing file /opt/airflow/dags/pipeline.py for tasks to queue
[2026-04-06T13:56:43.479+0000] {logging_mixin.py:188} INFO - [2026-04-06T13:56:43.479+0000] {dagbag.py:545} INFO - Filling up the DagBag from /opt/airflow/dags/pipeline.py
[2026-04-06T13:56:45.543+0000] {processor.py:840} INFO - DAG(s) 'pipeline' retrieved from /opt/airflow/dags/pipeline.py
[2026-04-06T13:56:45.663+0000] {logging_mixin.py:188} INFO - [2026-04-06T13:56:45.662+0000] {dag.py:3089} INFO - Sync 1 DAGs
[2026-04-06T13:56:45.730+0000] {logging_mixin.py:188} INFO - [2026-04-06T13:56:45.729+0000] {dag.py:3947} INFO - Setting next_dagrun for pipeline to 2026-04-06 00:00:00+00:00, run_after=2026-04-07 00:00:00+00:00
[2026-04-06T13:56:45.789+0000] {processor.py:183} INFO - Processing /opt/airflow/dags/pipeline.py took 2.377 seconds
[2026-04-06T13:57:16.417+0000] {processor.py:161} INFO - Started process (PID=1608) to work on /opt/airflow/dags/pipeline.py
[2026-04-06T13:57:16.423+0000] {processor.py:830} INFO - Processing file /opt/airflow/dags/pipeline.py for tasks to queue
[2026-04-06T13:57:16.434+0000] {logging_mixin.py:188} INFO - [2026-04-06T13:57:16.432+0000] {dagbag.py:545} INFO - Filling up the DagBag from /opt/airflow/dags/pipeline.py
[2026-04-06T13:57:18.107+0000] {processor.py:840} INFO - DAG(s) 'pipeline' retrieved from /opt/airflow/dags/pipeline.py
[2026-04-06T13:57:18.214+0000] {logging_mixin.py:188} INFO - [2026-04-06T13:57:18.214+0000] {dag.py:3089} INFO - Sync 1 DAGs
[2026-04-06T13:57:18.258+0000] {logging_mixin.py:188} INFO - [2026-04-06T13:57:18.258+0000] {dag.py:3947} INFO - Setting next_dagrun for pipeline to 2026-04-06 00:00:00+00:00, run_after=2026-04-07 00:00:00+00:00
[2026-04-06T13:57:18.322+0000] {processor.py:183} INFO - Processing /opt/airflow/dags/pipeline.py took 1.953 seconds
[2026-04-06T13:57:48.847+0000] {processor.py:161} INFO - Started process (PID=1617) to work on /opt/airflow/dags/pipeline.py
[2026-04-06T13:57:48.848+0000] {processor.py:830} INFO - Processing file /opt/airflow/dags/pipeline.py for tasks to queue
[2026-04-06T13:57:48.851+0000] {logging_mixin.py:188} INFO - [2026-04-06T13:57:48.851+0000] {dagbag.py:545} INFO - Filling up the DagBag from /opt/airflow/dags/pipeline.py
[2026-04-06T13:57:50.454+0000] {processor.py:840} INFO - DAG(s) 'pipeline' retrieved from /opt/airflow/dags/pipeline.py
[2026-04-06T13:57:50.548+0000] {logging_mixin.py:188} INFO - [2026-04-06T13:57:50.548+0000] {dag.py:3089} INFO - Sync 1 DAGs
[2026-04-06T13:57:50.582+0000] {logging_mixin.py:188} INFO - [2026-04-06T13:57:50.582+0000] {dag.py:3947} INFO - Setting next_dagrun for pipeline to 2026-04-06 00:00:00+00:00, run_after=2026-04-07 00:00:00+00:00
[2026-04-06T13:57:50.630+0000] {processor.py:183} INFO - Processing /opt/airflow/dags/pipeline.py took 1.792 seconds
[2026-04-06T13:58:21.080+0000] {processor.py:161} INFO - Started process (PID=1623) to work on /opt/airflow/dags/pipeline.py
[2026-04-06T13:58:21.082+0000] {processor.py:830} INFO - Processing file /opt/airflow/dags/pipeline.py for tasks to queue
[2026-04-06T13:58:21.085+0000] {logging_mixin.py:188} INFO - [2026-04-06T13:58:21.084+0000] {dagbag.py:545} INFO - Filling up the DagBag from /opt/airflow/dags/pipeline.py
[2026-04-06T13:58:22.463+0000] {processor.py:840} INFO - DAG(s) 'pipeline' retrieved from /opt/airflow/dags/pipeline.py
[2026-04-06T13:58:22.549+0000] {logging_mixin.py:188} INFO - [2026-04-06T13:58:22.548+0000] {dag.py:3089} INFO - Sync 1 DAGs
[2026-04-06T13:58:22.584+0000] {logging_mixin.py:188} INFO - [2026-04-06T13:58:22.584+0000] {dag.py:3947} INFO - Setting next_dagrun for pipeline to 2026-04-06 00:00:00+00:00, run_after=2026-04-07 00:00:00+00:00
[2026-04-06T13:58:22.628+0000] {processor.py:183} INFO - Processing /opt/airflow/dags/pipeline.py took 1.556 seconds
[2026-04-06T13:58:52.820+0000] {processor.py:161} INFO - Started process (PID=1673) to work on /opt/airflow/dags/pipeline.py
[2026-04-06T13:58:52.824+0000] {processor.py:830} INFO - Processing file /opt/airflow/dags/pipeline.py for tasks to queue
[2026-04-06T13:58:52.830+0000] {logging_mixin.py:188} INFO - [2026-04-06T13:58:52.828+0000] {dagbag.py:545} INFO - Filling up the DagBag from /opt/airflow/dags/pipeline.py
[2026-04-06T13:58:55.115+0000] {processor.py:840} INFO - DAG(s) 'pipeline' retrieved from /opt/airflow/dags/pipeline.py
[2026-04-06T13:58:55.245+0000] {logging_mixin.py:188} INFO - [2026-04-06T13:58:55.244+0000] {dag.py:3089} INFO - Sync 1 DAGs
[2026-04-06T13:58:55.343+0000] {logging_mixin.py:188} INFO - [2026-04-06T13:58:55.342+0000] {dag.py:3947} INFO - Setting next_dagrun for pipeline to 2026-04-06 00:00:00+00:00, run_after=2026-04-07 00:00:00+00:00
[2026-04-06T13:58:55.451+0000] {processor.py:183} INFO - Processing /opt/airflow/dags/pipeline.py took 2.652 seconds
[2026-04-06T13:59:25.666+0000] {processor.py:161} INFO - Started process (PID=1689) to work on /opt/airflow/dags/pipeline.py
[2026-04-06T13:59:25.667+0000] {processor.py:830} INFO - Processing file /opt/airflow/dags/pipeline.py for tasks to queue
[2026-04-06T13:59:25.670+0000] {logging_mixin.py:188} INFO - [2026-04-06T13:59:25.670+0000] {dagbag.py:545} INFO - Filling up the DagBag from /opt/airflow/dags/pipeline.py
[2026-04-06T13:59:26.880+0000] {processor.py:840} INFO - DAG(s) 'pipeline' retrieved from /opt/airflow/dags/pipeline.py
[2026-04-06T13:59:27.002+0000] {logging_mixin.py:188} INFO - [2026-04-06T13:59:27.001+0000] {dag.py:3089} INFO - Sync 1 DAGs
[2026-04-06T13:59:27.057+0000] {logging_mixin.py:188} INFO - [2026-04-06T13:59:27.057+0000] {dag.py:3947} INFO - Setting next_dagrun for pipeline to 2026-04-06 00:00:00+00:00, run_after=2026-04-07 00:00:00+00:00
[2026-04-06T13:59:27.102+0000] {processor.py:183} INFO - Processing /opt/airflow/dags/pipeline.py took 1.447 seconds
[2026-04-06T13:59:57.398+0000] {processor.py:161} INFO - Started process (PID=1695) to work on /opt/airflow/dags/pipeline.py
[2026-04-06T13:59:57.400+0000] {processor.py:830} INFO - Processing file /opt/airflow/dags/pipeline.py for tasks to queue
[2026-04-06T13:59:57.404+0000] {logging_mixin.py:188} INFO - [2026-04-06T13:59:57.404+0000] {dagbag.py:545} INFO - Filling up the DagBag from /opt/airflow/dags/pipeline.py
[2026-04-06T13:59:59.025+0000] {processor.py:840} INFO - DAG(s) 'pipeline' retrieved from /opt/airflow/dags/pipeline.py
[2026-04-06T13:59:59.138+0000] {logging_mixin.py:188} INFO - [2026-04-06T13:59:59.138+0000] {dag.py:3089} INFO - Sync 1 DAGs
[2026-04-06T13:59:59.194+0000] {logging_mixin.py:188} INFO - [2026-04-06T13:59:59.193+0000] {dag.py:3947} INFO - Setting next_dagrun for pipeline to 2026-04-06 00:00:00+00:00, run_after=2026-04-07 00:00:00+00:00
[2026-04-06T13:59:59.255+0000] {processor.py:183} INFO - Processing /opt/airflow/dags/pipeline.py took 1.869 seconds
[2026-04-06T14:00:29.656+0000] {processor.py:161} INFO - Started process (PID=1701) to work on /opt/airflow/dags/pipeline.py
[2026-04-06T14:00:29.658+0000] {processor.py:830} INFO - Processing file /opt/airflow/dags/pipeline.py for tasks to queue
[2026-04-06T14:00:29.661+0000] {logging_mixin.py:188} INFO - [2026-04-06T14:00:29.660+0000] {dagbag.py:545} INFO - Filling up the DagBag from /opt/airflow/dags/pipeline.py
[2026-04-06T14:00:30.802+0000] {processor.py:840} INFO - DAG(s) 'pipeline' retrieved from /opt/airflow/dags/pipeline.py
[2026-04-06T14:00:30.993+0000] {logging_mixin.py:188} INFO - [2026-04-06T14:00:30.993+0000] {dag.py:3089} INFO - Sync 1 DAGs
[2026-04-06T14:00:31.032+0000] {logging_mixin.py:188} INFO - [2026-04-06T14:00:31.032+0000] {dag.py:3947} INFO - Setting next_dagrun for pipeline to 2026-04-06 00:00:00+00:00, run_after=2026-04-07 00:00:00+00:00
[2026-04-06T14:00:31.073+0000] {processor.py:183} INFO - Processing /opt/airflow/dags/pipeline.py took 1.425 seconds
[2026-04-06T14:01:54.506+0000] {processor.py:161} INFO - Started process (PID=165) to work on /opt/airflow/dags/pipeline.py
[2026-04-06T14:01:54.512+0000] {processor.py:830} INFO - Processing file /opt/airflow/dags/pipeline.py for tasks to queue
[2026-04-06T14:01:54.527+0000] {logging_mixin.py:188} INFO - [2026-04-06T14:01:54.525+0000] {dagbag.py:545} INFO - Filling up the DagBag from /opt/airflow/dags/pipeline.py
[2026-04-06T14:02:00.910+0000] {processor.py:840} INFO - DAG(s) 'pipeline' retrieved from /opt/airflow/dags/pipeline.py
[2026-04-06T14:02:01.075+0000] {logging_mixin.py:188} INFO - [2026-04-06T14:02:01.074+0000] {dag.py:3089} INFO - Sync 1 DAGs
[2026-04-06T14:02:01.154+0000] {logging_mixin.py:188} INFO - [2026-04-06T14:02:01.154+0000] {dag.py:3947} INFO - Setting next_dagrun for pipeline to 2026-04-06 00:00:00+00:00, run_after=2026-04-07 00:00:00+00:00
[2026-04-06T14:02:01.223+0000] {processor.py:183} INFO - Processing /opt/airflow/dags/pipeline.py took 6.749 seconds
[2026-04-06T14:02:31.785+0000] {processor.py:161} INFO - Started process (PID=171) to work on /opt/airflow/dags/pipeline.py
[2026-04-06T14:02:31.787+0000] {processor.py:830} INFO - Processing file /opt/airflow/dags/pipeline.py for tasks to queue
[2026-04-06T14:02:31.791+0000] {logging_mixin.py:188} INFO - [2026-04-06T14:02:31.791+0000] {dagbag.py:545} INFO - Filling up the DagBag from /opt/airflow/dags/pipeline.py
[2026-04-06T14:02:33.689+0000] {processor.py:840} INFO - DAG(s) 'pipeline' retrieved from /opt/airflow/dags/pipeline.py
[2026-04-06T14:02:34.054+0000] {logging_mixin.py:188} INFO - [2026-04-06T14:02:34.054+0000] {dag.py:3089} INFO - Sync 1 DAGs
[2026-04-06T14:02:34.091+0000] {logging_mixin.py:188} INFO - [2026-04-06T14:02:34.091+0000] {dag.py:3947} INFO - Setting next_dagrun for pipeline to 2026-04-06 00:00:00+00:00, run_after=2026-04-07 00:00:00+00:00
[2026-04-06T14:02:34.155+0000] {processor.py:183} INFO - Processing /opt/airflow/dags/pipeline.py took 2.385 seconds
[2026-04-06T14:03:04.714+0000] {processor.py:161} INFO - Started process (PID=177) to work on /opt/airflow/dags/pipeline.py
[2026-04-06T14:03:04.718+0000] {processor.py:830} INFO - Processing file /opt/airflow/dags/pipeline.py for tasks to queue
[2026-04-06T14:03:04.733+0000] {logging_mixin.py:188} INFO - [2026-04-06T14:03:04.732+0000] {dagbag.py:545} INFO - Filling up the DagBag from /opt/airflow/dags/pipeline.py
[2026-04-06T14:03:05.986+0000] {processor.py:840} INFO - DAG(s) 'pipeline' retrieved from /opt/airflow/dags/pipeline.py
[2026-04-06T14:03:06.088+0000] {logging_mixin.py:188} INFO - [2026-04-06T14:03:06.088+0000] {dag.py:3089} INFO - Sync 1 DAGs
[2026-04-06T14:03:06.130+0000] {logging_mixin.py:188} INFO - [2026-04-06T14:03:06.130+0000] {dag.py:3947} INFO - Setting next_dagrun for pipeline to 2026-04-06 00:00:00+00:00, run_after=2026-04-07 00:00:00+00:00
[2026-04-06T14:03:06.176+0000] {processor.py:183} INFO - Processing /opt/airflow/dags/pipeline.py took 1.504 seconds
[2026-04-06T14:03:36.329+0000] {processor.py:161} INFO - Started process (PID=183) to work on /opt/airflow/dags/pipeline.py
[2026-04-06T14:03:36.332+0000] {processor.py:830} INFO - Processing file /opt/airflow/dags/pipeline.py for tasks to queue
[2026-04-06T14:03:36.341+0000] {logging_mixin.py:188} INFO - [2026-04-06T14:03:36.340+0000] {dagbag.py:545} INFO - Filling up the DagBag from /opt/airflow/dags/pipeline.py
[2026-04-06T14:03:37.864+0000] {processor.py:840} INFO - DAG(s) 'pipeline' retrieved from /opt/airflow/dags/pipeline.py
[2026-04-06T14:03:37.962+0000] {logging_mixin.py:188} INFO - [2026-04-06T14:03:37.961+0000] {dag.py:3089} INFO - Sync 1 DAGs
[2026-04-06T14:03:38.008+0000] {logging_mixin.py:188} INFO - [2026-04-06T14:03:38.008+0000] {dag.py:3947} INFO - Setting next_dagrun for pipeline to 2026-04-06 00:00:00+00:00, run_after=2026-04-07 00:00:00+00:00
[2026-04-06T14:03:38.060+0000] {processor.py:183} INFO - Processing /opt/airflow/dags/pipeline.py took 1.751 seconds
[2026-04-06T14:04:08.298+0000] {processor.py:161} INFO - Started process (PID=189) to work on /opt/airflow/dags/pipeline.py
[2026-04-06T14:04:08.300+0000] {processor.py:830} INFO - Processing file /opt/airflow/dags/pipeline.py for tasks to queue
[2026-04-06T14:04:08.304+0000] {logging_mixin.py:188} INFO - [2026-04-06T14:04:08.304+0000] {dagbag.py:545} INFO - Filling up the DagBag from /opt/airflow/dags/pipeline.py
[2026-04-06T14:04:09.798+0000] {processor.py:840} INFO - DAG(s) 'pipeline' retrieved from /opt/airflow/dags/pipeline.py
[2026-04-06T14:04:09.898+0000] {logging_mixin.py:188} INFO - [2026-04-06T14:04:09.898+0000] {dag.py:3089} INFO - Sync 1 DAGs
[2026-04-06T14:04:09.947+0000] {logging_mixin.py:188} INFO - [2026-04-06T14:04:09.947+0000] {dag.py:3947} INFO - Setting next_dagrun for pipeline to 2026-04-06 00:00:00+00:00, run_after=2026-04-07 00:00:00+00:00
[2026-04-06T14:04:09.994+0000] {processor.py:183} INFO - Processing /opt/airflow/dags/pipeline.py took 1.707 seconds
[2026-04-06T14:04:40.278+0000] {processor.py:161} INFO - Started process (PID=201) to work on /opt/airflow/dags/pipeline.py
[2026-04-06T14:04:40.281+0000] {processor.py:830} INFO - Processing file /opt/airflow/dags/pipeline.py for tasks to queue
[2026-04-06T14:04:40.288+0000] {logging_mixin.py:188} INFO - [2026-04-06T14:04:40.287+0000] {dagbag.py:545} INFO - Filling up the DagBag from /opt/airflow/dags/pipeline.py
[2026-04-06T14:04:42.018+0000] {processor.py:840} INFO - DAG(s) 'pipeline' retrieved from /opt/airflow/dags/pipeline.py
[2026-04-06T14:04:42.230+0000] {logging_mixin.py:188} INFO - [2026-04-06T14:04:42.230+0000] {dag.py:3089} INFO - Sync 1 DAGs
[2026-04-06T14:04:42.322+0000] {logging_mixin.py:188} INFO - [2026-04-06T14:04:42.322+0000] {dag.py:3947} INFO - Setting next_dagrun for pipeline to 2026-04-06 00:00:00+00:00, run_after=2026-04-07 00:00:00+00:00
[2026-04-06T14:04:42.398+0000] {processor.py:183} INFO - Processing /opt/airflow/dags/pipeline.py took 2.147 seconds
[2026-04-06T14:05:12.934+0000] {processor.py:161} INFO - Started process (PID=240) to work on /opt/airflow/dags/pipeline.py
[2026-04-06T14:05:12.937+0000] {processor.py:830} INFO - Processing file /opt/airflow/dags/pipeline.py for tasks to queue
[2026-04-06T14:05:12.942+0000] {logging_mixin.py:188} INFO - [2026-04-06T14:05:12.942+0000] {dagbag.py:545} INFO - Filling up the DagBag from /opt/airflow/dags/pipeline.py
[2026-04-06T14:05:16.479+0000] {processor.py:840} INFO - DAG(s) 'pipeline' retrieved from /opt/airflow/dags/pipeline.py
[2026-04-06T14:05:16.613+0000] {logging_mixin.py:188} INFO - [2026-04-06T14:05:16.612+0000] {dag.py:3089} INFO - Sync 1 DAGs
[2026-04-06T14:05:16.671+0000] {logging_mixin.py:188} INFO - [2026-04-06T14:05:16.671+0000] {dag.py:3947} INFO - Setting next_dagrun for pipeline to 2026-04-06 00:00:00+00:00, run_after=2026-04-07 00:00:00+00:00
[2026-04-06T14:05:16.746+0000] {processor.py:183} INFO - Processing /opt/airflow/dags/pipeline.py took 3.829 seconds
[2026-04-06T14:05:47.235+0000] {processor.py:161} INFO - Started process (PID=280) to work on /opt/airflow/dags/pipeline.py
[2026-04-06T14:05:47.237+0000] {processor.py:830} INFO - Processing file /opt/airflow/dags/pipeline.py for tasks to queue
[2026-04-06T14:05:47.241+0000] {logging_mixin.py:188} INFO - [2026-04-06T14:05:47.240+0000] {dagbag.py:545} INFO - Filling up the DagBag from /opt/airflow/dags/pipeline.py
[2026-04-06T14:05:48.900+0000] {processor.py:840} INFO - DAG(s) 'pipeline' retrieved from /opt/airflow/dags/pipeline.py
[2026-04-06T14:05:49.229+0000] {logging_mixin.py:188} INFO - [2026-04-06T14:05:49.228+0000] {dag.py:3089} INFO - Sync 1 DAGs
[2026-04-06T14:05:49.282+0000] {logging_mixin.py:188} INFO - [2026-04-06T14:05:49.282+0000] {dag.py:3947} INFO - Setting next_dagrun for pipeline to 2026-04-06 00:00:00+00:00, run_after=2026-04-07 00:00:00+00:00
[2026-04-06T14:05:49.340+0000] {processor.py:183} INFO - Processing /opt/airflow/dags/pipeline.py took 2.117 seconds
[2026-04-06T14:06:19.738+0000] {processor.py:161} INFO - Started process (PID=302) to work on /opt/airflow/dags/pipeline.py
[2026-04-06T14:06:19.740+0000] {processor.py:830} INFO - Processing file /opt/airflow/dags/pipeline.py for tasks to queue
[2026-04-06T14:06:19.745+0000] {logging_mixin.py:188} INFO - [2026-04-06T14:06:19.744+0000] {dagbag.py:545} INFO - Filling up the DagBag from /opt/airflow/dags/pipeline.py
[2026-04-06T14:06:20.910+0000] {processor.py:840} INFO - DAG(s) 'pipeline' retrieved from /opt/airflow/dags/pipeline.py
[2026-04-06T14:06:21.034+0000] {logging_mixin.py:188} INFO - [2026-04-06T14:06:21.034+0000] {dag.py:3089} INFO - Sync 1 DAGs
[2026-04-06T14:06:21.082+0000] {logging_mixin.py:188} INFO - [2026-04-06T14:06:21.082+0000] {dag.py:3947} INFO - Setting next_dagrun for pipeline to 2026-04-06 00:00:00+00:00, run_after=2026-04-07 00:00:00+00:00
[2026-04-06T14:06:21.132+0000] {processor.py:183} INFO - Processing /opt/airflow/dags/pipeline.py took 1.409 seconds
[2026-04-06T14:06:51.511+0000] {processor.py:161} INFO - Started process (PID=308) to work on /opt/airflow/dags/pipeline.py
[2026-04-06T14:06:51.515+0000] {processor.py:830} INFO - Processing file /opt/airflow/dags/pipeline.py for tasks to queue
[2026-04-06T14:06:51.525+0000] {logging_mixin.py:188} INFO - [2026-04-06T14:06:51.524+0000] {dagbag.py:545} INFO - Filling up the DagBag from /opt/airflow/dags/pipeline.py
[2026-04-06T14:06:53.137+0000] {processor.py:840} INFO - DAG(s) 'pipeline' retrieved from /opt/airflow/dags/pipeline.py
[2026-04-06T14:06:53.231+0000] {logging_mixin.py:188} INFO - [2026-04-06T14:06:53.231+0000] {dag.py:3089} INFO - Sync 1 DAGs
[2026-04-06T14:06:53.275+0000] {logging_mixin.py:188} INFO - [2026-04-06T14:06:53.274+0000] {dag.py:3947} INFO - Setting next_dagrun for pipeline to 2026-04-06 00:00:00+00:00, run_after=2026-04-07 00:00:00+00:00
[2026-04-06T14:06:53.324+0000] {processor.py:183} INFO - Processing /opt/airflow/dags/pipeline.py took 1.838 seconds
[2026-04-06T14:07:23.441+0000] {processor.py:161} INFO - Started process (PID=314) to work on /opt/airflow/dags/pipeline.py
[2026-04-06T14:07:23.442+0000] {processor.py:830} INFO - Processing file /opt/airflow/dags/pipeline.py for tasks to queue
[2026-04-06T14:07:23.446+0000] {logging_mixin.py:188} INFO - [2026-04-06T14:07:23.445+0000] {dagbag.py:545} INFO - Filling up the DagBag from /opt/airflow/dags/pipeline.py
[2026-04-06T14:07:24.800+0000] {processor.py:840} INFO - DAG(s) 'pipeline' retrieved from /opt/airflow/dags/pipeline.py
[2026-04-06T14:07:24.910+0000] {logging_mixin.py:188} INFO - [2026-04-06T14:07:24.910+0000] {dag.py:3089} INFO - Sync 1 DAGs
[2026-04-06T14:07:24.954+0000] {logging_mixin.py:188} INFO - [2026-04-06T14:07:24.953+0000] {dag.py:3947} INFO - Setting next_dagrun for pipeline to 2026-04-06 00:00:00+00:00, run_after=2026-04-07 00:00:00+00:00
[2026-04-06T14:07:25.031+0000] {processor.py:183} INFO - Processing /opt/airflow/dags/pipeline.py took 1.606 seconds
[2026-04-06T14:07:55.528+0000] {processor.py:161} INFO - Started process (PID=320) to work on /opt/airflow/dags/pipeline.py
[2026-04-06T14:07:55.532+0000] {processor.py:830} INFO - Processing file /opt/airflow/dags/pipeline.py for tasks to queue
[2026-04-06T14:07:55.539+0000] {logging_mixin.py:188} INFO - [2026-04-06T14:07:55.538+0000] {dagbag.py:545} INFO - Filling up the DagBag from /opt/airflow/dags/pipeline.py
[2026-04-06T14:07:56.709+0000] {processor.py:840} INFO - DAG(s) 'pipeline' retrieved from /opt/airflow/dags/pipeline.py
[2026-04-06T14:07:56.804+0000] {logging_mixin.py:188} INFO - [2026-04-06T14:07:56.804+0000] {dag.py:3089} INFO - Sync 1 DAGs
[2026-04-06T14:07:56.840+0000] {logging_mixin.py:188} INFO - [2026-04-06T14:07:56.840+0000] {dag.py:3947} INFO - Setting next_dagrun for pipeline to 2026-04-06 00:00:00+00:00, run_after=2026-04-07 00:00:00+00:00
[2026-04-06T14:07:56.895+0000] {processor.py:183} INFO - Processing /opt/airflow/dags/pipeline.py took 1.392 seconds
[2026-04-06T14:08:27.468+0000] {processor.py:161} INFO - Started process (PID=326) to work on /opt/airflow/dags/pipeline.py
[2026-04-06T14:08:27.470+0000] {processor.py:830} INFO - Processing file /opt/airflow/dags/pipeline.py for tasks to queue
[2026-04-06T14:08:27.473+0000] {logging_mixin.py:188} INFO - [2026-04-06T14:08:27.473+0000] {dagbag.py:545} INFO - Filling up the DagBag from /opt/airflow/dags/pipeline.py
[2026-04-06T14:08:28.781+0000] {processor.py:840} INFO - DAG(s) 'pipeline' retrieved from /opt/airflow/dags/pipeline.py
[2026-04-06T14:08:28.878+0000] {logging_mixin.py:188} INFO - [2026-04-06T14:08:28.878+0000] {dag.py:3089} INFO - Sync 1 DAGs
[2026-04-06T14:08:28.916+0000] {logging_mixin.py:188} INFO - [2026-04-06T14:08:28.916+0000] {dag.py:3947} INFO - Setting next_dagrun for pipeline to 2026-04-06 00:00:00+00:00, run_after=2026-04-07 00:00:00+00:00
[2026-04-06T14:08:28.957+0000] {processor.py:183} INFO - Processing /opt/airflow/dags/pipeline.py took 1.507 seconds
[2026-04-06T14:08:59.214+0000] {processor.py:161} INFO - Started process (PID=332) to work on /opt/airflow/dags/pipeline.py
[2026-04-06T14:08:59.216+0000] {processor.py:830} INFO - Processing file /opt/airflow/dags/pipeline.py for tasks to queue
[2026-04-06T14:08:59.222+0000] {logging_mixin.py:188} INFO - [2026-04-06T14:08:59.222+0000] {dagbag.py:545} INFO - Filling up the DagBag from /opt/airflow/dags/pipeline.py
[2026-04-06T14:09:00.417+0000] {processor.py:840} INFO - DAG(s) 'pipeline' retrieved from /opt/airflow/dags/pipeline.py
[2026-04-06T14:09:00.506+0000] {logging_mixin.py:188} INFO - [2026-04-06T14:09:00.505+0000] {dag.py:3089} INFO - Sync 1 DAGs
[2026-04-06T14:09:00.548+0000] {logging_mixin.py:188} INFO - [2026-04-06T14:09:00.548+0000] {dag.py:3947} INFO - Setting next_dagrun for pipeline to 2026-04-06 00:00:00+00:00, run_after=2026-04-07 00:00:00+00:00
[2026-04-06T14:09:00.603+0000] {processor.py:183} INFO - Processing /opt/airflow/dags/pipeline.py took 1.418 seconds
[2026-04-06T14:09:31.324+0000] {processor.py:161} INFO - Started process (PID=338) to work on /opt/airflow/dags/pipeline.py
[2026-04-06T14:09:31.327+0000] {processor.py:830} INFO - Processing file /opt/airflow/dags/pipeline.py for tasks to queue
[2026-04-06T14:09:31.331+0000] {logging_mixin.py:188} INFO - [2026-04-06T14:09:31.330+0000] {dagbag.py:545} INFO - Filling up the DagBag from /opt/airflow/dags/pipeline.py
[2026-04-06T14:09:32.584+0000] {processor.py:840} INFO - DAG(s) 'pipeline' retrieved from /opt/airflow/dags/pipeline.py
[2026-04-06T14:09:32.688+0000] {logging_mixin.py:188} INFO - [2026-04-06T14:09:32.687+0000] {dag.py:3089} INFO - Sync 1 DAGs
[2026-04-06T14:09:32.732+0000] {logging_mixin.py:188} INFO - [2026-04-06T14:09:32.732+0000] {dag.py:3947} INFO - Setting next_dagrun for pipeline to 2026-04-06 00:00:00+00:00, run_after=2026-04-07 00:00:00+00:00
[2026-04-06T14:09:32.777+0000] {processor.py:183} INFO - Processing /opt/airflow/dags/pipeline.py took 1.470 seconds
[2026-04-06T14:10:03.542+0000] {processor.py:161} INFO - Started process (PID=344) to work on /opt/airflow/dags/pipeline.py
[2026-04-06T14:10:03.544+0000] {processor.py:830} INFO - Processing file /opt/airflow/dags/pipeline.py for tasks to queue
[2026-04-06T14:10:03.547+0000] {logging_mixin.py:188} INFO - [2026-04-06T14:10:03.547+0000] {dagbag.py:545} INFO - Filling up the DagBag from /opt/airflow/dags/pipeline.py
[2026-04-06T14:10:04.883+0000] {processor.py:840} INFO - DAG(s) 'pipeline' retrieved from /opt/airflow/dags/pipeline.py
[2026-04-06T14:10:04.963+0000] {logging_mixin.py:188} INFO - [2026-04-06T14:10:04.963+0000] {dag.py:3089} INFO - Sync 1 DAGs
[2026-04-06T14:10:04.997+0000] {logging_mixin.py:188} INFO - [2026-04-06T14:10:04.997+0000] {dag.py:3947} INFO - Setting next_dagrun for pipeline to 2026-04-06 00:00:00+00:00, run_after=2026-04-07 00:00:00+00:00
[2026-04-06T14:10:05.054+0000] {processor.py:183} INFO - Processing /opt/airflow/dags/pipeline.py took 1.532 seconds
[2026-04-06T14:10:35.478+0000] {processor.py:161} INFO - Started process (PID=350) to work on /opt/airflow/dags/pipeline.py
[2026-04-06T14:10:35.480+0000] {processor.py:830} INFO - Processing file /opt/airflow/dags/pipeline.py for tasks to queue
[2026-04-06T14:10:35.484+0000] {logging_mixin.py:188} INFO - [2026-04-06T14:10:35.483+0000] {dagbag.py:545} INFO - Filling up the DagBag from /opt/airflow/dags/pipeline.py
[2026-04-06T14:10:36.510+0000] {processor.py:840} INFO - DAG(s) 'pipeline' retrieved from /opt/airflow/dags/pipeline.py
[2026-04-06T14:10:36.595+0000] {logging_mixin.py:188} INFO - [2026-04-06T14:10:36.594+0000] {dag.py:3089} INFO - Sync 1 DAGs
[2026-04-06T14:10:36.628+0000] {logging_mixin.py:188} INFO - [2026-04-06T14:10:36.627+0000] {dag.py:3947} INFO - Setting next_dagrun for pipeline to 2026-04-06 00:00:00+00:00, run_after=2026-04-07 00:00:00+00:00
[2026-04-06T14:10:36.674+0000] {processor.py:183} INFO - Processing /opt/airflow/dags/pipeline.py took 1.211 seconds
[2026-04-06T14:11:07.391+0000] {processor.py:161} INFO - Started process (PID=356) to work on /opt/airflow/dags/pipeline.py
[2026-04-06T14:11:07.397+0000] {processor.py:830} INFO - Processing file /opt/airflow/dags/pipeline.py for tasks to queue
[2026-04-06T14:11:07.407+0000] {logging_mixin.py:188} INFO - [2026-04-06T14:11:07.405+0000] {dagbag.py:545} INFO - Filling up the DagBag from /opt/airflow/dags/pipeline.py
[2026-04-06T14:11:08.807+0000] {processor.py:840} INFO - DAG(s) 'pipeline' retrieved from /opt/airflow/dags/pipeline.py
[2026-04-06T14:11:09.031+0000] {logging_mixin.py:188} INFO - [2026-04-06T14:11:09.030+0000] {dag.py:3089} INFO - Sync 1 DAGs
[2026-04-06T14:11:09.092+0000] {logging_mixin.py:188} INFO - [2026-04-06T14:11:09.092+0000] {dag.py:3947} INFO - Setting next_dagrun for pipeline to 2026-04-06 00:00:00+00:00, run_after=2026-04-07 00:00:00+00:00
[2026-04-06T14:11:09.150+0000] {processor.py:183} INFO - Processing /opt/airflow/dags/pipeline.py took 1.790 seconds
[2026-04-06T14:11:39.784+0000] {processor.py:161} INFO - Started process (PID=362) to work on /opt/airflow/dags/pipeline.py
[2026-04-06T14:11:39.786+0000] {processor.py:830} INFO - Processing file /opt/airflow/dags/pipeline.py for tasks to queue
[2026-04-06T14:11:39.791+0000] {logging_mixin.py:188} INFO - [2026-04-06T14:11:39.790+0000] {dagbag.py:545} INFO - Filling up the DagBag from /opt/airflow/dags/pipeline.py
[2026-04-06T14:11:41.180+0000] {processor.py:840} INFO - DAG(s) 'pipeline' retrieved from /opt/airflow/dags/pipeline.py
[2026-04-06T14:11:41.302+0000] {logging_mixin.py:188} INFO - [2026-04-06T14:11:41.302+0000] {dag.py:3089} INFO - Sync 1 DAGs
[2026-04-06T14:11:41.354+0000] {logging_mixin.py:188} INFO - [2026-04-06T14:11:41.353+0000] {dag.py:3947} INFO - Setting next_dagrun for pipeline to 2026-04-06 00:00:00+00:00, run_after=2026-04-07 00:00:00+00:00
[2026-04-06T14:11:41.421+0000] {processor.py:183} INFO - Processing /opt/airflow/dags/pipeline.py took 1.652 seconds
[2026-04-06T14:12:11.578+0000] {processor.py:161} INFO - Started process (PID=368) to work on /opt/airflow/dags/pipeline.py
[2026-04-06T14:12:11.584+0000] {processor.py:830} INFO - Processing file /opt/airflow/dags/pipeline.py for tasks to queue
[2026-04-06T14:12:11.589+0000] {logging_mixin.py:188} INFO - [2026-04-06T14:12:11.589+0000] {dagbag.py:545} INFO - Filling up the DagBag from /opt/airflow/dags/pipeline.py
[2026-04-06T14:12:14.191+0000] {processor.py:840} INFO - DAG(s) 'pipeline' retrieved from /opt/airflow/dags/pipeline.py
[2026-04-06T14:12:14.367+0000] {logging_mixin.py:188} INFO - [2026-04-06T14:12:14.367+0000] {dag.py:3089} INFO - Sync 1 DAGs
[2026-04-06T14:12:14.432+0000] {logging_mixin.py:188} INFO - [2026-04-06T14:12:14.432+0000] {dag.py:3947} INFO - Setting next_dagrun for pipeline to 2026-04-06 00:00:00+00:00, run_after=2026-04-07 00:00:00+00:00
[2026-04-06T14:12:14.515+0000] {processor.py:183} INFO - Processing /opt/airflow/dags/pipeline.py took 2.952 seconds
[2026-04-06T14:12:45.204+0000] {processor.py:161} INFO - Started process (PID=374) to work on /opt/airflow/dags/pipeline.py
[2026-04-06T14:12:45.208+0000] {processor.py:830} INFO - Processing file /opt/airflow/dags/pipeline.py for tasks to queue
[2026-04-06T14:12:45.214+0000] {logging_mixin.py:188} INFO - [2026-04-06T14:12:45.213+0000] {dagbag.py:545} INFO - Filling up the DagBag from /opt/airflow/dags/pipeline.py
[2026-04-06T14:12:46.798+0000] {processor.py:840} INFO - DAG(s) 'pipeline' retrieved from /opt/airflow/dags/pipeline.py
[2026-04-06T14:12:46.882+0000] {logging_mixin.py:188} INFO - [2026-04-06T14:12:46.882+0000] {dag.py:3089} INFO - Sync 1 DAGs
[2026-04-06T14:12:46.920+0000] {logging_mixin.py:188} INFO - [2026-04-06T14:12:46.920+0000] {dag.py:3947} INFO - Setting next_dagrun for pipeline to 2026-04-06 00:00:00+00:00, run_after=2026-04-07 00:00:00+00:00
[2026-04-06T14:12:46.977+0000] {processor.py:183} INFO - Processing /opt/airflow/dags/pipeline.py took 1.798 seconds
[2026-04-06T14:13:17.135+0000] {processor.py:161} INFO - Started process (PID=380) to work on /opt/airflow/dags/pipeline.py
[2026-04-06T14:13:17.137+0000] {processor.py:830} INFO - Processing file /opt/airflow/dags/pipeline.py for tasks to queue
[2026-04-06T14:13:17.140+0000] {logging_mixin.py:188} INFO - [2026-04-06T14:13:17.140+0000] {dagbag.py:545} INFO - Filling up the DagBag from /opt/airflow/dags/pipeline.py
[2026-04-06T14:13:18.169+0000] {processor.py:840} INFO - DAG(s) 'pipeline' retrieved from /opt/airflow/dags/pipeline.py
[2026-04-06T14:13:18.247+0000] {logging_mixin.py:188} INFO - [2026-04-06T14:13:18.247+0000] {dag.py:3089} INFO - Sync 1 DAGs
[2026-04-06T14:13:18.281+0000] {logging_mixin.py:188} INFO - [2026-04-06T14:13:18.281+0000] {dag.py:3947} INFO - Setting next_dagrun for pipeline to 2026-04-06 00:00:00+00:00, run_after=2026-04-07 00:00:00+00:00
[2026-04-06T14:13:18.317+0000] {processor.py:183} INFO - Processing /opt/airflow/dags/pipeline.py took 1.189 seconds
[2026-04-06T14:13:48.668+0000] {processor.py:161} INFO - Started process (PID=386) to work on /opt/airflow/dags/pipeline.py
[2026-04-06T14:13:48.671+0000] {processor.py:830} INFO - Processing file /opt/airflow/dags/pipeline.py for tasks to queue
[2026-04-06T14:13:48.675+0000] {logging_mixin.py:188} INFO - [2026-04-06T14:13:48.675+0000] {dagbag.py:545} INFO - Filling up the DagBag from /opt/airflow/dags/pipeline.py
[2026-04-06T14:13:50.227+0000] {processor.py:840} INFO - DAG(s) 'pipeline' retrieved from /opt/airflow/dags/pipeline.py
[2026-04-06T14:13:50.387+0000] {logging_mixin.py:188} INFO - [2026-04-06T14:13:50.387+0000] {dag.py:3089} INFO - Sync 1 DAGs
[2026-04-06T14:13:50.447+0000] {logging_mixin.py:188} INFO - [2026-04-06T14:13:50.447+0000] {dag.py:3947} INFO - Setting next_dagrun for pipeline to 2026-04-06 00:00:00+00:00, run_after=2026-04-07 00:00:00+00:00
[2026-04-06T14:13:50.516+0000] {processor.py:183} INFO - Processing /opt/airflow/dags/pipeline.py took 1.860 seconds
[2026-04-06T14:14:21.386+0000] {processor.py:161} INFO - Started process (PID=392) to work on /opt/airflow/dags/pipeline.py
[2026-04-06T14:14:21.388+0000] {processor.py:830} INFO - Processing file /opt/airflow/dags/pipeline.py for tasks to queue
[2026-04-06T14:14:21.393+0000] {logging_mixin.py:188} INFO - [2026-04-06T14:14:21.392+0000] {dagbag.py:545} INFO - Filling up the DagBag from /opt/airflow/dags/pipeline.py
[2026-04-06T14:14:22.606+0000] {processor.py:840} INFO - DAG(s) 'pipeline' retrieved from /opt/airflow/dags/pipeline.py
[2026-04-06T14:14:22.884+0000] {logging_mixin.py:188} INFO - [2026-04-06T14:14:22.884+0000] {dag.py:3089} INFO - Sync 1 DAGs
[2026-04-06T14:14:22.926+0000] {logging_mixin.py:188} INFO - [2026-04-06T14:14:22.926+0000] {dag.py:3947} INFO - Setting next_dagrun for pipeline to 2026-04-06 00:00:00+00:00, run_after=2026-04-07 00:00:00+00:00
[2026-04-06T14:14:22.986+0000] {processor.py:183} INFO - Processing /opt/airflow/dags/pipeline.py took 1.631 seconds
[2026-04-06T14:14:53.681+0000] {processor.py:161} INFO - Started process (PID=398) to work on /opt/airflow/dags/pipeline.py
[2026-04-06T14:14:53.684+0000] {processor.py:830} INFO - Processing file /opt/airflow/dags/pipeline.py for tasks to queue
[2026-04-06T14:14:53.687+0000] {logging_mixin.py:188} INFO - [2026-04-06T14:14:53.687+0000] {dagbag.py:545} INFO - Filling up the DagBag from /opt/airflow/dags/pipeline.py
[2026-04-06T14:14:54.943+0000] {processor.py:840} INFO - DAG(s) 'pipeline' retrieved from /opt/airflow/dags/pipeline.py
[2026-04-06T14:14:55.036+0000] {logging_mixin.py:188} INFO - [2026-04-06T14:14:55.036+0000] {dag.py:3089} INFO - Sync 1 DAGs
[2026-04-06T14:14:55.071+0000] {logging_mixin.py:188} INFO - [2026-04-06T14:14:55.071+0000] {dag.py:3947} INFO - Setting next_dagrun for pipeline to 2026-04-06 00:00:00+00:00, run_after=2026-04-07 00:00:00+00:00
[2026-04-06T14:14:55.112+0000] {processor.py:183} INFO - Processing /opt/airflow/dags/pipeline.py took 1.449 seconds
[2026-04-06T14:15:25.622+0000] {processor.py:161} INFO - Started process (PID=404) to work on /opt/airflow/dags/pipeline.py
[2026-04-06T14:15:25.630+0000] {processor.py:830} INFO - Processing file /opt/airflow/dags/pipeline.py for tasks to queue
[2026-04-06T14:15:25.638+0000] {logging_mixin.py:188} INFO - [2026-04-06T14:15:25.637+0000] {dagbag.py:545} INFO - Filling up the DagBag from /opt/airflow/dags/pipeline.py
[2026-04-06T14:15:28.653+0000] {processor.py:840} INFO - DAG(s) 'pipeline' retrieved from /opt/airflow/dags/pipeline.py
[2026-04-06T14:15:30.380+0000] {logging_mixin.py:188} INFO - [2026-04-06T14:15:30.379+0000] {dag.py:3089} INFO - Sync 1 DAGs
[2026-04-06T14:16:21.012+0000] {processor.py:161} INFO - Started process (PID=164) to work on /opt/airflow/dags/pipeline.py
[2026-04-06T14:16:21.014+0000] {processor.py:830} INFO - Processing file /opt/airflow/dags/pipeline.py for tasks to queue
[2026-04-06T14:16:21.018+0000] {logging_mixin.py:188} INFO - [2026-04-06T14:16:21.017+0000] {dagbag.py:545} INFO - Filling up the DagBag from /opt/airflow/dags/pipeline.py
[2026-04-06T14:16:23.626+0000] {processor.py:840} INFO - DAG(s) 'pipeline' retrieved from /opt/airflow/dags/pipeline.py
[2026-04-06T14:16:23.803+0000] {logging_mixin.py:188} INFO - [2026-04-06T14:16:23.802+0000] {dag.py:3089} INFO - Sync 1 DAGs
[2026-04-06T14:16:23.842+0000] {logging_mixin.py:188} INFO - [2026-04-06T14:16:23.842+0000] {dag.py:3947} INFO - Setting next_dagrun for pipeline to 2026-04-06 00:00:00+00:00, run_after=2026-04-07 00:00:00+00:00
[2026-04-06T14:16:23.895+0000] {processor.py:183} INFO - Processing /opt/airflow/dags/pipeline.py took 2.894 seconds
[2026-04-06T14:16:54.332+0000] {processor.py:161} INFO - Started process (PID=170) to work on /opt/airflow/dags/pipeline.py
[2026-04-06T14:16:54.334+0000] {processor.py:830} INFO - Processing file /opt/airflow/dags/pipeline.py for tasks to queue
[2026-04-06T14:16:54.340+0000] {logging_mixin.py:188} INFO - [2026-04-06T14:16:54.339+0000] {dagbag.py:545} INFO - Filling up the DagBag from /opt/airflow/dags/pipeline.py
[2026-04-06T14:16:57.709+0000] {processor.py:840} INFO - DAG(s) 'pipeline' retrieved from /opt/airflow/dags/pipeline.py
[2026-04-06T14:16:58.104+0000] {logging_mixin.py:188} INFO - [2026-04-06T14:16:58.104+0000] {dag.py:3089} INFO - Sync 1 DAGs
[2026-04-06T14:16:58.148+0000] {logging_mixin.py:188} INFO - [2026-04-06T14:16:58.148+0000] {dag.py:3947} INFO - Setting next_dagrun for pipeline to 2026-04-06 00:00:00+00:00, run_after=2026-04-07 00:00:00+00:00
[2026-04-06T14:16:58.210+0000] {processor.py:183} INFO - Processing /opt/airflow/dags/pipeline.py took 3.892 seconds
[2026-04-06T14:17:29.018+0000] {processor.py:161} INFO - Started process (PID=179) to work on /opt/airflow/dags/pipeline.py
[2026-04-06T14:17:29.021+0000] {processor.py:830} INFO - Processing file /opt/airflow/dags/pipeline.py for tasks to queue
[2026-04-06T14:17:29.033+0000] {logging_mixin.py:188} INFO - [2026-04-06T14:17:29.032+0000] {dagbag.py:545} INFO - Filling up the DagBag from /opt/airflow/dags/pipeline.py
[2026-04-06T14:17:31.090+0000] {processor.py:840} INFO - DAG(s) 'pipeline' retrieved from /opt/airflow/dags/pipeline.py
[2026-04-06T14:17:31.201+0000] {logging_mixin.py:188} INFO - [2026-04-06T14:17:31.201+0000] {dag.py:3089} INFO - Sync 1 DAGs
[2026-04-06T14:17:31.258+0000] {logging_mixin.py:188} INFO - [2026-04-06T14:17:31.258+0000] {dag.py:3947} INFO - Setting next_dagrun for pipeline to 2026-04-06 00:00:00+00:00, run_after=2026-04-07 00:00:00+00:00
[2026-04-06T14:17:31.315+0000] {processor.py:183} INFO - Processing /opt/airflow/dags/pipeline.py took 2.327 seconds
[2026-04-06T14:18:01.574+0000] {processor.py:161} INFO - Started process (PID=192) to work on /opt/airflow/dags/pipeline.py
[2026-04-06T14:18:01.577+0000] {processor.py:830} INFO - Processing file /opt/airflow/dags/pipeline.py for tasks to queue
[2026-04-06T14:18:01.583+0000] {logging_mixin.py:188} INFO - [2026-04-06T14:18:01.582+0000] {dagbag.py:545} INFO - Filling up the DagBag from /opt/airflow/dags/pipeline.py
[2026-04-06T14:18:03.396+0000] {processor.py:840} INFO - DAG(s) 'pipeline' retrieved from /opt/airflow/dags/pipeline.py
[2026-04-06T14:18:03.535+0000] {logging_mixin.py:188} INFO - [2026-04-06T14:18:03.535+0000] {dag.py:3089} INFO - Sync 1 DAGs
[2026-04-06T14:18:03.596+0000] {logging_mixin.py:188} INFO - [2026-04-06T14:18:03.596+0000] {dag.py:3947} INFO - Setting next_dagrun for pipeline to 2026-04-06 00:00:00+00:00, run_after=2026-04-07 00:00:00+00:00
[2026-04-06T14:18:03.651+0000] {processor.py:183} INFO - Processing /opt/airflow/dags/pipeline.py took 2.095 seconds
[2026-04-06T14:18:34.017+0000] {processor.py:161} INFO - Started process (PID=231) to work on /opt/airflow/dags/pipeline.py
[2026-04-06T14:18:34.019+0000] {processor.py:830} INFO - Processing file /opt/airflow/dags/pipeline.py for tasks to queue
[2026-04-06T14:18:34.023+0000] {logging_mixin.py:188} INFO - [2026-04-06T14:18:34.023+0000] {dagbag.py:545} INFO - Filling up the DagBag from /opt/airflow/dags/pipeline.py
[2026-04-06T14:18:36.229+0000] {processor.py:840} INFO - DAG(s) 'pipeline' retrieved from /opt/airflow/dags/pipeline.py
[2026-04-06T14:18:36.384+0000] {logging_mixin.py:188} INFO - [2026-04-06T14:18:36.383+0000] {dag.py:3089} INFO - Sync 1 DAGs
[2026-04-06T14:18:36.448+0000] {logging_mixin.py:188} INFO - [2026-04-06T14:18:36.447+0000] {dag.py:3947} INFO - Setting next_dagrun for pipeline to 2026-04-06 00:00:00+00:00, run_after=2026-04-07 00:00:00+00:00
[2026-04-06T14:18:36.500+0000] {processor.py:183} INFO - Processing /opt/airflow/dags/pipeline.py took 2.496 seconds
[2026-04-06T14:19:06.682+0000] {processor.py:161} INFO - Started process (PID=264) to work on /opt/airflow/dags/pipeline.py
[2026-04-06T14:19:06.684+0000] {processor.py:830} INFO - Processing file /opt/airflow/dags/pipeline.py for tasks to queue
[2026-04-06T14:19:06.689+0000] {logging_mixin.py:188} INFO - [2026-04-06T14:19:06.688+0000] {dagbag.py:545} INFO - Filling up the DagBag from /opt/airflow/dags/pipeline.py
[2026-04-06T14:19:09.820+0000] {processor.py:840} INFO - DAG(s) 'pipeline' retrieved from /opt/airflow/dags/pipeline.py
[2026-04-06T14:19:10.066+0000] {logging_mixin.py:188} INFO - [2026-04-06T14:19:10.065+0000] {dag.py:3089} INFO - Sync 1 DAGs
[2026-04-06T14:19:10.132+0000] {logging_mixin.py:188} INFO - [2026-04-06T14:19:10.131+0000] {dag.py:3947} INFO - Setting next_dagrun for pipeline to 2026-04-06 00:00:00+00:00, run_after=2026-04-07 00:00:00+00:00
[2026-04-06T14:19:10.199+0000] {processor.py:183} INFO - Processing /opt/airflow/dags/pipeline.py took 3.536 seconds
[2026-04-06T14:19:40.743+0000] {processor.py:161} INFO - Started process (PID=318) to work on /opt/airflow/dags/pipeline.py
[2026-04-06T14:19:40.746+0000] {processor.py:830} INFO - Processing file /opt/airflow/dags/pipeline.py for tasks to queue
[2026-04-06T14:19:40.749+0000] {logging_mixin.py:188} INFO - [2026-04-06T14:19:40.749+0000] {dagbag.py:545} INFO - Filling up the DagBag from /opt/airflow/dags/pipeline.py
[2026-04-06T14:19:42.155+0000] {processor.py:840} INFO - DAG(s) 'pipeline' retrieved from /opt/airflow/dags/pipeline.py
[2026-04-06T14:19:42.260+0000] {logging_mixin.py:188} INFO - [2026-04-06T14:19:42.260+0000] {dag.py:3089} INFO - Sync 1 DAGs
[2026-04-06T14:19:42.306+0000] {logging_mixin.py:188} INFO - [2026-04-06T14:19:42.306+0000] {dag.py:3947} INFO - Setting next_dagrun for pipeline to 2026-04-06 00:00:00+00:00, run_after=2026-04-07 00:00:00+00:00
[2026-04-06T14:19:42.363+0000] {processor.py:183} INFO - Processing /opt/airflow/dags/pipeline.py took 1.636 seconds
[2026-04-06T14:20:12.955+0000] {processor.py:161} INFO - Started process (PID=345) to work on /opt/airflow/dags/pipeline.py
[2026-04-06T14:20:12.960+0000] {processor.py:830} INFO - Processing file /opt/airflow/dags/pipeline.py for tasks to queue
[2026-04-06T14:20:12.968+0000] {logging_mixin.py:188} INFO - [2026-04-06T14:20:12.967+0000] {dagbag.py:545} INFO - Filling up the DagBag from /opt/airflow/dags/pipeline.py
[2026-04-06T14:20:15.765+0000] {processor.py:840} INFO - DAG(s) 'pipeline' retrieved from /opt/airflow/dags/pipeline.py
[2026-04-06T14:20:16.062+0000] {logging_mixin.py:188} INFO - [2026-04-06T14:20:16.061+0000] {dag.py:3089} INFO - Sync 1 DAGs
[2026-04-06T14:20:16.233+0000] {logging_mixin.py:188} INFO - [2026-04-06T14:20:16.232+0000] {dag.py:3947} INFO - Setting next_dagrun for pipeline to 2026-04-06 00:00:00+00:00, run_after=2026-04-07 00:00:00+00:00
[2026-04-06T14:20:16.489+0000] {processor.py:183} INFO - Processing /opt/airflow/dags/pipeline.py took 3.555 seconds
[2026-04-06T14:20:47.047+0000] {processor.py:161} INFO - Started process (PID=395) to work on /opt/airflow/dags/pipeline.py
[2026-04-06T14:20:47.050+0000] {processor.py:830} INFO - Processing file /opt/airflow/dags/pipeline.py for tasks to queue
[2026-04-06T14:20:47.055+0000] {logging_mixin.py:188} INFO - [2026-04-06T14:20:47.054+0000] {dagbag.py:545} INFO - Filling up the DagBag from /opt/airflow/dags/pipeline.py
[2026-04-06T14:20:48.213+0000] {processor.py:840} INFO - DAG(s) 'pipeline' retrieved from /opt/airflow/dags/pipeline.py
[2026-04-06T14:20:48.361+0000] {logging_mixin.py:188} INFO - [2026-04-06T14:20:48.360+0000] {dag.py:3089} INFO - Sync 1 DAGs
[2026-04-06T14:20:48.444+0000] {logging_mixin.py:188} INFO - [2026-04-06T14:20:48.444+0000] {dag.py:3947} INFO - Setting next_dagrun for pipeline to 2026-04-06 00:00:00+00:00, run_after=2026-04-07 00:00:00+00:00
[2026-04-06T14:20:48.532+0000] {processor.py:183} INFO - Processing /opt/airflow/dags/pipeline.py took 1.499 seconds
[2026-04-06T14:21:18.663+0000] {processor.py:161} INFO - Started process (PID=407) to work on /opt/airflow/dags/pipeline.py
[2026-04-06T14:21:18.665+0000] {processor.py:830} INFO - Processing file /opt/airflow/dags/pipeline.py for tasks to queue
[2026-04-06T14:21:18.668+0000] {logging_mixin.py:188} INFO - [2026-04-06T14:21:18.667+0000] {dagbag.py:545} INFO - Filling up the DagBag from /opt/airflow/dags/pipeline.py
[2026-04-06T14:21:20.101+0000] {processor.py:840} INFO - DAG(s) 'pipeline' retrieved from /opt/airflow/dags/pipeline.py
[2026-04-06T14:21:20.284+0000] {logging_mixin.py:188} INFO - [2026-04-06T14:21:20.284+0000] {dag.py:3089} INFO - Sync 1 DAGs
[2026-04-06T14:21:20.332+0000] {logging_mixin.py:188} INFO - [2026-04-06T14:21:20.332+0000] {dag.py:3947} INFO - Setting next_dagrun for pipeline to 2026-04-06 00:00:00+00:00, run_after=2026-04-07 00:00:00+00:00
[2026-04-06T14:21:20.407+0000] {processor.py:183} INFO - Processing /opt/airflow/dags/pipeline.py took 1.753 seconds
[2026-04-06T14:21:50.628+0000] {processor.py:161} INFO - Started process (PID=458) to work on /opt/airflow/dags/pipeline.py
[2026-04-06T14:21:50.630+0000] {processor.py:830} INFO - Processing file /opt/airflow/dags/pipeline.py for tasks to queue
[2026-04-06T14:21:50.644+0000] {logging_mixin.py:188} INFO - [2026-04-06T14:21:50.643+0000] {dagbag.py:545} INFO - Filling up the DagBag from /opt/airflow/dags/pipeline.py
[2026-04-06T14:21:51.660+0000] {processor.py:840} INFO - DAG(s) 'pipeline' retrieved from /opt/airflow/dags/pipeline.py
[2026-04-06T14:21:51.859+0000] {logging_mixin.py:188} INFO - [2026-04-06T14:21:51.859+0000] {dag.py:3089} INFO - Sync 1 DAGs
[2026-04-06T14:21:51.892+0000] {logging_mixin.py:188} INFO - [2026-04-06T14:21:51.892+0000] {dag.py:3947} INFO - Setting next_dagrun for pipeline to 2026-04-06 00:00:00+00:00, run_after=2026-04-07 00:00:00+00:00
[2026-04-06T14:21:51.930+0000] {processor.py:183} INFO - Processing /opt/airflow/dags/pipeline.py took 1.310 seconds
[2026-04-06T14:22:22.580+0000] {processor.py:161} INFO - Started process (PID=464) to work on /opt/airflow/dags/pipeline.py
[2026-04-06T14:22:22.584+0000] {processor.py:830} INFO - Processing file /opt/airflow/dags/pipeline.py for tasks to queue
[2026-04-06T14:22:22.590+0000] {logging_mixin.py:188} INFO - [2026-04-06T14:22:22.589+0000] {dagbag.py:545} INFO - Filling up the DagBag from /opt/airflow/dags/pipeline.py
[2026-04-06T14:22:23.772+0000] {processor.py:840} INFO - DAG(s) 'pipeline' retrieved from /opt/airflow/dags/pipeline.py
[2026-04-06T14:22:23.859+0000] {logging_mixin.py:188} INFO - [2026-04-06T14:22:23.859+0000] {dag.py:3089} INFO - Sync 1 DAGs
[2026-04-06T14:22:23.893+0000] {logging_mixin.py:188} INFO - [2026-04-06T14:22:23.893+0000] {dag.py:3947} INFO - Setting next_dagrun for pipeline to 2026-04-06 00:00:00+00:00, run_after=2026-04-07 00:00:00+00:00
[2026-04-06T14:22:23.943+0000] {processor.py:183} INFO - Processing /opt/airflow/dags/pipeline.py took 1.394 seconds
[2026-04-06T14:22:54.203+0000] {processor.py:161} INFO - Started process (PID=470) to work on /opt/airflow/dags/pipeline.py
[2026-04-06T14:22:54.215+0000] {processor.py:830} INFO - Processing file /opt/airflow/dags/pipeline.py for tasks to queue
[2026-04-06T14:22:54.224+0000] {logging_mixin.py:188} INFO - [2026-04-06T14:22:54.222+0000] {dagbag.py:545} INFO - Filling up the DagBag from /opt/airflow/dags/pipeline.py
[2026-04-06T14:22:55.429+0000] {processor.py:840} INFO - DAG(s) 'pipeline' retrieved from /opt/airflow/dags/pipeline.py
[2026-04-06T14:22:55.507+0000] {logging_mixin.py:188} INFO - [2026-04-06T14:22:55.506+0000] {dag.py:3089} INFO - Sync 1 DAGs
[2026-04-06T14:22:55.555+0000] {logging_mixin.py:188} INFO - [2026-04-06T14:22:55.554+0000] {dag.py:3947} INFO - Setting next_dagrun for pipeline to 2026-04-06 00:00:00+00:00, run_after=2026-04-07 00:00:00+00:00
[2026-04-06T14:22:55.633+0000] {processor.py:183} INFO - Processing /opt/airflow/dags/pipeline.py took 1.465 seconds
[2026-04-06T14:23:26.244+0000] {processor.py:161} INFO - Started process (PID=476) to work on /opt/airflow/dags/pipeline.py
[2026-04-06T14:23:26.245+0000] {processor.py:830} INFO - Processing file /opt/airflow/dags/pipeline.py for tasks to queue
[2026-04-06T14:23:26.251+0000] {logging_mixin.py:188} INFO - [2026-04-06T14:23:26.250+0000] {dagbag.py:545} INFO - Filling up the DagBag from /opt/airflow/dags/pipeline.py
[2026-04-06T14:23:28.094+0000] {processor.py:840} INFO - DAG(s) 'pipeline' retrieved from /opt/airflow/dags/pipeline.py
[2026-04-06T14:23:28.368+0000] {logging_mixin.py:188} INFO - [2026-04-06T14:23:28.368+0000] {dag.py:3089} INFO - Sync 1 DAGs
[2026-04-06T14:23:28.542+0000] {logging_mixin.py:188} INFO - [2026-04-06T14:23:28.541+0000] {dag.py:3947} INFO - Setting next_dagrun for pipeline to 2026-04-06 00:00:00+00:00, run_after=2026-04-07 00:00:00+00:00
[2026-04-06T14:23:28.809+0000] {processor.py:183} INFO - Processing /opt/airflow/dags/pipeline.py took 2.580 seconds
[2026-04-06T14:23:59.372+0000] {processor.py:161} INFO - Started process (PID=482) to work on /opt/airflow/dags/pipeline.py
[2026-04-06T14:23:59.374+0000] {processor.py:830} INFO - Processing file /opt/airflow/dags/pipeline.py for tasks to queue
[2026-04-06T14:23:59.378+0000] {logging_mixin.py:188} INFO - [2026-04-06T14:23:59.377+0000] {dagbag.py:545} INFO - Filling up the DagBag from /opt/airflow/dags/pipeline.py
[2026-04-06T14:24:00.547+0000] {processor.py:840} INFO - DAG(s) 'pipeline' retrieved from /opt/airflow/dags/pipeline.py
[2026-04-06T14:24:00.625+0000] {logging_mixin.py:188} INFO - [2026-04-06T14:24:00.624+0000] {dag.py:3089} INFO - Sync 1 DAGs
[2026-04-06T14:24:00.661+0000] {logging_mixin.py:188} INFO - [2026-04-06T14:24:00.661+0000] {dag.py:3947} INFO - Setting next_dagrun for pipeline to 2026-04-06 00:00:00+00:00, run_after=2026-04-07 00:00:00+00:00
[2026-04-06T14:24:00.716+0000] {processor.py:183} INFO - Processing /opt/airflow/dags/pipeline.py took 1.355 seconds
[2026-04-06T14:24:31.395+0000] {processor.py:161} INFO - Started process (PID=488) to work on /opt/airflow/dags/pipeline.py
[2026-04-06T14:24:31.398+0000] {processor.py:830} INFO - Processing file /opt/airflow/dags/pipeline.py for tasks to queue
[2026-04-06T14:24:31.402+0000] {logging_mixin.py:188} INFO - [2026-04-06T14:24:31.401+0000] {dagbag.py:545} INFO - Filling up the DagBag from /opt/airflow/dags/pipeline.py
[2026-04-06T14:24:32.734+0000] {processor.py:840} INFO - DAG(s) 'pipeline' retrieved from /opt/airflow/dags/pipeline.py
[2026-04-06T14:24:33.082+0000] {logging_mixin.py:188} INFO - [2026-04-06T14:24:33.082+0000] {dag.py:3089} INFO - Sync 1 DAGs
[2026-04-06T14:24:33.139+0000] {logging_mixin.py:188} INFO - [2026-04-06T14:24:33.138+0000] {dag.py:3947} INFO - Setting next_dagrun for pipeline to 2026-04-06 00:00:00+00:00, run_after=2026-04-07 00:00:00+00:00
[2026-04-06T14:24:33.191+0000] {processor.py:183} INFO - Processing /opt/airflow/dags/pipeline.py took 1.811 seconds
[2026-04-06T14:25:03.874+0000] {processor.py:161} INFO - Started process (PID=498) to work on /opt/airflow/dags/pipeline.py
[2026-04-06T14:25:03.881+0000] {processor.py:830} INFO - Processing file /opt/airflow/dags/pipeline.py for tasks to queue
[2026-04-06T14:25:03.889+0000] {logging_mixin.py:188} INFO - [2026-04-06T14:25:03.888+0000] {dagbag.py:545} INFO - Filling up the DagBag from /opt/airflow/dags/pipeline.py
[2026-04-06T14:25:06.056+0000] {processor.py:840} INFO - DAG(s) 'pipeline' retrieved from /opt/airflow/dags/pipeline.py
[2026-04-06T14:25:06.577+0000] {logging_mixin.py:188} INFO - [2026-04-06T14:25:06.577+0000] {dag.py:3089} INFO - Sync 1 DAGs
[2026-04-06T14:25:06.658+0000] {logging_mixin.py:188} INFO - [2026-04-06T14:25:06.658+0000] {dag.py:3947} INFO - Setting next_dagrun for pipeline to 2026-04-06 00:00:00+00:00, run_after=2026-04-07 00:00:00+00:00
[2026-04-06T14:25:06.753+0000] {processor.py:183} INFO - Processing /opt/airflow/dags/pipeline.py took 2.908 seconds
[2026-04-06T14:25:37.292+0000] {processor.py:161} INFO - Started process (PID=518) to work on /opt/airflow/dags/pipeline.py
[2026-04-06T14:25:37.294+0000] {processor.py:830} INFO - Processing file /opt/airflow/dags/pipeline.py for tasks to queue
[2026-04-06T14:25:37.297+0000] {logging_mixin.py:188} INFO - [2026-04-06T14:25:37.296+0000] {dagbag.py:545} INFO - Filling up the DagBag from /opt/airflow/dags/pipeline.py
[2026-04-06T14:25:38.528+0000] {processor.py:840} INFO - DAG(s) 'pipeline' retrieved from /opt/airflow/dags/pipeline.py
[2026-04-06T14:25:38.657+0000] {logging_mixin.py:188} INFO - [2026-04-06T14:25:38.657+0000] {dag.py:3089} INFO - Sync 1 DAGs
[2026-04-06T14:25:38.746+0000] {logging_mixin.py:188} INFO - [2026-04-06T14:25:38.744+0000] {dag.py:3947} INFO - Setting next_dagrun for pipeline to 2026-04-06 00:00:00+00:00, run_after=2026-04-07 00:00:00+00:00
[2026-04-06T14:25:38.831+0000] {processor.py:183} INFO - Processing /opt/airflow/dags/pipeline.py took 1.548 seconds
[2026-04-06T14:26:09.177+0000] {processor.py:161} INFO - Started process (PID=524) to work on /opt/airflow/dags/pipeline.py
[2026-04-06T14:26:09.179+0000] {processor.py:830} INFO - Processing file /opt/airflow/dags/pipeline.py for tasks to queue
[2026-04-06T14:26:09.182+0000] {logging_mixin.py:188} INFO - [2026-04-06T14:26:09.181+0000] {dagbag.py:545} INFO - Filling up the DagBag from /opt/airflow/dags/pipeline.py
[2026-04-06T14:26:10.412+0000] {processor.py:840} INFO - DAG(s) 'pipeline' retrieved from /opt/airflow/dags/pipeline.py
[2026-04-06T14:26:10.512+0000] {logging_mixin.py:188} INFO - [2026-04-06T14:26:10.512+0000] {dag.py:3089} INFO - Sync 1 DAGs
[2026-04-06T14:26:10.548+0000] {logging_mixin.py:188} INFO - [2026-04-06T14:26:10.548+0000] {dag.py:3947} INFO - Setting next_dagrun for pipeline to 2026-04-06 00:00:00+00:00, run_after=2026-04-07 00:00:00+00:00
[2026-04-06T14:26:10.590+0000] {processor.py:183} INFO - Processing /opt/airflow/dags/pipeline.py took 1.426 seconds
[2026-04-06T14:26:40.979+0000] {processor.py:161} INFO - Started process (PID=530) to work on /opt/airflow/dags/pipeline.py
[2026-04-06T14:26:40.981+0000] {processor.py:830} INFO - Processing file /opt/airflow/dags/pipeline.py for tasks to queue
[2026-04-06T14:26:40.983+0000] {logging_mixin.py:188} INFO - [2026-04-06T14:26:40.983+0000] {dagbag.py:545} INFO - Filling up the DagBag from /opt/airflow/dags/pipeline.py
[2026-04-06T14:26:42.231+0000] {processor.py:840} INFO - DAG(s) 'pipeline' retrieved from /opt/airflow/dags/pipeline.py
[2026-04-06T14:26:42.325+0000] {logging_mixin.py:188} INFO - [2026-04-06T14:26:42.325+0000] {dag.py:3089} INFO - Sync 1 DAGs
[2026-04-06T14:26:42.377+0000] {logging_mixin.py:188} INFO - [2026-04-06T14:26:42.377+0000] {dag.py:3947} INFO - Setting next_dagrun for pipeline to 2026-04-06 00:00:00+00:00, run_after=2026-04-07 00:00:00+00:00
[2026-04-06T14:26:42.424+0000] {processor.py:183} INFO - Processing /opt/airflow/dags/pipeline.py took 1.453 seconds
[2026-04-06T14:27:13.079+0000] {processor.py:161} INFO - Started process (PID=537) to work on /opt/airflow/dags/pipeline.py
[2026-04-06T14:27:13.082+0000] {processor.py:830} INFO - Processing file /opt/airflow/dags/pipeline.py for tasks to queue
[2026-04-06T14:27:13.091+0000] {logging_mixin.py:188} INFO - [2026-04-06T14:27:13.089+0000] {dagbag.py:545} INFO - Filling up the DagBag from /opt/airflow/dags/pipeline.py
[2026-04-06T14:27:16.599+0000] {processor.py:840} INFO - DAG(s) 'pipeline' retrieved from /opt/airflow/dags/pipeline.py
[2026-04-06T14:27:16.747+0000] {logging_mixin.py:188} INFO - [2026-04-06T14:27:16.746+0000] {dag.py:3089} INFO - Sync 1 DAGs
[2026-04-06T14:27:16.821+0000] {logging_mixin.py:188} INFO - [2026-04-06T14:27:16.820+0000] {dag.py:3947} INFO - Setting next_dagrun for pipeline to 2026-04-06 00:00:00+00:00, run_after=2026-04-07 00:00:00+00:00
[2026-04-06T14:27:16.889+0000] {processor.py:183} INFO - Processing /opt/airflow/dags/pipeline.py took 3.835 seconds
[2026-04-06T14:27:47.372+0000] {processor.py:161} INFO - Started process (PID=543) to work on /opt/airflow/dags/pipeline.py
[2026-04-06T14:27:47.374+0000] {processor.py:830} INFO - Processing file /opt/airflow/dags/pipeline.py for tasks to queue
[2026-04-06T14:27:47.378+0000] {logging_mixin.py:188} INFO - [2026-04-06T14:27:47.377+0000] {dagbag.py:545} INFO - Filling up the DagBag from /opt/airflow/dags/pipeline.py
[2026-04-06T14:27:48.565+0000] {processor.py:840} INFO - DAG(s) 'pipeline' retrieved from /opt/airflow/dags/pipeline.py
[2026-04-06T14:27:48.683+0000] {logging_mixin.py:188} INFO - [2026-04-06T14:27:48.683+0000] {dag.py:3089} INFO - Sync 1 DAGs
[2026-04-06T14:27:48.735+0000] {logging_mixin.py:188} INFO - [2026-04-06T14:27:48.734+0000] {dag.py:3947} INFO - Setting next_dagrun for pipeline to 2026-04-06 00:00:00+00:00, run_after=2026-04-07 00:00:00+00:00
[2026-04-06T14:27:48.816+0000] {processor.py:183} INFO - Processing /opt/airflow/dags/pipeline.py took 1.456 seconds
[2026-04-06T14:28:19.147+0000] {processor.py:161} INFO - Started process (PID=549) to work on /opt/airflow/dags/pipeline.py
[2026-04-06T14:28:19.149+0000] {processor.py:830} INFO - Processing file /opt/airflow/dags/pipeline.py for tasks to queue
[2026-04-06T14:28:19.153+0000] {logging_mixin.py:188} INFO - [2026-04-06T14:28:19.152+0000] {dagbag.py:545} INFO - Filling up the DagBag from /opt/airflow/dags/pipeline.py
[2026-04-06T14:28:20.543+0000] {processor.py:840} INFO - DAG(s) 'pipeline' retrieved from /opt/airflow/dags/pipeline.py
[2026-04-06T14:28:20.670+0000] {logging_mixin.py:188} INFO - [2026-04-06T14:28:20.670+0000] {dag.py:3089} INFO - Sync 1 DAGs
[2026-04-06T14:28:20.716+0000] {logging_mixin.py:188} INFO - [2026-04-06T14:28:20.716+0000] {dag.py:3947} INFO - Setting next_dagrun for pipeline to 2026-04-06 00:00:00+00:00, run_after=2026-04-07 00:00:00+00:00
[2026-04-06T14:28:20.763+0000] {processor.py:183} INFO - Processing /opt/airflow/dags/pipeline.py took 1.627 seconds
[2026-04-06T14:28:51.146+0000] {processor.py:161} INFO - Started process (PID=555) to work on /opt/airflow/dags/pipeline.py
[2026-04-06T14:28:51.147+0000] {processor.py:830} INFO - Processing file /opt/airflow/dags/pipeline.py for tasks to queue
[2026-04-06T14:28:51.151+0000] {logging_mixin.py:188} INFO - [2026-04-06T14:28:51.150+0000] {dagbag.py:545} INFO - Filling up the DagBag from /opt/airflow/dags/pipeline.py
[2026-04-06T14:28:52.304+0000] {processor.py:840} INFO - DAG(s) 'pipeline' retrieved from /opt/airflow/dags/pipeline.py
[2026-04-06T14:28:52.403+0000] {logging_mixin.py:188} INFO - [2026-04-06T14:28:52.402+0000] {dag.py:3089} INFO - Sync 1 DAGs
[2026-04-06T14:28:52.438+0000] {logging_mixin.py:188} INFO - [2026-04-06T14:28:52.438+0000] {dag.py:3947} INFO - Setting next_dagrun for pipeline to 2026-04-06 00:00:00+00:00, run_after=2026-04-07 00:00:00+00:00
[2026-04-06T14:28:52.485+0000] {processor.py:183} INFO - Processing /opt/airflow/dags/pipeline.py took 1.351 seconds
[2026-04-06T14:29:22.942+0000] {processor.py:161} INFO - Started process (PID=570) to work on /opt/airflow/dags/pipeline.py
[2026-04-06T14:29:22.949+0000] {processor.py:830} INFO - Processing file /opt/airflow/dags/pipeline.py for tasks to queue
[2026-04-06T14:29:22.962+0000] {logging_mixin.py:188} INFO - [2026-04-06T14:29:22.959+0000] {dagbag.py:545} INFO - Filling up the DagBag from /opt/airflow/dags/pipeline.py
[2026-04-06T14:29:25.148+0000] {processor.py:840} INFO - DAG(s) 'pipeline' retrieved from /opt/airflow/dags/pipeline.py
[2026-04-06T14:29:25.242+0000] {logging_mixin.py:188} INFO - [2026-04-06T14:29:25.242+0000] {dag.py:3089} INFO - Sync 1 DAGs
[2026-04-06T14:29:25.286+0000] {logging_mixin.py:188} INFO - [2026-04-06T14:29:25.285+0000] {dag.py:3947} INFO - Setting next_dagrun for pipeline to 2026-04-06 00:00:00+00:00, run_after=2026-04-07 00:00:00+00:00
[2026-04-06T14:29:25.348+0000] {processor.py:183} INFO - Processing /opt/airflow/dags/pipeline.py took 2.472 seconds
[2026-04-06T14:29:56.045+0000] {processor.py:161} INFO - Started process (PID=576) to work on /opt/airflow/dags/pipeline.py
[2026-04-06T14:29:56.047+0000] {processor.py:830} INFO - Processing file /opt/airflow/dags/pipeline.py for tasks to queue
[2026-04-06T14:29:56.051+0000] {logging_mixin.py:188} INFO - [2026-04-06T14:29:56.050+0000] {dagbag.py:545} INFO - Filling up the DagBag from /opt/airflow/dags/pipeline.py
[2026-04-06T14:29:57.434+0000] {processor.py:840} INFO - DAG(s) 'pipeline' retrieved from /opt/airflow/dags/pipeline.py
[2026-04-06T14:29:57.533+0000] {logging_mixin.py:188} INFO - [2026-04-06T14:29:57.533+0000] {dag.py:3089} INFO - Sync 1 DAGs
[2026-04-06T14:29:57.576+0000] {logging_mixin.py:188} INFO - [2026-04-06T14:29:57.576+0000] {dag.py:3947} INFO - Setting next_dagrun for pipeline to 2026-04-06 00:00:00+00:00, run_after=2026-04-07 00:00:00+00:00
[2026-04-06T14:29:57.616+0000] {processor.py:183} INFO - Processing /opt/airflow/dags/pipeline.py took 1.589 seconds
[2026-04-06T14:30:28.208+0000] {processor.py:161} INFO - Started process (PID=582) to work on /opt/airflow/dags/pipeline.py
[2026-04-06T14:30:28.210+0000] {processor.py:830} INFO - Processing file /opt/airflow/dags/pipeline.py for tasks to queue
[2026-04-06T14:30:28.215+0000] {logging_mixin.py:188} INFO - [2026-04-06T14:30:28.214+0000] {dagbag.py:545} INFO - Filling up the DagBag from /opt/airflow/dags/pipeline.py
[2026-04-06T14:30:29.534+0000] {processor.py:840} INFO - DAG(s) 'pipeline' retrieved from /opt/airflow/dags/pipeline.py
[2026-04-06T14:30:29.630+0000] {logging_mixin.py:188} INFO - [2026-04-06T14:30:29.629+0000] {dag.py:3089} INFO - Sync 1 DAGs
[2026-04-06T14:30:29.671+0000] {logging_mixin.py:188} INFO - [2026-04-06T14:30:29.671+0000] {dag.py:3947} INFO - Setting next_dagrun for pipeline to 2026-04-06 00:00:00+00:00, run_after=2026-04-07 00:00:00+00:00
[2026-04-06T14:30:29.728+0000] {processor.py:183} INFO - Processing /opt/airflow/dags/pipeline.py took 1.534 seconds
[2026-04-06T14:30:59.973+0000] {processor.py:161} INFO - Started process (PID=588) to work on /opt/airflow/dags/pipeline.py
[2026-04-06T14:30:59.975+0000] {processor.py:830} INFO - Processing file /opt/airflow/dags/pipeline.py for tasks to queue
[2026-04-06T14:30:59.978+0000] {logging_mixin.py:188} INFO - [2026-04-06T14:30:59.978+0000] {dagbag.py:545} INFO - Filling up the DagBag from /opt/airflow/dags/pipeline.py
[2026-04-06T14:31:01.130+0000] {processor.py:840} INFO - DAG(s) 'pipeline' retrieved from /opt/airflow/dags/pipeline.py
[2026-04-06T14:31:01.212+0000] {logging_mixin.py:188} INFO - [2026-04-06T14:31:01.211+0000] {dag.py:3089} INFO - Sync 1 DAGs
[2026-04-06T14:31:01.245+0000] {logging_mixin.py:188} INFO - [2026-04-06T14:31:01.245+0000] {dag.py:3947} INFO - Setting next_dagrun for pipeline to 2026-04-06 00:00:00+00:00, run_after=2026-04-07 00:00:00+00:00
[2026-04-06T14:31:01.283+0000] {processor.py:183} INFO - Processing /opt/airflow/dags/pipeline.py took 1.321 seconds
[2026-04-06T14:31:32.048+0000] {processor.py:161} INFO - Started process (PID=594) to work on /opt/airflow/dags/pipeline.py
[2026-04-06T14:31:32.050+0000] {processor.py:830} INFO - Processing file /opt/airflow/dags/pipeline.py for tasks to queue
[2026-04-06T14:31:32.053+0000] {logging_mixin.py:188} INFO - [2026-04-06T14:31:32.052+0000] {dagbag.py:545} INFO - Filling up the DagBag from /opt/airflow/dags/pipeline.py
[2026-04-06T14:31:33.130+0000] {processor.py:840} INFO - DAG(s) 'pipeline' retrieved from /opt/airflow/dags/pipeline.py
[2026-04-06T14:31:33.475+0000] {logging_mixin.py:188} INFO - [2026-04-06T14:31:33.474+0000] {dag.py:3089} INFO - Sync 1 DAGs
[2026-04-06T14:31:33.552+0000] {logging_mixin.py:188} INFO - [2026-04-06T14:31:33.551+0000] {dag.py:3947} INFO - Setting next_dagrun for pipeline to 2026-04-06 00:00:00+00:00, run_after=2026-04-07 00:00:00+00:00
[2026-04-06T14:31:33.615+0000] {processor.py:183} INFO - Processing /opt/airflow/dags/pipeline.py took 1.577 seconds
[2026-04-06T14:32:04.472+0000] {processor.py:161} INFO - Started process (PID=600) to work on /opt/airflow/dags/pipeline.py
[2026-04-06T14:32:04.475+0000] {processor.py:830} INFO - Processing file /opt/airflow/dags/pipeline.py for tasks to queue
[2026-04-06T14:32:04.482+0000] {logging_mixin.py:188} INFO - [2026-04-06T14:32:04.481+0000] {dagbag.py:545} INFO - Filling up the DagBag from /opt/airflow/dags/pipeline.py
[2026-04-06T14:32:05.825+0000] {processor.py:840} INFO - DAG(s) 'pipeline' retrieved from /opt/airflow/dags/pipeline.py
[2026-04-06T14:32:05.947+0000] {logging_mixin.py:188} INFO - [2026-04-06T14:32:05.947+0000] {dag.py:3089} INFO - Sync 1 DAGs
[2026-04-06T14:32:05.991+0000] {logging_mixin.py:188} INFO - [2026-04-06T14:32:05.990+0000] {dag.py:3947} INFO - Setting next_dagrun for pipeline to 2026-04-06 00:00:00+00:00, run_after=2026-04-07 00:00:00+00:00
[2026-04-06T14:32:06.062+0000] {processor.py:183} INFO - Processing /opt/airflow/dags/pipeline.py took 1.626 seconds
[2026-04-06T14:32:36.348+0000] {processor.py:161} INFO - Started process (PID=606) to work on /opt/airflow/dags/pipeline.py
[2026-04-06T14:32:36.350+0000] {processor.py:830} INFO - Processing file /opt/airflow/dags/pipeline.py for tasks to queue
[2026-04-06T14:32:36.354+0000] {logging_mixin.py:188} INFO - [2026-04-06T14:32:36.354+0000] {dagbag.py:545} INFO - Filling up the DagBag from /opt/airflow/dags/pipeline.py
[2026-04-06T14:32:37.736+0000] {processor.py:840} INFO - DAG(s) 'pipeline' retrieved from /opt/airflow/dags/pipeline.py
[2026-04-06T14:32:37.826+0000] {logging_mixin.py:188} INFO - [2026-04-06T14:32:37.826+0000] {dag.py:3089} INFO - Sync 1 DAGs
[2026-04-06T14:32:37.877+0000] {logging_mixin.py:188} INFO - [2026-04-06T14:32:37.877+0000] {dag.py:3947} INFO - Setting next_dagrun for pipeline to 2026-04-06 00:00:00+00:00, run_after=2026-04-07 00:00:00+00:00
[2026-04-06T14:32:37.942+0000] {processor.py:183} INFO - Processing /opt/airflow/dags/pipeline.py took 1.615 seconds
[2026-04-06T14:33:08.190+0000] {processor.py:161} INFO - Started process (PID=612) to work on /opt/airflow/dags/pipeline.py
[2026-04-06T14:33:08.192+0000] {processor.py:830} INFO - Processing file /opt/airflow/dags/pipeline.py for tasks to queue
[2026-04-06T14:33:08.195+0000] {logging_mixin.py:188} INFO - [2026-04-06T14:33:08.195+0000] {dagbag.py:545} INFO - Filling up the DagBag from /opt/airflow/dags/pipeline.py
[2026-04-06T14:33:09.465+0000] {processor.py:840} INFO - DAG(s) 'pipeline' retrieved from /opt/airflow/dags/pipeline.py
[2026-04-06T14:33:09.606+0000] {logging_mixin.py:188} INFO - [2026-04-06T14:33:09.606+0000] {dag.py:3089} INFO - Sync 1 DAGs
[2026-04-06T14:33:09.659+0000] {logging_mixin.py:188} INFO - [2026-04-06T14:33:09.659+0000] {dag.py:3947} INFO - Setting next_dagrun for pipeline to 2026-04-06 00:00:00+00:00, run_after=2026-04-07 00:00:00+00:00
[2026-04-06T14:33:09.708+0000] {processor.py:183} INFO - Processing /opt/airflow/dags/pipeline.py took 1.529 seconds
[2026-04-06T14:33:40.349+0000] {processor.py:161} INFO - Started process (PID=618) to work on /opt/airflow/dags/pipeline.py
[2026-04-06T14:33:40.356+0000] {processor.py:830} INFO - Processing file /opt/airflow/dags/pipeline.py for tasks to queue
[2026-04-06T14:33:40.361+0000] {logging_mixin.py:188} INFO - [2026-04-06T14:33:40.360+0000] {dagbag.py:545} INFO - Filling up the DagBag from /opt/airflow/dags/pipeline.py
[2026-04-06T14:33:42.379+0000] {processor.py:840} INFO - DAG(s) 'pipeline' retrieved from /opt/airflow/dags/pipeline.py
[2026-04-06T14:33:42.527+0000] {logging_mixin.py:188} INFO - [2026-04-06T14:33:42.527+0000] {dag.py:3089} INFO - Sync 1 DAGs
[2026-04-06T14:33:42.584+0000] {logging_mixin.py:188} INFO - [2026-04-06T14:33:42.584+0000] {dag.py:3947} INFO - Setting next_dagrun for pipeline to 2026-04-06 00:00:00+00:00, run_after=2026-04-07 00:00:00+00:00
[2026-04-06T14:33:42.654+0000] {processor.py:183} INFO - Processing /opt/airflow/dags/pipeline.py took 2.332 seconds
[2026-04-06T14:34:13.088+0000] {processor.py:161} INFO - Started process (PID=624) to work on /opt/airflow/dags/pipeline.py
[2026-04-06T14:34:13.090+0000] {processor.py:830} INFO - Processing file /opt/airflow/dags/pipeline.py for tasks to queue
[2026-04-06T14:34:13.092+0000] {logging_mixin.py:188} INFO - [2026-04-06T14:34:13.092+0000] {dagbag.py:545} INFO - Filling up the DagBag from /opt/airflow/dags/pipeline.py
[2026-04-06T14:34:14.106+0000] {processor.py:840} INFO - DAG(s) 'pipeline' retrieved from /opt/airflow/dags/pipeline.py
[2026-04-06T14:34:14.206+0000] {logging_mixin.py:188} INFO - [2026-04-06T14:34:14.206+0000] {dag.py:3089} INFO - Sync 1 DAGs
[2026-04-06T14:34:14.246+0000] {logging_mixin.py:188} INFO - [2026-04-06T14:34:14.245+0000] {dag.py:3947} INFO - Setting next_dagrun for pipeline to 2026-04-06 00:00:00+00:00, run_after=2026-04-07 00:00:00+00:00
[2026-04-06T14:34:14.306+0000] {processor.py:183} INFO - Processing /opt/airflow/dags/pipeline.py took 1.227 seconds
[2026-04-06T14:34:44.862+0000] {processor.py:161} INFO - Started process (PID=630) to work on /opt/airflow/dags/pipeline.py
[2026-04-06T14:34:44.863+0000] {processor.py:830} INFO - Processing file /opt/airflow/dags/pipeline.py for tasks to queue
[2026-04-06T14:34:44.866+0000] {logging_mixin.py:188} INFO - [2026-04-06T14:34:44.865+0000] {dagbag.py:545} INFO - Filling up the DagBag from /opt/airflow/dags/pipeline.py
[2026-04-06T14:34:46.010+0000] {processor.py:840} INFO - DAG(s) 'pipeline' retrieved from /opt/airflow/dags/pipeline.py
[2026-04-06T14:34:46.118+0000] {logging_mixin.py:188} INFO - [2026-04-06T14:34:46.118+0000] {dag.py:3089} INFO - Sync 1 DAGs
[2026-04-06T14:34:46.161+0000] {logging_mixin.py:188} INFO - [2026-04-06T14:34:46.161+0000] {dag.py:3947} INFO - Setting next_dagrun for pipeline to 2026-04-06 00:00:00+00:00, run_after=2026-04-07 00:00:00+00:00
[2026-04-06T14:34:46.210+0000] {processor.py:183} INFO - Processing /opt/airflow/dags/pipeline.py took 1.364 seconds
[2026-04-06T14:35:16.522+0000] {processor.py:161} INFO - Started process (PID=636) to work on /opt/airflow/dags/pipeline.py
[2026-04-06T14:35:16.525+0000] {processor.py:830} INFO - Processing file /opt/airflow/dags/pipeline.py for tasks to queue
[2026-04-06T14:35:16.530+0000] {logging_mixin.py:188} INFO - [2026-04-06T14:35:16.529+0000] {dagbag.py:545} INFO - Filling up the DagBag from /opt/airflow/dags/pipeline.py
[2026-04-06T14:35:17.622+0000] {processor.py:840} INFO - DAG(s) 'pipeline' retrieved from /opt/airflow/dags/pipeline.py
[2026-04-06T14:35:17.701+0000] {logging_mixin.py:188} INFO - [2026-04-06T14:35:17.701+0000] {dag.py:3089} INFO - Sync 1 DAGs
[2026-04-06T14:35:17.733+0000] {logging_mixin.py:188} INFO - [2026-04-06T14:35:17.733+0000] {dag.py:3947} INFO - Setting next_dagrun for pipeline to 2026-04-06 00:00:00+00:00, run_after=2026-04-07 00:00:00+00:00
[2026-04-06T14:35:17.780+0000] {processor.py:183} INFO - Processing /opt/airflow/dags/pipeline.py took 1.285 seconds
[2026-04-06T14:35:48.255+0000] {processor.py:161} INFO - Started process (PID=642) to work on /opt/airflow/dags/pipeline.py
[2026-04-06T14:35:48.257+0000] {processor.py:830} INFO - Processing file /opt/airflow/dags/pipeline.py for tasks to queue
[2026-04-06T14:35:48.261+0000] {logging_mixin.py:188} INFO - [2026-04-06T14:35:48.260+0000] {dagbag.py:545} INFO - Filling up the DagBag from /opt/airflow/dags/pipeline.py
[2026-04-06T14:35:49.653+0000] {processor.py:840} INFO - DAG(s) 'pipeline' retrieved from /opt/airflow/dags/pipeline.py
[2026-04-06T14:35:49.764+0000] {logging_mixin.py:188} INFO - [2026-04-06T14:35:49.764+0000] {dag.py:3089} INFO - Sync 1 DAGs
[2026-04-06T14:35:49.801+0000] {logging_mixin.py:188} INFO - [2026-04-06T14:35:49.801+0000] {dag.py:3947} INFO - Setting next_dagrun for pipeline to 2026-04-06 00:00:00+00:00, run_after=2026-04-07 00:00:00+00:00
[2026-04-06T14:35:49.849+0000] {processor.py:183} INFO - Processing /opt/airflow/dags/pipeline.py took 1.605 seconds
[2026-04-06T14:36:20.518+0000] {processor.py:161} INFO - Started process (PID=648) to work on /opt/airflow/dags/pipeline.py
[2026-04-06T14:36:20.521+0000] {processor.py:830} INFO - Processing file /opt/airflow/dags/pipeline.py for tasks to queue
[2026-04-06T14:36:20.525+0000] {logging_mixin.py:188} INFO - [2026-04-06T14:36:20.525+0000] {dagbag.py:545} INFO - Filling up the DagBag from /opt/airflow/dags/pipeline.py
[2026-04-06T14:36:21.559+0000] {processor.py:840} INFO - DAG(s) 'pipeline' retrieved from /opt/airflow/dags/pipeline.py
[2026-04-06T14:36:21.658+0000] {logging_mixin.py:188} INFO - [2026-04-06T14:36:21.657+0000] {dag.py:3089} INFO - Sync 1 DAGs
[2026-04-06T14:36:21.694+0000] {logging_mixin.py:188} INFO - [2026-04-06T14:36:21.694+0000] {dag.py:3947} INFO - Setting next_dagrun for pipeline to 2026-04-06 00:00:00+00:00, run_after=2026-04-07 00:00:00+00:00
[2026-04-06T14:36:21.751+0000] {processor.py:183} INFO - Processing /opt/airflow/dags/pipeline.py took 1.256 seconds
[2026-04-06T14:36:52.036+0000] {processor.py:161} INFO - Started process (PID=654) to work on /opt/airflow/dags/pipeline.py
[2026-04-06T14:36:52.038+0000] {processor.py:830} INFO - Processing file /opt/airflow/dags/pipeline.py for tasks to queue
[2026-04-06T14:36:52.042+0000] {logging_mixin.py:188} INFO - [2026-04-06T14:36:52.041+0000] {dagbag.py:545} INFO - Filling up the DagBag from /opt/airflow/dags/pipeline.py
[2026-04-06T14:36:53.121+0000] {processor.py:840} INFO - DAG(s) 'pipeline' retrieved from /opt/airflow/dags/pipeline.py
[2026-04-06T14:36:53.214+0000] {logging_mixin.py:188} INFO - [2026-04-06T14:36:53.214+0000] {dag.py:3089} INFO - Sync 1 DAGs
[2026-04-06T14:36:53.248+0000] {logging_mixin.py:188} INFO - [2026-04-06T14:36:53.248+0000] {dag.py:3947} INFO - Setting next_dagrun for pipeline to 2026-04-06 00:00:00+00:00, run_after=2026-04-07 00:00:00+00:00
[2026-04-06T14:36:53.296+0000] {processor.py:183} INFO - Processing /opt/airflow/dags/pipeline.py took 1.274 seconds
[2026-04-06T14:37:23.628+0000] {processor.py:161} INFO - Started process (PID=660) to work on /opt/airflow/dags/pipeline.py
[2026-04-06T14:37:23.631+0000] {processor.py:830} INFO - Processing file /opt/airflow/dags/pipeline.py for tasks to queue
[2026-04-06T14:37:23.637+0000] {logging_mixin.py:188} INFO - [2026-04-06T14:37:23.636+0000] {dagbag.py:545} INFO - Filling up the DagBag from /opt/airflow/dags/pipeline.py
[2026-04-06T14:37:24.719+0000] {processor.py:840} INFO - DAG(s) 'pipeline' retrieved from /opt/airflow/dags/pipeline.py
[2026-04-06T14:37:24.798+0000] {logging_mixin.py:188} INFO - [2026-04-06T14:37:24.797+0000] {dag.py:3089} INFO - Sync 1 DAGs
[2026-04-06T14:37:24.832+0000] {logging_mixin.py:188} INFO - [2026-04-06T14:37:24.832+0000] {dag.py:3947} INFO - Setting next_dagrun for pipeline to 2026-04-06 00:00:00+00:00, run_after=2026-04-07 00:00:00+00:00
[2026-04-06T14:37:24.881+0000] {processor.py:183} INFO - Processing /opt/airflow/dags/pipeline.py took 1.271 seconds
[2026-04-06T14:37:55.662+0000] {processor.py:161} INFO - Started process (PID=666) to work on /opt/airflow/dags/pipeline.py
[2026-04-06T14:37:55.664+0000] {processor.py:830} INFO - Processing file /opt/airflow/dags/pipeline.py for tasks to queue
[2026-04-06T14:37:55.669+0000] {logging_mixin.py:188} INFO - [2026-04-06T14:37:55.668+0000] {dagbag.py:545} INFO - Filling up the DagBag from /opt/airflow/dags/pipeline.py
[2026-04-06T14:37:56.886+0000] {processor.py:840} INFO - DAG(s) 'pipeline' retrieved from /opt/airflow/dags/pipeline.py
[2026-04-06T14:37:57.022+0000] {logging_mixin.py:188} INFO - [2026-04-06T14:37:57.022+0000] {dag.py:3089} INFO - Sync 1 DAGs
[2026-04-06T14:37:57.072+0000] {logging_mixin.py:188} INFO - [2026-04-06T14:37:57.071+0000] {dag.py:3947} INFO - Setting next_dagrun for pipeline to 2026-04-06 00:00:00+00:00, run_after=2026-04-07 00:00:00+00:00
[2026-04-06T14:37:57.158+0000] {processor.py:183} INFO - Processing /opt/airflow/dags/pipeline.py took 1.522 seconds
[2026-04-06T14:38:27.831+0000] {processor.py:161} INFO - Started process (PID=672) to work on /opt/airflow/dags/pipeline.py
[2026-04-06T14:38:27.833+0000] {processor.py:830} INFO - Processing file /opt/airflow/dags/pipeline.py for tasks to queue
[2026-04-06T14:38:27.835+0000] {logging_mixin.py:188} INFO - [2026-04-06T14:38:27.835+0000] {dagbag.py:545} INFO - Filling up the DagBag from /opt/airflow/dags/pipeline.py
[2026-04-06T14:38:28.887+0000] {processor.py:840} INFO - DAG(s) 'pipeline' retrieved from /opt/airflow/dags/pipeline.py
[2026-04-06T14:38:29.084+0000] {logging_mixin.py:188} INFO - [2026-04-06T14:38:29.084+0000] {dag.py:3089} INFO - Sync 1 DAGs
[2026-04-06T14:38:29.127+0000] {logging_mixin.py:188} INFO - [2026-04-06T14:38:29.127+0000] {dag.py:3947} INFO - Setting next_dagrun for pipeline to 2026-04-06 00:00:00+00:00, run_after=2026-04-07 00:00:00+00:00
[2026-04-06T14:38:29.193+0000] {processor.py:183} INFO - Processing /opt/airflow/dags/pipeline.py took 1.374 seconds
[2026-04-06T14:38:59.834+0000] {processor.py:161} INFO - Started process (PID=678) to work on /opt/airflow/dags/pipeline.py
[2026-04-06T14:38:59.837+0000] {processor.py:830} INFO - Processing file /opt/airflow/dags/pipeline.py for tasks to queue
[2026-04-06T14:38:59.841+0000] {logging_mixin.py:188} INFO - [2026-04-06T14:38:59.841+0000] {dagbag.py:545} INFO - Filling up the DagBag from /opt/airflow/dags/pipeline.py
[2026-04-06T14:39:01.045+0000] {processor.py:840} INFO - DAG(s) 'pipeline' retrieved from /opt/airflow/dags/pipeline.py
[2026-04-06T14:39:01.125+0000] {logging_mixin.py:188} INFO - [2026-04-06T14:39:01.125+0000] {dag.py:3089} INFO - Sync 1 DAGs
[2026-04-06T14:39:01.163+0000] {logging_mixin.py:188} INFO - [2026-04-06T14:39:01.163+0000] {dag.py:3947} INFO - Setting next_dagrun for pipeline to 2026-04-06 00:00:00+00:00, run_after=2026-04-07 00:00:00+00:00
[2026-04-06T14:39:01.229+0000] {processor.py:183} INFO - Processing /opt/airflow/dags/pipeline.py took 1.413 seconds
[2026-04-06T14:39:31.548+0000] {processor.py:161} INFO - Started process (PID=684) to work on /opt/airflow/dags/pipeline.py
[2026-04-06T14:39:31.551+0000] {processor.py:830} INFO - Processing file /opt/airflow/dags/pipeline.py for tasks to queue
[2026-04-06T14:39:31.555+0000] {logging_mixin.py:188} INFO - [2026-04-06T14:39:31.554+0000] {dagbag.py:545} INFO - Filling up the DagBag from /opt/airflow/dags/pipeline.py
[2026-04-06T14:39:32.811+0000] {processor.py:840} INFO - DAG(s) 'pipeline' retrieved from /opt/airflow/dags/pipeline.py
[2026-04-06T14:39:32.916+0000] {logging_mixin.py:188} INFO - [2026-04-06T14:39:32.915+0000] {dag.py:3089} INFO - Sync 1 DAGs
[2026-04-06T14:39:32.953+0000] {logging_mixin.py:188} INFO - [2026-04-06T14:39:32.953+0000] {dag.py:3947} INFO - Setting next_dagrun for pipeline to 2026-04-06 00:00:00+00:00, run_after=2026-04-07 00:00:00+00:00
[2026-04-06T14:39:32.993+0000] {processor.py:183} INFO - Processing /opt/airflow/dags/pipeline.py took 1.463 seconds
[2026-04-06T14:40:03.502+0000] {processor.py:161} INFO - Started process (PID=690) to work on /opt/airflow/dags/pipeline.py
[2026-04-06T14:40:03.506+0000] {processor.py:830} INFO - Processing file /opt/airflow/dags/pipeline.py for tasks to queue
[2026-04-06T14:40:03.510+0000] {logging_mixin.py:188} INFO - [2026-04-06T14:40:03.510+0000] {dagbag.py:545} INFO - Filling up the DagBag from /opt/airflow/dags/pipeline.py
[2026-04-06T14:40:04.571+0000] {processor.py:840} INFO - DAG(s) 'pipeline' retrieved from /opt/airflow/dags/pipeline.py
[2026-04-06T14:40:04.686+0000] {logging_mixin.py:188} INFO - [2026-04-06T14:40:04.685+0000] {dag.py:3089} INFO - Sync 1 DAGs
[2026-04-06T14:40:04.730+0000] {logging_mixin.py:188} INFO - [2026-04-06T14:40:04.730+0000] {dag.py:3947} INFO - Setting next_dagrun for pipeline to 2026-04-06 00:00:00+00:00, run_after=2026-04-07 00:00:00+00:00
[2026-04-06T14:40:04.792+0000] {processor.py:183} INFO - Processing /opt/airflow/dags/pipeline.py took 1.314 seconds
[2026-04-06T14:40:35.270+0000] {processor.py:161} INFO - Started process (PID=696) to work on /opt/airflow/dags/pipeline.py
[2026-04-06T14:40:35.274+0000] {processor.py:830} INFO - Processing file /opt/airflow/dags/pipeline.py for tasks to queue
[2026-04-06T14:40:35.284+0000] {logging_mixin.py:188} INFO - [2026-04-06T14:40:35.283+0000] {dagbag.py:545} INFO - Filling up the DagBag from /opt/airflow/dags/pipeline.py
[2026-04-06T14:40:36.577+0000] {processor.py:840} INFO - DAG(s) 'pipeline' retrieved from /opt/airflow/dags/pipeline.py
[2026-04-06T14:40:36.659+0000] {logging_mixin.py:188} INFO - [2026-04-06T14:40:36.658+0000] {dag.py:3089} INFO - Sync 1 DAGs
[2026-04-06T14:40:36.695+0000] {logging_mixin.py:188} INFO - [2026-04-06T14:40:36.695+0000] {dag.py:3947} INFO - Setting next_dagrun for pipeline to 2026-04-06 00:00:00+00:00, run_after=2026-04-07 00:00:00+00:00
[2026-04-06T14:40:36.732+0000] {processor.py:183} INFO - Processing /opt/airflow/dags/pipeline.py took 1.497 seconds
[2026-04-06T14:41:06.912+0000] {processor.py:161} INFO - Started process (PID=702) to work on /opt/airflow/dags/pipeline.py
[2026-04-06T14:41:06.913+0000] {processor.py:830} INFO - Processing file /opt/airflow/dags/pipeline.py for tasks to queue
[2026-04-06T14:41:06.917+0000] {logging_mixin.py:188} INFO - [2026-04-06T14:41:06.916+0000] {dagbag.py:545} INFO - Filling up the DagBag from /opt/airflow/dags/pipeline.py
[2026-04-06T14:41:08.045+0000] {processor.py:840} INFO - DAG(s) 'pipeline' retrieved from /opt/airflow/dags/pipeline.py
[2026-04-06T14:41:08.126+0000] {logging_mixin.py:188} INFO - [2026-04-06T14:41:08.125+0000] {dag.py:3089} INFO - Sync 1 DAGs
[2026-04-06T14:41:08.160+0000] {logging_mixin.py:188} INFO - [2026-04-06T14:41:08.160+0000] {dag.py:3947} INFO - Setting next_dagrun for pipeline to 2026-04-06 00:00:00+00:00, run_after=2026-04-07 00:00:00+00:00
[2026-04-06T14:41:08.210+0000] {processor.py:183} INFO - Processing /opt/airflow/dags/pipeline.py took 1.308 seconds
[2026-04-06T14:41:39.108+0000] {processor.py:161} INFO - Started process (PID=708) to work on /opt/airflow/dags/pipeline.py
[2026-04-06T14:41:39.110+0000] {processor.py:830} INFO - Processing file /opt/airflow/dags/pipeline.py for tasks to queue
[2026-04-06T14:41:39.114+0000] {logging_mixin.py:188} INFO - [2026-04-06T14:41:39.113+0000] {dagbag.py:545} INFO - Filling up the DagBag from /opt/airflow/dags/pipeline.py
[2026-04-06T14:41:40.254+0000] {processor.py:840} INFO - DAG(s) 'pipeline' retrieved from /opt/airflow/dags/pipeline.py
[2026-04-06T14:41:40.349+0000] {logging_mixin.py:188} INFO - [2026-04-06T14:41:40.349+0000] {dag.py:3089} INFO - Sync 1 DAGs
[2026-04-06T14:41:40.385+0000] {logging_mixin.py:188} INFO - [2026-04-06T14:41:40.385+0000] {dag.py:3947} INFO - Setting next_dagrun for pipeline to 2026-04-06 00:00:00+00:00, run_after=2026-04-07 00:00:00+00:00
[2026-04-06T14:41:40.433+0000] {processor.py:183} INFO - Processing /opt/airflow/dags/pipeline.py took 1.341 seconds
