[2026-04-05T22:37:54.988+0000] {processor.py:161} INFO - Started process (PID=166) to work on /opt/airflow/dags/pipeline.py
[2026-04-05T22:37:54.998+0000] {processor.py:830} INFO - Processing file /opt/airflow/dags/pipeline.py for tasks to queue
[2026-04-05T22:37:55.010+0000] {logging_mixin.py:188} INFO - [2026-04-05T22:37:55.009+0000] {dagbag.py:545} INFO - Filling up the DagBag from /opt/airflow/dags/pipeline.py
[2026-04-05T22:38:04.330+0000] {processor.py:840} INFO - DAG(s) 'pipeline_ARFAWAY' retrieved from /opt/airflow/dags/pipeline.py
[2026-04-05T22:38:04.345+0000] {logging_mixin.py:188} INFO - [2026-04-05T22:38:04.344+0000] {dag.py:3089} INFO - Sync 1 DAGs
[2026-04-05T22:38:04.478+0000] {logging_mixin.py:188} INFO - [2026-04-05T22:38:04.478+0000] {dag.py:3947} INFO - Setting next_dagrun for pipeline_ARFAWAY to 2026-04-04 00:00:00+00:00, run_after=2026-04-05 00:00:00+00:00
[2026-04-05T22:38:04.604+0000] {processor.py:183} INFO - Processing /opt/airflow/dags/pipeline.py took 9.658 seconds
[2026-04-05T22:38:35.160+0000] {processor.py:161} INFO - Started process (PID=187) to work on /opt/airflow/dags/pipeline.py
[2026-04-05T22:38:35.163+0000] {processor.py:830} INFO - Processing file /opt/airflow/dags/pipeline.py for tasks to queue
[2026-04-05T22:38:35.167+0000] {logging_mixin.py:188} INFO - [2026-04-05T22:38:35.166+0000] {dagbag.py:545} INFO - Filling up the DagBag from /opt/airflow/dags/pipeline.py
[2026-04-05T22:38:37.990+0000] {processor.py:840} INFO - DAG(s) 'pipeline_ARFAWAY' retrieved from /opt/airflow/dags/pipeline.py
[2026-04-05T22:38:38.555+0000] {logging_mixin.py:188} INFO - [2026-04-05T22:38:38.555+0000] {dag.py:3089} INFO - Sync 1 DAGs
[2026-04-05T22:38:38.623+0000] {logging_mixin.py:188} INFO - [2026-04-05T22:38:38.623+0000] {dag.py:3947} INFO - Setting next_dagrun for pipeline_ARFAWAY to 2026-04-04 00:00:00+00:00, run_after=2026-04-05 00:00:00+00:00
[2026-04-05T22:38:38.692+0000] {processor.py:183} INFO - Processing /opt/airflow/dags/pipeline.py took 3.548 seconds
[2026-04-05T22:39:09.496+0000] {processor.py:161} INFO - Started process (PID=199) to work on /opt/airflow/dags/pipeline.py
[2026-04-05T22:39:09.499+0000] {processor.py:830} INFO - Processing file /opt/airflow/dags/pipeline.py for tasks to queue
[2026-04-05T22:39:09.512+0000] {logging_mixin.py:188} INFO - [2026-04-05T22:39:09.511+0000] {dagbag.py:545} INFO - Filling up the DagBag from /opt/airflow/dags/pipeline.py
[2026-04-05T22:39:11.903+0000] {processor.py:840} INFO - DAG(s) 'pipeline_ARFAWAY' retrieved from /opt/airflow/dags/pipeline.py
[2026-04-05T22:39:11.936+0000] {logging_mixin.py:188} INFO - [2026-04-05T22:39:11.936+0000] {dag.py:3089} INFO - Sync 1 DAGs
[2026-04-05T22:39:11.985+0000] {logging_mixin.py:188} INFO - [2026-04-05T22:39:11.984+0000] {dag.py:3947} INFO - Setting next_dagrun for pipeline_ARFAWAY to 2026-04-04 00:00:00+00:00, run_after=2026-04-05 00:00:00+00:00
[2026-04-05T22:39:12.059+0000] {processor.py:183} INFO - Processing /opt/airflow/dags/pipeline.py took 2.602 seconds
[2026-04-05T22:39:42.571+0000] {processor.py:161} INFO - Started process (PID=211) to work on /opt/airflow/dags/pipeline.py
[2026-04-05T22:39:42.581+0000] {processor.py:830} INFO - Processing file /opt/airflow/dags/pipeline.py for tasks to queue
[2026-04-05T22:39:42.594+0000] {logging_mixin.py:188} INFO - [2026-04-05T22:39:42.592+0000] {dagbag.py:545} INFO - Filling up the DagBag from /opt/airflow/dags/pipeline.py
[2026-04-05T22:39:47.637+0000] {processor.py:840} INFO - DAG(s) 'pipeline_ARFAWAY' retrieved from /opt/airflow/dags/pipeline.py
[2026-04-05T22:39:47.710+0000] {logging_mixin.py:188} INFO - [2026-04-05T22:39:47.709+0000] {dag.py:3089} INFO - Sync 1 DAGs
[2026-04-05T22:39:47.835+0000] {logging_mixin.py:188} INFO - [2026-04-05T22:39:47.835+0000] {dag.py:3947} INFO - Setting next_dagrun for pipeline_ARFAWAY to 2026-04-04 00:00:00+00:00, run_after=2026-04-05 00:00:00+00:00
[2026-04-05T22:39:48.023+0000] {processor.py:183} INFO - Processing /opt/airflow/dags/pipeline.py took 5.518 seconds
[2026-04-05T22:40:18.607+0000] {processor.py:161} INFO - Started process (PID=227) to work on /opt/airflow/dags/pipeline.py
[2026-04-05T22:40:18.609+0000] {processor.py:830} INFO - Processing file /opt/airflow/dags/pipeline.py for tasks to queue
[2026-04-05T22:40:18.615+0000] {logging_mixin.py:188} INFO - [2026-04-05T22:40:18.615+0000] {dagbag.py:545} INFO - Filling up the DagBag from /opt/airflow/dags/pipeline.py
[2026-04-05T22:40:20.891+0000] {processor.py:840} INFO - DAG(s) 'pipeline_ARFAWAY' retrieved from /opt/airflow/dags/pipeline.py
[2026-04-05T22:40:20.935+0000] {logging_mixin.py:188} INFO - [2026-04-05T22:40:20.934+0000] {dag.py:3089} INFO - Sync 1 DAGs
[2026-04-05T22:40:20.987+0000] {logging_mixin.py:188} INFO - [2026-04-05T22:40:20.987+0000] {dag.py:3947} INFO - Setting next_dagrun for pipeline_ARFAWAY to 2026-04-04 00:00:00+00:00, run_after=2026-04-05 00:00:00+00:00
[2026-04-05T22:40:21.054+0000] {processor.py:183} INFO - Processing /opt/airflow/dags/pipeline.py took 2.459 seconds
[2026-04-05T22:40:51.410+0000] {processor.py:161} INFO - Started process (PID=239) to work on /opt/airflow/dags/pipeline.py
[2026-04-05T22:40:51.412+0000] {processor.py:830} INFO - Processing file /opt/airflow/dags/pipeline.py for tasks to queue
[2026-04-05T22:40:51.416+0000] {logging_mixin.py:188} INFO - [2026-04-05T22:40:51.415+0000] {dagbag.py:545} INFO - Filling up the DagBag from /opt/airflow/dags/pipeline.py
[2026-04-05T22:40:53.340+0000] {processor.py:840} INFO - DAG(s) 'pipeline_ARFAWAY' retrieved from /opt/airflow/dags/pipeline.py
[2026-04-05T22:40:53.365+0000] {logging_mixin.py:188} INFO - [2026-04-05T22:40:53.364+0000] {dag.py:3089} INFO - Sync 1 DAGs
[2026-04-05T22:40:53.402+0000] {logging_mixin.py:188} INFO - [2026-04-05T22:40:53.402+0000] {dag.py:3947} INFO - Setting next_dagrun for pipeline_ARFAWAY to 2026-04-04 00:00:00+00:00, run_after=2026-04-05 00:00:00+00:00
[2026-04-05T22:40:53.446+0000] {processor.py:183} INFO - Processing /opt/airflow/dags/pipeline.py took 2.051 seconds
[2026-04-05T22:41:24.282+0000] {processor.py:161} INFO - Started process (PID=251) to work on /opt/airflow/dags/pipeline.py
[2026-04-05T22:41:24.285+0000] {processor.py:830} INFO - Processing file /opt/airflow/dags/pipeline.py for tasks to queue
[2026-04-05T22:41:24.295+0000] {logging_mixin.py:188} INFO - [2026-04-05T22:41:24.294+0000] {dagbag.py:545} INFO - Filling up the DagBag from /opt/airflow/dags/pipeline.py
[2026-04-05T22:41:26.266+0000] {processor.py:840} INFO - DAG(s) 'pipeline_ARFAWAY' retrieved from /opt/airflow/dags/pipeline.py
[2026-04-05T22:41:26.301+0000] {logging_mixin.py:188} INFO - [2026-04-05T22:41:26.300+0000] {dag.py:3089} INFO - Sync 1 DAGs
[2026-04-05T22:41:26.344+0000] {logging_mixin.py:188} INFO - [2026-04-05T22:41:26.343+0000] {dag.py:3947} INFO - Setting next_dagrun for pipeline_ARFAWAY to 2026-04-04 00:00:00+00:00, run_after=2026-04-05 00:00:00+00:00
[2026-04-05T22:41:26.398+0000] {processor.py:183} INFO - Processing /opt/airflow/dags/pipeline.py took 2.142 seconds
[2026-04-05T22:41:57.142+0000] {processor.py:161} INFO - Started process (PID=263) to work on /opt/airflow/dags/pipeline.py
[2026-04-05T22:41:57.144+0000] {processor.py:830} INFO - Processing file /opt/airflow/dags/pipeline.py for tasks to queue
[2026-04-05T22:41:57.152+0000] {logging_mixin.py:188} INFO - [2026-04-05T22:41:57.150+0000] {dagbag.py:545} INFO - Filling up the DagBag from /opt/airflow/dags/pipeline.py
[2026-04-05T22:41:59.647+0000] {processor.py:840} INFO - DAG(s) 'pipeline_ARFAWAY' retrieved from /opt/airflow/dags/pipeline.py
[2026-04-05T22:41:59.678+0000] {logging_mixin.py:188} INFO - [2026-04-05T22:41:59.678+0000] {dag.py:3089} INFO - Sync 1 DAGs
[2026-04-05T22:41:59.722+0000] {logging_mixin.py:188} INFO - [2026-04-05T22:41:59.722+0000] {dag.py:3947} INFO - Setting next_dagrun for pipeline_ARFAWAY to 2026-04-04 00:00:00+00:00, run_after=2026-04-05 00:00:00+00:00
[2026-04-05T22:41:59.777+0000] {processor.py:183} INFO - Processing /opt/airflow/dags/pipeline.py took 2.655 seconds
[2026-04-05T22:42:23.580+0000] {processor.py:161} INFO - Started process (PID=272) to work on /opt/airflow/dags/pipeline.py
[2026-04-05T22:42:23.583+0000] {processor.py:830} INFO - Processing file /opt/airflow/dags/pipeline.py for tasks to queue
[2026-04-05T22:42:23.586+0000] {logging_mixin.py:188} INFO - [2026-04-05T22:42:23.586+0000] {dagbag.py:545} INFO - Filling up the DagBag from /opt/airflow/dags/pipeline.py
[2026-04-05T22:42:26.287+0000] {processor.py:840} INFO - DAG(s) 'olist_end_to_end_pipeline' retrieved from /opt/airflow/dags/pipeline.py
[2026-04-05T22:42:26.296+0000] {logging_mixin.py:188} INFO - [2026-04-05T22:42:26.295+0000] {dag.py:3089} INFO - Sync 1 DAGs
[2026-04-05T22:42:26.334+0000] {logging_mixin.py:188} INFO - [2026-04-05T22:42:26.334+0000] {dag.py:3947} INFO - Setting next_dagrun for olist_end_to_end_pipeline to 2026-04-04 00:00:00+00:00, run_after=2026-04-05 00:00:00+00:00
[2026-04-05T22:42:26.395+0000] {processor.py:183} INFO - Processing /opt/airflow/dags/pipeline.py took 2.825 seconds
[2026-04-05T22:42:57.103+0000] {processor.py:161} INFO - Started process (PID=282) to work on /opt/airflow/dags/pipeline.py
[2026-04-05T22:42:57.105+0000] {processor.py:830} INFO - Processing file /opt/airflow/dags/pipeline.py for tasks to queue
[2026-04-05T22:42:57.107+0000] {logging_mixin.py:188} INFO - [2026-04-05T22:42:57.106+0000] {dagbag.py:545} INFO - Filling up the DagBag from /opt/airflow/dags/pipeline.py
[2026-04-05T22:42:59.546+0000] {processor.py:840} INFO - DAG(s) 'olist_end_to_end_pipeline' retrieved from /opt/airflow/dags/pipeline.py
[2026-04-05T22:42:59.666+0000] {logging_mixin.py:188} INFO - [2026-04-05T22:42:59.666+0000] {dag.py:3089} INFO - Sync 1 DAGs
[2026-04-05T22:42:59.705+0000] {logging_mixin.py:188} INFO - [2026-04-05T22:42:59.705+0000] {dag.py:3947} INFO - Setting next_dagrun for olist_end_to_end_pipeline to 2026-04-04 00:00:00+00:00, run_after=2026-04-05 00:00:00+00:00
[2026-04-05T22:42:59.759+0000] {processor.py:183} INFO - Processing /opt/airflow/dags/pipeline.py took 2.668 seconds
[2026-04-05T22:43:30.609+0000] {processor.py:161} INFO - Started process (PID=288) to work on /opt/airflow/dags/pipeline.py
[2026-04-05T22:43:30.614+0000] {processor.py:830} INFO - Processing file /opt/airflow/dags/pipeline.py for tasks to queue
[2026-04-05T22:43:30.622+0000] {logging_mixin.py:188} INFO - [2026-04-05T22:43:30.620+0000] {dagbag.py:545} INFO - Filling up the DagBag from /opt/airflow/dags/pipeline.py
[2026-04-05T22:43:32.342+0000] {processor.py:840} INFO - DAG(s) 'olist_end_to_end_pipeline' retrieved from /opt/airflow/dags/pipeline.py
[2026-04-05T22:43:32.365+0000] {logging_mixin.py:188} INFO - [2026-04-05T22:43:32.365+0000] {dag.py:3089} INFO - Sync 1 DAGs
[2026-04-05T22:43:32.402+0000] {logging_mixin.py:188} INFO - [2026-04-05T22:43:32.402+0000] {dag.py:3947} INFO - Setting next_dagrun for olist_end_to_end_pipeline to 2026-04-04 00:00:00+00:00, run_after=2026-04-05 00:00:00+00:00
[2026-04-05T22:43:32.441+0000] {processor.py:183} INFO - Processing /opt/airflow/dags/pipeline.py took 1.887 seconds
[2026-04-05T22:44:03.146+0000] {processor.py:161} INFO - Started process (PID=294) to work on /opt/airflow/dags/pipeline.py
[2026-04-05T22:44:03.149+0000] {processor.py:830} INFO - Processing file /opt/airflow/dags/pipeline.py for tasks to queue
[2026-04-05T22:44:03.153+0000] {logging_mixin.py:188} INFO - [2026-04-05T22:44:03.152+0000] {dagbag.py:545} INFO - Filling up the DagBag from /opt/airflow/dags/pipeline.py
[2026-04-05T22:44:04.852+0000] {processor.py:840} INFO - DAG(s) 'olist_end_to_end_pipeline' retrieved from /opt/airflow/dags/pipeline.py
[2026-04-05T22:44:04.881+0000] {logging_mixin.py:188} INFO - [2026-04-05T22:44:04.880+0000] {dag.py:3089} INFO - Sync 1 DAGs
[2026-04-05T22:44:04.920+0000] {logging_mixin.py:188} INFO - [2026-04-05T22:44:04.920+0000] {dag.py:3947} INFO - Setting next_dagrun for olist_end_to_end_pipeline to 2026-04-04 00:00:00+00:00, run_after=2026-04-05 00:00:00+00:00
[2026-04-05T22:44:04.967+0000] {processor.py:183} INFO - Processing /opt/airflow/dags/pipeline.py took 1.849 seconds
[2026-04-05T22:44:35.696+0000] {processor.py:161} INFO - Started process (PID=300) to work on /opt/airflow/dags/pipeline.py
[2026-04-05T22:44:35.698+0000] {processor.py:830} INFO - Processing file /opt/airflow/dags/pipeline.py for tasks to queue
[2026-04-05T22:44:35.699+0000] {logging_mixin.py:188} INFO - [2026-04-05T22:44:35.699+0000] {dagbag.py:545} INFO - Filling up the DagBag from /opt/airflow/dags/pipeline.py
[2026-04-05T22:44:37.688+0000] {processor.py:840} INFO - DAG(s) 'olist_end_to_end_pipeline' retrieved from /opt/airflow/dags/pipeline.py
[2026-04-05T22:44:37.714+0000] {logging_mixin.py:188} INFO - [2026-04-05T22:44:37.714+0000] {dag.py:3089} INFO - Sync 1 DAGs
[2026-04-05T22:44:37.761+0000] {logging_mixin.py:188} INFO - [2026-04-05T22:44:37.760+0000] {dag.py:3947} INFO - Setting next_dagrun for olist_end_to_end_pipeline to 2026-04-04 00:00:00+00:00, run_after=2026-04-05 00:00:00+00:00
[2026-04-05T22:44:37.798+0000] {processor.py:183} INFO - Processing /opt/airflow/dags/pipeline.py took 2.114 seconds
[2026-04-05T22:45:08.377+0000] {processor.py:161} INFO - Started process (PID=306) to work on /opt/airflow/dags/pipeline.py
[2026-04-05T22:45:08.380+0000] {processor.py:830} INFO - Processing file /opt/airflow/dags/pipeline.py for tasks to queue
[2026-04-05T22:45:08.383+0000] {logging_mixin.py:188} INFO - [2026-04-05T22:45:08.382+0000] {dagbag.py:545} INFO - Filling up the DagBag from /opt/airflow/dags/pipeline.py
[2026-04-05T22:45:10.160+0000] {processor.py:840} INFO - DAG(s) 'olist_end_to_end_pipeline' retrieved from /opt/airflow/dags/pipeline.py
[2026-04-05T22:45:10.183+0000] {logging_mixin.py:188} INFO - [2026-04-05T22:45:10.182+0000] {dag.py:3089} INFO - Sync 1 DAGs
[2026-04-05T22:45:10.215+0000] {logging_mixin.py:188} INFO - [2026-04-05T22:45:10.215+0000] {dag.py:3947} INFO - Setting next_dagrun for olist_end_to_end_pipeline to 2026-04-04 00:00:00+00:00, run_after=2026-04-05 00:00:00+00:00
[2026-04-05T22:45:10.251+0000] {processor.py:183} INFO - Processing /opt/airflow/dags/pipeline.py took 1.903 seconds
[2026-04-05T22:45:59.691+0000] {processor.py:161} INFO - Started process (PID=164) to work on /opt/airflow/dags/pipeline.py
[2026-04-05T22:45:59.696+0000] {processor.py:830} INFO - Processing file /opt/airflow/dags/pipeline.py for tasks to queue
[2026-04-05T22:45:59.707+0000] {logging_mixin.py:188} INFO - [2026-04-05T22:45:59.705+0000] {dagbag.py:545} INFO - Filling up the DagBag from /opt/airflow/dags/pipeline.py
[2026-04-05T22:46:05.452+0000] {processor.py:840} INFO - DAG(s) 'olist_end_to_end_pipeline' retrieved from /opt/airflow/dags/pipeline.py
[2026-04-05T22:46:05.464+0000] {logging_mixin.py:188} INFO - [2026-04-05T22:46:05.463+0000] {dag.py:3089} INFO - Sync 1 DAGs
[2026-04-05T22:46:05.533+0000] {logging_mixin.py:188} INFO - [2026-04-05T22:46:05.533+0000] {dag.py:3947} INFO - Setting next_dagrun for olist_end_to_end_pipeline to 2026-04-04 00:00:00+00:00, run_after=2026-04-05 00:00:00+00:00
[2026-04-05T22:46:05.598+0000] {processor.py:183} INFO - Processing /opt/airflow/dags/pipeline.py took 5.946 seconds
[2026-04-05T22:46:29.048+0000] {processor.py:161} INFO - Started process (PID=170) to work on /opt/airflow/dags/pipeline.py
[2026-04-05T22:46:29.054+0000] {processor.py:830} INFO - Processing file /opt/airflow/dags/pipeline.py for tasks to queue
[2026-04-05T22:46:29.061+0000] {logging_mixin.py:188} INFO - [2026-04-05T22:46:29.060+0000] {dagbag.py:545} INFO - Filling up the DagBag from /opt/airflow/dags/pipeline.py
[2026-04-05T22:46:32.410+0000] {processor.py:840} INFO - DAG(s) 'pipeline' retrieved from /opt/airflow/dags/pipeline.py
[2026-04-05T22:46:32.684+0000] {logging_mixin.py:188} INFO - [2026-04-05T22:46:32.683+0000] {override.py:1858} INFO - Created Permission View: can delete on DAG:pipeline
[2026-04-05T22:46:32.710+0000] {logging_mixin.py:188} INFO - [2026-04-05T22:46:32.710+0000] {override.py:1858} INFO - Created Permission View: can read on DAG:pipeline
[2026-04-05T22:46:32.732+0000] {logging_mixin.py:188} INFO - [2026-04-05T22:46:32.731+0000] {override.py:1858} INFO - Created Permission View: can edit on DAG:pipeline
[2026-04-05T22:46:32.733+0000] {logging_mixin.py:188} INFO - [2026-04-05T22:46:32.732+0000] {dag.py:3089} INFO - Sync 1 DAGs
[2026-04-05T22:46:32.761+0000] {logging_mixin.py:188} INFO - [2026-04-05T22:46:32.760+0000] {dag.py:3111} INFO - Creating ORM DAG for pipeline
[2026-04-05T22:46:32.816+0000] {logging_mixin.py:188} INFO - [2026-04-05T22:46:32.816+0000] {dag.py:3947} INFO - Setting next_dagrun for pipeline to 2026-04-04 00:00:00+00:00, run_after=2026-04-05 00:00:00+00:00
[2026-04-05T22:46:32.920+0000] {processor.py:183} INFO - Processing /opt/airflow/dags/pipeline.py took 3.896 seconds
[2026-04-05T22:47:03.714+0000] {processor.py:161} INFO - Started process (PID=176) to work on /opt/airflow/dags/pipeline.py
[2026-04-05T22:47:03.716+0000] {processor.py:830} INFO - Processing file /opt/airflow/dags/pipeline.py for tasks to queue
[2026-04-05T22:47:03.719+0000] {logging_mixin.py:188} INFO - [2026-04-05T22:47:03.719+0000] {dagbag.py:545} INFO - Filling up the DagBag from /opt/airflow/dags/pipeline.py
[2026-04-05T22:47:06.653+0000] {processor.py:840} INFO - DAG(s) 'pipeline' retrieved from /opt/airflow/dags/pipeline.py
[2026-04-05T22:47:06.702+0000] {logging_mixin.py:188} INFO - [2026-04-05T22:47:06.701+0000] {dag.py:3089} INFO - Sync 1 DAGs
[2026-04-05T22:47:06.763+0000] {logging_mixin.py:188} INFO - [2026-04-05T22:47:06.763+0000] {dag.py:3947} INFO - Setting next_dagrun for pipeline to 2026-04-04 00:00:00+00:00, run_after=2026-04-05 00:00:00+00:00
[2026-04-05T22:47:06.845+0000] {processor.py:183} INFO - Processing /opt/airflow/dags/pipeline.py took 3.144 seconds
[2026-04-05T22:47:37.506+0000] {processor.py:161} INFO - Started process (PID=188) to work on /opt/airflow/dags/pipeline.py
[2026-04-05T22:47:37.512+0000] {processor.py:830} INFO - Processing file /opt/airflow/dags/pipeline.py for tasks to queue
[2026-04-05T22:47:37.525+0000] {logging_mixin.py:188} INFO - [2026-04-05T22:47:37.523+0000] {dagbag.py:545} INFO - Filling up the DagBag from /opt/airflow/dags/pipeline.py
[2026-04-05T22:47:42.638+0000] {processor.py:840} INFO - DAG(s) 'pipeline' retrieved from /opt/airflow/dags/pipeline.py
[2026-04-05T22:47:42.661+0000] {logging_mixin.py:188} INFO - [2026-04-05T22:47:42.661+0000] {dag.py:3089} INFO - Sync 1 DAGs
[2026-04-05T22:47:42.694+0000] {logging_mixin.py:188} INFO - [2026-04-05T22:47:42.694+0000] {dag.py:3947} INFO - Setting next_dagrun for pipeline to 2026-04-05 00:00:00+00:00, run_after=2026-04-06 00:00:00+00:00
[2026-04-05T22:47:42.736+0000] {processor.py:183} INFO - Processing /opt/airflow/dags/pipeline.py took 5.275 seconds
[2026-04-05T22:48:13.291+0000] {processor.py:161} INFO - Started process (PID=196) to work on /opt/airflow/dags/pipeline.py
[2026-04-05T22:48:13.293+0000] {processor.py:830} INFO - Processing file /opt/airflow/dags/pipeline.py for tasks to queue
[2026-04-05T22:48:13.296+0000] {logging_mixin.py:188} INFO - [2026-04-05T22:48:13.295+0000] {dagbag.py:545} INFO - Filling up the DagBag from /opt/airflow/dags/pipeline.py
[2026-04-05T22:48:15.528+0000] {processor.py:840} INFO - DAG(s) 'pipeline' retrieved from /opt/airflow/dags/pipeline.py
[2026-04-05T22:48:15.555+0000] {logging_mixin.py:188} INFO - [2026-04-05T22:48:15.555+0000] {dag.py:3089} INFO - Sync 1 DAGs
[2026-04-05T22:48:15.602+0000] {logging_mixin.py:188} INFO - [2026-04-05T22:48:15.602+0000] {dag.py:3947} INFO - Setting next_dagrun for pipeline to 2026-04-05 00:00:00+00:00, run_after=2026-04-06 00:00:00+00:00
[2026-04-05T22:48:15.652+0000] {processor.py:183} INFO - Processing /opt/airflow/dags/pipeline.py took 2.382 seconds
[2026-04-05T22:48:46.092+0000] {processor.py:161} INFO - Started process (PID=202) to work on /opt/airflow/dags/pipeline.py
[2026-04-05T22:48:46.099+0000] {processor.py:830} INFO - Processing file /opt/airflow/dags/pipeline.py for tasks to queue
[2026-04-05T22:48:46.104+0000] {logging_mixin.py:188} INFO - [2026-04-05T22:48:46.102+0000] {dagbag.py:545} INFO - Filling up the DagBag from /opt/airflow/dags/pipeline.py
[2026-04-05T22:48:48.025+0000] {processor.py:840} INFO - DAG(s) 'pipeline' retrieved from /opt/airflow/dags/pipeline.py
[2026-04-05T22:48:48.054+0000] {logging_mixin.py:188} INFO - [2026-04-05T22:48:48.054+0000] {dag.py:3089} INFO - Sync 1 DAGs
[2026-04-05T22:48:48.090+0000] {logging_mixin.py:188} INFO - [2026-04-05T22:48:48.090+0000] {dag.py:3947} INFO - Setting next_dagrun for pipeline to 2026-04-05 00:00:00+00:00, run_after=2026-04-06 00:00:00+00:00
[2026-04-05T22:48:48.145+0000] {processor.py:183} INFO - Processing /opt/airflow/dags/pipeline.py took 2.093 seconds
[2026-04-05T22:49:18.736+0000] {processor.py:161} INFO - Started process (PID=208) to work on /opt/airflow/dags/pipeline.py
[2026-04-05T22:49:18.742+0000] {processor.py:830} INFO - Processing file /opt/airflow/dags/pipeline.py for tasks to queue
[2026-04-05T22:49:18.751+0000] {logging_mixin.py:188} INFO - [2026-04-05T22:49:18.749+0000] {dagbag.py:545} INFO - Filling up the DagBag from /opt/airflow/dags/pipeline.py
[2026-04-05T22:49:20.454+0000] {processor.py:840} INFO - DAG(s) 'pipeline' retrieved from /opt/airflow/dags/pipeline.py
[2026-04-05T22:49:20.481+0000] {logging_mixin.py:188} INFO - [2026-04-05T22:49:20.480+0000] {dag.py:3089} INFO - Sync 1 DAGs
[2026-04-05T22:49:20.524+0000] {logging_mixin.py:188} INFO - [2026-04-05T22:49:20.524+0000] {dag.py:3947} INFO - Setting next_dagrun for pipeline to 2026-04-05 00:00:00+00:00, run_after=2026-04-06 00:00:00+00:00
[2026-04-05T22:49:20.574+0000] {processor.py:183} INFO - Processing /opt/airflow/dags/pipeline.py took 1.874 seconds
[2026-04-05T22:49:51.066+0000] {processor.py:161} INFO - Started process (PID=214) to work on /opt/airflow/dags/pipeline.py
[2026-04-05T22:49:51.067+0000] {processor.py:830} INFO - Processing file /opt/airflow/dags/pipeline.py for tasks to queue
[2026-04-05T22:49:51.069+0000] {logging_mixin.py:188} INFO - [2026-04-05T22:49:51.069+0000] {dagbag.py:545} INFO - Filling up the DagBag from /opt/airflow/dags/pipeline.py
[2026-04-05T22:49:53.262+0000] {processor.py:840} INFO - DAG(s) 'pipeline' retrieved from /opt/airflow/dags/pipeline.py
[2026-04-05T22:49:53.304+0000] {logging_mixin.py:188} INFO - [2026-04-05T22:49:53.303+0000] {dag.py:3089} INFO - Sync 1 DAGs
[2026-04-05T22:49:53.355+0000] {logging_mixin.py:188} INFO - [2026-04-05T22:49:53.355+0000] {dag.py:3947} INFO - Setting next_dagrun for pipeline to 2026-04-05 00:00:00+00:00, run_after=2026-04-06 00:00:00+00:00
[2026-04-05T22:49:53.414+0000] {processor.py:183} INFO - Processing /opt/airflow/dags/pipeline.py took 2.358 seconds
[2026-04-05T22:50:23.898+0000] {processor.py:161} INFO - Started process (PID=220) to work on /opt/airflow/dags/pipeline.py
[2026-04-05T22:50:23.900+0000] {processor.py:830} INFO - Processing file /opt/airflow/dags/pipeline.py for tasks to queue
[2026-04-05T22:50:23.902+0000] {logging_mixin.py:188} INFO - [2026-04-05T22:50:23.902+0000] {dagbag.py:545} INFO - Filling up the DagBag from /opt/airflow/dags/pipeline.py
[2026-04-05T22:50:25.707+0000] {processor.py:840} INFO - DAG(s) 'pipeline' retrieved from /opt/airflow/dags/pipeline.py
[2026-04-05T22:50:25.737+0000] {logging_mixin.py:188} INFO - [2026-04-05T22:50:25.736+0000] {dag.py:3089} INFO - Sync 1 DAGs
[2026-04-05T22:50:25.780+0000] {logging_mixin.py:188} INFO - [2026-04-05T22:50:25.780+0000] {dag.py:3947} INFO - Setting next_dagrun for pipeline to 2026-04-05 00:00:00+00:00, run_after=2026-04-06 00:00:00+00:00
[2026-04-05T22:50:25.819+0000] {processor.py:183} INFO - Processing /opt/airflow/dags/pipeline.py took 1.932 seconds
[2026-04-05T22:50:56.434+0000] {processor.py:161} INFO - Started process (PID=226) to work on /opt/airflow/dags/pipeline.py
[2026-04-05T22:50:56.436+0000] {processor.py:830} INFO - Processing file /opt/airflow/dags/pipeline.py for tasks to queue
[2026-04-05T22:50:56.438+0000] {logging_mixin.py:188} INFO - [2026-04-05T22:50:56.437+0000] {dagbag.py:545} INFO - Filling up the DagBag from /opt/airflow/dags/pipeline.py
[2026-04-05T22:50:58.102+0000] {processor.py:840} INFO - DAG(s) 'pipeline' retrieved from /opt/airflow/dags/pipeline.py
[2026-04-05T22:50:58.125+0000] {logging_mixin.py:188} INFO - [2026-04-05T22:50:58.124+0000] {dag.py:3089} INFO - Sync 1 DAGs
[2026-04-05T22:50:58.159+0000] {logging_mixin.py:188} INFO - [2026-04-05T22:50:58.158+0000] {dag.py:3947} INFO - Setting next_dagrun for pipeline to 2026-04-05 00:00:00+00:00, run_after=2026-04-06 00:00:00+00:00
[2026-04-05T22:50:58.209+0000] {processor.py:183} INFO - Processing /opt/airflow/dags/pipeline.py took 1.785 seconds
[2026-04-05T22:51:29.233+0000] {processor.py:161} INFO - Started process (PID=232) to work on /opt/airflow/dags/pipeline.py
[2026-04-05T22:51:29.238+0000] {processor.py:830} INFO - Processing file /opt/airflow/dags/pipeline.py for tasks to queue
[2026-04-05T22:51:29.242+0000] {logging_mixin.py:188} INFO - [2026-04-05T22:51:29.241+0000] {dagbag.py:545} INFO - Filling up the DagBag from /opt/airflow/dags/pipeline.py
[2026-04-05T22:51:31.109+0000] {processor.py:840} INFO - DAG(s) 'pipeline' retrieved from /opt/airflow/dags/pipeline.py
[2026-04-05T22:51:31.146+0000] {logging_mixin.py:188} INFO - [2026-04-05T22:51:31.146+0000] {dag.py:3089} INFO - Sync 1 DAGs
[2026-04-05T22:51:31.186+0000] {logging_mixin.py:188} INFO - [2026-04-05T22:51:31.186+0000] {dag.py:3947} INFO - Setting next_dagrun for pipeline to 2026-04-05 00:00:00+00:00, run_after=2026-04-06 00:00:00+00:00
[2026-04-05T22:51:31.234+0000] {processor.py:183} INFO - Processing /opt/airflow/dags/pipeline.py took 2.029 seconds
[2026-04-05T22:52:01.832+0000] {processor.py:161} INFO - Started process (PID=238) to work on /opt/airflow/dags/pipeline.py
[2026-04-05T22:52:01.835+0000] {processor.py:830} INFO - Processing file /opt/airflow/dags/pipeline.py for tasks to queue
[2026-04-05T22:52:01.837+0000] {logging_mixin.py:188} INFO - [2026-04-05T22:52:01.836+0000] {dagbag.py:545} INFO - Filling up the DagBag from /opt/airflow/dags/pipeline.py
[2026-04-05T22:52:04.338+0000] {processor.py:840} INFO - DAG(s) 'pipeline' retrieved from /opt/airflow/dags/pipeline.py
[2026-04-05T22:52:04.370+0000] {logging_mixin.py:188} INFO - [2026-04-05T22:52:04.370+0000] {dag.py:3089} INFO - Sync 1 DAGs
[2026-04-05T22:52:04.419+0000] {logging_mixin.py:188} INFO - [2026-04-05T22:52:04.419+0000] {dag.py:3947} INFO - Setting next_dagrun for pipeline to 2026-04-05 00:00:00+00:00, run_after=2026-04-06 00:00:00+00:00
[2026-04-05T22:52:04.483+0000] {processor.py:183} INFO - Processing /opt/airflow/dags/pipeline.py took 2.668 seconds
[2026-04-05T22:52:35.154+0000] {processor.py:161} INFO - Started process (PID=244) to work on /opt/airflow/dags/pipeline.py
[2026-04-05T22:52:35.157+0000] {processor.py:830} INFO - Processing file /opt/airflow/dags/pipeline.py for tasks to queue
[2026-04-05T22:52:35.159+0000] {logging_mixin.py:188} INFO - [2026-04-05T22:52:35.158+0000] {dagbag.py:545} INFO - Filling up the DagBag from /opt/airflow/dags/pipeline.py
[2026-04-05T22:52:38.485+0000] {processor.py:840} INFO - DAG(s) 'pipeline' retrieved from /opt/airflow/dags/pipeline.py
[2026-04-05T22:52:38.517+0000] {logging_mixin.py:188} INFO - [2026-04-05T22:52:38.516+0000] {dag.py:3089} INFO - Sync 1 DAGs
[2026-04-05T22:52:38.552+0000] {logging_mixin.py:188} INFO - [2026-04-05T22:52:38.552+0000] {dag.py:3947} INFO - Setting next_dagrun for pipeline to 2026-04-05 00:00:00+00:00, run_after=2026-04-06 00:00:00+00:00
[2026-04-05T22:52:38.603+0000] {processor.py:183} INFO - Processing /opt/airflow/dags/pipeline.py took 3.464 seconds
[2026-04-05T22:53:09.105+0000] {processor.py:161} INFO - Started process (PID=250) to work on /opt/airflow/dags/pipeline.py
[2026-04-05T22:53:09.106+0000] {processor.py:830} INFO - Processing file /opt/airflow/dags/pipeline.py for tasks to queue
[2026-04-05T22:53:09.108+0000] {logging_mixin.py:188} INFO - [2026-04-05T22:53:09.108+0000] {dagbag.py:545} INFO - Filling up the DagBag from /opt/airflow/dags/pipeline.py
[2026-04-05T22:53:11.058+0000] {processor.py:840} INFO - DAG(s) 'pipeline' retrieved from /opt/airflow/dags/pipeline.py
[2026-04-05T22:53:11.082+0000] {logging_mixin.py:188} INFO - [2026-04-05T22:53:11.081+0000] {dag.py:3089} INFO - Sync 1 DAGs
[2026-04-05T22:53:11.128+0000] {logging_mixin.py:188} INFO - [2026-04-05T22:53:11.128+0000] {dag.py:3947} INFO - Setting next_dagrun for pipeline to 2026-04-05 00:00:00+00:00, run_after=2026-04-06 00:00:00+00:00
[2026-04-05T22:53:11.198+0000] {processor.py:183} INFO - Processing /opt/airflow/dags/pipeline.py took 2.104 seconds
[2026-04-05T22:53:41.762+0000] {processor.py:161} INFO - Started process (PID=256) to work on /opt/airflow/dags/pipeline.py
[2026-04-05T22:53:41.766+0000] {processor.py:830} INFO - Processing file /opt/airflow/dags/pipeline.py for tasks to queue
[2026-04-05T22:53:41.768+0000] {logging_mixin.py:188} INFO - [2026-04-05T22:53:41.768+0000] {dagbag.py:545} INFO - Filling up the DagBag from /opt/airflow/dags/pipeline.py
[2026-04-05T22:53:43.466+0000] {processor.py:840} INFO - DAG(s) 'pipeline' retrieved from /opt/airflow/dags/pipeline.py
[2026-04-05T22:53:43.488+0000] {logging_mixin.py:188} INFO - [2026-04-05T22:53:43.488+0000] {dag.py:3089} INFO - Sync 1 DAGs
[2026-04-05T22:53:43.532+0000] {logging_mixin.py:188} INFO - [2026-04-05T22:53:43.531+0000] {dag.py:3947} INFO - Setting next_dagrun for pipeline to 2026-04-05 00:00:00+00:00, run_after=2026-04-06 00:00:00+00:00
[2026-04-05T22:53:43.572+0000] {processor.py:183} INFO - Processing /opt/airflow/dags/pipeline.py took 1.832 seconds
[2026-04-05T22:54:14.416+0000] {processor.py:161} INFO - Started process (PID=262) to work on /opt/airflow/dags/pipeline.py
[2026-04-05T22:54:14.418+0000] {processor.py:830} INFO - Processing file /opt/airflow/dags/pipeline.py for tasks to queue
[2026-04-05T22:54:14.421+0000] {logging_mixin.py:188} INFO - [2026-04-05T22:54:14.420+0000] {dagbag.py:545} INFO - Filling up the DagBag from /opt/airflow/dags/pipeline.py
[2026-04-05T22:54:16.332+0000] {processor.py:840} INFO - DAG(s) 'pipeline' retrieved from /opt/airflow/dags/pipeline.py
[2026-04-05T22:54:16.354+0000] {logging_mixin.py:188} INFO - [2026-04-05T22:54:16.353+0000] {dag.py:3089} INFO - Sync 1 DAGs
[2026-04-05T22:54:16.387+0000] {logging_mixin.py:188} INFO - [2026-04-05T22:54:16.387+0000] {dag.py:3947} INFO - Setting next_dagrun for pipeline to 2026-04-05 00:00:00+00:00, run_after=2026-04-06 00:00:00+00:00
[2026-04-05T22:54:16.434+0000] {processor.py:183} INFO - Processing /opt/airflow/dags/pipeline.py took 2.041 seconds
[2026-04-05T22:54:47.157+0000] {processor.py:161} INFO - Started process (PID=268) to work on /opt/airflow/dags/pipeline.py
[2026-04-05T22:54:47.159+0000] {processor.py:830} INFO - Processing file /opt/airflow/dags/pipeline.py for tasks to queue
[2026-04-05T22:54:47.162+0000] {logging_mixin.py:188} INFO - [2026-04-05T22:54:47.161+0000] {dagbag.py:545} INFO - Filling up the DagBag from /opt/airflow/dags/pipeline.py
[2026-04-05T22:54:48.892+0000] {processor.py:840} INFO - DAG(s) 'pipeline' retrieved from /opt/airflow/dags/pipeline.py
[2026-04-05T22:54:48.913+0000] {logging_mixin.py:188} INFO - [2026-04-05T22:54:48.913+0000] {dag.py:3089} INFO - Sync 1 DAGs
[2026-04-05T22:54:48.948+0000] {logging_mixin.py:188} INFO - [2026-04-05T22:54:48.948+0000] {dag.py:3947} INFO - Setting next_dagrun for pipeline to 2026-04-05 00:00:00+00:00, run_after=2026-04-06 00:00:00+00:00
[2026-04-05T22:54:48.997+0000] {processor.py:183} INFO - Processing /opt/airflow/dags/pipeline.py took 1.853 seconds
[2026-04-05T22:55:19.838+0000] {processor.py:161} INFO - Started process (PID=274) to work on /opt/airflow/dags/pipeline.py
[2026-04-05T22:55:19.842+0000] {processor.py:830} INFO - Processing file /opt/airflow/dags/pipeline.py for tasks to queue
[2026-04-05T22:55:19.846+0000] {logging_mixin.py:188} INFO - [2026-04-05T22:55:19.845+0000] {dagbag.py:545} INFO - Filling up the DagBag from /opt/airflow/dags/pipeline.py
[2026-04-05T22:55:21.953+0000] {processor.py:840} INFO - DAG(s) 'pipeline' retrieved from /opt/airflow/dags/pipeline.py
[2026-04-05T22:55:21.981+0000] {logging_mixin.py:188} INFO - [2026-04-05T22:55:21.981+0000] {dag.py:3089} INFO - Sync 1 DAGs
[2026-04-05T22:55:22.018+0000] {logging_mixin.py:188} INFO - [2026-04-05T22:55:22.018+0000] {dag.py:3947} INFO - Setting next_dagrun for pipeline to 2026-04-05 00:00:00+00:00, run_after=2026-04-06 00:00:00+00:00
[2026-04-05T22:55:22.073+0000] {processor.py:183} INFO - Processing /opt/airflow/dags/pipeline.py took 2.261 seconds
[2026-04-05T22:55:52.530+0000] {processor.py:161} INFO - Started process (PID=280) to work on /opt/airflow/dags/pipeline.py
[2026-04-05T22:55:52.532+0000] {processor.py:830} INFO - Processing file /opt/airflow/dags/pipeline.py for tasks to queue
[2026-04-05T22:55:52.535+0000] {logging_mixin.py:188} INFO - [2026-04-05T22:55:52.534+0000] {dagbag.py:545} INFO - Filling up the DagBag from /opt/airflow/dags/pipeline.py
[2026-04-05T22:55:54.445+0000] {processor.py:840} INFO - DAG(s) 'pipeline' retrieved from /opt/airflow/dags/pipeline.py
[2026-04-05T22:55:54.466+0000] {logging_mixin.py:188} INFO - [2026-04-05T22:55:54.466+0000] {dag.py:3089} INFO - Sync 1 DAGs
[2026-04-05T22:55:54.500+0000] {logging_mixin.py:188} INFO - [2026-04-05T22:55:54.500+0000] {dag.py:3947} INFO - Setting next_dagrun for pipeline to 2026-04-05 00:00:00+00:00, run_after=2026-04-06 00:00:00+00:00
[2026-04-05T22:55:54.550+0000] {processor.py:183} INFO - Processing /opt/airflow/dags/pipeline.py took 2.037 seconds
[2026-04-05T22:56:25.319+0000] {processor.py:161} INFO - Started process (PID=286) to work on /opt/airflow/dags/pipeline.py
[2026-04-05T22:56:25.324+0000] {processor.py:830} INFO - Processing file /opt/airflow/dags/pipeline.py for tasks to queue
[2026-04-05T22:56:25.328+0000] {logging_mixin.py:188} INFO - [2026-04-05T22:56:25.327+0000] {dagbag.py:545} INFO - Filling up the DagBag from /opt/airflow/dags/pipeline.py
[2026-04-05T22:56:27.608+0000] {processor.py:840} INFO - DAG(s) 'pipeline' retrieved from /opt/airflow/dags/pipeline.py
[2026-04-05T22:56:27.650+0000] {logging_mixin.py:188} INFO - [2026-04-05T22:56:27.649+0000] {dag.py:3089} INFO - Sync 1 DAGs
[2026-04-05T22:56:27.730+0000] {logging_mixin.py:188} INFO - [2026-04-05T22:56:27.730+0000] {dag.py:3947} INFO - Setting next_dagrun for pipeline to 2026-04-05 00:00:00+00:00, run_after=2026-04-06 00:00:00+00:00
[2026-04-05T22:56:27.788+0000] {processor.py:183} INFO - Processing /opt/airflow/dags/pipeline.py took 2.496 seconds
[2026-04-05T22:56:57.915+0000] {processor.py:161} INFO - Started process (PID=292) to work on /opt/airflow/dags/pipeline.py
[2026-04-05T22:56:57.918+0000] {processor.py:830} INFO - Processing file /opt/airflow/dags/pipeline.py for tasks to queue
[2026-04-05T22:56:57.920+0000] {logging_mixin.py:188} INFO - [2026-04-05T22:56:57.920+0000] {dagbag.py:545} INFO - Filling up the DagBag from /opt/airflow/dags/pipeline.py
[2026-04-05T22:57:01.481+0000] {processor.py:840} INFO - DAG(s) 'pipeline' retrieved from /opt/airflow/dags/pipeline.py
[2026-04-05T22:57:01.520+0000] {logging_mixin.py:188} INFO - [2026-04-05T22:57:01.520+0000] {dag.py:3089} INFO - Sync 1 DAGs
[2026-04-05T22:57:01.577+0000] {logging_mixin.py:188} INFO - [2026-04-05T22:57:01.577+0000] {dag.py:3947} INFO - Setting next_dagrun for pipeline to 2026-04-05 00:00:00+00:00, run_after=2026-04-06 00:00:00+00:00
[2026-04-05T22:57:01.654+0000] {processor.py:183} INFO - Processing /opt/airflow/dags/pipeline.py took 3.756 seconds
[2026-04-05T22:57:31.992+0000] {processor.py:161} INFO - Started process (PID=298) to work on /opt/airflow/dags/pipeline.py
[2026-04-05T22:57:31.994+0000] {processor.py:830} INFO - Processing file /opt/airflow/dags/pipeline.py for tasks to queue
[2026-04-05T22:57:31.998+0000] {logging_mixin.py:188} INFO - [2026-04-05T22:57:31.997+0000] {dagbag.py:545} INFO - Filling up the DagBag from /opt/airflow/dags/pipeline.py
[2026-04-05T22:57:34.032+0000] {processor.py:840} INFO - DAG(s) 'pipeline' retrieved from /opt/airflow/dags/pipeline.py
[2026-04-05T22:57:34.054+0000] {logging_mixin.py:188} INFO - [2026-04-05T22:57:34.053+0000] {dag.py:3089} INFO - Sync 1 DAGs
[2026-04-05T22:57:34.090+0000] {logging_mixin.py:188} INFO - [2026-04-05T22:57:34.089+0000] {dag.py:3947} INFO - Setting next_dagrun for pipeline to 2026-04-05 00:00:00+00:00, run_after=2026-04-06 00:00:00+00:00
[2026-04-05T22:57:34.141+0000] {processor.py:183} INFO - Processing /opt/airflow/dags/pipeline.py took 2.161 seconds
[2026-04-05T22:58:04.433+0000] {processor.py:161} INFO - Started process (PID=304) to work on /opt/airflow/dags/pipeline.py
[2026-04-05T22:58:04.434+0000] {processor.py:830} INFO - Processing file /opt/airflow/dags/pipeline.py for tasks to queue
[2026-04-05T22:58:04.436+0000] {logging_mixin.py:188} INFO - [2026-04-05T22:58:04.436+0000] {dagbag.py:545} INFO - Filling up the DagBag from /opt/airflow/dags/pipeline.py
[2026-04-05T22:58:06.388+0000] {processor.py:840} INFO - DAG(s) 'pipeline' retrieved from /opt/airflow/dags/pipeline.py
[2026-04-05T22:58:06.412+0000] {logging_mixin.py:188} INFO - [2026-04-05T22:58:06.412+0000] {dag.py:3089} INFO - Sync 1 DAGs
[2026-04-05T22:58:06.446+0000] {logging_mixin.py:188} INFO - [2026-04-05T22:58:06.446+0000] {dag.py:3947} INFO - Setting next_dagrun for pipeline to 2026-04-05 00:00:00+00:00, run_after=2026-04-06 00:00:00+00:00
[2026-04-05T22:58:06.493+0000] {processor.py:183} INFO - Processing /opt/airflow/dags/pipeline.py took 2.071 seconds
[2026-04-05T22:58:37.137+0000] {processor.py:161} INFO - Started process (PID=310) to work on /opt/airflow/dags/pipeline.py
[2026-04-05T22:58:37.139+0000] {processor.py:830} INFO - Processing file /opt/airflow/dags/pipeline.py for tasks to queue
[2026-04-05T22:58:37.141+0000] {logging_mixin.py:188} INFO - [2026-04-05T22:58:37.141+0000] {dagbag.py:545} INFO - Filling up the DagBag from /opt/airflow/dags/pipeline.py
[2026-04-05T22:58:39.588+0000] {processor.py:840} INFO - DAG(s) 'pipeline' retrieved from /opt/airflow/dags/pipeline.py
[2026-04-05T22:58:39.617+0000] {logging_mixin.py:188} INFO - [2026-04-05T22:58:39.617+0000] {dag.py:3089} INFO - Sync 1 DAGs
[2026-04-05T22:58:39.657+0000] {logging_mixin.py:188} INFO - [2026-04-05T22:58:39.656+0000] {dag.py:3947} INFO - Setting next_dagrun for pipeline to 2026-04-05 00:00:00+00:00, run_after=2026-04-06 00:00:00+00:00
[2026-04-05T22:58:39.703+0000] {processor.py:183} INFO - Processing /opt/airflow/dags/pipeline.py took 2.584 seconds
[2026-04-05T22:59:10.026+0000] {processor.py:161} INFO - Started process (PID=316) to work on /opt/airflow/dags/pipeline.py
[2026-04-05T22:59:10.032+0000] {processor.py:830} INFO - Processing file /opt/airflow/dags/pipeline.py for tasks to queue
[2026-04-05T22:59:10.036+0000] {logging_mixin.py:188} INFO - [2026-04-05T22:59:10.035+0000] {dagbag.py:545} INFO - Filling up the DagBag from /opt/airflow/dags/pipeline.py
[2026-04-05T22:59:12.212+0000] {processor.py:840} INFO - DAG(s) 'pipeline' retrieved from /opt/airflow/dags/pipeline.py
[2026-04-05T22:59:12.237+0000] {logging_mixin.py:188} INFO - [2026-04-05T22:59:12.237+0000] {dag.py:3089} INFO - Sync 1 DAGs
[2026-04-05T22:59:12.273+0000] {logging_mixin.py:188} INFO - [2026-04-05T22:59:12.273+0000] {dag.py:3947} INFO - Setting next_dagrun for pipeline to 2026-04-05 00:00:00+00:00, run_after=2026-04-06 00:00:00+00:00
[2026-04-05T22:59:12.329+0000] {processor.py:183} INFO - Processing /opt/airflow/dags/pipeline.py took 2.335 seconds
[2026-04-05T22:59:42.657+0000] {processor.py:161} INFO - Started process (PID=322) to work on /opt/airflow/dags/pipeline.py
[2026-04-05T22:59:42.662+0000] {processor.py:830} INFO - Processing file /opt/airflow/dags/pipeline.py for tasks to queue
[2026-04-05T22:59:42.667+0000] {logging_mixin.py:188} INFO - [2026-04-05T22:59:42.666+0000] {dagbag.py:545} INFO - Filling up the DagBag from /opt/airflow/dags/pipeline.py
[2026-04-05T22:59:45.198+0000] {processor.py:840} INFO - DAG(s) 'pipeline' retrieved from /opt/airflow/dags/pipeline.py
[2026-04-05T22:59:45.227+0000] {logging_mixin.py:188} INFO - [2026-04-05T22:59:45.226+0000] {dag.py:3089} INFO - Sync 1 DAGs
[2026-04-05T22:59:45.266+0000] {logging_mixin.py:188} INFO - [2026-04-05T22:59:45.266+0000] {dag.py:3947} INFO - Setting next_dagrun for pipeline to 2026-04-05 00:00:00+00:00, run_after=2026-04-06 00:00:00+00:00
[2026-04-05T22:59:45.315+0000] {processor.py:183} INFO - Processing /opt/airflow/dags/pipeline.py took 2.690 seconds
[2026-04-05T23:00:15.568+0000] {processor.py:161} INFO - Started process (PID=328) to work on /opt/airflow/dags/pipeline.py
[2026-04-05T23:00:15.570+0000] {processor.py:830} INFO - Processing file /opt/airflow/dags/pipeline.py for tasks to queue
[2026-04-05T23:00:15.571+0000] {logging_mixin.py:188} INFO - [2026-04-05T23:00:15.571+0000] {dagbag.py:545} INFO - Filling up the DagBag from /opt/airflow/dags/pipeline.py
[2026-04-05T23:00:17.316+0000] {processor.py:840} INFO - DAG(s) 'pipeline' retrieved from /opt/airflow/dags/pipeline.py
[2026-04-05T23:00:17.342+0000] {logging_mixin.py:188} INFO - [2026-04-05T23:00:17.342+0000] {dag.py:3089} INFO - Sync 1 DAGs
[2026-04-05T23:00:17.384+0000] {logging_mixin.py:188} INFO - [2026-04-05T23:00:17.384+0000] {dag.py:3947} INFO - Setting next_dagrun for pipeline to 2026-04-05 00:00:00+00:00, run_after=2026-04-06 00:00:00+00:00
[2026-04-05T23:00:17.427+0000] {processor.py:183} INFO - Processing /opt/airflow/dags/pipeline.py took 1.868 seconds
[2026-04-05T23:00:48.087+0000] {processor.py:161} INFO - Started process (PID=334) to work on /opt/airflow/dags/pipeline.py
[2026-04-05T23:00:48.089+0000] {processor.py:830} INFO - Processing file /opt/airflow/dags/pipeline.py for tasks to queue
[2026-04-05T23:00:48.090+0000] {logging_mixin.py:188} INFO - [2026-04-05T23:00:48.090+0000] {dagbag.py:545} INFO - Filling up the DagBag from /opt/airflow/dags/pipeline.py
[2026-04-05T23:00:50.072+0000] {processor.py:840} INFO - DAG(s) 'pipeline' retrieved from /opt/airflow/dags/pipeline.py
[2026-04-05T23:00:50.101+0000] {logging_mixin.py:188} INFO - [2026-04-05T23:00:50.101+0000] {dag.py:3089} INFO - Sync 1 DAGs
[2026-04-05T23:00:50.149+0000] {logging_mixin.py:188} INFO - [2026-04-05T23:00:50.149+0000] {dag.py:3947} INFO - Setting next_dagrun for pipeline to 2026-04-05 00:00:00+00:00, run_after=2026-04-06 00:00:00+00:00
[2026-04-05T23:00:50.220+0000] {processor.py:183} INFO - Processing /opt/airflow/dags/pipeline.py took 2.146 seconds
[2026-04-05T23:01:20.533+0000] {processor.py:161} INFO - Started process (PID=340) to work on /opt/airflow/dags/pipeline.py
[2026-04-05T23:01:20.540+0000] {processor.py:830} INFO - Processing file /opt/airflow/dags/pipeline.py for tasks to queue
[2026-04-05T23:01:20.543+0000] {logging_mixin.py:188} INFO - [2026-04-05T23:01:20.542+0000] {dagbag.py:545} INFO - Filling up the DagBag from /opt/airflow/dags/pipeline.py
[2026-04-05T23:01:28.499+0000] {processor.py:840} INFO - DAG(s) 'pipeline' retrieved from /opt/airflow/dags/pipeline.py
[2026-04-05T23:01:28.527+0000] {logging_mixin.py:188} INFO - [2026-04-05T23:01:28.527+0000] {dag.py:3089} INFO - Sync 1 DAGs
[2026-04-05T23:01:28.571+0000] {logging_mixin.py:188} INFO - [2026-04-05T23:01:28.571+0000] {dag.py:3947} INFO - Setting next_dagrun for pipeline to 2026-04-05 00:00:00+00:00, run_after=2026-04-06 00:00:00+00:00
[2026-04-05T23:01:28.652+0000] {processor.py:183} INFO - Processing /opt/airflow/dags/pipeline.py took 8.149 seconds
[2026-04-05T23:01:59.542+0000] {processor.py:161} INFO - Started process (PID=346) to work on /opt/airflow/dags/pipeline.py
[2026-04-05T23:01:59.546+0000] {processor.py:830} INFO - Processing file /opt/airflow/dags/pipeline.py for tasks to queue
[2026-04-05T23:01:59.548+0000] {logging_mixin.py:188} INFO - [2026-04-05T23:01:59.547+0000] {dagbag.py:545} INFO - Filling up the DagBag from /opt/airflow/dags/pipeline.py
[2026-04-05T23:02:01.650+0000] {processor.py:840} INFO - DAG(s) 'pipeline' retrieved from /opt/airflow/dags/pipeline.py
[2026-04-05T23:02:01.678+0000] {logging_mixin.py:188} INFO - [2026-04-05T23:02:01.677+0000] {dag.py:3089} INFO - Sync 1 DAGs
[2026-04-05T23:02:01.728+0000] {logging_mixin.py:188} INFO - [2026-04-05T23:02:01.728+0000] {dag.py:3947} INFO - Setting next_dagrun for pipeline to 2026-04-05 00:00:00+00:00, run_after=2026-04-06 00:00:00+00:00
[2026-04-05T23:02:01.787+0000] {processor.py:183} INFO - Processing /opt/airflow/dags/pipeline.py took 2.260 seconds
[2026-04-05T23:02:32.442+0000] {processor.py:161} INFO - Started process (PID=352) to work on /opt/airflow/dags/pipeline.py
[2026-04-05T23:02:32.445+0000] {processor.py:830} INFO - Processing file /opt/airflow/dags/pipeline.py for tasks to queue
[2026-04-05T23:02:32.449+0000] {logging_mixin.py:188} INFO - [2026-04-05T23:02:32.447+0000] {dagbag.py:545} INFO - Filling up the DagBag from /opt/airflow/dags/pipeline.py
[2026-04-05T23:02:37.012+0000] {processor.py:840} INFO - DAG(s) 'pipeline' retrieved from /opt/airflow/dags/pipeline.py
[2026-04-05T23:02:37.192+0000] {logging_mixin.py:188} INFO - [2026-04-05T23:02:37.191+0000] {dag.py:3089} INFO - Sync 1 DAGs
[2026-04-05T23:02:37.429+0000] {logging_mixin.py:188} INFO - [2026-04-05T23:02:37.428+0000] {dag.py:3947} INFO - Setting next_dagrun for pipeline to 2026-04-05 00:00:00+00:00, run_after=2026-04-06 00:00:00+00:00
[2026-04-05T23:02:37.573+0000] {processor.py:183} INFO - Processing /opt/airflow/dags/pipeline.py took 5.148 seconds
[2026-04-05T23:03:08.496+0000] {processor.py:161} INFO - Started process (PID=358) to work on /opt/airflow/dags/pipeline.py
[2026-04-05T23:03:08.500+0000] {processor.py:830} INFO - Processing file /opt/airflow/dags/pipeline.py for tasks to queue
[2026-04-05T23:03:08.504+0000] {logging_mixin.py:188} INFO - [2026-04-05T23:03:08.503+0000] {dagbag.py:545} INFO - Filling up the DagBag from /opt/airflow/dags/pipeline.py
[2026-04-05T23:03:10.571+0000] {processor.py:840} INFO - DAG(s) 'pipeline' retrieved from /opt/airflow/dags/pipeline.py
[2026-04-05T23:03:10.593+0000] {logging_mixin.py:188} INFO - [2026-04-05T23:03:10.593+0000] {dag.py:3089} INFO - Sync 1 DAGs
[2026-04-05T23:03:10.629+0000] {logging_mixin.py:188} INFO - [2026-04-05T23:03:10.629+0000] {dag.py:3947} INFO - Setting next_dagrun for pipeline to 2026-04-05 00:00:00+00:00, run_after=2026-04-06 00:00:00+00:00
[2026-04-05T23:03:10.671+0000] {processor.py:183} INFO - Processing /opt/airflow/dags/pipeline.py took 2.205 seconds
[2026-04-05T23:03:41.406+0000] {processor.py:161} INFO - Started process (PID=364) to work on /opt/airflow/dags/pipeline.py
[2026-04-05T23:03:41.411+0000] {processor.py:830} INFO - Processing file /opt/airflow/dags/pipeline.py for tasks to queue
[2026-04-05T23:03:41.417+0000] {logging_mixin.py:188} INFO - [2026-04-05T23:03:41.414+0000] {dagbag.py:545} INFO - Filling up the DagBag from /opt/airflow/dags/pipeline.py
[2026-04-05T23:03:43.538+0000] {processor.py:840} INFO - DAG(s) 'pipeline' retrieved from /opt/airflow/dags/pipeline.py
[2026-04-05T23:03:43.560+0000] {logging_mixin.py:188} INFO - [2026-04-05T23:03:43.560+0000] {dag.py:3089} INFO - Sync 1 DAGs
[2026-04-05T23:03:43.606+0000] {logging_mixin.py:188} INFO - [2026-04-05T23:03:43.606+0000] {dag.py:3947} INFO - Setting next_dagrun for pipeline to 2026-04-05 00:00:00+00:00, run_after=2026-04-06 00:00:00+00:00
[2026-04-05T23:03:43.651+0000] {processor.py:183} INFO - Processing /opt/airflow/dags/pipeline.py took 2.272 seconds
[2026-04-05T23:04:14.073+0000] {processor.py:161} INFO - Started process (PID=370) to work on /opt/airflow/dags/pipeline.py
[2026-04-05T23:04:14.081+0000] {processor.py:830} INFO - Processing file /opt/airflow/dags/pipeline.py for tasks to queue
[2026-04-05T23:04:14.085+0000] {logging_mixin.py:188} INFO - [2026-04-05T23:04:14.084+0000] {dagbag.py:545} INFO - Filling up the DagBag from /opt/airflow/dags/pipeline.py
[2026-04-05T23:04:15.885+0000] {processor.py:840} INFO - DAG(s) 'pipeline' retrieved from /opt/airflow/dags/pipeline.py
[2026-04-05T23:04:15.909+0000] {logging_mixin.py:188} INFO - [2026-04-05T23:04:15.909+0000] {dag.py:3089} INFO - Sync 1 DAGs
[2026-04-05T23:04:15.946+0000] {logging_mixin.py:188} INFO - [2026-04-05T23:04:15.946+0000] {dag.py:3947} INFO - Setting next_dagrun for pipeline to 2026-04-05 00:00:00+00:00, run_after=2026-04-06 00:00:00+00:00
[2026-04-05T23:04:15.994+0000] {processor.py:183} INFO - Processing /opt/airflow/dags/pipeline.py took 1.952 seconds
[2026-04-05T23:04:46.689+0000] {processor.py:161} INFO - Started process (PID=376) to work on /opt/airflow/dags/pipeline.py
[2026-04-05T23:04:46.690+0000] {processor.py:830} INFO - Processing file /opt/airflow/dags/pipeline.py for tasks to queue
[2026-04-05T23:04:46.692+0000] {logging_mixin.py:188} INFO - [2026-04-05T23:04:46.691+0000] {dagbag.py:545} INFO - Filling up the DagBag from /opt/airflow/dags/pipeline.py
[2026-04-05T23:04:48.820+0000] {processor.py:840} INFO - DAG(s) 'pipeline' retrieved from /opt/airflow/dags/pipeline.py
[2026-04-05T23:04:48.854+0000] {logging_mixin.py:188} INFO - [2026-04-05T23:04:48.853+0000] {dag.py:3089} INFO - Sync 1 DAGs
[2026-04-05T23:04:48.909+0000] {logging_mixin.py:188} INFO - [2026-04-05T23:04:48.909+0000] {dag.py:3947} INFO - Setting next_dagrun for pipeline to 2026-04-05 00:00:00+00:00, run_after=2026-04-06 00:00:00+00:00
[2026-04-05T23:04:48.956+0000] {processor.py:183} INFO - Processing /opt/airflow/dags/pipeline.py took 2.278 seconds
[2026-04-05T23:05:19.505+0000] {processor.py:161} INFO - Started process (PID=382) to work on /opt/airflow/dags/pipeline.py
[2026-04-05T23:05:19.510+0000] {processor.py:830} INFO - Processing file /opt/airflow/dags/pipeline.py for tasks to queue
[2026-04-05T23:05:19.513+0000] {logging_mixin.py:188} INFO - [2026-04-05T23:05:19.512+0000] {dagbag.py:545} INFO - Filling up the DagBag from /opt/airflow/dags/pipeline.py
[2026-04-05T23:05:21.215+0000] {processor.py:840} INFO - DAG(s) 'pipeline' retrieved from /opt/airflow/dags/pipeline.py
[2026-04-05T23:05:21.237+0000] {logging_mixin.py:188} INFO - [2026-04-05T23:05:21.237+0000] {dag.py:3089} INFO - Sync 1 DAGs
[2026-04-05T23:05:21.272+0000] {logging_mixin.py:188} INFO - [2026-04-05T23:05:21.272+0000] {dag.py:3947} INFO - Setting next_dagrun for pipeline to 2026-04-05 00:00:00+00:00, run_after=2026-04-06 00:00:00+00:00
[2026-04-05T23:05:21.318+0000] {processor.py:183} INFO - Processing /opt/airflow/dags/pipeline.py took 1.848 seconds
[2026-04-05T23:05:52.249+0000] {processor.py:161} INFO - Started process (PID=388) to work on /opt/airflow/dags/pipeline.py
[2026-04-05T23:05:52.255+0000] {processor.py:830} INFO - Processing file /opt/airflow/dags/pipeline.py for tasks to queue
[2026-04-05T23:05:52.263+0000] {logging_mixin.py:188} INFO - [2026-04-05T23:05:52.262+0000] {dagbag.py:545} INFO - Filling up the DagBag from /opt/airflow/dags/pipeline.py
[2026-04-05T23:05:56.505+0000] {processor.py:840} INFO - DAG(s) 'pipeline' retrieved from /opt/airflow/dags/pipeline.py
[2026-04-05T23:05:56.615+0000] {logging_mixin.py:188} INFO - [2026-04-05T23:05:56.614+0000] {dag.py:3089} INFO - Sync 1 DAGs
[2026-04-05T23:05:56.702+0000] {logging_mixin.py:188} INFO - [2026-04-05T23:05:56.701+0000] {dag.py:3947} INFO - Setting next_dagrun for pipeline to 2026-04-05 00:00:00+00:00, run_after=2026-04-06 00:00:00+00:00
[2026-04-05T23:05:56.781+0000] {processor.py:183} INFO - Processing /opt/airflow/dags/pipeline.py took 4.550 seconds
[2026-04-05T23:06:27.463+0000] {processor.py:161} INFO - Started process (PID=394) to work on /opt/airflow/dags/pipeline.py
[2026-04-05T23:06:27.465+0000] {processor.py:830} INFO - Processing file /opt/airflow/dags/pipeline.py for tasks to queue
[2026-04-05T23:06:27.468+0000] {logging_mixin.py:188} INFO - [2026-04-05T23:06:27.467+0000] {dagbag.py:545} INFO - Filling up the DagBag from /opt/airflow/dags/pipeline.py
[2026-04-05T23:06:30.490+0000] {processor.py:840} INFO - DAG(s) 'pipeline' retrieved from /opt/airflow/dags/pipeline.py
[2026-04-05T23:06:30.521+0000] {logging_mixin.py:188} INFO - [2026-04-05T23:06:30.521+0000] {dag.py:3089} INFO - Sync 1 DAGs
[2026-04-05T23:06:30.565+0000] {logging_mixin.py:188} INFO - [2026-04-05T23:06:30.565+0000] {dag.py:3947} INFO - Setting next_dagrun for pipeline to 2026-04-05 00:00:00+00:00, run_after=2026-04-06 00:00:00+00:00
[2026-04-05T23:06:30.624+0000] {processor.py:183} INFO - Processing /opt/airflow/dags/pipeline.py took 3.175 seconds
[2026-04-05T23:07:01.309+0000] {processor.py:161} INFO - Started process (PID=400) to work on /opt/airflow/dags/pipeline.py
[2026-04-05T23:07:01.313+0000] {processor.py:830} INFO - Processing file /opt/airflow/dags/pipeline.py for tasks to queue
[2026-04-05T23:07:01.317+0000] {logging_mixin.py:188} INFO - [2026-04-05T23:07:01.316+0000] {dagbag.py:545} INFO - Filling up the DagBag from /opt/airflow/dags/pipeline.py
[2026-04-05T23:07:03.157+0000] {processor.py:840} INFO - DAG(s) 'pipeline' retrieved from /opt/airflow/dags/pipeline.py
[2026-04-05T23:07:03.180+0000] {logging_mixin.py:188} INFO - [2026-04-05T23:07:03.180+0000] {dag.py:3089} INFO - Sync 1 DAGs
[2026-04-05T23:07:03.218+0000] {logging_mixin.py:188} INFO - [2026-04-05T23:07:03.218+0000] {dag.py:3947} INFO - Setting next_dagrun for pipeline to 2026-04-05 00:00:00+00:00, run_after=2026-04-06 00:00:00+00:00
[2026-04-05T23:07:03.286+0000] {processor.py:183} INFO - Processing /opt/airflow/dags/pipeline.py took 2.014 seconds
[2026-04-05T23:07:33.962+0000] {processor.py:161} INFO - Started process (PID=406) to work on /opt/airflow/dags/pipeline.py
[2026-04-05T23:07:33.965+0000] {processor.py:830} INFO - Processing file /opt/airflow/dags/pipeline.py for tasks to queue
[2026-04-05T23:07:33.968+0000] {logging_mixin.py:188} INFO - [2026-04-05T23:07:33.967+0000] {dagbag.py:545} INFO - Filling up the DagBag from /opt/airflow/dags/pipeline.py
[2026-04-05T23:07:38.992+0000] {processor.py:840} INFO - DAG(s) 'pipeline' retrieved from /opt/airflow/dags/pipeline.py
[2026-04-05T23:07:39.033+0000] {logging_mixin.py:188} INFO - [2026-04-05T23:07:39.033+0000] {dag.py:3089} INFO - Sync 1 DAGs
[2026-04-05T23:07:39.092+0000] {logging_mixin.py:188} INFO - [2026-04-05T23:07:39.092+0000] {dag.py:3947} INFO - Setting next_dagrun for pipeline to 2026-04-05 00:00:00+00:00, run_after=2026-04-06 00:00:00+00:00
[2026-04-05T23:07:39.152+0000] {processor.py:183} INFO - Processing /opt/airflow/dags/pipeline.py took 5.213 seconds
[2026-04-05T23:08:09.404+0000] {processor.py:161} INFO - Started process (PID=412) to work on /opt/airflow/dags/pipeline.py
[2026-04-05T23:08:09.407+0000] {processor.py:830} INFO - Processing file /opt/airflow/dags/pipeline.py for tasks to queue
[2026-04-05T23:08:09.409+0000] {logging_mixin.py:188} INFO - [2026-04-05T23:08:09.409+0000] {dagbag.py:545} INFO - Filling up the DagBag from /opt/airflow/dags/pipeline.py
[2026-04-05T23:08:12.735+0000] {processor.py:840} INFO - DAG(s) 'pipeline' retrieved from /opt/airflow/dags/pipeline.py
[2026-04-05T23:08:12.810+0000] {logging_mixin.py:188} INFO - [2026-04-05T23:08:12.809+0000] {dag.py:3089} INFO - Sync 1 DAGs
[2026-04-05T23:08:12.888+0000] {logging_mixin.py:188} INFO - [2026-04-05T23:08:12.888+0000] {dag.py:3947} INFO - Setting next_dagrun for pipeline to 2026-04-05 00:00:00+00:00, run_after=2026-04-06 00:00:00+00:00
[2026-04-05T23:08:12.974+0000] {processor.py:183} INFO - Processing /opt/airflow/dags/pipeline.py took 3.590 seconds
[2026-04-05T23:08:43.594+0000] {processor.py:161} INFO - Started process (PID=418) to work on /opt/airflow/dags/pipeline.py
[2026-04-05T23:08:43.597+0000] {processor.py:830} INFO - Processing file /opt/airflow/dags/pipeline.py for tasks to queue
[2026-04-05T23:08:43.599+0000] {logging_mixin.py:188} INFO - [2026-04-05T23:08:43.598+0000] {dagbag.py:545} INFO - Filling up the DagBag from /opt/airflow/dags/pipeline.py
[2026-04-05T23:08:45.569+0000] {processor.py:840} INFO - DAG(s) 'pipeline' retrieved from /opt/airflow/dags/pipeline.py
[2026-04-05T23:08:45.601+0000] {logging_mixin.py:188} INFO - [2026-04-05T23:08:45.601+0000] {dag.py:3089} INFO - Sync 1 DAGs
[2026-04-05T23:08:45.636+0000] {logging_mixin.py:188} INFO - [2026-04-05T23:08:45.636+0000] {dag.py:3947} INFO - Setting next_dagrun for pipeline to 2026-04-05 00:00:00+00:00, run_after=2026-04-06 00:00:00+00:00
[2026-04-05T23:08:45.680+0000] {processor.py:183} INFO - Processing /opt/airflow/dags/pipeline.py took 2.098 seconds
[2026-04-05T23:09:16.513+0000] {processor.py:161} INFO - Started process (PID=424) to work on /opt/airflow/dags/pipeline.py
[2026-04-05T23:09:16.517+0000] {processor.py:830} INFO - Processing file /opt/airflow/dags/pipeline.py for tasks to queue
[2026-04-05T23:09:16.521+0000] {logging_mixin.py:188} INFO - [2026-04-05T23:09:16.520+0000] {dagbag.py:545} INFO - Filling up the DagBag from /opt/airflow/dags/pipeline.py
[2026-04-05T23:09:18.753+0000] {processor.py:840} INFO - DAG(s) 'pipeline' retrieved from /opt/airflow/dags/pipeline.py
[2026-04-05T23:09:18.841+0000] {logging_mixin.py:188} INFO - [2026-04-05T23:09:18.840+0000] {dag.py:3089} INFO - Sync 1 DAGs
[2026-04-05T23:09:18.910+0000] {logging_mixin.py:188} INFO - [2026-04-05T23:09:18.910+0000] {dag.py:3947} INFO - Setting next_dagrun for pipeline to 2026-04-05 00:00:00+00:00, run_after=2026-04-06 00:00:00+00:00
[2026-04-05T23:09:18.960+0000] {processor.py:183} INFO - Processing /opt/airflow/dags/pipeline.py took 2.474 seconds
[2026-04-05T23:09:49.272+0000] {processor.py:161} INFO - Started process (PID=430) to work on /opt/airflow/dags/pipeline.py
[2026-04-05T23:09:49.278+0000] {processor.py:830} INFO - Processing file /opt/airflow/dags/pipeline.py for tasks to queue
[2026-04-05T23:09:49.283+0000] {logging_mixin.py:188} INFO - [2026-04-05T23:09:49.281+0000] {dagbag.py:545} INFO - Filling up the DagBag from /opt/airflow/dags/pipeline.py
[2026-04-05T23:09:51.752+0000] {processor.py:840} INFO - DAG(s) 'pipeline' retrieved from /opt/airflow/dags/pipeline.py
[2026-04-05T23:09:51.780+0000] {logging_mixin.py:188} INFO - [2026-04-05T23:09:51.780+0000] {dag.py:3089} INFO - Sync 1 DAGs
[2026-04-05T23:09:51.829+0000] {logging_mixin.py:188} INFO - [2026-04-05T23:09:51.828+0000] {dag.py:3947} INFO - Setting next_dagrun for pipeline to 2026-04-05 00:00:00+00:00, run_after=2026-04-06 00:00:00+00:00
[2026-04-05T23:09:51.898+0000] {processor.py:183} INFO - Processing /opt/airflow/dags/pipeline.py took 2.654 seconds
[2026-04-05T23:10:22.416+0000] {processor.py:161} INFO - Started process (PID=436) to work on /opt/airflow/dags/pipeline.py
[2026-04-05T23:10:22.418+0000] {processor.py:830} INFO - Processing file /opt/airflow/dags/pipeline.py for tasks to queue
[2026-04-05T23:10:22.420+0000] {logging_mixin.py:188} INFO - [2026-04-05T23:10:22.419+0000] {dagbag.py:545} INFO - Filling up the DagBag from /opt/airflow/dags/pipeline.py
[2026-04-05T23:10:24.205+0000] {processor.py:840} INFO - DAG(s) 'pipeline' retrieved from /opt/airflow/dags/pipeline.py
[2026-04-05T23:10:24.229+0000] {logging_mixin.py:188} INFO - [2026-04-05T23:10:24.229+0000] {dag.py:3089} INFO - Sync 1 DAGs
[2026-04-05T23:10:24.263+0000] {logging_mixin.py:188} INFO - [2026-04-05T23:10:24.262+0000] {dag.py:3947} INFO - Setting next_dagrun for pipeline to 2026-04-05 00:00:00+00:00, run_after=2026-04-06 00:00:00+00:00
[2026-04-05T23:10:24.299+0000] {processor.py:183} INFO - Processing /opt/airflow/dags/pipeline.py took 1.901 seconds
[2026-04-05T23:10:55.099+0000] {processor.py:161} INFO - Started process (PID=442) to work on /opt/airflow/dags/pipeline.py
[2026-04-05T23:10:55.100+0000] {processor.py:830} INFO - Processing file /opt/airflow/dags/pipeline.py for tasks to queue
[2026-04-05T23:10:55.102+0000] {logging_mixin.py:188} INFO - [2026-04-05T23:10:55.102+0000] {dagbag.py:545} INFO - Filling up the DagBag from /opt/airflow/dags/pipeline.py
[2026-04-05T23:10:56.924+0000] {processor.py:840} INFO - DAG(s) 'pipeline' retrieved from /opt/airflow/dags/pipeline.py
[2026-04-05T23:10:56.953+0000] {logging_mixin.py:188} INFO - [2026-04-05T23:10:56.953+0000] {dag.py:3089} INFO - Sync 1 DAGs
[2026-04-05T23:10:56.999+0000] {logging_mixin.py:188} INFO - [2026-04-05T23:10:56.999+0000] {dag.py:3947} INFO - Setting next_dagrun for pipeline to 2026-04-05 00:00:00+00:00, run_after=2026-04-06 00:00:00+00:00
[2026-04-05T23:10:57.058+0000] {processor.py:183} INFO - Processing /opt/airflow/dags/pipeline.py took 1.969 seconds
[2026-04-05T23:11:27.872+0000] {processor.py:161} INFO - Started process (PID=448) to work on /opt/airflow/dags/pipeline.py
[2026-04-05T23:11:27.880+0000] {processor.py:830} INFO - Processing file /opt/airflow/dags/pipeline.py for tasks to queue
[2026-04-05T23:11:27.888+0000] {logging_mixin.py:188} INFO - [2026-04-05T23:11:27.886+0000] {dagbag.py:545} INFO - Filling up the DagBag from /opt/airflow/dags/pipeline.py
[2026-04-05T23:11:29.807+0000] {processor.py:840} INFO - DAG(s) 'pipeline' retrieved from /opt/airflow/dags/pipeline.py
[2026-04-05T23:11:29.841+0000] {logging_mixin.py:188} INFO - [2026-04-05T23:11:29.841+0000] {dag.py:3089} INFO - Sync 1 DAGs
[2026-04-05T23:11:29.887+0000] {logging_mixin.py:188} INFO - [2026-04-05T23:11:29.887+0000] {dag.py:3947} INFO - Setting next_dagrun for pipeline to 2026-04-05 00:00:00+00:00, run_after=2026-04-06 00:00:00+00:00
[2026-04-05T23:11:29.934+0000] {processor.py:183} INFO - Processing /opt/airflow/dags/pipeline.py took 2.099 seconds
[2026-04-05T23:12:00.663+0000] {processor.py:161} INFO - Started process (PID=454) to work on /opt/airflow/dags/pipeline.py
[2026-04-05T23:12:00.665+0000] {processor.py:830} INFO - Processing file /opt/airflow/dags/pipeline.py for tasks to queue
[2026-04-05T23:12:00.667+0000] {logging_mixin.py:188} INFO - [2026-04-05T23:12:00.667+0000] {dagbag.py:545} INFO - Filling up the DagBag from /opt/airflow/dags/pipeline.py
[2026-04-05T23:12:03.491+0000] {processor.py:840} INFO - DAG(s) 'pipeline' retrieved from /opt/airflow/dags/pipeline.py
[2026-04-05T23:12:03.528+0000] {logging_mixin.py:188} INFO - [2026-04-05T23:12:03.528+0000] {dag.py:3089} INFO - Sync 1 DAGs
[2026-04-05T23:12:03.592+0000] {logging_mixin.py:188} INFO - [2026-04-05T23:12:03.592+0000] {dag.py:3947} INFO - Setting next_dagrun for pipeline to 2026-04-05 00:00:00+00:00, run_after=2026-04-06 00:00:00+00:00
[2026-04-05T23:12:03.647+0000] {processor.py:183} INFO - Processing /opt/airflow/dags/pipeline.py took 3.003 seconds
[2026-04-05T23:12:34.346+0000] {processor.py:161} INFO - Started process (PID=460) to work on /opt/airflow/dags/pipeline.py
[2026-04-05T23:12:34.348+0000] {processor.py:830} INFO - Processing file /opt/airflow/dags/pipeline.py for tasks to queue
[2026-04-05T23:12:34.350+0000] {logging_mixin.py:188} INFO - [2026-04-05T23:12:34.350+0000] {dagbag.py:545} INFO - Filling up the DagBag from /opt/airflow/dags/pipeline.py
[2026-04-05T23:12:36.382+0000] {processor.py:840} INFO - DAG(s) 'pipeline' retrieved from /opt/airflow/dags/pipeline.py
[2026-04-05T23:12:36.469+0000] {logging_mixin.py:188} INFO - [2026-04-05T23:12:36.468+0000] {dag.py:3089} INFO - Sync 1 DAGs
[2026-04-05T23:12:36.538+0000] {logging_mixin.py:188} INFO - [2026-04-05T23:12:36.538+0000] {dag.py:3947} INFO - Setting next_dagrun for pipeline to 2026-04-05 00:00:00+00:00, run_after=2026-04-06 00:00:00+00:00
[2026-04-05T23:12:36.591+0000] {processor.py:183} INFO - Processing /opt/airflow/dags/pipeline.py took 2.255 seconds
[2026-04-05T23:13:07.031+0000] {processor.py:161} INFO - Started process (PID=466) to work on /opt/airflow/dags/pipeline.py
[2026-04-05T23:13:07.033+0000] {processor.py:830} INFO - Processing file /opt/airflow/dags/pipeline.py for tasks to queue
[2026-04-05T23:13:07.035+0000] {logging_mixin.py:188} INFO - [2026-04-05T23:13:07.034+0000] {dagbag.py:545} INFO - Filling up the DagBag from /opt/airflow/dags/pipeline.py
[2026-04-05T23:13:08.714+0000] {processor.py:840} INFO - DAG(s) 'pipeline' retrieved from /opt/airflow/dags/pipeline.py
[2026-04-05T23:13:08.737+0000] {logging_mixin.py:188} INFO - [2026-04-05T23:13:08.737+0000] {dag.py:3089} INFO - Sync 1 DAGs
[2026-04-05T23:13:08.786+0000] {logging_mixin.py:188} INFO - [2026-04-05T23:13:08.785+0000] {dag.py:3947} INFO - Setting next_dagrun for pipeline to 2026-04-05 00:00:00+00:00, run_after=2026-04-06 00:00:00+00:00
[2026-04-05T23:13:08.833+0000] {processor.py:183} INFO - Processing /opt/airflow/dags/pipeline.py took 1.812 seconds
[2026-04-05T23:13:39.496+0000] {processor.py:161} INFO - Started process (PID=472) to work on /opt/airflow/dags/pipeline.py
[2026-04-05T23:13:39.499+0000] {processor.py:830} INFO - Processing file /opt/airflow/dags/pipeline.py for tasks to queue
[2026-04-05T23:13:39.500+0000] {logging_mixin.py:188} INFO - [2026-04-05T23:13:39.500+0000] {dagbag.py:545} INFO - Filling up the DagBag from /opt/airflow/dags/pipeline.py
[2026-04-05T23:13:41.339+0000] {processor.py:840} INFO - DAG(s) 'pipeline' retrieved from /opt/airflow/dags/pipeline.py
[2026-04-05T23:13:41.364+0000] {logging_mixin.py:188} INFO - [2026-04-05T23:13:41.364+0000] {dag.py:3089} INFO - Sync 1 DAGs
[2026-04-05T23:13:41.415+0000] {logging_mixin.py:188} INFO - [2026-04-05T23:13:41.414+0000] {dag.py:3947} INFO - Setting next_dagrun for pipeline to 2026-04-05 00:00:00+00:00, run_after=2026-04-06 00:00:00+00:00
[2026-04-05T23:13:41.489+0000] {processor.py:183} INFO - Processing /opt/airflow/dags/pipeline.py took 2.008 seconds
[2026-04-05T23:14:12.265+0000] {processor.py:161} INFO - Started process (PID=478) to work on /opt/airflow/dags/pipeline.py
[2026-04-05T23:14:12.267+0000] {processor.py:830} INFO - Processing file /opt/airflow/dags/pipeline.py for tasks to queue
[2026-04-05T23:14:12.270+0000] {logging_mixin.py:188} INFO - [2026-04-05T23:14:12.269+0000] {dagbag.py:545} INFO - Filling up the DagBag from /opt/airflow/dags/pipeline.py
[2026-04-05T23:14:16.244+0000] {processor.py:840} INFO - DAG(s) 'pipeline' retrieved from /opt/airflow/dags/pipeline.py
[2026-04-05T23:14:16.284+0000] {logging_mixin.py:188} INFO - [2026-04-05T23:14:16.284+0000] {dag.py:3089} INFO - Sync 1 DAGs
[2026-04-05T23:14:16.356+0000] {logging_mixin.py:188} INFO - [2026-04-05T23:14:16.355+0000] {dag.py:3947} INFO - Setting next_dagrun for pipeline to 2026-04-05 00:00:00+00:00, run_after=2026-04-06 00:00:00+00:00
[2026-04-05T23:14:16.438+0000] {processor.py:183} INFO - Processing /opt/airflow/dags/pipeline.py took 4.193 seconds
[2026-04-05T23:14:46.876+0000] {processor.py:161} INFO - Started process (PID=484) to work on /opt/airflow/dags/pipeline.py
[2026-04-05T23:14:46.878+0000] {processor.py:830} INFO - Processing file /opt/airflow/dags/pipeline.py for tasks to queue
[2026-04-05T23:14:46.880+0000] {logging_mixin.py:188} INFO - [2026-04-05T23:14:46.880+0000] {dagbag.py:545} INFO - Filling up the DagBag from /opt/airflow/dags/pipeline.py
[2026-04-05T23:14:48.656+0000] {processor.py:840} INFO - DAG(s) 'pipeline' retrieved from /opt/airflow/dags/pipeline.py
[2026-04-05T23:14:48.682+0000] {logging_mixin.py:188} INFO - [2026-04-05T23:14:48.681+0000] {dag.py:3089} INFO - Sync 1 DAGs
[2026-04-05T23:14:48.730+0000] {logging_mixin.py:188} INFO - [2026-04-05T23:14:48.729+0000] {dag.py:3947} INFO - Setting next_dagrun for pipeline to 2026-04-05 00:00:00+00:00, run_after=2026-04-06 00:00:00+00:00
[2026-04-05T23:14:48.779+0000] {processor.py:183} INFO - Processing /opt/airflow/dags/pipeline.py took 1.916 seconds
[2026-04-05T23:15:19.401+0000] {processor.py:161} INFO - Started process (PID=490) to work on /opt/airflow/dags/pipeline.py
[2026-04-05T23:15:19.404+0000] {processor.py:830} INFO - Processing file /opt/airflow/dags/pipeline.py for tasks to queue
[2026-04-05T23:15:19.406+0000] {logging_mixin.py:188} INFO - [2026-04-05T23:15:19.405+0000] {dagbag.py:545} INFO - Filling up the DagBag from /opt/airflow/dags/pipeline.py
[2026-04-05T23:15:21.253+0000] {processor.py:840} INFO - DAG(s) 'pipeline' retrieved from /opt/airflow/dags/pipeline.py
[2026-04-05T23:15:21.274+0000] {logging_mixin.py:188} INFO - [2026-04-05T23:15:21.274+0000] {dag.py:3089} INFO - Sync 1 DAGs
[2026-04-05T23:15:21.321+0000] {logging_mixin.py:188} INFO - [2026-04-05T23:15:21.320+0000] {dag.py:3947} INFO - Setting next_dagrun for pipeline to 2026-04-05 00:00:00+00:00, run_after=2026-04-06 00:00:00+00:00
[2026-04-05T23:15:21.360+0000] {processor.py:183} INFO - Processing /opt/airflow/dags/pipeline.py took 1.973 seconds
[2026-04-05T23:15:52.128+0000] {processor.py:161} INFO - Started process (PID=496) to work on /opt/airflow/dags/pipeline.py
[2026-04-05T23:15:52.130+0000] {processor.py:830} INFO - Processing file /opt/airflow/dags/pipeline.py for tasks to queue
[2026-04-05T23:15:52.132+0000] {logging_mixin.py:188} INFO - [2026-04-05T23:15:52.131+0000] {dagbag.py:545} INFO - Filling up the DagBag from /opt/airflow/dags/pipeline.py
[2026-04-05T23:15:56.700+0000] {processor.py:840} INFO - DAG(s) 'pipeline' retrieved from /opt/airflow/dags/pipeline.py
[2026-04-05T23:15:56.777+0000] {logging_mixin.py:188} INFO - [2026-04-05T23:15:56.776+0000] {dag.py:3089} INFO - Sync 1 DAGs
[2026-04-05T23:15:56.853+0000] {logging_mixin.py:188} INFO - [2026-04-05T23:15:56.852+0000] {dag.py:3947} INFO - Setting next_dagrun for pipeline to 2026-04-05 00:00:00+00:00, run_after=2026-04-06 00:00:00+00:00
[2026-04-05T23:15:56.979+0000] {processor.py:183} INFO - Processing /opt/airflow/dags/pipeline.py took 4.862 seconds
[2026-04-05T23:16:28.031+0000] {processor.py:161} INFO - Started process (PID=502) to work on /opt/airflow/dags/pipeline.py
[2026-04-05T23:16:28.033+0000] {processor.py:830} INFO - Processing file /opt/airflow/dags/pipeline.py for tasks to queue
[2026-04-05T23:16:28.036+0000] {logging_mixin.py:188} INFO - [2026-04-05T23:16:28.035+0000] {dagbag.py:545} INFO - Filling up the DagBag from /opt/airflow/dags/pipeline.py
[2026-04-05T23:16:31.650+0000] {processor.py:840} INFO - DAG(s) 'pipeline' retrieved from /opt/airflow/dags/pipeline.py
[2026-04-05T23:16:31.683+0000] {logging_mixin.py:188} INFO - [2026-04-05T23:16:31.683+0000] {dag.py:3089} INFO - Sync 1 DAGs
[2026-04-05T23:16:31.744+0000] {logging_mixin.py:188} INFO - [2026-04-05T23:16:31.744+0000] {dag.py:3947} INFO - Setting next_dagrun for pipeline to 2026-04-05 00:00:00+00:00, run_after=2026-04-06 00:00:00+00:00
[2026-04-05T23:16:31.829+0000] {processor.py:183} INFO - Processing /opt/airflow/dags/pipeline.py took 3.815 seconds
[2026-04-05T23:17:02.440+0000] {processor.py:161} INFO - Started process (PID=508) to work on /opt/airflow/dags/pipeline.py
[2026-04-05T23:17:02.442+0000] {processor.py:830} INFO - Processing file /opt/airflow/dags/pipeline.py for tasks to queue
[2026-04-05T23:17:02.444+0000] {logging_mixin.py:188} INFO - [2026-04-05T23:17:02.443+0000] {dagbag.py:545} INFO - Filling up the DagBag from /opt/airflow/dags/pipeline.py
[2026-04-05T23:17:04.339+0000] {processor.py:840} INFO - DAG(s) 'pipeline' retrieved from /opt/airflow/dags/pipeline.py
[2026-04-05T23:17:04.448+0000] {logging_mixin.py:188} INFO - [2026-04-05T23:17:04.448+0000] {dag.py:3089} INFO - Sync 1 DAGs
[2026-04-05T23:17:04.501+0000] {logging_mixin.py:188} INFO - [2026-04-05T23:17:04.501+0000] {dag.py:3947} INFO - Setting next_dagrun for pipeline to 2026-04-05 00:00:00+00:00, run_after=2026-04-06 00:00:00+00:00
[2026-04-05T23:17:04.545+0000] {processor.py:183} INFO - Processing /opt/airflow/dags/pipeline.py took 2.114 seconds
[2026-04-05T23:17:35.120+0000] {processor.py:161} INFO - Started process (PID=514) to work on /opt/airflow/dags/pipeline.py
[2026-04-05T23:17:35.122+0000] {processor.py:830} INFO - Processing file /opt/airflow/dags/pipeline.py for tasks to queue
[2026-04-05T23:17:35.125+0000] {logging_mixin.py:188} INFO - [2026-04-05T23:17:35.124+0000] {dagbag.py:545} INFO - Filling up the DagBag from /opt/airflow/dags/pipeline.py
[2026-04-05T23:17:40.971+0000] {processor.py:840} INFO - DAG(s) 'pipeline' retrieved from /opt/airflow/dags/pipeline.py
[2026-04-05T23:17:41.047+0000] {logging_mixin.py:188} INFO - [2026-04-05T23:17:41.046+0000] {dag.py:3089} INFO - Sync 1 DAGs
[2026-04-05T23:17:41.157+0000] {logging_mixin.py:188} INFO - [2026-04-05T23:17:41.157+0000] {dag.py:3947} INFO - Setting next_dagrun for pipeline to 2026-04-05 00:00:00+00:00, run_after=2026-04-06 00:00:00+00:00
[2026-04-05T23:17:41.288+0000] {processor.py:183} INFO - Processing /opt/airflow/dags/pipeline.py took 6.202 seconds
[2026-04-05T23:18:12.027+0000] {processor.py:161} INFO - Started process (PID=520) to work on /opt/airflow/dags/pipeline.py
[2026-04-05T23:18:12.032+0000] {processor.py:830} INFO - Processing file /opt/airflow/dags/pipeline.py for tasks to queue
[2026-04-05T23:18:12.036+0000] {logging_mixin.py:188} INFO - [2026-04-05T23:18:12.035+0000] {dagbag.py:545} INFO - Filling up the DagBag from /opt/airflow/dags/pipeline.py
[2026-04-05T23:18:14.099+0000] {processor.py:840} INFO - DAG(s) 'pipeline' retrieved from /opt/airflow/dags/pipeline.py
[2026-04-05T23:18:14.130+0000] {logging_mixin.py:188} INFO - [2026-04-05T23:18:14.130+0000] {dag.py:3089} INFO - Sync 1 DAGs
[2026-04-05T23:18:14.192+0000] {logging_mixin.py:188} INFO - [2026-04-05T23:18:14.192+0000] {dag.py:3947} INFO - Setting next_dagrun for pipeline to 2026-04-05 00:00:00+00:00, run_after=2026-04-06 00:00:00+00:00
[2026-04-05T23:18:14.245+0000] {processor.py:183} INFO - Processing /opt/airflow/dags/pipeline.py took 2.295 seconds
[2026-04-05T23:18:44.761+0000] {processor.py:161} INFO - Started process (PID=526) to work on /opt/airflow/dags/pipeline.py
[2026-04-05T23:18:44.763+0000] {processor.py:830} INFO - Processing file /opt/airflow/dags/pipeline.py for tasks to queue
[2026-04-05T23:18:44.765+0000] {logging_mixin.py:188} INFO - [2026-04-05T23:18:44.765+0000] {dagbag.py:545} INFO - Filling up the DagBag from /opt/airflow/dags/pipeline.py
[2026-04-05T23:18:46.951+0000] {processor.py:840} INFO - DAG(s) 'pipeline' retrieved from /opt/airflow/dags/pipeline.py
[2026-04-05T23:18:46.980+0000] {logging_mixin.py:188} INFO - [2026-04-05T23:18:46.980+0000] {dag.py:3089} INFO - Sync 1 DAGs
[2026-04-05T23:18:47.025+0000] {logging_mixin.py:188} INFO - [2026-04-05T23:18:47.024+0000] {dag.py:3947} INFO - Setting next_dagrun for pipeline to 2026-04-05 00:00:00+00:00, run_after=2026-04-06 00:00:00+00:00
[2026-04-05T23:18:47.086+0000] {processor.py:183} INFO - Processing /opt/airflow/dags/pipeline.py took 2.340 seconds
[2026-04-05T23:19:17.673+0000] {processor.py:161} INFO - Started process (PID=532) to work on /opt/airflow/dags/pipeline.py
[2026-04-05T23:19:17.676+0000] {processor.py:830} INFO - Processing file /opt/airflow/dags/pipeline.py for tasks to queue
[2026-04-05T23:19:17.678+0000] {logging_mixin.py:188} INFO - [2026-04-05T23:19:17.677+0000] {dagbag.py:545} INFO - Filling up the DagBag from /opt/airflow/dags/pipeline.py
[2026-04-05T23:19:19.830+0000] {processor.py:840} INFO - DAG(s) 'pipeline' retrieved from /opt/airflow/dags/pipeline.py
[2026-04-05T23:19:19.855+0000] {logging_mixin.py:188} INFO - [2026-04-05T23:19:19.855+0000] {dag.py:3089} INFO - Sync 1 DAGs
[2026-04-05T23:19:19.896+0000] {logging_mixin.py:188} INFO - [2026-04-05T23:19:19.895+0000] {dag.py:3947} INFO - Setting next_dagrun for pipeline to 2026-04-05 00:00:00+00:00, run_after=2026-04-06 00:00:00+00:00
[2026-04-05T23:19:19.939+0000] {processor.py:183} INFO - Processing /opt/airflow/dags/pipeline.py took 2.277 seconds
[2026-04-05T23:19:50.478+0000] {processor.py:161} INFO - Started process (PID=538) to work on /opt/airflow/dags/pipeline.py
[2026-04-05T23:19:50.480+0000] {processor.py:830} INFO - Processing file /opt/airflow/dags/pipeline.py for tasks to queue
[2026-04-05T23:19:50.482+0000] {logging_mixin.py:188} INFO - [2026-04-05T23:19:50.482+0000] {dagbag.py:545} INFO - Filling up the DagBag from /opt/airflow/dags/pipeline.py
[2026-04-05T23:19:52.127+0000] {processor.py:840} INFO - DAG(s) 'pipeline' retrieved from /opt/airflow/dags/pipeline.py
[2026-04-05T23:19:52.149+0000] {logging_mixin.py:188} INFO - [2026-04-05T23:19:52.148+0000] {dag.py:3089} INFO - Sync 1 DAGs
[2026-04-05T23:19:52.185+0000] {logging_mixin.py:188} INFO - [2026-04-05T23:19:52.185+0000] {dag.py:3947} INFO - Setting next_dagrun for pipeline to 2026-04-05 00:00:00+00:00, run_after=2026-04-06 00:00:00+00:00
[2026-04-05T23:19:52.238+0000] {processor.py:183} INFO - Processing /opt/airflow/dags/pipeline.py took 1.776 seconds
[2026-04-05T23:20:23.040+0000] {processor.py:161} INFO - Started process (PID=544) to work on /opt/airflow/dags/pipeline.py
[2026-04-05T23:20:23.046+0000] {processor.py:830} INFO - Processing file /opt/airflow/dags/pipeline.py for tasks to queue
[2026-04-05T23:20:23.051+0000] {logging_mixin.py:188} INFO - [2026-04-05T23:20:23.050+0000] {dagbag.py:545} INFO - Filling up the DagBag from /opt/airflow/dags/pipeline.py
[2026-04-05T23:20:25.614+0000] {processor.py:840} INFO - DAG(s) 'pipeline' retrieved from /opt/airflow/dags/pipeline.py
[2026-04-05T23:20:25.639+0000] {logging_mixin.py:188} INFO - [2026-04-05T23:20:25.639+0000] {dag.py:3089} INFO - Sync 1 DAGs
[2026-04-05T23:20:25.680+0000] {logging_mixin.py:188} INFO - [2026-04-05T23:20:25.679+0000] {dag.py:3947} INFO - Setting next_dagrun for pipeline to 2026-04-05 00:00:00+00:00, run_after=2026-04-06 00:00:00+00:00
[2026-04-05T23:20:25.731+0000] {processor.py:183} INFO - Processing /opt/airflow/dags/pipeline.py took 2.728 seconds
[2026-04-05T23:20:56.399+0000] {processor.py:161} INFO - Started process (PID=550) to work on /opt/airflow/dags/pipeline.py
[2026-04-05T23:20:56.402+0000] {processor.py:830} INFO - Processing file /opt/airflow/dags/pipeline.py for tasks to queue
[2026-04-05T23:20:56.405+0000] {logging_mixin.py:188} INFO - [2026-04-05T23:20:56.404+0000] {dagbag.py:545} INFO - Filling up the DagBag from /opt/airflow/dags/pipeline.py
[2026-04-05T23:21:00.847+0000] {processor.py:840} INFO - DAG(s) 'pipeline' retrieved from /opt/airflow/dags/pipeline.py
[2026-04-05T23:21:00.886+0000] {logging_mixin.py:188} INFO - [2026-04-05T23:21:00.886+0000] {dag.py:3089} INFO - Sync 1 DAGs
[2026-04-05T23:21:00.945+0000] {logging_mixin.py:188} INFO - [2026-04-05T23:21:00.944+0000] {dag.py:3947} INFO - Setting next_dagrun for pipeline to 2026-04-05 00:00:00+00:00, run_after=2026-04-06 00:00:00+00:00
[2026-04-05T23:21:01.025+0000] {processor.py:183} INFO - Processing /opt/airflow/dags/pipeline.py took 4.653 seconds
[2026-04-05T23:21:31.473+0000] {processor.py:161} INFO - Started process (PID=556) to work on /opt/airflow/dags/pipeline.py
[2026-04-05T23:21:31.475+0000] {processor.py:830} INFO - Processing file /opt/airflow/dags/pipeline.py for tasks to queue
[2026-04-05T23:21:31.477+0000] {logging_mixin.py:188} INFO - [2026-04-05T23:21:31.477+0000] {dagbag.py:545} INFO - Filling up the DagBag from /opt/airflow/dags/pipeline.py
[2026-04-05T23:21:34.067+0000] {processor.py:840} INFO - DAG(s) 'pipeline' retrieved from /opt/airflow/dags/pipeline.py
[2026-04-05T23:21:34.098+0000] {logging_mixin.py:188} INFO - [2026-04-05T23:21:34.098+0000] {dag.py:3089} INFO - Sync 1 DAGs
[2026-04-05T23:21:34.140+0000] {logging_mixin.py:188} INFO - [2026-04-05T23:21:34.140+0000] {dag.py:3947} INFO - Setting next_dagrun for pipeline to 2026-04-05 00:00:00+00:00, run_after=2026-04-06 00:00:00+00:00
[2026-04-05T23:21:34.194+0000] {processor.py:183} INFO - Processing /opt/airflow/dags/pipeline.py took 2.738 seconds
[2026-04-05T23:22:04.427+0000] {processor.py:161} INFO - Started process (PID=562) to work on /opt/airflow/dags/pipeline.py
[2026-04-05T23:22:04.438+0000] {processor.py:830} INFO - Processing file /opt/airflow/dags/pipeline.py for tasks to queue
[2026-04-05T23:22:04.443+0000] {logging_mixin.py:188} INFO - [2026-04-05T23:22:04.442+0000] {dagbag.py:545} INFO - Filling up the DagBag from /opt/airflow/dags/pipeline.py
[2026-04-05T23:22:06.793+0000] {processor.py:840} INFO - DAG(s) 'pipeline' retrieved from /opt/airflow/dags/pipeline.py
[2026-04-05T23:22:06.818+0000] {logging_mixin.py:188} INFO - [2026-04-05T23:22:06.818+0000] {dag.py:3089} INFO - Sync 1 DAGs
[2026-04-05T23:22:06.859+0000] {logging_mixin.py:188} INFO - [2026-04-05T23:22:06.859+0000] {dag.py:3947} INFO - Setting next_dagrun for pipeline to 2026-04-05 00:00:00+00:00, run_after=2026-04-06 00:00:00+00:00
[2026-04-05T23:22:06.919+0000] {processor.py:183} INFO - Processing /opt/airflow/dags/pipeline.py took 2.527 seconds
[2026-04-05T23:22:37.941+0000] {processor.py:161} INFO - Started process (PID=568) to work on /opt/airflow/dags/pipeline.py
[2026-04-05T23:22:37.974+0000] {processor.py:830} INFO - Processing file /opt/airflow/dags/pipeline.py for tasks to queue
[2026-04-05T23:22:38.011+0000] {logging_mixin.py:188} INFO - [2026-04-05T23:22:38.009+0000] {dagbag.py:545} INFO - Filling up the DagBag from /opt/airflow/dags/pipeline.py
[2026-04-05T23:22:49.633+0000] {processor.py:840} INFO - DAG(s) 'pipeline' retrieved from /opt/airflow/dags/pipeline.py
[2026-04-05T23:22:49.762+0000] {logging_mixin.py:188} INFO - [2026-04-05T23:22:49.761+0000] {dag.py:3089} INFO - Sync 1 DAGs
[2026-04-05T23:22:49.906+0000] {logging_mixin.py:188} INFO - [2026-04-05T23:22:49.905+0000] {dag.py:3947} INFO - Setting next_dagrun for pipeline to 2026-04-05 00:00:00+00:00, run_after=2026-04-06 00:00:00+00:00
[2026-04-05T23:22:50.123+0000] {processor.py:183} INFO - Processing /opt/airflow/dags/pipeline.py took 12.218 seconds
[2026-04-05T23:23:20.638+0000] {processor.py:161} INFO - Started process (PID=574) to work on /opt/airflow/dags/pipeline.py
[2026-04-05T23:23:20.640+0000] {processor.py:830} INFO - Processing file /opt/airflow/dags/pipeline.py for tasks to queue
[2026-04-05T23:23:20.643+0000] {logging_mixin.py:188} INFO - [2026-04-05T23:23:20.642+0000] {dagbag.py:545} INFO - Filling up the DagBag from /opt/airflow/dags/pipeline.py
[2026-04-05T23:23:23.279+0000] {processor.py:840} INFO - DAG(s) 'pipeline' retrieved from /opt/airflow/dags/pipeline.py
[2026-04-05T23:23:23.307+0000] {logging_mixin.py:188} INFO - [2026-04-05T23:23:23.307+0000] {dag.py:3089} INFO - Sync 1 DAGs
[2026-04-05T23:23:23.352+0000] {logging_mixin.py:188} INFO - [2026-04-05T23:23:23.351+0000] {dag.py:3947} INFO - Setting next_dagrun for pipeline to 2026-04-05 00:00:00+00:00, run_after=2026-04-06 00:00:00+00:00
[2026-04-05T23:23:23.400+0000] {processor.py:183} INFO - Processing /opt/airflow/dags/pipeline.py took 2.781 seconds
[2026-04-05T23:23:53.731+0000] {processor.py:161} INFO - Started process (PID=580) to work on /opt/airflow/dags/pipeline.py
[2026-04-05T23:23:53.733+0000] {processor.py:830} INFO - Processing file /opt/airflow/dags/pipeline.py for tasks to queue
[2026-04-05T23:23:53.735+0000] {logging_mixin.py:188} INFO - [2026-04-05T23:23:53.735+0000] {dagbag.py:545} INFO - Filling up the DagBag from /opt/airflow/dags/pipeline.py
[2026-04-05T23:23:56.263+0000] {processor.py:840} INFO - DAG(s) 'pipeline' retrieved from /opt/airflow/dags/pipeline.py
[2026-04-05T23:23:56.290+0000] {logging_mixin.py:188} INFO - [2026-04-05T23:23:56.290+0000] {dag.py:3089} INFO - Sync 1 DAGs
[2026-04-05T23:23:56.341+0000] {logging_mixin.py:188} INFO - [2026-04-05T23:23:56.340+0000] {dag.py:3947} INFO - Setting next_dagrun for pipeline to 2026-04-05 00:00:00+00:00, run_after=2026-04-06 00:00:00+00:00
[2026-04-05T23:23:56.410+0000] {processor.py:183} INFO - Processing /opt/airflow/dags/pipeline.py took 2.695 seconds
[2026-04-05T23:24:26.806+0000] {processor.py:161} INFO - Started process (PID=586) to work on /opt/airflow/dags/pipeline.py
[2026-04-05T23:24:26.808+0000] {processor.py:830} INFO - Processing file /opt/airflow/dags/pipeline.py for tasks to queue
[2026-04-05T23:24:26.809+0000] {logging_mixin.py:188} INFO - [2026-04-05T23:24:26.809+0000] {dagbag.py:545} INFO - Filling up the DagBag from /opt/airflow/dags/pipeline.py
[2026-04-05T23:24:29.307+0000] {processor.py:840} INFO - DAG(s) 'pipeline' retrieved from /opt/airflow/dags/pipeline.py
[2026-04-05T23:24:29.334+0000] {logging_mixin.py:188} INFO - [2026-04-05T23:24:29.333+0000] {dag.py:3089} INFO - Sync 1 DAGs
[2026-04-05T23:24:29.375+0000] {logging_mixin.py:188} INFO - [2026-04-05T23:24:29.375+0000] {dag.py:3947} INFO - Setting next_dagrun for pipeline to 2026-04-05 00:00:00+00:00, run_after=2026-04-06 00:00:00+00:00
[2026-04-05T23:24:29.429+0000] {processor.py:183} INFO - Processing /opt/airflow/dags/pipeline.py took 2.637 seconds
[2026-04-05T23:24:59.773+0000] {processor.py:161} INFO - Started process (PID=592) to work on /opt/airflow/dags/pipeline.py
[2026-04-05T23:24:59.775+0000] {processor.py:830} INFO - Processing file /opt/airflow/dags/pipeline.py for tasks to queue
[2026-04-05T23:24:59.777+0000] {logging_mixin.py:188} INFO - [2026-04-05T23:24:59.776+0000] {dagbag.py:545} INFO - Filling up the DagBag from /opt/airflow/dags/pipeline.py
[2026-04-05T23:25:01.525+0000] {processor.py:840} INFO - DAG(s) 'pipeline' retrieved from /opt/airflow/dags/pipeline.py
[2026-04-05T23:25:01.548+0000] {logging_mixin.py:188} INFO - [2026-04-05T23:25:01.547+0000] {dag.py:3089} INFO - Sync 1 DAGs
[2026-04-05T23:25:01.584+0000] {logging_mixin.py:188} INFO - [2026-04-05T23:25:01.584+0000] {dag.py:3947} INFO - Setting next_dagrun for pipeline to 2026-04-05 00:00:00+00:00, run_after=2026-04-06 00:00:00+00:00
[2026-04-05T23:25:01.635+0000] {processor.py:183} INFO - Processing /opt/airflow/dags/pipeline.py took 1.875 seconds
[2026-04-05T23:25:31.712+0000] {processor.py:161} INFO - Started process (PID=598) to work on /opt/airflow/dags/pipeline.py
[2026-04-05T23:25:31.714+0000] {processor.py:830} INFO - Processing file /opt/airflow/dags/pipeline.py for tasks to queue
[2026-04-05T23:25:31.716+0000] {logging_mixin.py:188} INFO - [2026-04-05T23:25:31.715+0000] {dagbag.py:545} INFO - Filling up the DagBag from /opt/airflow/dags/pipeline.py
[2026-04-05T23:25:33.636+0000] {processor.py:840} INFO - DAG(s) 'pipeline' retrieved from /opt/airflow/dags/pipeline.py
[2026-04-05T23:25:33.666+0000] {logging_mixin.py:188} INFO - [2026-04-05T23:25:33.665+0000] {dag.py:3089} INFO - Sync 1 DAGs
[2026-04-05T23:25:33.711+0000] {logging_mixin.py:188} INFO - [2026-04-05T23:25:33.711+0000] {dag.py:3947} INFO - Setting next_dagrun for pipeline to 2026-04-05 00:00:00+00:00, run_after=2026-04-06 00:00:00+00:00
[2026-04-05T23:25:33.775+0000] {processor.py:183} INFO - Processing /opt/airflow/dags/pipeline.py took 2.072 seconds
[2026-04-05T23:26:04.656+0000] {processor.py:161} INFO - Started process (PID=604) to work on /opt/airflow/dags/pipeline.py
[2026-04-05T23:26:04.660+0000] {processor.py:830} INFO - Processing file /opt/airflow/dags/pipeline.py for tasks to queue
[2026-04-05T23:26:04.665+0000] {logging_mixin.py:188} INFO - [2026-04-05T23:26:04.663+0000] {dagbag.py:545} INFO - Filling up the DagBag from /opt/airflow/dags/pipeline.py
[2026-04-05T23:26:06.867+0000] {processor.py:840} INFO - DAG(s) 'pipeline' retrieved from /opt/airflow/dags/pipeline.py
[2026-04-05T23:26:06.894+0000] {logging_mixin.py:188} INFO - [2026-04-05T23:26:06.894+0000] {dag.py:3089} INFO - Sync 1 DAGs
[2026-04-05T23:26:06.940+0000] {logging_mixin.py:188} INFO - [2026-04-05T23:26:06.940+0000] {dag.py:3947} INFO - Setting next_dagrun for pipeline to 2026-04-05 00:00:00+00:00, run_after=2026-04-06 00:00:00+00:00
[2026-04-05T23:26:06.989+0000] {processor.py:183} INFO - Processing /opt/airflow/dags/pipeline.py took 2.361 seconds
[2026-04-05T23:26:37.221+0000] {processor.py:161} INFO - Started process (PID=610) to work on /opt/airflow/dags/pipeline.py
[2026-04-05T23:26:37.223+0000] {processor.py:830} INFO - Processing file /opt/airflow/dags/pipeline.py for tasks to queue
[2026-04-05T23:26:37.225+0000] {logging_mixin.py:188} INFO - [2026-04-05T23:26:37.225+0000] {dagbag.py:545} INFO - Filling up the DagBag from /opt/airflow/dags/pipeline.py
[2026-04-05T23:26:39.877+0000] {processor.py:840} INFO - DAG(s) 'pipeline' retrieved from /opt/airflow/dags/pipeline.py
[2026-04-05T23:26:39.912+0000] {logging_mixin.py:188} INFO - [2026-04-05T23:26:39.912+0000] {dag.py:3089} INFO - Sync 1 DAGs
[2026-04-05T23:26:39.969+0000] {logging_mixin.py:188} INFO - [2026-04-05T23:26:39.969+0000] {dag.py:3947} INFO - Setting next_dagrun for pipeline to 2026-04-05 00:00:00+00:00, run_after=2026-04-06 00:00:00+00:00
[2026-04-05T23:26:40.037+0000] {processor.py:183} INFO - Processing /opt/airflow/dags/pipeline.py took 2.832 seconds
[2026-04-05T23:27:10.304+0000] {processor.py:161} INFO - Started process (PID=616) to work on /opt/airflow/dags/pipeline.py
[2026-04-05T23:27:10.306+0000] {processor.py:830} INFO - Processing file /opt/airflow/dags/pipeline.py for tasks to queue
[2026-04-05T23:27:10.309+0000] {logging_mixin.py:188} INFO - [2026-04-05T23:27:10.308+0000] {dagbag.py:545} INFO - Filling up the DagBag from /opt/airflow/dags/pipeline.py
[2026-04-05T23:27:12.258+0000] {processor.py:840} INFO - DAG(s) 'pipeline' retrieved from /opt/airflow/dags/pipeline.py
[2026-04-05T23:27:12.286+0000] {logging_mixin.py:188} INFO - [2026-04-05T23:27:12.285+0000] {dag.py:3089} INFO - Sync 1 DAGs
[2026-04-05T23:27:12.327+0000] {logging_mixin.py:188} INFO - [2026-04-05T23:27:12.327+0000] {dag.py:3947} INFO - Setting next_dagrun for pipeline to 2026-04-05 00:00:00+00:00, run_after=2026-04-06 00:00:00+00:00
[2026-04-05T23:27:12.386+0000] {processor.py:183} INFO - Processing /opt/airflow/dags/pipeline.py took 2.095 seconds
[2026-04-05T23:27:43.156+0000] {processor.py:161} INFO - Started process (PID=622) to work on /opt/airflow/dags/pipeline.py
[2026-04-05T23:27:43.161+0000] {processor.py:830} INFO - Processing file /opt/airflow/dags/pipeline.py for tasks to queue
[2026-04-05T23:27:43.167+0000] {logging_mixin.py:188} INFO - [2026-04-05T23:27:43.165+0000] {dagbag.py:545} INFO - Filling up the DagBag from /opt/airflow/dags/pipeline.py
[2026-04-05T23:27:45.630+0000] {processor.py:840} INFO - DAG(s) 'pipeline' retrieved from /opt/airflow/dags/pipeline.py
[2026-04-05T23:27:45.661+0000] {logging_mixin.py:188} INFO - [2026-04-05T23:27:45.660+0000] {dag.py:3089} INFO - Sync 1 DAGs
[2026-04-05T23:27:45.706+0000] {logging_mixin.py:188} INFO - [2026-04-05T23:27:45.706+0000] {dag.py:3947} INFO - Setting next_dagrun for pipeline to 2026-04-05 00:00:00+00:00, run_after=2026-04-06 00:00:00+00:00
[2026-04-05T23:27:45.768+0000] {processor.py:183} INFO - Processing /opt/airflow/dags/pipeline.py took 2.646 seconds
[2026-04-05T23:28:16.530+0000] {processor.py:161} INFO - Started process (PID=628) to work on /opt/airflow/dags/pipeline.py
[2026-04-05T23:28:16.532+0000] {processor.py:830} INFO - Processing file /opt/airflow/dags/pipeline.py for tasks to queue
[2026-04-05T23:28:16.534+0000] {logging_mixin.py:188} INFO - [2026-04-05T23:28:16.533+0000] {dagbag.py:545} INFO - Filling up the DagBag from /opt/airflow/dags/pipeline.py
[2026-04-05T23:28:18.405+0000] {processor.py:840} INFO - DAG(s) 'pipeline' retrieved from /opt/airflow/dags/pipeline.py
[2026-04-05T23:28:18.430+0000] {logging_mixin.py:188} INFO - [2026-04-05T23:28:18.429+0000] {dag.py:3089} INFO - Sync 1 DAGs
[2026-04-05T23:28:18.469+0000] {logging_mixin.py:188} INFO - [2026-04-05T23:28:18.469+0000] {dag.py:3947} INFO - Setting next_dagrun for pipeline to 2026-04-05 00:00:00+00:00, run_after=2026-04-06 00:00:00+00:00
[2026-04-05T23:28:18.526+0000] {processor.py:183} INFO - Processing /opt/airflow/dags/pipeline.py took 2.006 seconds
[2026-04-05T23:28:49.332+0000] {processor.py:161} INFO - Started process (PID=634) to work on /opt/airflow/dags/pipeline.py
[2026-04-05T23:28:49.334+0000] {processor.py:830} INFO - Processing file /opt/airflow/dags/pipeline.py for tasks to queue
[2026-04-05T23:28:49.336+0000] {logging_mixin.py:188} INFO - [2026-04-05T23:28:49.335+0000] {dagbag.py:545} INFO - Filling up the DagBag from /opt/airflow/dags/pipeline.py
[2026-04-05T23:28:51.314+0000] {processor.py:840} INFO - DAG(s) 'pipeline' retrieved from /opt/airflow/dags/pipeline.py
[2026-04-05T23:28:51.340+0000] {logging_mixin.py:188} INFO - [2026-04-05T23:28:51.340+0000] {dag.py:3089} INFO - Sync 1 DAGs
[2026-04-05T23:28:51.381+0000] {logging_mixin.py:188} INFO - [2026-04-05T23:28:51.381+0000] {dag.py:3947} INFO - Setting next_dagrun for pipeline to 2026-04-05 00:00:00+00:00, run_after=2026-04-06 00:00:00+00:00
[2026-04-05T23:28:51.499+0000] {processor.py:183} INFO - Processing /opt/airflow/dags/pipeline.py took 2.179 seconds
[2026-04-05T23:29:22.086+0000] {processor.py:161} INFO - Started process (PID=640) to work on /opt/airflow/dags/pipeline.py
[2026-04-05T23:29:22.092+0000] {processor.py:830} INFO - Processing file /opt/airflow/dags/pipeline.py for tasks to queue
[2026-04-05T23:29:22.097+0000] {logging_mixin.py:188} INFO - [2026-04-05T23:29:22.096+0000] {dagbag.py:545} INFO - Filling up the DagBag from /opt/airflow/dags/pipeline.py
[2026-04-05T23:29:24.180+0000] {processor.py:840} INFO - DAG(s) 'pipeline' retrieved from /opt/airflow/dags/pipeline.py
[2026-04-05T23:29:24.202+0000] {logging_mixin.py:188} INFO - [2026-04-05T23:29:24.202+0000] {dag.py:3089} INFO - Sync 1 DAGs
[2026-04-05T23:29:24.242+0000] {logging_mixin.py:188} INFO - [2026-04-05T23:29:24.241+0000] {dag.py:3947} INFO - Setting next_dagrun for pipeline to 2026-04-05 00:00:00+00:00, run_after=2026-04-06 00:00:00+00:00
[2026-04-05T23:29:24.283+0000] {processor.py:183} INFO - Processing /opt/airflow/dags/pipeline.py took 2.229 seconds
[2026-04-05T23:29:54.918+0000] {processor.py:161} INFO - Started process (PID=646) to work on /opt/airflow/dags/pipeline.py
[2026-04-05T23:29:54.922+0000] {processor.py:830} INFO - Processing file /opt/airflow/dags/pipeline.py for tasks to queue
[2026-04-05T23:29:54.924+0000] {logging_mixin.py:188} INFO - [2026-04-05T23:29:54.923+0000] {dagbag.py:545} INFO - Filling up the DagBag from /opt/airflow/dags/pipeline.py
[2026-04-05T23:29:57.846+0000] {processor.py:840} INFO - DAG(s) 'pipeline' retrieved from /opt/airflow/dags/pipeline.py
[2026-04-05T23:29:57.915+0000] {logging_mixin.py:188} INFO - [2026-04-05T23:29:57.915+0000] {dag.py:3089} INFO - Sync 1 DAGs
[2026-04-05T23:29:57.971+0000] {logging_mixin.py:188} INFO - [2026-04-05T23:29:57.971+0000] {dag.py:3947} INFO - Setting next_dagrun for pipeline to 2026-04-05 00:00:00+00:00, run_after=2026-04-06 00:00:00+00:00
[2026-04-05T23:29:58.039+0000] {processor.py:183} INFO - Processing /opt/airflow/dags/pipeline.py took 3.146 seconds
[2026-04-05T23:30:28.604+0000] {processor.py:161} INFO - Started process (PID=652) to work on /opt/airflow/dags/pipeline.py
[2026-04-05T23:30:28.606+0000] {processor.py:830} INFO - Processing file /opt/airflow/dags/pipeline.py for tasks to queue
[2026-04-05T23:30:28.607+0000] {logging_mixin.py:188} INFO - [2026-04-05T23:30:28.607+0000] {dagbag.py:545} INFO - Filling up the DagBag from /opt/airflow/dags/pipeline.py
[2026-04-05T23:30:31.166+0000] {processor.py:840} INFO - DAG(s) 'pipeline' retrieved from /opt/airflow/dags/pipeline.py
[2026-04-05T23:30:31.196+0000] {logging_mixin.py:188} INFO - [2026-04-05T23:30:31.196+0000] {dag.py:3089} INFO - Sync 1 DAGs
[2026-04-05T23:30:31.241+0000] {logging_mixin.py:188} INFO - [2026-04-05T23:30:31.240+0000] {dag.py:3947} INFO - Setting next_dagrun for pipeline to 2026-04-05 00:00:00+00:00, run_after=2026-04-06 00:00:00+00:00
[2026-04-05T23:30:31.291+0000] {processor.py:183} INFO - Processing /opt/airflow/dags/pipeline.py took 2.699 seconds
[2026-04-05T23:31:02.142+0000] {processor.py:161} INFO - Started process (PID=658) to work on /opt/airflow/dags/pipeline.py
[2026-04-05T23:31:02.145+0000] {processor.py:830} INFO - Processing file /opt/airflow/dags/pipeline.py for tasks to queue
[2026-04-05T23:31:02.148+0000] {logging_mixin.py:188} INFO - [2026-04-05T23:31:02.147+0000] {dagbag.py:545} INFO - Filling up the DagBag from /opt/airflow/dags/pipeline.py
[2026-04-05T23:31:06.224+0000] {processor.py:840} INFO - DAG(s) 'pipeline' retrieved from /opt/airflow/dags/pipeline.py
[2026-04-05T23:31:06.267+0000] {logging_mixin.py:188} INFO - [2026-04-05T23:31:06.266+0000] {dag.py:3089} INFO - Sync 1 DAGs
[2026-04-05T23:31:06.349+0000] {logging_mixin.py:188} INFO - [2026-04-05T23:31:06.349+0000] {dag.py:3947} INFO - Setting next_dagrun for pipeline to 2026-04-05 00:00:00+00:00, run_after=2026-04-06 00:00:00+00:00
[2026-04-05T23:31:06.422+0000] {processor.py:183} INFO - Processing /opt/airflow/dags/pipeline.py took 4.298 seconds
[2026-04-05T23:31:36.991+0000] {processor.py:161} INFO - Started process (PID=664) to work on /opt/airflow/dags/pipeline.py
[2026-04-05T23:31:36.996+0000] {processor.py:830} INFO - Processing file /opt/airflow/dags/pipeline.py for tasks to queue
[2026-04-05T23:31:37.000+0000] {logging_mixin.py:188} INFO - [2026-04-05T23:31:36.999+0000] {dagbag.py:545} INFO - Filling up the DagBag from /opt/airflow/dags/pipeline.py
[2026-04-05T23:31:39.718+0000] {processor.py:840} INFO - DAG(s) 'pipeline' retrieved from /opt/airflow/dags/pipeline.py
[2026-04-05T23:31:39.747+0000] {logging_mixin.py:188} INFO - [2026-04-05T23:31:39.747+0000] {dag.py:3089} INFO - Sync 1 DAGs
[2026-04-05T23:31:39.803+0000] {logging_mixin.py:188} INFO - [2026-04-05T23:31:39.803+0000] {dag.py:3947} INFO - Setting next_dagrun for pipeline to 2026-04-05 00:00:00+00:00, run_after=2026-04-06 00:00:00+00:00
[2026-04-05T23:31:39.872+0000] {processor.py:183} INFO - Processing /opt/airflow/dags/pipeline.py took 2.913 seconds
[2026-04-05T23:32:10.538+0000] {processor.py:161} INFO - Started process (PID=670) to work on /opt/airflow/dags/pipeline.py
[2026-04-05T23:32:10.540+0000] {processor.py:830} INFO - Processing file /opt/airflow/dags/pipeline.py for tasks to queue
[2026-04-05T23:32:10.542+0000] {logging_mixin.py:188} INFO - [2026-04-05T23:32:10.541+0000] {dagbag.py:545} INFO - Filling up the DagBag from /opt/airflow/dags/pipeline.py
[2026-04-05T23:32:13.080+0000] {processor.py:840} INFO - DAG(s) 'pipeline' retrieved from /opt/airflow/dags/pipeline.py
[2026-04-05T23:32:13.108+0000] {logging_mixin.py:188} INFO - [2026-04-05T23:32:13.108+0000] {dag.py:3089} INFO - Sync 1 DAGs
[2026-04-05T23:32:13.151+0000] {logging_mixin.py:188} INFO - [2026-04-05T23:32:13.150+0000] {dag.py:3947} INFO - Setting next_dagrun for pipeline to 2026-04-05 00:00:00+00:00, run_after=2026-04-06 00:00:00+00:00
[2026-04-05T23:32:13.209+0000] {processor.py:183} INFO - Processing /opt/airflow/dags/pipeline.py took 2.684 seconds
[2026-04-05T23:32:43.977+0000] {processor.py:161} INFO - Started process (PID=676) to work on /opt/airflow/dags/pipeline.py
[2026-04-05T23:32:43.979+0000] {processor.py:830} INFO - Processing file /opt/airflow/dags/pipeline.py for tasks to queue
[2026-04-05T23:32:43.981+0000] {logging_mixin.py:188} INFO - [2026-04-05T23:32:43.981+0000] {dagbag.py:545} INFO - Filling up the DagBag from /opt/airflow/dags/pipeline.py
[2026-04-05T23:32:46.073+0000] {processor.py:840} INFO - DAG(s) 'pipeline' retrieved from /opt/airflow/dags/pipeline.py
[2026-04-05T23:32:46.099+0000] {logging_mixin.py:188} INFO - [2026-04-05T23:32:46.099+0000] {dag.py:3089} INFO - Sync 1 DAGs
[2026-04-05T23:32:46.143+0000] {logging_mixin.py:188} INFO - [2026-04-05T23:32:46.142+0000] {dag.py:3947} INFO - Setting next_dagrun for pipeline to 2026-04-05 00:00:00+00:00, run_after=2026-04-06 00:00:00+00:00
[2026-04-05T23:32:46.201+0000] {processor.py:183} INFO - Processing /opt/airflow/dags/pipeline.py took 2.241 seconds
[2026-04-05T23:33:16.953+0000] {processor.py:161} INFO - Started process (PID=682) to work on /opt/airflow/dags/pipeline.py
[2026-04-05T23:33:16.957+0000] {processor.py:830} INFO - Processing file /opt/airflow/dags/pipeline.py for tasks to queue
[2026-04-05T23:33:16.962+0000] {logging_mixin.py:188} INFO - [2026-04-05T23:33:16.961+0000] {dagbag.py:545} INFO - Filling up the DagBag from /opt/airflow/dags/pipeline.py
[2026-04-05T23:33:19.210+0000] {processor.py:840} INFO - DAG(s) 'pipeline' retrieved from /opt/airflow/dags/pipeline.py
[2026-04-05T23:33:19.241+0000] {logging_mixin.py:188} INFO - [2026-04-05T23:33:19.240+0000] {dag.py:3089} INFO - Sync 1 DAGs
[2026-04-05T23:33:19.285+0000] {logging_mixin.py:188} INFO - [2026-04-05T23:33:19.285+0000] {dag.py:3947} INFO - Setting next_dagrun for pipeline to 2026-04-05 00:00:00+00:00, run_after=2026-04-06 00:00:00+00:00
[2026-04-05T23:33:19.339+0000] {processor.py:183} INFO - Processing /opt/airflow/dags/pipeline.py took 2.413 seconds
[2026-04-05T23:33:49.632+0000] {processor.py:161} INFO - Started process (PID=688) to work on /opt/airflow/dags/pipeline.py
[2026-04-05T23:33:49.634+0000] {processor.py:830} INFO - Processing file /opt/airflow/dags/pipeline.py for tasks to queue
[2026-04-05T23:33:49.637+0000] {logging_mixin.py:188} INFO - [2026-04-05T23:33:49.636+0000] {dagbag.py:545} INFO - Filling up the DagBag from /opt/airflow/dags/pipeline.py
[2026-04-05T23:33:52.059+0000] {processor.py:840} INFO - DAG(s) 'pipeline' retrieved from /opt/airflow/dags/pipeline.py
[2026-04-05T23:33:52.087+0000] {logging_mixin.py:188} INFO - [2026-04-05T23:33:52.086+0000] {dag.py:3089} INFO - Sync 1 DAGs
[2026-04-05T23:33:52.130+0000] {logging_mixin.py:188} INFO - [2026-04-05T23:33:52.130+0000] {dag.py:3947} INFO - Setting next_dagrun for pipeline to 2026-04-05 00:00:00+00:00, run_after=2026-04-06 00:00:00+00:00
[2026-04-05T23:33:52.189+0000] {processor.py:183} INFO - Processing /opt/airflow/dags/pipeline.py took 2.569 seconds
[2026-04-05T23:34:22.593+0000] {processor.py:161} INFO - Started process (PID=694) to work on /opt/airflow/dags/pipeline.py
[2026-04-05T23:34:22.595+0000] {processor.py:830} INFO - Processing file /opt/airflow/dags/pipeline.py for tasks to queue
[2026-04-05T23:34:22.596+0000] {logging_mixin.py:188} INFO - [2026-04-05T23:34:22.596+0000] {dagbag.py:545} INFO - Filling up the DagBag from /opt/airflow/dags/pipeline.py
[2026-04-05T23:34:25.267+0000] {processor.py:840} INFO - DAG(s) 'pipeline' retrieved from /opt/airflow/dags/pipeline.py
[2026-04-05T23:34:25.309+0000] {logging_mixin.py:188} INFO - [2026-04-05T23:34:25.309+0000] {dag.py:3089} INFO - Sync 1 DAGs
[2026-04-05T23:34:25.377+0000] {logging_mixin.py:188} INFO - [2026-04-05T23:34:25.377+0000] {dag.py:3947} INFO - Setting next_dagrun for pipeline to 2026-04-05 00:00:00+00:00, run_after=2026-04-06 00:00:00+00:00
[2026-04-05T23:34:25.454+0000] {processor.py:183} INFO - Processing /opt/airflow/dags/pipeline.py took 2.871 seconds
[2026-04-05T23:34:56.271+0000] {processor.py:161} INFO - Started process (PID=700) to work on /opt/airflow/dags/pipeline.py
[2026-04-05T23:34:56.277+0000] {processor.py:830} INFO - Processing file /opt/airflow/dags/pipeline.py for tasks to queue
[2026-04-05T23:34:56.281+0000] {logging_mixin.py:188} INFO - [2026-04-05T23:34:56.280+0000] {dagbag.py:545} INFO - Filling up the DagBag from /opt/airflow/dags/pipeline.py
[2026-04-05T23:34:58.882+0000] {processor.py:840} INFO - DAG(s) 'pipeline' retrieved from /opt/airflow/dags/pipeline.py
[2026-04-05T23:34:58.912+0000] {logging_mixin.py:188} INFO - [2026-04-05T23:34:58.911+0000] {dag.py:3089} INFO - Sync 1 DAGs
[2026-04-05T23:34:58.963+0000] {logging_mixin.py:188} INFO - [2026-04-05T23:34:58.962+0000] {dag.py:3947} INFO - Setting next_dagrun for pipeline to 2026-04-05 00:00:00+00:00, run_after=2026-04-06 00:00:00+00:00
[2026-04-05T23:34:59.024+0000] {processor.py:183} INFO - Processing /opt/airflow/dags/pipeline.py took 2.785 seconds
[2026-04-05T23:35:29.720+0000] {processor.py:161} INFO - Started process (PID=706) to work on /opt/airflow/dags/pipeline.py
[2026-04-05T23:35:29.723+0000] {processor.py:830} INFO - Processing file /opt/airflow/dags/pipeline.py for tasks to queue
[2026-04-05T23:35:29.726+0000] {logging_mixin.py:188} INFO - [2026-04-05T23:35:29.726+0000] {dagbag.py:545} INFO - Filling up the DagBag from /opt/airflow/dags/pipeline.py
[2026-04-05T23:35:32.566+0000] {processor.py:840} INFO - DAG(s) 'pipeline' retrieved from /opt/airflow/dags/pipeline.py
[2026-04-05T23:35:32.595+0000] {logging_mixin.py:188} INFO - [2026-04-05T23:35:32.595+0000] {dag.py:3089} INFO - Sync 1 DAGs
[2026-04-05T23:35:32.645+0000] {logging_mixin.py:188} INFO - [2026-04-05T23:35:32.645+0000] {dag.py:3947} INFO - Setting next_dagrun for pipeline to 2026-04-05 00:00:00+00:00, run_after=2026-04-06 00:00:00+00:00
[2026-04-05T23:35:32.719+0000] {processor.py:183} INFO - Processing /opt/airflow/dags/pipeline.py took 3.012 seconds
[2026-04-05T23:36:03.590+0000] {processor.py:161} INFO - Started process (PID=712) to work on /opt/airflow/dags/pipeline.py
[2026-04-05T23:36:03.592+0000] {processor.py:830} INFO - Processing file /opt/airflow/dags/pipeline.py for tasks to queue
[2026-04-05T23:36:03.593+0000] {logging_mixin.py:188} INFO - [2026-04-05T23:36:03.593+0000] {dagbag.py:545} INFO - Filling up the DagBag from /opt/airflow/dags/pipeline.py
[2026-04-05T23:36:05.725+0000] {processor.py:840} INFO - DAG(s) 'pipeline' retrieved from /opt/airflow/dags/pipeline.py
[2026-04-05T23:36:05.755+0000] {logging_mixin.py:188} INFO - [2026-04-05T23:36:05.754+0000] {dag.py:3089} INFO - Sync 1 DAGs
[2026-04-05T23:36:05.800+0000] {logging_mixin.py:188} INFO - [2026-04-05T23:36:05.800+0000] {dag.py:3947} INFO - Setting next_dagrun for pipeline to 2026-04-05 00:00:00+00:00, run_after=2026-04-06 00:00:00+00:00
[2026-04-05T23:36:05.862+0000] {processor.py:183} INFO - Processing /opt/airflow/dags/pipeline.py took 2.281 seconds
[2026-04-05T23:36:36.385+0000] {processor.py:161} INFO - Started process (PID=718) to work on /opt/airflow/dags/pipeline.py
[2026-04-05T23:36:36.387+0000] {processor.py:830} INFO - Processing file /opt/airflow/dags/pipeline.py for tasks to queue
[2026-04-05T23:36:36.390+0000] {logging_mixin.py:188} INFO - [2026-04-05T23:36:36.388+0000] {dagbag.py:545} INFO - Filling up the DagBag from /opt/airflow/dags/pipeline.py
[2026-04-05T23:36:39.250+0000] {processor.py:840} INFO - DAG(s) 'pipeline' retrieved from /opt/airflow/dags/pipeline.py
[2026-04-05T23:36:39.278+0000] {logging_mixin.py:188} INFO - [2026-04-05T23:36:39.278+0000] {dag.py:3089} INFO - Sync 1 DAGs
[2026-04-05T23:36:39.320+0000] {logging_mixin.py:188} INFO - [2026-04-05T23:36:39.320+0000] {dag.py:3947} INFO - Setting next_dagrun for pipeline to 2026-04-05 00:00:00+00:00, run_after=2026-04-06 00:00:00+00:00
[2026-04-05T23:36:39.378+0000] {processor.py:183} INFO - Processing /opt/airflow/dags/pipeline.py took 3.010 seconds
[2026-04-05T23:37:10.112+0000] {processor.py:161} INFO - Started process (PID=724) to work on /opt/airflow/dags/pipeline.py
[2026-04-05T23:37:10.116+0000] {processor.py:830} INFO - Processing file /opt/airflow/dags/pipeline.py for tasks to queue
[2026-04-05T23:37:10.123+0000] {logging_mixin.py:188} INFO - [2026-04-05T23:37:10.120+0000] {dagbag.py:545} INFO - Filling up the DagBag from /opt/airflow/dags/pipeline.py
[2026-04-05T23:37:12.976+0000] {processor.py:840} INFO - DAG(s) 'pipeline' retrieved from /opt/airflow/dags/pipeline.py
[2026-04-05T23:37:13.005+0000] {logging_mixin.py:188} INFO - [2026-04-05T23:37:13.004+0000] {dag.py:3089} INFO - Sync 1 DAGs
[2026-04-05T23:37:13.051+0000] {logging_mixin.py:188} INFO - [2026-04-05T23:37:13.051+0000] {dag.py:3947} INFO - Setting next_dagrun for pipeline to 2026-04-05 00:00:00+00:00, run_after=2026-04-06 00:00:00+00:00
[2026-04-05T23:37:13.121+0000] {processor.py:183} INFO - Processing /opt/airflow/dags/pipeline.py took 3.038 seconds
[2026-04-05T23:37:43.695+0000] {processor.py:161} INFO - Started process (PID=730) to work on /opt/airflow/dags/pipeline.py
[2026-04-05T23:37:43.697+0000] {processor.py:830} INFO - Processing file /opt/airflow/dags/pipeline.py for tasks to queue
[2026-04-05T23:37:43.699+0000] {logging_mixin.py:188} INFO - [2026-04-05T23:37:43.698+0000] {dagbag.py:545} INFO - Filling up the DagBag from /opt/airflow/dags/pipeline.py
[2026-04-05T23:37:46.296+0000] {processor.py:840} INFO - DAG(s) 'pipeline' retrieved from /opt/airflow/dags/pipeline.py
[2026-04-05T23:37:46.335+0000] {logging_mixin.py:188} INFO - [2026-04-05T23:37:46.335+0000] {dag.py:3089} INFO - Sync 1 DAGs
[2026-04-05T23:37:46.392+0000] {logging_mixin.py:188} INFO - [2026-04-05T23:37:46.392+0000] {dag.py:3947} INFO - Setting next_dagrun for pipeline to 2026-04-05 00:00:00+00:00, run_after=2026-04-06 00:00:00+00:00
[2026-04-05T23:37:46.448+0000] {processor.py:183} INFO - Processing /opt/airflow/dags/pipeline.py took 2.764 seconds
[2026-04-05T23:38:17.244+0000] {processor.py:161} INFO - Started process (PID=736) to work on /opt/airflow/dags/pipeline.py
[2026-04-05T23:38:17.251+0000] {processor.py:830} INFO - Processing file /opt/airflow/dags/pipeline.py for tasks to queue
[2026-04-05T23:38:17.254+0000] {logging_mixin.py:188} INFO - [2026-04-05T23:38:17.253+0000] {dagbag.py:545} INFO - Filling up the DagBag from /opt/airflow/dags/pipeline.py
[2026-04-05T23:38:23.133+0000] {processor.py:840} INFO - DAG(s) 'pipeline' retrieved from /opt/airflow/dags/pipeline.py
[2026-04-05T23:38:23.203+0000] {logging_mixin.py:188} INFO - [2026-04-05T23:38:23.202+0000] {dag.py:3089} INFO - Sync 1 DAGs
[2026-04-05T23:38:23.414+0000] {logging_mixin.py:188} INFO - [2026-04-05T23:38:23.413+0000] {dag.py:3947} INFO - Setting next_dagrun for pipeline to 2026-04-05 00:00:00+00:00, run_after=2026-04-06 00:00:00+00:00
[2026-04-05T23:38:23.589+0000] {processor.py:183} INFO - Processing /opt/airflow/dags/pipeline.py took 6.370 seconds
[2026-04-05T23:38:54.363+0000] {processor.py:161} INFO - Started process (PID=742) to work on /opt/airflow/dags/pipeline.py
[2026-04-05T23:38:54.365+0000] {processor.py:830} INFO - Processing file /opt/airflow/dags/pipeline.py for tasks to queue
[2026-04-05T23:38:54.366+0000] {logging_mixin.py:188} INFO - [2026-04-05T23:38:54.366+0000] {dagbag.py:545} INFO - Filling up the DagBag from /opt/airflow/dags/pipeline.py
[2026-04-05T23:38:56.330+0000] {processor.py:840} INFO - DAG(s) 'pipeline' retrieved from /opt/airflow/dags/pipeline.py
[2026-04-05T23:38:56.357+0000] {logging_mixin.py:188} INFO - [2026-04-05T23:38:56.356+0000] {dag.py:3089} INFO - Sync 1 DAGs
[2026-04-05T23:38:56.397+0000] {logging_mixin.py:188} INFO - [2026-04-05T23:38:56.397+0000] {dag.py:3947} INFO - Setting next_dagrun for pipeline to 2026-04-05 00:00:00+00:00, run_after=2026-04-06 00:00:00+00:00
[2026-04-05T23:38:56.456+0000] {processor.py:183} INFO - Processing /opt/airflow/dags/pipeline.py took 2.107 seconds
[2026-04-05T23:39:27.193+0000] {processor.py:161} INFO - Started process (PID=748) to work on /opt/airflow/dags/pipeline.py
[2026-04-05T23:39:27.195+0000] {processor.py:830} INFO - Processing file /opt/airflow/dags/pipeline.py for tasks to queue
[2026-04-05T23:39:27.197+0000] {logging_mixin.py:188} INFO - [2026-04-05T23:39:27.197+0000] {dagbag.py:545} INFO - Filling up the DagBag from /opt/airflow/dags/pipeline.py
[2026-04-05T23:39:30.139+0000] {processor.py:840} INFO - DAG(s) 'pipeline' retrieved from /opt/airflow/dags/pipeline.py
[2026-04-05T23:39:30.177+0000] {logging_mixin.py:188} INFO - [2026-04-05T23:39:30.177+0000] {dag.py:3089} INFO - Sync 1 DAGs
[2026-04-05T23:39:30.242+0000] {logging_mixin.py:188} INFO - [2026-04-05T23:39:30.241+0000] {dag.py:3947} INFO - Setting next_dagrun for pipeline to 2026-04-05 00:00:00+00:00, run_after=2026-04-06 00:00:00+00:00
[2026-04-05T23:39:30.313+0000] {processor.py:183} INFO - Processing /opt/airflow/dags/pipeline.py took 3.133 seconds
[2026-04-05T23:40:00.991+0000] {processor.py:161} INFO - Started process (PID=754) to work on /opt/airflow/dags/pipeline.py
[2026-04-05T23:40:00.993+0000] {processor.py:830} INFO - Processing file /opt/airflow/dags/pipeline.py for tasks to queue
[2026-04-05T23:40:00.995+0000] {logging_mixin.py:188} INFO - [2026-04-05T23:40:00.994+0000] {dagbag.py:545} INFO - Filling up the DagBag from /opt/airflow/dags/pipeline.py
[2026-04-05T23:40:02.995+0000] {processor.py:840} INFO - DAG(s) 'pipeline' retrieved from /opt/airflow/dags/pipeline.py
[2026-04-05T23:40:03.020+0000] {logging_mixin.py:188} INFO - [2026-04-05T23:40:03.020+0000] {dag.py:3089} INFO - Sync 1 DAGs
[2026-04-05T23:40:03.061+0000] {logging_mixin.py:188} INFO - [2026-04-05T23:40:03.061+0000] {dag.py:3947} INFO - Setting next_dagrun for pipeline to 2026-04-05 00:00:00+00:00, run_after=2026-04-06 00:00:00+00:00
[2026-04-05T23:40:03.129+0000] {processor.py:183} INFO - Processing /opt/airflow/dags/pipeline.py took 2.153 seconds
[2026-04-05T23:40:33.776+0000] {processor.py:161} INFO - Started process (PID=760) to work on /opt/airflow/dags/pipeline.py
[2026-04-05T23:40:33.779+0000] {processor.py:830} INFO - Processing file /opt/airflow/dags/pipeline.py for tasks to queue
[2026-04-05T23:40:33.781+0000] {logging_mixin.py:188} INFO - [2026-04-05T23:40:33.781+0000] {dagbag.py:545} INFO - Filling up the DagBag from /opt/airflow/dags/pipeline.py
[2026-04-05T23:40:36.377+0000] {processor.py:840} INFO - DAG(s) 'pipeline' retrieved from /opt/airflow/dags/pipeline.py
[2026-04-05T23:40:36.401+0000] {logging_mixin.py:188} INFO - [2026-04-05T23:40:36.401+0000] {dag.py:3089} INFO - Sync 1 DAGs
[2026-04-05T23:40:36.446+0000] {logging_mixin.py:188} INFO - [2026-04-05T23:40:36.445+0000] {dag.py:3947} INFO - Setting next_dagrun for pipeline to 2026-04-05 00:00:00+00:00, run_after=2026-04-06 00:00:00+00:00
[2026-04-05T23:40:36.505+0000] {processor.py:183} INFO - Processing /opt/airflow/dags/pipeline.py took 2.741 seconds
[2026-04-05T23:41:07.356+0000] {processor.py:161} INFO - Started process (PID=766) to work on /opt/airflow/dags/pipeline.py
[2026-04-05T23:41:07.357+0000] {processor.py:830} INFO - Processing file /opt/airflow/dags/pipeline.py for tasks to queue
[2026-04-05T23:41:07.359+0000] {logging_mixin.py:188} INFO - [2026-04-05T23:41:07.359+0000] {dagbag.py:545} INFO - Filling up the DagBag from /opt/airflow/dags/pipeline.py
[2026-04-05T23:41:09.558+0000] {processor.py:840} INFO - DAG(s) 'pipeline' retrieved from /opt/airflow/dags/pipeline.py
[2026-04-05T23:41:09.624+0000] {logging_mixin.py:188} INFO - [2026-04-05T23:41:09.623+0000] {dag.py:3089} INFO - Sync 1 DAGs
[2026-04-05T23:41:09.754+0000] {logging_mixin.py:188} INFO - [2026-04-05T23:41:09.754+0000] {dag.py:3947} INFO - Setting next_dagrun for pipeline to 2026-04-05 00:00:00+00:00, run_after=2026-04-06 00:00:00+00:00
[2026-04-05T23:41:09.830+0000] {processor.py:183} INFO - Processing /opt/airflow/dags/pipeline.py took 2.488 seconds
[2026-04-05T23:41:40.121+0000] {processor.py:161} INFO - Started process (PID=772) to work on /opt/airflow/dags/pipeline.py
[2026-04-05T23:41:40.126+0000] {processor.py:830} INFO - Processing file /opt/airflow/dags/pipeline.py for tasks to queue
[2026-04-05T23:41:40.131+0000] {logging_mixin.py:188} INFO - [2026-04-05T23:41:40.130+0000] {dagbag.py:545} INFO - Filling up the DagBag from /opt/airflow/dags/pipeline.py
[2026-04-05T23:41:42.398+0000] {processor.py:840} INFO - DAG(s) 'pipeline' retrieved from /opt/airflow/dags/pipeline.py
[2026-04-05T23:41:42.423+0000] {logging_mixin.py:188} INFO - [2026-04-05T23:41:42.423+0000] {dag.py:3089} INFO - Sync 1 DAGs
[2026-04-05T23:41:42.468+0000] {logging_mixin.py:188} INFO - [2026-04-05T23:41:42.468+0000] {dag.py:3947} INFO - Setting next_dagrun for pipeline to 2026-04-05 00:00:00+00:00, run_after=2026-04-06 00:00:00+00:00
[2026-04-05T23:41:42.528+0000] {processor.py:183} INFO - Processing /opt/airflow/dags/pipeline.py took 2.439 seconds
[2026-04-05T23:42:13.218+0000] {processor.py:161} INFO - Started process (PID=778) to work on /opt/airflow/dags/pipeline.py
[2026-04-05T23:42:13.222+0000] {processor.py:830} INFO - Processing file /opt/airflow/dags/pipeline.py for tasks to queue
[2026-04-05T23:42:13.226+0000] {logging_mixin.py:188} INFO - [2026-04-05T23:42:13.225+0000] {dagbag.py:545} INFO - Filling up the DagBag from /opt/airflow/dags/pipeline.py
[2026-04-05T23:42:15.617+0000] {processor.py:840} INFO - DAG(s) 'pipeline' retrieved from /opt/airflow/dags/pipeline.py
[2026-04-05T23:42:15.647+0000] {logging_mixin.py:188} INFO - [2026-04-05T23:42:15.647+0000] {dag.py:3089} INFO - Sync 1 DAGs
[2026-04-05T23:42:15.689+0000] {logging_mixin.py:188} INFO - [2026-04-05T23:42:15.689+0000] {dag.py:3947} INFO - Setting next_dagrun for pipeline to 2026-04-05 00:00:00+00:00, run_after=2026-04-06 00:00:00+00:00
[2026-04-05T23:42:15.747+0000] {processor.py:183} INFO - Processing /opt/airflow/dags/pipeline.py took 2.555 seconds
[2026-04-05T23:42:46.000+0000] {processor.py:161} INFO - Started process (PID=784) to work on /opt/airflow/dags/pipeline.py
[2026-04-05T23:42:46.005+0000] {processor.py:830} INFO - Processing file /opt/airflow/dags/pipeline.py for tasks to queue
[2026-04-05T23:42:46.010+0000] {logging_mixin.py:188} INFO - [2026-04-05T23:42:46.009+0000] {dagbag.py:545} INFO - Filling up the DagBag from /opt/airflow/dags/pipeline.py
[2026-04-05T23:42:48.776+0000] {processor.py:840} INFO - DAG(s) 'pipeline' retrieved from /opt/airflow/dags/pipeline.py
[2026-04-05T23:42:48.803+0000] {logging_mixin.py:188} INFO - [2026-04-05T23:42:48.803+0000] {dag.py:3089} INFO - Sync 1 DAGs
[2026-04-05T23:42:48.846+0000] {logging_mixin.py:188} INFO - [2026-04-05T23:42:48.846+0000] {dag.py:3947} INFO - Setting next_dagrun for pipeline to 2026-04-05 00:00:00+00:00, run_after=2026-04-06 00:00:00+00:00
[2026-04-05T23:42:48.908+0000] {processor.py:183} INFO - Processing /opt/airflow/dags/pipeline.py took 2.940 seconds
[2026-04-05T23:43:19.645+0000] {processor.py:161} INFO - Started process (PID=790) to work on /opt/airflow/dags/pipeline.py
[2026-04-05T23:43:19.647+0000] {processor.py:830} INFO - Processing file /opt/airflow/dags/pipeline.py for tasks to queue
[2026-04-05T23:43:19.648+0000] {logging_mixin.py:188} INFO - [2026-04-05T23:43:19.648+0000] {dagbag.py:545} INFO - Filling up the DagBag from /opt/airflow/dags/pipeline.py
[2026-04-05T23:43:21.458+0000] {processor.py:840} INFO - DAG(s) 'pipeline' retrieved from /opt/airflow/dags/pipeline.py
[2026-04-05T23:43:21.481+0000] {logging_mixin.py:188} INFO - [2026-04-05T23:43:21.481+0000] {dag.py:3089} INFO - Sync 1 DAGs
[2026-04-05T23:43:21.518+0000] {logging_mixin.py:188} INFO - [2026-04-05T23:43:21.518+0000] {dag.py:3947} INFO - Setting next_dagrun for pipeline to 2026-04-05 00:00:00+00:00, run_after=2026-04-06 00:00:00+00:00
[2026-04-05T23:43:21.566+0000] {processor.py:183} INFO - Processing /opt/airflow/dags/pipeline.py took 1.932 seconds
[2026-04-05T23:43:52.313+0000] {processor.py:161} INFO - Started process (PID=796) to work on /opt/airflow/dags/pipeline.py
[2026-04-05T23:43:52.315+0000] {processor.py:830} INFO - Processing file /opt/airflow/dags/pipeline.py for tasks to queue
[2026-04-05T23:43:52.316+0000] {logging_mixin.py:188} INFO - [2026-04-05T23:43:52.316+0000] {dagbag.py:545} INFO - Filling up the DagBag from /opt/airflow/dags/pipeline.py
[2026-04-05T23:43:54.131+0000] {processor.py:840} INFO - DAG(s) 'pipeline' retrieved from /opt/airflow/dags/pipeline.py
[2026-04-05T23:43:54.154+0000] {logging_mixin.py:188} INFO - [2026-04-05T23:43:54.154+0000] {dag.py:3089} INFO - Sync 1 DAGs
[2026-04-05T23:43:54.191+0000] {logging_mixin.py:188} INFO - [2026-04-05T23:43:54.191+0000] {dag.py:3947} INFO - Setting next_dagrun for pipeline to 2026-04-05 00:00:00+00:00, run_after=2026-04-06 00:00:00+00:00
[2026-04-05T23:43:54.248+0000] {processor.py:183} INFO - Processing /opt/airflow/dags/pipeline.py took 1.947 seconds
[2026-04-05T23:44:25.072+0000] {processor.py:161} INFO - Started process (PID=802) to work on /opt/airflow/dags/pipeline.py
[2026-04-05T23:44:25.076+0000] {processor.py:830} INFO - Processing file /opt/airflow/dags/pipeline.py for tasks to queue
[2026-04-05T23:44:25.082+0000] {logging_mixin.py:188} INFO - [2026-04-05T23:44:25.080+0000] {dagbag.py:545} INFO - Filling up the DagBag from /opt/airflow/dags/pipeline.py
[2026-04-05T23:44:27.633+0000] {processor.py:840} INFO - DAG(s) 'pipeline' retrieved from /opt/airflow/dags/pipeline.py
[2026-04-05T23:44:27.661+0000] {logging_mixin.py:188} INFO - [2026-04-05T23:44:27.661+0000] {dag.py:3089} INFO - Sync 1 DAGs
[2026-04-05T23:44:27.706+0000] {logging_mixin.py:188} INFO - [2026-04-05T23:44:27.706+0000] {dag.py:3947} INFO - Setting next_dagrun for pipeline to 2026-04-05 00:00:00+00:00, run_after=2026-04-06 00:00:00+00:00
[2026-04-05T23:44:27.770+0000] {processor.py:183} INFO - Processing /opt/airflow/dags/pipeline.py took 2.732 seconds
[2026-04-05T23:44:58.561+0000] {processor.py:161} INFO - Started process (PID=808) to work on /opt/airflow/dags/pipeline.py
[2026-04-05T23:44:58.563+0000] {processor.py:830} INFO - Processing file /opt/airflow/dags/pipeline.py for tasks to queue
[2026-04-05T23:44:58.565+0000] {logging_mixin.py:188} INFO - [2026-04-05T23:44:58.565+0000] {dagbag.py:545} INFO - Filling up the DagBag from /opt/airflow/dags/pipeline.py
[2026-04-05T23:45:00.447+0000] {processor.py:840} INFO - DAG(s) 'pipeline' retrieved from /opt/airflow/dags/pipeline.py
[2026-04-05T23:45:00.469+0000] {logging_mixin.py:188} INFO - [2026-04-05T23:45:00.469+0000] {dag.py:3089} INFO - Sync 1 DAGs
[2026-04-05T23:45:00.504+0000] {logging_mixin.py:188} INFO - [2026-04-05T23:45:00.504+0000] {dag.py:3947} INFO - Setting next_dagrun for pipeline to 2026-04-05 00:00:00+00:00, run_after=2026-04-06 00:00:00+00:00
[2026-04-05T23:45:00.546+0000] {processor.py:183} INFO - Processing /opt/airflow/dags/pipeline.py took 2.002 seconds
[2026-04-05T23:45:31.377+0000] {processor.py:161} INFO - Started process (PID=814) to work on /opt/airflow/dags/pipeline.py
[2026-04-05T23:45:31.382+0000] {processor.py:830} INFO - Processing file /opt/airflow/dags/pipeline.py for tasks to queue
[2026-04-05T23:45:31.387+0000] {logging_mixin.py:188} INFO - [2026-04-05T23:45:31.386+0000] {dagbag.py:545} INFO - Filling up the DagBag from /opt/airflow/dags/pipeline.py
[2026-04-05T23:45:33.588+0000] {processor.py:840} INFO - DAG(s) 'pipeline' retrieved from /opt/airflow/dags/pipeline.py
[2026-04-05T23:45:33.614+0000] {logging_mixin.py:188} INFO - [2026-04-05T23:45:33.613+0000] {dag.py:3089} INFO - Sync 1 DAGs
[2026-04-05T23:45:33.656+0000] {logging_mixin.py:188} INFO - [2026-04-05T23:45:33.655+0000] {dag.py:3947} INFO - Setting next_dagrun for pipeline to 2026-04-05 00:00:00+00:00, run_after=2026-04-06 00:00:00+00:00
[2026-04-05T23:45:33.763+0000] {processor.py:183} INFO - Processing /opt/airflow/dags/pipeline.py took 2.412 seconds
[2026-04-05T23:46:03.918+0000] {processor.py:161} INFO - Started process (PID=820) to work on /opt/airflow/dags/pipeline.py
[2026-04-05T23:46:03.920+0000] {processor.py:830} INFO - Processing file /opt/airflow/dags/pipeline.py for tasks to queue
[2026-04-05T23:46:03.922+0000] {logging_mixin.py:188} INFO - [2026-04-05T23:46:03.921+0000] {dagbag.py:545} INFO - Filling up the DagBag from /opt/airflow/dags/pipeline.py
[2026-04-05T23:46:05.977+0000] {processor.py:840} INFO - DAG(s) 'pipeline' retrieved from /opt/airflow/dags/pipeline.py
[2026-04-05T23:46:06.005+0000] {logging_mixin.py:188} INFO - [2026-04-05T23:46:06.005+0000] {dag.py:3089} INFO - Sync 1 DAGs
[2026-04-05T23:46:06.048+0000] {logging_mixin.py:188} INFO - [2026-04-05T23:46:06.048+0000] {dag.py:3947} INFO - Setting next_dagrun for pipeline to 2026-04-05 00:00:00+00:00, run_after=2026-04-06 00:00:00+00:00
[2026-04-05T23:46:06.110+0000] {processor.py:183} INFO - Processing /opt/airflow/dags/pipeline.py took 2.203 seconds
[2026-04-05T23:46:36.554+0000] {processor.py:161} INFO - Started process (PID=826) to work on /opt/airflow/dags/pipeline.py
[2026-04-05T23:46:36.556+0000] {processor.py:830} INFO - Processing file /opt/airflow/dags/pipeline.py for tasks to queue
[2026-04-05T23:46:36.559+0000] {logging_mixin.py:188} INFO - [2026-04-05T23:46:36.557+0000] {dagbag.py:545} INFO - Filling up the DagBag from /opt/airflow/dags/pipeline.py
[2026-04-05T23:46:38.305+0000] {processor.py:840} INFO - DAG(s) 'pipeline' retrieved from /opt/airflow/dags/pipeline.py
[2026-04-05T23:46:38.328+0000] {logging_mixin.py:188} INFO - [2026-04-05T23:46:38.328+0000] {dag.py:3089} INFO - Sync 1 DAGs
[2026-04-05T23:46:38.373+0000] {logging_mixin.py:188} INFO - [2026-04-05T23:46:38.372+0000] {dag.py:3947} INFO - Setting next_dagrun for pipeline to 2026-04-05 00:00:00+00:00, run_after=2026-04-06 00:00:00+00:00
[2026-04-05T23:46:38.562+0000] {processor.py:183} INFO - Processing /opt/airflow/dags/pipeline.py took 2.021 seconds
[2026-04-05T23:47:09.340+0000] {processor.py:161} INFO - Started process (PID=832) to work on /opt/airflow/dags/pipeline.py
[2026-04-05T23:47:09.342+0000] {processor.py:830} INFO - Processing file /opt/airflow/dags/pipeline.py for tasks to queue
[2026-04-05T23:47:09.344+0000] {logging_mixin.py:188} INFO - [2026-04-05T23:47:09.344+0000] {dagbag.py:545} INFO - Filling up the DagBag from /opt/airflow/dags/pipeline.py
[2026-04-05T23:47:11.613+0000] {processor.py:840} INFO - DAG(s) 'pipeline' retrieved from /opt/airflow/dags/pipeline.py
[2026-04-05T23:47:11.640+0000] {logging_mixin.py:188} INFO - [2026-04-05T23:47:11.640+0000] {dag.py:3089} INFO - Sync 1 DAGs
[2026-04-05T23:47:11.683+0000] {logging_mixin.py:188} INFO - [2026-04-05T23:47:11.682+0000] {dag.py:3947} INFO - Setting next_dagrun for pipeline to 2026-04-05 00:00:00+00:00, run_after=2026-04-06 00:00:00+00:00
[2026-04-05T23:47:11.740+0000] {processor.py:183} INFO - Processing /opt/airflow/dags/pipeline.py took 2.420 seconds
[2026-04-05T23:47:42.186+0000] {processor.py:161} INFO - Started process (PID=838) to work on /opt/airflow/dags/pipeline.py
[2026-04-05T23:47:42.188+0000] {processor.py:830} INFO - Processing file /opt/airflow/dags/pipeline.py for tasks to queue
[2026-04-05T23:47:42.189+0000] {logging_mixin.py:188} INFO - [2026-04-05T23:47:42.189+0000] {dagbag.py:545} INFO - Filling up the DagBag from /opt/airflow/dags/pipeline.py
[2026-04-05T23:47:44.435+0000] {processor.py:840} INFO - DAG(s) 'pipeline' retrieved from /opt/airflow/dags/pipeline.py
[2026-04-05T23:47:44.464+0000] {logging_mixin.py:188} INFO - [2026-04-05T23:47:44.463+0000] {dag.py:3089} INFO - Sync 1 DAGs
[2026-04-05T23:47:44.510+0000] {logging_mixin.py:188} INFO - [2026-04-05T23:47:44.510+0000] {dag.py:3947} INFO - Setting next_dagrun for pipeline to 2026-04-05 00:00:00+00:00, run_after=2026-04-06 00:00:00+00:00
[2026-04-05T23:47:44.633+0000] {processor.py:183} INFO - Processing /opt/airflow/dags/pipeline.py took 2.459 seconds
